I/mA	Ewe/V	P/W						Current density	Voltage	Power Density		
0.00E+00	-8.99E-01	0.00E+00			43.729237	-0.92677599	-0.040527206	8.7458474	0.92677599	8.1054412	0.043729237	0.92677599
0.00E+00	-8.99E-01	0.00E+00			95.665924	-0.83007067	-0.07940948	19.1331848	0.83007067	15.881896	0.095665924	0.83007067
0.00E+00	-8.99E-01	0.00E+00			146.07509	-0.78042924	-0.11400127	29.215018	0.78042924	22.800254	0.14607509	0.78042924
0.00E+00	-8.99E-01	0.00E+00			196.48422	-0.75631493	-0.14860395	39.296844	0.75631493	29.72079	0.19648422	0.75631493
0.00E+00	-8.99E-01	0.00E+00			246.89336	-0.73796672	-0.18219908	49.378672	0.73796672	36.439816	0.24689336	0.73796672
0.00E+00	-9.00E-01	0.00E+00			297.81171	-0.72280699	-0.21526039	59.562342	0.72280699	43.052078	0.29781171	0.72280699
5.80E+01	-9.00E-01	-5.22E-02			349.2392	-0.70963287	-0.24783161	69.84784	0.70963287	49.566322	0.3492392	0.70963287
1.09E+02	-7.68E-01	-8.40E-02			399.64835	-0.69703162	-0.27856752	79.92967	0.69703162	55.713504	0.39964835	0.69703162
1.61E+02	-7.13E-01	-1.15E-01			452.09424	-0.68714148	-0.3106527	90.418848	0.68714148	62.13054	0.45209424	0.68714148
2.13E+02	-6.80E-01	-1.45E-01			503.0126	-0.67837787	-0.34123263	100.60252	0.67837787	68.246526	0.5030126	0.67837787
2.63E+02	-6.58E-01	-1.73E-01			553.42175	-0.66923237	-0.37036774	110.68435	0.66923237	74.073548	0.55342175	0.66923237
3.14E+02	-6.41E-01	-2.01E-01			603.83087	-0.66159523	-0.39949161	120.766174	0.66159523	79.898322	0.60383087	0.66159523
3.65E+02	-6.25E-01	-2.28E-01			657.80432	-0.65437818	-0.43045279	131.560864	0.65437818	86.090558	0.65780432	0.65437818
4.16E+02	-6.14E-01	-2.56E-01			709.74097	-0.64739019	-0.45947933	141.948194	0.64739019	91.895866	0.70974097	0.64739019
4.71E+02	-6.01E-01	-2.83E-01			760.15015	-0.64086038	-0.4871501	152.03003	0.64086038	97.43002	0.76015015	0.64086038
5.22E+02	-5.91E-01	-3.08E-01			810.55927	-0.63467431	-0.51444113	162.111854	0.63467431	102.888226	0.81055927	0.63467431
5.74E+02	-5.82E-01	-3.34E-01			860.96838	-0.62950015	-0.54197973	172.193676	0.62950015	108.395946	0.86096838	0.62950015
6.26E+02	-5.74E-01	-3.59E-01			911.37756	-0.62360048	-0.56833547	182.275512	0.62360048	113.667094	0.91137756	0.62360048
6.77E+02	-5.66E-01	-3.83E-01			961.78668	-0.61899906	-0.59534508	192.357336	0.61899906	119.069016	0.96178668	0.61899906
7.29E+02	-5.59E-01	-4.07E-01			1013.7234	-0.61342394	-0.62184221	202.74468	0.61342394	124.368442	1.0137234	0.61342394
7.79E+02	-5.52E-01	-4.30E-01			1066.1693	-0.60861254	-0.648884	213.23386	0.60861254	129.7768	1.0661693	0.60861254
8.30E+02	-5.46E-01	-4.53E-01			1118.1061	-0.60387754	-0.67519915	223.62122	0.60387754	135.03983	1.1181061	0.60387754
8.82E+02	-5.40E-01	-4.76E-01			1170.0427	-0.59925705	-0.70115638	234.00854	0.59925705	140.231276	1.1700427	0.59925705
9.37E+02	-5.33E-01	-4.99E-01			1221.4702	-0.59459841	-0.72628427	244.29404	0.59459841	145.256854	1.2214702	0.59459841
9.90E+02	-5.27E-01	-5.22E-01			1273.4069	-0.59016883	-0.75152504	254.68138	0.59016883	150.305008	1.2734069	0.59016883
1.04E+03	-5.21E-01	-5.43E-01			1327.8895	-0.58581567	-0.77789849	265.5779	0.58581567	155.579698	1.3278895	0.58581567
1.10E+03	-5.14E-01	-5.63E-01			1378.8077	-0.58178711	-0.80217254	275.76154	0.58178711	160.434508	1.3788077	0.58178711
1.15E+03	-5.08E-01	-5.83E-01			1429.7262	-0.57770121	-0.82595456	285.94524	0.57770121	165.190912	1.4297262	0.57770121
1.20E+03	-5.02E-01	-6.03E-01			1480.1354	-0.57365352	-0.84908485	296.02708	0.57365352	169.81697	1.4801354	0.57365352
1.25E+03	-4.97E-01	-6.21E-01			1531.5629	-0.56993043	-0.87288427	306.31258	0.56993043	174.576854	1.5315629	0.56993043
1.30E+03	-4.90E-01	-6.40E-01			1582.4811	-0.56611186	-0.89586133	316.49622	0.56611186	179.172266	1.5824811	0.56611186
1.36E+03	-4.85E-01	-6.57E-01			1633.9086	-0.56252241	-0.91911018	326.78172	0.56252241	183.822036	1.6339086	0.56252241
1.41E+03	-4.79E-01	-6.74E-01			1688.3914	-0.55857015	-0.94308501	337.67828	0.55857015	188.617002	1.6883914	0.55857015
1.46E+03	-4.73E-01	-6.90E-01			1739.3094	-0.55477071	-0.96491796	347.86188	0.55477071	192.983592	1.7393094	0.55477071
1.51E+03	-4.66E-01	-7.06E-01			1790.2279	-0.55144852	-0.98721856	358.04558	0.55144852	197.443712	1.7902279	0.55144852
1.56E+03	-4.60E-01	-7.20E-01			1840.6371	-0.54820275	-1.0090423	368.12742	0.54820275	201.80846	1.8406371	0.54820275
1.62E+03	-4.54E-01	-7.33E-01			1892.5737	-0.54467058	-1.0308292	378.51474	0.54467058	206.16584	1.8925737	0.54467058
1.67E+03	-4.47E-01	-7.45E-01			1942.9829	-0.54111928	-1.0513855	388.59658	0.54111928	210.2771	1.9429829	0.54111928
1.72E+03	-4.41E-01	-7.57E-01			1993.392	-0.53777802	-1.0720024	398.6784	0.53777802	214.40048	1.993392	0.53777802
1.77E+03	-4.34E-01	-7.67E-01			2044.8195	-0.53428406	-1.0925144	408.9639	0.53428406	218.50288	2.0448195	0.53428406
1.82E+03	-4.27E-01	-7.77E-01			2103.885	-0.5309428	-1.1170425	420.777	0.5309428	223.4085	2.103885	0.5309428
1.87E+03	-4.21E-01	-7.87E-01			2154.8032	-0.52725786	-1.1361369	430.96064	0.52725786	227.22738	2.1548032	0.52725786
1.93E+03	-4.13E-01	-7.95E-01			2208.2676	-0.52410758	-1.1573697	441.65352	0.52410758	231.47394	2.2082676	0.52410758
1.98E+03	-4.04E-01	-7.99E-01			2258.6768	-0.52086174	-1.1764584	451.73536	0.52086174	235.29168	2.2586768	0.52086174
2.03E+03	-3.98E-01	-8.06E-01			2309.595	-0.51780689	-1.1959242	461.919	0.51780689	239.18484	2.309595	0.51780689
2.08E+03	-3.89E-01	-8.09E-01			2363.0591	-0.51429379	-1.2153066	472.61182	0.51429379	243.06132	2.3630591	0.51429379
2.13E+03	-3.81E-01	-8.12E-01			2414.4868	-0.51114351	-1.2341492	482.89736	0.51114351	246.82984	2.4144868	0.51114351
2.18E+03	-3.72E-01	-8.12E-01			2464.896	-0.50793588	-1.2520092	492.9792	0.50793588	250.40184	2.464896	0.50793588
2.23E+03	-3.63E-01	-8.11E-01			2515.3052	-0.50503379	-1.2703141	503.06104	0.50503379	254.06282	2.5153052	0.50503379
2.28E+03	-3.53E-01	-8.07E-01			2566.2231	-0.50188345	-1.2879449	513.24462	0.50188345	257.58898	2.5662231	0.50188345
2.33E+03	-3.44E-01	-8.03E-01			2622.7424	-0.49854219	-1.3075478	524.54848	0.49854219	261.50956	2.6227424	0.49854219
2.38E+03	-3.33E-01	-7.95E-01			2676.207	-0.49544916	-1.3259245	535.2414	0.49544916	265.1849	2.676207	0.49544916
2.44E+03	-3.23E-01	-7.87E-01			2726.616	-0.492127	-1.3418413	545.3232	0.492127	268.36826	2.726616	0.492127
2.49E+03	-3.11E-01	-7.73E-01			2777.5342	-0.4891676	-1.3586798	555.50684	0.4891676	271.73596	2.7775342	0.4891676
2.54E+03	-2.96E-01	-7.51E-01			2831.5078	-0.4859218	-1.3758913	566.30156	0.4859218	275.17826	2.8315078	0.4859218
2.59E+03	-2.82E-01	-7.31E-01			2881.917	-0.48290515	-1.3916925	576.3834	0.48290515	278.3385	2.881917	0.48290515
2.64E+03	-2.66E-01	-7.03E-01			2932.3259	-0.47979301	-1.4069095	586.46518	0.47979301	281.3819	2.9323259	0.47979301
2.68E+03	-2.51E-01	-6.73E-01			2987.8269	-0.47671905	-1.424354	597.56538	0.47671905	284.8708	2.9878269	0.47671905
0.00E+00	-7.32E-01	0.00E+00			3040.2729	-0.47353053	-1.4396621	608.05458	0.47353053	287.93242	3.0402729	0.47353053
0.00E+00	-8.68E-01	0.00E+00			3090.6821	-0.47034204	-1.4536778	618.13642	0.47034204	290.73556	3.0906821	0.47034204
0.00E+00	-8.82E-01	0.00E+00			3141.6003	-0.46759266	-1.4689893	628.32006	0.46759266	293.79786	3.1416003	0.46759266
0.00E+00	-8.88E-01	0.00E+00			3192.0095	-0.46446145	-1.4825654	638.4019	0.46446145	296.51308	3.1920095	0.46446145
0.00E+00	-8.92E-01	0.00E+00			3242.9277	-0.46133021	-1.4960605	648.58554	0.46133021	299.2121	3.2429277	0.46133021
0.00E+00	-8.95E-01	0.00E+00			3293.3367	-0.45833263	-1.5094436	658.66734	0.45833263	301.88872	3.2933367	0.45833263
4.78E+01	-8.96E-01	-4.28E-02			3343.7458	-0.45539233	-1.5227162	668.74916	0.45539233	304.54324	3.3437458	0.45539233
9.92E+01	-7.91E-01	-7.85E-02			3394.6646	-0.45231837	-1.5354692	678.93292	0.45231837	307.09384	3.3946646	0.45231837
1.55E+02	-7.36E-01	-1.14E-01			3446.6011	-0.44941625	-1.5489585	689.32022	0.44941625	309.7917	3.4466011	0.44941625
2.08E+02	-6.98E-01	-1.45E-01			3498.5378	-0.44657141	-1.5623469	699.70756	0.44657141	312.46938	3.4985378	0.44657141
2.59E+02	-6.75E-01	-1.75E-01			3552.0022	-0.44345927	-1.5751683	710.40044	0.44345927	315.03366	3.5520022	0.44345927
3.10E+02	-6.60E-01	-2.04E-01			3603.939	-0.44044262	-1.5873283	720.7878	0.44044262	317.46566	3.603939	0.44044262
3.62E+02	-6.48E-01	-2.34E-01			3655.3662	-0.43712047	-1.5978354	731.07324	0.43712047	319.56708	3.6553662	0.43712047
4.16E+02	-6.36E-01	-2.65E-01			3709.3398	-0.43398923	-1.6098136	741.86796	0.43398923	321.96272	3.7093398	0.43398923
4.67E+02	-6.25E-01	-2.92E-01			3762.2944	-0.43106803	-1.6218048	752.45888	0.43106803	324.36096	3.7622944	0.43106803
5.17E+02	-6.15E-01	-3.18E-01			3813.7222	-0.42765039	-1.6309397	762.74444	0.42765039	326.18794	3.8137222	0.42765039
5.69E+02	-6.07E-01	-3.46E-01			3864.6404	-0.4244619	-1.6403927	772.92808	0.4244619	328.07854	3.8646404	0.4244619
6.25E+02	-6.00E-01	-3.75E-01			3915.0496	-0.42140704	-1.6498295	783.00992	0.42140704	329.9659	3.9150496	0.42140704
6.76E+02	-5.94E-01	-4.01E-01			3965.9683	-0.41833308	-1.6590958	793.19366	0.41833308	331.81916	3.9659683	0.41833308
7.30E+02	-5.88E-01	-4.29E-01			4016.3774	-0.41541186	-1.6684508	803.27548	0.41541186	333.69016	4.0163774	0.41541186
7.80E+02	-5.82E-01	-4.54E-01			4068.314	-0.41187969	-1.6756558	813.6628	0.41187969	335.13116	4.068314	0.41187969
8.32E+02	-5.76E-01	-4.80E-01			4119.2324	-0.40886301	-1.6842017	823.84648	0.40886301	336.84034	4.1192324	0.40886301
8.82E+02	-5.71E-01	-5.04E-01			4171.1689	-0.40571269	-1.6922961	834.23378	0.40571269	338.45922	4.1711689	0.40571269
9.34E+02	-5.65E-01	-5.28E-01			4222.0874	-0.40256238	-1.6996535	844.41748	0.40256238	339.9307	4.2220874	0.40256238
9.88E+02	-5.60E-01	-5.53E-01			4274.0244	-0.39937386	-1.7069336	854.80488	0.39937386	341.38672	4.2740244	0.39937386
1.04E+03	-5.54E-01	-5.76E-01			4324.4336	-0.39591807	-1.7121214	864.88672	0.39591807	342.42428	4.3244336	0.39591807
1.09E+03	-5.49E-01	-5.99E-01			4374.8428	-0.39297774	-1.7192159	874.96856	0.39297774	343.84318	4.3748428	0.39297774
1.14E+03	-5.44E-01	-6.23E-01			4425.252	-0.38952196	-1.7237328	885.0504	0.38952196	344.74656	4.425252	0.38952196
1.19E+03	-5.40E-01	-6.45E-01			4475.6606	-0.386448	-1.7296101	895.13212	0.386448	345.92202	4.4756606	0.386448
1.25E+03	-5.35E-01	-6.67E-01			4526.5791	-0.38289672	-1.7332124	905.31582	0.38289672	346.64248	4.5265791	0.38289672
1.30E+03	-5.31E-01	-6.88E-01			4577.4971	-0.37961274	-1.7376763	915.49942	0.37961274	347.53526	4.5774971	0.37961274
1.35E+03	-5.27E-01	-7.10E-01			4628.9248	-0.37627152	-1.7417326	925.78496	0.37627152	348.34652	4.6289248	0.37627152
1.40E+03	-5.22E-01	-7.31E-01			4679.334	-0.37268203	-1.7439038	935.8668	0.37268203	348.78076	4.679334	0.37268203
1.45E+03	-5.18E-01	-7.52E-01			4732.2891	-0.36934081	-1.7478274	946.45782	0.36934081	349.56548	4.7322891	0.36934081
1.50E+03	-5.14E-01	-7.73E-01			4783.2075	-0.36605683	-1.7509258	956.6415	0.36605683	350.18516	4.7832075	0.36605683
1.55E+03	-5.10E-01	-7.93E-01			4833.6167	-0.36244828	-1.7519361	966.72334	0.36244828	350.38722	4.8336167	0.36244828
1.60E+03	-5.06E-01	-8.12E-01			4884.5347	-0.35870606	-1.7521122	976.90694	0.35870606	350.42244	4.8845347	0.35870606
1.66E+03	-5.02E-01	-8.33E-01			4935.9624	-0.35513571	-1.7529365	987.19248	0.35513571	350.5873	4.9359624	0.35513571
1.71E+03	-4.98E-01	-8.54E-01			4988.4082	-0.35156533	-1.7537514	997.68164	0.35156533	350.75028	4.9884082	0.35156533
1.77E+03	-4.94E-01	-8.73E-01			5039.3267	-0.34786132	-1.7529868	1007.86534	0.34786132	350.59736	5.0393267	0.34786132
1.82E+03	-4.91E-01	-8.92E-01			5089.7358	-0.34427187	-1.7522528	1017.94716	0.34427187	350.45056	5.0897358	0.34427187
1.87E+03	-4.86E-01	-9.10E-01			5140.145	-0.34066331	-1.7510588	1028.029	0.34066331	350.21176	5.140145	0.34066331
1.92E+03	-4.83E-01	-9.28E-01			5191.5718	-0.33713114	-1.7502406	1038.31436	0.33713114	350.04812	5.1915718	0.33713114
1.98E+03	-4.79E-01	-9.47E-01			5241.9814	-0.33352259	-1.7483193	1048.39628	0.33352259	349.66386	5.2419814	0.33352259
2.03E+03	-4.74E-01	-9.65E-01			5292.8999	-0.32960856	-1.7445852	1058.57998	0.32960856	348.91704	5.2928999	0.32960856
2.09E+03	-4.70E-01	-9.81E-01			5343.8184	-0.32575178	-1.7407583	1068.76368	0.32575178	348.15166	5.3438184	0.32575178
2.14E+03	-4.66E-01	-9.99E-01			5396.2637	-0.32153228	-1.735073	1079.25274	0.32153228	347.0146	5.3962637	0.32153228
2.20E+03	-4.62E-01	-1.01E+00			5448.2002	-0.31790462	-1.732008	1089.64004	0.31790462	346.4016	5.4482002	0.31790462
2.25E+03	-4.58E-01	-1.03E+00			5499.1196	-0.31362781	-1.7246768	1099.82392	0.31362781	344.93536	5.4991196	0.31362781
2.30E+03	-4.54E-01	-1.04E+00			5554.6201	-0.30961832	-1.7198122	1110.92402	0.30961832	343.96244	5.5546201	0.30961832
2.35E+03	-4.50E-01	-1.06E+00			5608.0845	-0.30495965	-1.7102395	1121.6169	0.30495965	342.0479	5.6080845	0.30495965
2.40E+03	-4.46E-01	-1.07E+00			5662.5674	-0.30056831	-1.7019883	1132.51348	0.30056831	340.39766	5.6625674	0.30056831
2.45E+03	-4.42E-01	-1.08E+00			5714.5039	-0.29581419	-1.6904314	1142.90078	0.29581419	338.08628	5.7145039	0.29581419
2.50E+03	-4.38E-01	-1.10E+00			5764.9126	-0.29144192	-1.6801372	1152.98252	0.29144192	336.02744	5.7649126	0.29144192
2.56E+03	-4.35E-01	-1.11E+00			5817.3589	-0.28779519	-1.6742079	1163.47178	0.28779519	334.84158	5.8173589	0.28779519
2.61E+03	-4.31E-01	-1.12E+00			5868.2764	-0.28279284	-1.6595066	1173.65528	0.28279284	331.90132	5.8682764	0.28279284
2.66E+03	-4.27E-01	-1.13E+00			5919.1958	-0.27828693	-1.6472348	1183.83916	0.27828693	329.44696	5.9191958	0.27828693
2.71E+03	-4.22E-01	-1.15E+00			5970.1133	-0.27343735	-1.632452	1194.02266	0.27343735	326.4904	5.9701133	0.27343735
2.76E+03	-4.17E-01	-1.15E+00			6020.5229	-0.26935148	-1.6216367	1204.10458	0.26935148	324.32734	6.0205229	0.26935148
2.82E+03	-4.13E-01	-1.16E+00			6070.9316	-0.26415822	-1.6036865	1214.18632	0.26415822	320.7373	6.0709316	0.26415822
2.87E+03	-4.09E-01	-1.17E+00			6124.396	-0.25927043	-1.5878748	1224.8792	0.25927043	317.57496	6.124396	0.25927043
2.92E+03	-4.05E-01	-1.18E+00			6176.8423	-0.25394353	-1.5685692	1235.36846	0.25394353	313.71384	6.1768423	0.25394353
2.97E+03	-4.01E-01	-1.19E+00			6199.2461	-0.25123236	-1.5574512	1239.84922	0.25123236	311.49024	6.1992461	0.25123236
3.02E+03	-3.98E-01	-1.20E+00										
3.08E+03	-3.94E-01	-1.21E+00										
3.13E+03	-3.91E-01	-1.22E+00										
3.18E+03	-3.88E-01	-1.23E+00										
3.23E+03	-3.85E-01	-1.24E+00										
3.28E+03	-3.81E-01	-1.25E+00										
3.34E+03	-3.79E-01	-1.26E+00										
3.39E+03	-3.76E-01	-1.27E+00										
3.44E+03	-3.72E-01	-1.28E+00										
3.49E+03	-3.69E-01	-1.29E+00										
3.54E+03	-3.65E-01	-1.29E+00										
3.59E+03	-3.61E-01	-1.30E+00										
3.64E+03	-3.55E-01	-1.29E+00										
3.70E+03	-3.48E-01	-1.29E+00										
3.75E+03	-3.40E-01	-1.27E+00										
3.80E+03	-3.34E-01	-1.27E+00										
3.85E+03	-3.29E-01	-1.27E+00										
3.90E+03	-3.23E-01	-1.26E+00										
3.95E+03	-3.17E-01	-1.26E+00										
4.00E+03	-3.11E-01	-1.24E+00										
4.06E+03	-3.04E-01	-1.23E+00										
4.11E+03	-2.98E-01	-1.22E+00										
4.16E+03	-2.93E-01	-1.22E+00										
4.21E+03	-2.89E-01	-1.22E+00										
4.26E+03	-2.85E-01	-1.22E+00										
4.31E+03	-2.82E-01	-1.22E+00										
4.37E+03	-2.80E-01	-1.22E+00										
4.42E+03	-2.77E-01	-1.23E+00										
4.47E+03	-2.75E-01	-1.23E+00										
4.52E+03	-2.73E-01	-1.23E+00										
4.58E+03	-2.71E-01	-1.24E+00										
4.63E+03	-2.68E-01	-1.24E+00										
4.68E+03	-2.66E-01	-1.24E+00										
4.73E+03	-2.63E-01	-1.24E+00										
4.78E+03	-2.59E-01	-1.24E+00										
4.81E+03	-2.51E-01	-1.21E+00										
0.00E+00	-7.85E-01	0.00E+00										
0.00E+00	-8.91E-01	0.00E+00										
0.00E+00	-9.04E-01	0.00E+00										
0.00E+00	-9.11E-01	0.00E+00										
0.00E+00	-9.16E-01	0.00E+00										
0.00E+00	-9.20E-01	0.00E+00										
4.53E+01	-9.20E-01	-4.17E-02										
9.62E+01	-8.27E-01	-7.96E-02										
1.47E+02	-7.77E-01	-1.14E-01										
1.98E+02	-7.52E-01	-1.49E-01										
2.50E+02	-7.32E-01	-1.83E-01										
3.03E+02	-7.18E-01	-2.18E-01										
3.55E+02	-7.04E-01	-2.50E-01										
4.06E+02	-6.94E-01	-2.81E-01										
4.57E+02	-6.83E-01	-3.12E-01										
5.09E+02	-6.73E-01	-3.42E-01										
5.60E+02	-6.64E-01	-3.72E-01										
6.11E+02	-6.57E-01	-4.01E-01										
6.63E+02	-6.49E-01	-4.30E-01										
7.14E+02	-6.42E-01	-4.58E-01										
7.64E+02	-6.35E-01	-4.86E-01										
8.15E+02	-6.29E-01	-5.13E-01										
8.66E+02	-6.24E-01	-5.40E-01										
9.22E+02	-6.18E-01	-5.70E-01										
9.72E+02	-6.13E-01	-5.96E-01										
1.02E+03	-6.07E-01	-6.22E-01										
1.08E+03	-6.02E-01	-6.48E-01										
1.13E+03	-5.98E-01	-6.74E-01										
1.18E+03	-5.93E-01	-6.99E-01										
1.23E+03	-5.88E-01	-7.23E-01										
1.28E+03	-5.84E-01	-7.49E-01										
1.33E+03	-5.80E-01	-7.74E-01										
1.38E+03	-5.76E-01	-7.97E-01										
1.44E+03	-5.72E-01	-8.21E-01										
1.49E+03	-5.68E-01	-8.44E-01										
1.54E+03	-5.64E-01	-8.67E-01										
1.59E+03	-5.60E-01	-8.90E-01										
1.64E+03	-5.56E-01	-9.13E-01										
1.69E+03	-5.53E-01	-9.35E-01										
1.74E+03	-5.49E-01	-9.56E-01										
1.79E+03	-5.46E-01	-9.80E-01										
1.85E+03	-5.42E-01	-1.00E+00										
1.90E+03	-5.39E-01	-1.02E+00										
1.95E+03	-5.35E-01	-1.04E+00										
2.00E+03	-5.32E-01	-1.06E+00										
2.05E+03	-5.28E-01	-1.08E+00										
2.10E+03	-5.25E-01	-1.10E+00										
2.16E+03	-5.21E-01	-1.12E+00										
2.21E+03	-5.18E-01	-1.15E+00										
2.26E+03	-5.15E-01	-1.16E+00										
2.32E+03	-5.11E-01	-1.18E+00										
2.37E+03	-5.08E-01	-1.20E+00										
2.42E+03	-5.05E-01	-1.22E+00										
2.47E+03	-5.02E-01	-1.24E+00										
2.52E+03	-4.99E-01	-1.26E+00										
2.57E+03	-4.95E-01	-1.27E+00										
2.62E+03	-4.92E-01	-1.29E+00										
2.68E+03	-4.89E-01	-1.31E+00										
2.73E+03	-4.86E-01	-1.33E+00										
2.78E+03	-4.82E-01	-1.34E+00										
2.83E+03	-4.79E-01	-1.36E+00										
2.89E+03	-4.76E-01	-1.37E+00										
2.94E+03	-4.73E-01	-1.39E+00										
2.99E+03	-4.69E-01	-1.40E+00										
3.04E+03	-4.66E-01	-1.42E+00										
3.09E+03	-4.63E-01	-1.43E+00										
3.14E+03	-4.59E-01	-1.44E+00										
3.19E+03	-4.56E-01	-1.46E+00										
3.25E+03	-4.53E-01	-1.47E+00										
3.30E+03	-4.50E-01	-1.48E+00										
3.35E+03	-4.47E-01	-1.49E+00										
3.40E+03	-4.43E-01	-1.51E+00										
3.45E+03	-4.40E-01	-1.52E+00										
3.50E+03	-4.37E-01	-1.53E+00										
3.56E+03	-4.33E-01	-1.54E+00										
3.61E+03	-4.30E-01	-1.55E+00										
3.66E+03	-4.26E-01	-1.56E+00										
3.71E+03	-4.23E-01	-1.57E+00										
3.76E+03	-4.20E-01	-1.58E+00										
3.81E+03	-4.16E-01	-1.59E+00										
3.86E+03	-4.13E-01	-1.60E+00										
3.92E+03	-4.10E-01	-1.61E+00										
3.97E+03	-4.06E-01	-1.61E+00										
4.02E+03	-4.02E-01	-1.62E+00										
4.07E+03	-3.99E-01	-1.62E+00										
4.12E+03	-3.95E-01	-1.63E+00										
4.18E+03	-3.91E-01	-1.63E+00										
4.23E+03	-3.88E-01	-1.64E+00										
4.29E+03	-3.84E-01	-1.65E+00										
4.34E+03	-3.80E-01	-1.65E+00										
4.39E+03	-3.77E-01	-1.65E+00										
4.44E+03	-3.73E-01	-1.66E+00										
4.49E+03	-3.69E-01	-1.66E+00										
4.54E+03	-3.66E-01	-1.66E+00										
4.59E+03	-3.61E-01	-1.66E+00										
4.64E+03	-3.57E-01	-1.66E+00										
4.70E+03	-3.53E-01	-1.66E+00										
4.75E+03	-3.49E-01	-1.66E+00										
4.80E+03	-3.44E-01	-1.65E+00										
4.85E+03	-3.40E-01	-1.65E+00										
4.91E+03	-3.36E-01	-1.65E+00										
4.96E+03	-3.32E-01	-1.64E+00										
5.01E+03	-3.28E-01	-1.64E+00										
5.06E+03	-3.24E-01	-1.64E+00										
5.11E+03	-3.20E-01	-1.63E+00										
5.16E+03	-3.15E-01	-1.63E+00										
5.22E+03	-3.12E-01	-1.62E+00										
5.27E+03	-3.08E-01	-1.62E+00										
5.32E+03	-3.04E-01	-1.62E+00										
5.37E+03	-3.00E-01	-1.61E+00										
5.42E+03	-2.96E-01	-1.61E+00										
5.47E+03	-2.92E-01	-1.60E+00										
5.53E+03	-2.87E-01	-1.59E+00										
5.58E+03	-2.82E-01	-1.57E+00										
5.63E+03	-2.77E-01	-1.56E+00										
5.68E+03	-2.73E-01	-1.55E+00										
5.73E+03	-2.68E-01	-1.54E+00										
5.78E+03	-2.62E-01	-1.52E+00										
5.84E+03	-2.55E-01	-1.49E+00										
5.86E+03	-2.51E-01	-1.47E+00										
0.00E+00	-8.02E-01	0.00E+00										
0.00E+00	-9.02E-01	0.00E+00										
0.00E+00	-9.15E-01	0.00E+00										
0.00E+00	-9.21E-01	0.00E+00										
0.00E+00	-9.25E-01	0.00E+00										
0.00E+00	-9.29E-01	0.00E+00										
4.47E+01	-9.29E-01	-4.16E-02										
9.52E+01	-8.31E-01	-7.91E-02										
1.46E+02	-7.81E-01	-1.14E-01										
1.96E+02	-7.58E-01	-1.48E-01										
2.46E+02	-7.39E-01	-1.82E-01										
2.97E+02	-7.23E-01	-2.15E-01										
3.47E+02	-7.09E-01	-2.46E-01										
3.98E+02	-6.98E-01	-2.77E-01										
4.48E+02	-6.87E-01	-3.08E-01										
4.98E+02	-6.77E-01	-3.38E-01										
5.49E+02	-6.69E-01	-3.68E-01										
6.00E+02	-6.62E-01	-3.97E-01										
6.51E+02	-6.53E-01	-4.26E-01										
7.02E+02	-6.47E-01	-4.54E-01										
7.53E+02	-6.41E-01	-4.82E-01										
8.05E+02	-6.35E-01	-5.11E-01										
8.58E+02	-6.29E-01	-5.39E-01										
9.09E+02	-6.23E-01	-5.66E-01										
9.60E+02	-6.18E-01	-5.93E-01										
1.01E+03	-6.12E-01	-6.19E-01										
1.07E+03	-6.07E-01	-6.50E-01										
1.12E+03	-6.02E-01	-6.75E-01										
1.17E+03	-5.97E-01	-7.00E-01										
1.23E+03	-5.92E-01	-7.26E-01										
1.28E+03	-5.88E-01	-7.50E-01										
1.33E+03	-5.83E-01	-7.74E-01										
1.38E+03	-5.79E-01	-8.00E-01										
1.43E+03	-5.75E-01	-8.23E-01										
1.48E+03	-5.71E-01	-8.46E-01										
1.53E+03	-5.67E-01	-8.70E-01										
1.58E+03	-5.63E-01	-8.92E-01										
1.64E+03	-5.60E-01	-9.16E-01										
1.69E+03	-5.56E-01	-9.39E-01										
1.74E+03	-5.52E-01	-9.61E-01										
1.79E+03	-5.48E-01	-9.82E-01										
1.84E+03	-5.45E-01	-1.00E+00										
1.89E+03	-5.41E-01	-1.02E+00										
1.95E+03	-5.37E-01	-1.05E+00										
2.01E+03	-5.34E-01	-1.07E+00										
2.06E+03	-5.30E-01	-1.09E+00										
2.11E+03	-5.27E-01	-1.11E+00										
2.16E+03	-5.23E-01	-1.13E+00										
2.21E+03	-5.20E-01	-1.15E+00										
2.26E+03	-5.17E-01	-1.17E+00										
2.31E+03	-5.14E-01	-1.19E+00										
2.37E+03	-5.10E-01	-1.21E+00										
2.42E+03	-5.07E-01	-1.23E+00										
2.48E+03	-5.04E-01	-1.25E+00										
2.53E+03	-5.01E-01	-1.27E+00										
2.59E+03	-4.97E-01	-1.29E+00										
2.64E+03	-4.94E-01	-1.30E+00										
2.69E+03	-4.90E-01	-1.32E+00										
2.75E+03	-4.87E-01	-1.34E+00										
2.80E+03	-4.84E-01	-1.35E+00										
2.85E+03	-4.81E-01	-1.37E+00										
2.91E+03	-4.77E-01	-1.39E+00										
2.96E+03	-4.74E-01	-1.40E+00										
3.01E+03	-4.71E-01	-1.42E+00										
3.06E+03	-4.67E-01	-1.43E+00										
3.11E+03	-4.64E-01	-1.45E+00										
3.16E+03	-4.61E-01	-1.46E+00										
3.21E+03	-4.58E-01	-1.47E+00										
3.26E+03	-4.54E-01	-1.48E+00										
3.32E+03	-4.51E-01	-1.50E+00										
3.37E+03	-4.48E-01	-1.51E+00										
3.42E+03	-4.45E-01	-1.52E+00										
3.47E+03	-4.42E-01	-1.53E+00										
3.52E+03	-4.38E-01	-1.54E+00										
3.57E+03	-4.35E-01	-1.55E+00										
3.62E+03	-4.32E-01	-1.57E+00										
3.67E+03	-4.29E-01	-1.58E+00										
3.73E+03	-4.26E-01	-1.59E+00										
3.78E+03	-4.23E-01	-1.60E+00										
3.83E+03	-4.19E-01	-1.60E+00										
3.88E+03	-4.16E-01	-1.61E+00										
3.93E+03	-4.12E-01	-1.62E+00										
3.98E+03	-4.09E-01	-1.63E+00										
4.03E+03	-4.06E-01	-1.64E+00										
4.08E+03	-4.02E-01	-1.64E+00										
4.14E+03	-3.99E-01	-1.65E+00										
4.19E+03	-3.96E-01	-1.66E+00										
4.24E+03	-3.92E-01	-1.66E+00										
4.29E+03	-3.89E-01	-1.67E+00										
4.34E+03	-3.85E-01	-1.67E+00										
4.39E+03	-3.82E-01	-1.68E+00										
4.44E+03	-3.78E-01	-1.68E+00										
4.50E+03	-3.76E-01	-1.69E+00										
4.55E+03	-3.71E-01	-1.69E+00										
4.60E+03	-3.68E-01	-1.69E+00										
4.65E+03	-3.65E-01	-1.70E+00										
4.71E+03	-3.61E-01	-1.70E+00										
4.76E+03	-3.57E-01	-1.70E+00										
4.81E+03	-3.53E-01	-1.70E+00										
4.86E+03	-3.49E-01	-1.70E+00										
4.91E+03	-3.46E-01	-1.70E+00										
4.97E+03	-3.42E-01	-1.70E+00										
5.02E+03	-3.38E-01	-1.69E+00										
5.07E+03	-3.34E-01	-1.69E+00										
5.12E+03	-3.29E-01	-1.69E+00										
5.18E+03	-3.25E-01	-1.68E+00										
5.23E+03	-3.21E-01	-1.68E+00										
5.28E+03	-3.17E-01	-1.67E+00										
5.33E+03	-3.12E-01	-1.67E+00										
5.39E+03	-3.08E-01	-1.66E+00										
5.44E+03	-3.04E-01	-1.65E+00										
5.49E+03	-2.99E-01	-1.64E+00										
5.54E+03	-2.95E-01	-1.63E+00										
5.59E+03	-2.90E-01	-1.62E+00										
5.64E+03	-2.85E-01	-1.61E+00										
5.69E+03	-2.81E-01	-1.60E+00										
5.75E+03	-2.76E-01	-1.58E+00										
5.80E+03	-2.71E-01	-1.57E+00										
5.85E+03	-2.66E-01	-1.55E+00										
5.90E+03	-2.60E-01	-1.54E+00										
5.95E+03	-2.55E-01	-1.52E+00										
5.98E+03	-2.52E-01	-1.50E+00										
0.00E+00	-8.04E-01	0.00E+00										
0.00E+00	-9.03E-01	0.00E+00										
0.00E+00	-9.16E-01	0.00E+00										
0.00E+00	-9.23E-01	0.00E+00										
0.00E+00	-9.26E-01	0.00E+00										
0.00E+00	-9.30E-01	0.00E+00										
4.88E+01	-9.31E-01	-4.54E-02										
9.97E+01	-8.26E-01	-8.23E-02										
1.51E+02	-7.81E-01	-1.18E-01										
2.02E+02	-7.57E-01	-1.53E-01										
2.52E+02	-7.39E-01	-1.87E-01										
3.03E+02	-7.23E-01	-2.19E-01										
3.55E+02	-7.10E-01	-2.52E-01										
4.06E+02	-6.98E-01	-2.84E-01										
4.57E+02	-6.88E-01	-3.14E-01										
5.07E+02	-6.79E-01	-3.44E-01										
5.58E+02	-6.70E-01	-3.74E-01										
6.10E+02	-6.62E-01	-4.04E-01										
6.61E+02	-6.55E-01	-4.33E-01										
7.12E+02	-6.48E-01	-4.62E-01										
7.64E+02	-6.41E-01	-4.90E-01										
8.15E+02	-6.35E-01	-5.17E-01										
8.66E+02	-6.29E-01	-5.45E-01										
9.17E+02	-6.24E-01	-5.72E-01										
9.68E+02	-6.18E-01	-5.98E-01										
1.02E+03	-6.13E-01	-6.25E-01										
1.07E+03	-6.08E-01	-6.52E-01										
1.12E+03	-6.03E-01	-6.78E-01										
1.17E+03	-5.99E-01	-7.03E-01										
1.23E+03	-5.94E-01	-7.28E-01										
1.28E+03	-5.90E-01	-7.53E-01										
1.33E+03	-5.86E-01	-7.78E-01										
1.38E+03	-5.82E-01	-8.02E-01										
1.43E+03	-5.77E-01	-8.26E-01										
1.48E+03	-5.73E-01	-8.49E-01										
1.53E+03	-5.69E-01	-8.72E-01										
1.59E+03	-5.66E-01	-8.97E-01										
1.64E+03	-5.61E-01	-9.20E-01										
1.69E+03	-5.57E-01	-9.41E-01										
1.74E+03	-5.54E-01	-9.64E-01										
1.79E+03	-5.50E-01	-9.86E-01										
1.84E+03	-5.47E-01	-1.01E+00										
1.90E+03	-5.43E-01	-1.03E+00										
1.95E+03	-5.40E-01	-1.05E+00										
2.00E+03	-5.36E-01	-1.07E+00										
2.05E+03	-5.33E-01	-1.09E+00										
2.10E+03	-5.29E-01	-1.11E+00										
2.15E+03	-5.26E-01	-1.13E+00										
2.20E+03	-5.22E-01	-1.15E+00										
2.26E+03	-5.19E-01	-1.17E+00										
2.31E+03	-5.16E-01	-1.19E+00										
2.36E+03	-5.13E-01	-1.21E+00										
2.41E+03	-5.09E-01	-1.23E+00										
2.46E+03	-5.06E-01	-1.25E+00										
2.51E+03	-5.03E-01	-1.27E+00										
2.57E+03	-5.00E-01	-1.28E+00										
2.62E+03	-4.97E-01	-1.30E+00										
2.67E+03	-4.94E-01	-1.32E+00										
2.72E+03	-4.91E-01	-1.33E+00										
2.77E+03	-4.87E-01	-1.35E+00										
2.82E+03	-4.84E-01	-1.37E+00										
2.87E+03	-4.81E-01	-1.38E+00										
2.92E+03	-4.78E-01	-1.40E+00										
2.97E+03	-4.75E-01	-1.41E+00										
3.03E+03	-4.71E-01	-1.43E+00										
3.08E+03	-4.69E-01	-1.44E+00										
3.13E+03	-4.65E-01	-1.46E+00										
3.18E+03	-4.62E-01	-1.47E+00										
3.23E+03	-4.59E-01	-1.48E+00										
3.28E+03	-4.56E-01	-1.50E+00										
3.34E+03	-4.52E-01	-1.51E+00										
3.39E+03	-4.49E-01	-1.52E+00										
3.44E+03	-4.46E-01	-1.54E+00										
3.49E+03	-4.43E-01	-1.55E+00										
3.54E+03	-4.39E-01	-1.56E+00										
3.60E+03	-4.37E-01	-1.57E+00										
3.65E+03	-4.33E-01	-1.58E+00										
3.70E+03	-4.30E-01	-1.59E+00										
3.75E+03	-4.27E-01	-1.60E+00										
3.80E+03	-4.24E-01	-1.61E+00										
3.85E+03	-4.20E-01	-1.62E+00										
3.91E+03	-4.17E-01	-1.63E+00										
3.96E+03	-4.14E-01	-1.64E+00										
4.01E+03	-4.11E-01	-1.65E+00										
4.06E+03	-4.08E-01	-1.66E+00										
4.11E+03	-4.04E-01	-1.66E+00										
4.17E+03	-4.01E-01	-1.67E+00										
4.22E+03	-3.97E-01	-1.67E+00										
4.27E+03	-3.94E-01	-1.68E+00										
4.32E+03	-3.91E-01	-1.69E+00										
4.37E+03	-3.87E-01	-1.69E+00										
4.42E+03	-3.84E-01	-1.70E+00										
4.47E+03	-3.80E-01	-1.70E+00										
4.53E+03	-3.77E-01	-1.71E+00										
4.58E+03	-3.73E-01	-1.71E+00										
4.63E+03	-3.70E-01	-1.71E+00										
4.68E+03	-3.66E-01	-1.71E+00										
4.73E+03	-3.63E-01	-1.72E+00										
4.78E+03	-3.59E-01	-1.72E+00										
4.83E+03	-3.56E-01	-1.72E+00										
4.89E+03	-3.52E-01	-1.72E+00										
4.94E+03	-3.48E-01	-1.72E+00										
4.99E+03	-3.45E-01	-1.72E+00										
5.04E+03	-3.41E-01	-1.72E+00										
5.09E+03	-3.37E-01	-1.72E+00										
5.14E+03	-3.33E-01	-1.71E+00										
5.19E+03	-3.30E-01	-1.71E+00										
5.24E+03	-3.26E-01	-1.71E+00										
5.29E+03	-3.22E-01	-1.70E+00										
5.34E+03	-3.18E-01	-1.70E+00										
5.39E+03	-3.14E-01	-1.69E+00										
5.44E+03	-3.09E-01	-1.68E+00										
5.50E+03	-3.05E-01	-1.68E+00										
5.55E+03	-3.01E-01	-1.67E+00										
5.60E+03	-2.97E-01	-1.66E+00										
5.65E+03	-2.92E-01	-1.65E+00										
5.70E+03	-2.88E-01	-1.64E+00										
5.75E+03	-2.83E-01	-1.63E+00										
5.80E+03	-2.79E-01	-1.62E+00										
5.85E+03	-2.74E-01	-1.60E+00										
5.91E+03	-2.69E-01	-1.59E+00										
5.96E+03	-2.64E-01	-1.57E+00										
6.01E+03	-2.59E-01	-1.56E+00										
6.06E+03	-2.54E-01	-1.54E+00										
6.08E+03	-2.51E-01	-1.53E+00										
0.00E+00	-8.05E-01	0.00E+00										
0.00E+00	-9.04E-01	0.00E+00										
0.00E+00	-9.17E-01	0.00E+00										
0.00E+00	-9.23E-01	0.00E+00										
0.00E+00	-9.27E-01	0.00E+00										
0.00E+00	-9.31E-01	0.00E+00										
5.34E+01	-9.31E-01	-4.97E-02										
1.04E+02	-8.19E-01	-8.55E-02										
1.56E+02	-7.79E-01	-1.21E-01										
2.12E+02	-7.55E-01	-1.60E-01										
2.62E+02	-7.37E-01	-1.93E-01										
3.13E+02	-7.21E-01	-2.25E-01										
3.64E+02	-7.08E-01	-2.58E-01										
4.18E+02	-6.98E-01	-2.92E-01										
4.69E+02	-6.87E-01	-3.22E-01										
5.19E+02	-6.77E-01	-3.52E-01										
5.70E+02	-6.70E-01	-3.81E-01										
6.21E+02	-6.61E-01	-4.10E-01										
6.71E+02	-6.54E-01	-4.39E-01										
7.21E+02	-6.48E-01	-4.67E-01										
7.73E+02	-6.41E-01	-4.95E-01										
8.23E+02	-6.35E-01	-5.23E-01										
8.74E+02	-6.29E-01	-5.50E-01										
9.24E+02	-6.24E-01	-5.77E-01										
9.75E+02	-6.19E-01	-6.04E-01										
1.03E+03	-6.14E-01	-6.30E-01										
1.08E+03	-6.09E-01	-6.56E-01										
1.13E+03	-6.04E-01	-6.82E-01										
1.18E+03	-5.99E-01	-7.08E-01										
1.23E+03	-5.95E-01	-7.33E-01										
1.28E+03	-5.90E-01	-7.58E-01										
1.34E+03	-5.86E-01	-7.82E-01										
1.39E+03	-5.82E-01	-8.07E-01										
1.44E+03	-5.78E-01	-8.31E-01										
1.49E+03	-5.73E-01	-8.54E-01										
1.54E+03	-5.70E-01	-8.78E-01										
1.59E+03	-5.66E-01	-9.01E-01										
1.65E+03	-5.62E-01	-9.24E-01										
1.70E+03	-5.58E-01	-9.47E-01										
1.75E+03	-5.54E-01	-9.69E-01										
1.80E+03	-5.50E-01	-9.92E-01										
1.85E+03	-5.47E-01	-1.01E+00										
1.90E+03	-5.43E-01	-1.03E+00										
1.96E+03	-5.40E-01	-1.06E+00										
2.01E+03	-5.36E-01	-1.08E+00										
2.07E+03	-5.33E-01	-1.10E+00										
2.12E+03	-5.29E-01	-1.12E+00										
2.17E+03	-5.26E-01	-1.14E+00										
2.22E+03	-5.22E-01	-1.16E+00										
2.27E+03	-5.19E-01	-1.18E+00										
2.32E+03	-5.16E-01	-1.20E+00										
2.38E+03	-5.12E-01	-1.22E+00										
2.43E+03	-5.09E-01	-1.24E+00										
2.48E+03	-5.06E-01	-1.25E+00										
2.53E+03	-5.03E-01	-1.27E+00										
2.59E+03	-4.99E-01	-1.29E+00										
2.64E+03	-4.96E-01	-1.31E+00										
2.69E+03	-4.93E-01	-1.33E+00										
2.75E+03	-4.90E-01	-1.34E+00										
2.80E+03	-4.86E-01	-1.36E+00										
2.85E+03	-4.83E-01	-1.38E+00										
2.90E+03	-4.80E-01	-1.39E+00										
2.95E+03	-4.77E-01	-1.41E+00										
3.01E+03	-4.74E-01	-1.42E+00										
3.06E+03	-4.71E-01	-1.44E+00										
3.11E+03	-4.67E-01	-1.45E+00										
3.16E+03	-4.64E-01	-1.47E+00										
3.21E+03	-4.61E-01	-1.48E+00										
3.26E+03	-4.58E-01	-1.49E+00										
3.31E+03	-4.55E-01	-1.51E+00										
3.37E+03	-4.51E-01	-1.52E+00										
3.42E+03	-4.48E-01	-1.53E+00										
3.47E+03	-4.45E-01	-1.54E+00										
3.52E+03	-4.42E-01	-1.56E+00										
3.57E+03	-4.39E-01	-1.57E+00										
3.62E+03	-4.36E-01	-1.58E+00										
3.67E+03	-4.33E-01	-1.59E+00										
3.73E+03	-4.29E-01	-1.60E+00										
3.78E+03	-4.26E-01	-1.61E+00										
3.83E+03	-4.23E-01	-1.62E+00										
3.88E+03	-4.20E-01	-1.63E+00										
3.93E+03	-4.17E-01	-1.64E+00										
3.98E+03	-4.14E-01	-1.65E+00										
4.03E+03	-4.11E-01	-1.66E+00										
4.09E+03	-4.07E-01	-1.66E+00										
4.14E+03	-4.03E-01	-1.67E+00										
4.20E+03	-4.00E-01	-1.68E+00										
4.25E+03	-3.97E-01	-1.68E+00										
4.30E+03	-3.93E-01	-1.69E+00										
4.35E+03	-3.90E-01	-1.70E+00										
4.40E+03	-3.86E-01	-1.70E+00										
4.46E+03	-3.83E-01	-1.71E+00										
4.51E+03	-3.80E-01	-1.71E+00										
4.56E+03	-3.76E-01	-1.71E+00										
4.61E+03	-3.72E-01	-1.72E+00										
4.67E+03	-3.69E-01	-1.72E+00										
4.72E+03	-3.65E-01	-1.72E+00										
4.77E+03	-3.62E-01	-1.73E+00										
4.82E+03	-3.58E-01	-1.73E+00										
4.87E+03	-3.54E-01	-1.73E+00										
4.93E+03	-3.50E-01	-1.73E+00										
4.98E+03	-3.47E-01	-1.73E+00										
5.03E+03	-3.43E-01	-1.73E+00										
5.08E+03	-3.40E-01	-1.73E+00										
5.13E+03	-3.35E-01	-1.72E+00										
5.19E+03	-3.32E-01	-1.72E+00										
5.24E+03	-3.28E-01	-1.72E+00										
5.29E+03	-3.24E-01	-1.71E+00										
5.34E+03	-3.19E-01	-1.71E+00										
5.39E+03	-3.15E-01	-1.70E+00										
5.44E+03	-3.11E-01	-1.70E+00										
5.49E+03	-3.07E-01	-1.69E+00										
5.55E+03	-3.03E-01	-1.68E+00										
5.60E+03	-2.99E-01	-1.67E+00										
5.65E+03	-2.94E-01	-1.66E+00										
5.70E+03	-2.90E-01	-1.65E+00										
5.75E+03	-2.86E-01	-1.64E+00										
5.81E+03	-2.81E-01	-1.63E+00										
5.86E+03	-2.76E-01	-1.62E+00										
5.91E+03	-2.71E-01	-1.60E+00										
5.96E+03	-2.67E-01	-1.59E+00										
6.01E+03	-2.61E-01	-1.57E+00										
6.06E+03	-2.56E-01	-1.55E+00										
6.10E+03	-2.51E-01	-1.53E+00										
0.00E+00	-8.06E-01	0.00E+00										
0.00E+00	-9.04E-01	0.00E+00										
0.00E+00	-9.17E-01	0.00E+00										
0.00E+00	-9.23E-01	0.00E+00										
0.00E+00	-9.27E-01	0.00E+00										
0.00E+00	-9.31E-01	0.00E+00										
5.29E+01	-9.31E-01	-4.92E-02										
1.04E+02	-8.22E-01	-8.53E-02										
1.55E+02	-7.80E-01	-1.21E-01										
2.05E+02	-7.57E-01	-1.55E-01										
2.58E+02	-7.38E-01	-1.90E-01										
3.10E+02	-7.24E-01	-2.24E-01										
3.60E+02	-7.10E-01	-2.56E-01										
4.12E+02	-6.98E-01	-2.88E-01										
4.63E+02	-6.88E-01	-3.19E-01										
5.17E+02	-6.78E-01	-3.51E-01										
5.68E+02	-6.71E-01	-3.81E-01										
6.19E+02	-6.62E-01	-4.10E-01										
6.70E+02	-6.55E-01	-4.39E-01										
7.21E+02	-6.48E-01	-4.67E-01										
7.73E+02	-6.42E-01	-4.96E-01										
8.24E+02	-6.35E-01	-5.24E-01										
8.75E+02	-6.30E-01	-5.51E-01										
9.30E+02	-6.24E-01	-5.80E-01										
9.81E+02	-6.19E-01	-6.07E-01										
1.03E+03	-6.13E-01	-6.33E-01										
1.08E+03	-6.08E-01	-6.59E-01										
1.13E+03	-6.04E-01	-6.85E-01										
1.19E+03	-5.99E-01	-7.11E-01										
1.24E+03	-5.94E-01	-7.35E-01										
1.29E+03	-5.90E-01	-7.62E-01										
1.34E+03	-5.85E-01	-7.85E-01										
1.39E+03	-5.82E-01	-8.09E-01										
1.44E+03	-5.77E-01	-8.33E-01										
1.49E+03	-5.73E-01	-8.56E-01										
1.54E+03	-5.70E-01	-8.80E-01										
1.60E+03	-5.66E-01	-9.03E-01										
1.65E+03	-5.62E-01	-9.28E-01										
1.70E+03	-5.58E-01	-9.50E-01										
1.75E+03	-5.54E-01	-9.72E-01										
1.81E+03	-5.51E-01	-9.95E-01										
1.86E+03	-5.47E-01	-1.02E+00										
1.91E+03	-5.43E-01	-1.04E+00										
1.96E+03	-5.40E-01	-1.06E+00										
2.01E+03	-5.37E-01	-1.08E+00										
2.06E+03	-5.33E-01	-1.10E+00										
2.11E+03	-5.30E-01	-1.12E+00										
2.16E+03	-5.26E-01	-1.14E+00										
2.22E+03	-5.23E-01	-1.16E+00										
2.27E+03	-5.19E-01	-1.18E+00										
2.32E+03	-5.16E-01	-1.20E+00										
2.37E+03	-5.13E-01	-1.22E+00										
2.42E+03	-5.10E-01	-1.23E+00										
2.47E+03	-5.07E-01	-1.25E+00										
2.52E+03	-5.04E-01	-1.27E+00										
2.58E+03	-5.00E-01	-1.29E+00										
2.63E+03	-4.97E-01	-1.31E+00										
2.68E+03	-4.94E-01	-1.32E+00										
2.73E+03	-4.91E-01	-1.34E+00										
2.78E+03	-4.88E-01	-1.36E+00										
2.83E+03	-4.85E-01	-1.37E+00										
2.89E+03	-4.81E-01	-1.39E+00										
2.94E+03	-4.78E-01	-1.40E+00										
2.99E+03	-4.75E-01	-1.42E+00										
3.04E+03	-4.73E-01	-1.44E+00										
3.09E+03	-4.69E-01	-1.45E+00										
3.14E+03	-4.66E-01	-1.46E+00										
3.19E+03	-4.63E-01	-1.48E+00										
3.24E+03	-4.60E-01	-1.49E+00										
3.29E+03	-4.57E-01	-1.50E+00										
3.35E+03	-4.53E-01	-1.52E+00										
3.40E+03	-4.50E-01	-1.53E+00										
3.45E+03	-4.46E-01	-1.54E+00										
3.50E+03	-4.44E-01	-1.55E+00										
3.55E+03	-4.41E-01	-1.57E+00										
3.61E+03	-4.38E-01	-1.58E+00										
3.66E+03	-4.34E-01	-1.59E+00										
3.71E+03	-4.31E-01	-1.60E+00										
3.77E+03	-4.28E-01	-1.61E+00										
3.82E+03	-4.25E-01	-1.62E+00										
3.87E+03	-4.21E-01	-1.63E+00										
3.92E+03	-4.18E-01	-1.64E+00										
3.97E+03	-4.15E-01	-1.65E+00										
4.02E+03	-4.12E-01	-1.66E+00										
4.07E+03	-4.09E-01	-1.66E+00										
4.12E+03	-4.05E-01	-1.67E+00										
4.18E+03	-4.02E-01	-1.68E+00										
4.23E+03	-3.99E-01	-1.69E+00										
4.28E+03	-3.96E-01	-1.69E+00										
4.33E+03	-3.92E-01	-1.70E+00										
4.38E+03	-3.89E-01	-1.70E+00										
4.44E+03	-3.85E-01	-1.71E+00										
4.49E+03	-3.81E-01	-1.71E+00										
4.55E+03	-3.78E-01	-1.72E+00										
4.60E+03	-3.75E-01	-1.72E+00										
4.65E+03	-3.71E-01	-1.72E+00										
4.70E+03	-3.67E-01	-1.73E+00										
4.75E+03	-3.64E-01	-1.73E+00										
4.80E+03	-3.60E-01	-1.73E+00										
4.86E+03	-3.57E-01	-1.73E+00										
4.91E+03	-3.53E-01	-1.73E+00										
4.96E+03	-3.50E-01	-1.74E+00										
5.02E+03	-3.45E-01	-1.73E+00										
5.07E+03	-3.42E-01	-1.73E+00										
5.12E+03	-3.38E-01	-1.73E+00										
5.17E+03	-3.34E-01	-1.73E+00										
5.22E+03	-3.30E-01	-1.72E+00										
5.28E+03	-3.26E-01	-1.72E+00										
5.33E+03	-3.22E-01	-1.72E+00										
5.38E+03	-3.19E-01	-1.71E+00										
5.43E+03	-3.14E-01	-1.70E+00										
5.48E+03	-3.10E-01	-1.70E+00										
5.53E+03	-3.06E-01	-1.69E+00										
5.58E+03	-3.02E-01	-1.68E+00										
5.63E+03	-2.98E-01	-1.68E+00										
5.68E+03	-2.94E-01	-1.67E+00										
5.73E+03	-2.89E-01	-1.66E+00										
5.79E+03	-2.85E-01	-1.65E+00										
5.84E+03	-2.80E-01	-1.64E+00										
5.89E+03	-2.75E-01	-1.62E+00										
5.94E+03	-2.71E-01	-1.61E+00										
6.00E+03	-2.65E-01	-1.59E+00										
6.05E+03	-2.60E-01	-1.57E+00										
6.10E+03	-2.56E-01	-1.56E+00										
6.13E+03	-2.51E-01	-1.54E+00										
0.00E+00	-8.06E-01	0.00E+00										
0.00E+00	-9.04E-01	0.00E+00										
0.00E+00	-9.17E-01	0.00E+00										
0.00E+00	-9.23E-01	0.00E+00										
0.00E+00	-9.27E-01	0.00E+00										
0.00E+00	-9.31E-01	0.00E+00										
4.58E+01	-9.31E-01	-4.26E-02										
9.77E+01	-8.33E-01	-8.14E-02										
1.49E+02	-7.83E-01	-1.16E-01										
2.03E+02	-7.59E-01	-1.54E-01										
2.56E+02	-7.39E-01	-1.89E-01										
3.09E+02	-7.23E-01	-2.23E-01										
3.59E+02	-7.11E-01	-2.55E-01										
4.13E+02	-6.98E-01	-2.88E-01										
4.63E+02	-6.88E-01	-3.19E-01										
5.14E+02	-6.79E-01	-3.49E-01										
5.64E+02	-6.71E-01	-3.78E-01										
6.16E+02	-6.63E-01	-4.09E-01										
6.67E+02	-6.55E-01	-4.37E-01										
7.17E+02	-6.49E-01	-4.65E-01										
7.69E+02	-6.42E-01	-4.94E-01										
8.19E+02	-6.37E-01	-5.22E-01										
8.71E+02	-6.30E-01	-5.49E-01										
9.23E+02	-6.25E-01	-5.77E-01										
9.74E+02	-6.20E-01	-6.03E-01										
1.02E+03	-6.14E-01	-6.29E-01										
1.07E+03	-6.09E-01	-6.55E-01										
1.13E+03	-6.05E-01	-6.81E-01										
1.18E+03	-6.00E-01	-7.05E-01										
1.23E+03	-5.95E-01	-7.31E-01										
1.28E+03	-5.91E-01	-7.56E-01										
1.33E+03	-5.87E-01	-7.81E-01										
1.38E+03	-5.83E-01	-8.06E-01										
1.43E+03	-5.78E-01	-8.30E-01										
1.49E+03	-5.74E-01	-8.54E-01										
1.54E+03	-5.70E-01	-8.77E-01										
1.59E+03	-5.66E-01	-8.99E-01										
1.64E+03	-5.63E-01	-9.24E-01										
1.69E+03	-5.59E-01	-9.45E-01										
1.74E+03	-5.55E-01	-9.67E-01										
1.79E+03	-5.52E-01	-9.90E-01										
1.85E+03	-5.48E-01	-1.01E+00										
1.90E+03	-5.44E-01	-1.03E+00										
1.95E+03	-5.41E-01	-1.05E+00										
2.01E+03	-5.37E-01	-1.08E+00										
2.06E+03	-5.34E-01	-1.10E+00										
2.11E+03	-5.30E-01	-1.12E+00										
2.16E+03	-5.27E-01	-1.14E+00										
2.21E+03	-5.24E-01	-1.16E+00										
2.26E+03	-5.20E-01	-1.18E+00										
2.32E+03	-5.17E-01	-1.20E+00										
2.37E+03	-5.14E-01	-1.22E+00										
2.42E+03	-5.10E-01	-1.24E+00										
2.47E+03	-5.07E-01	-1.25E+00										
2.52E+03	-5.04E-01	-1.27E+00										
2.57E+03	-5.01E-01	-1.29E+00										
2.63E+03	-4.97E-01	-1.31E+00										
2.68E+03	-4.94E-01	-1.32E+00										
2.73E+03	-4.91E-01	-1.34E+00										
2.78E+03	-4.88E-01	-1.36E+00										
2.83E+03	-4.85E-01	-1.37E+00										
2.88E+03	-4.82E-01	-1.39E+00										
2.93E+03	-4.78E-01	-1.40E+00										
2.99E+03	-4.75E-01	-1.42E+00										
3.04E+03	-4.72E-01	-1.43E+00										
3.09E+03	-4.69E-01	-1.45E+00										
3.14E+03	-4.66E-01	-1.46E+00										
3.19E+03	-4.63E-01	-1.48E+00										
3.24E+03	-4.60E-01	-1.49E+00										
3.29E+03	-4.56E-01	-1.50E+00										
3.34E+03	-4.53E-01	-1.52E+00										
3.40E+03	-4.50E-01	-1.53E+00										
3.45E+03	-4.47E-01	-1.54E+00										
3.50E+03	-4.44E-01	-1.55E+00										
3.55E+03	-4.41E-01	-1.57E+00										
3.60E+03	-4.38E-01	-1.58E+00										
3.65E+03	-4.34E-01	-1.59E+00										
3.71E+03	-4.31E-01	-1.60E+00										
3.76E+03	-4.28E-01	-1.61E+00										
3.81E+03	-4.25E-01	-1.62E+00										
3.86E+03	-4.22E-01	-1.63E+00										
3.91E+03	-4.18E-01	-1.64E+00										
3.96E+03	-4.15E-01	-1.65E+00										
4.01E+03	-4.12E-01	-1.65E+00										
4.07E+03	-4.08E-01	-1.66E+00										
4.12E+03	-4.05E-01	-1.67E+00										
4.17E+03	-4.02E-01	-1.68E+00										
4.22E+03	-3.99E-01	-1.68E+00										
4.28E+03	-3.95E-01	-1.69E+00										
4.33E+03	-3.92E-01	-1.70E+00										
4.38E+03	-3.88E-01	-1.70E+00										
4.43E+03	-3.85E-01	-1.70E+00										
4.48E+03	-3.82E-01	-1.71E+00										
4.53E+03	-3.78E-01	-1.71E+00										
4.58E+03	-3.75E-01	-1.72E+00										
4.64E+03	-3.72E-01	-1.72E+00										
4.69E+03	-3.68E-01	-1.73E+00										
4.74E+03	-3.64E-01	-1.73E+00										
4.79E+03	-3.61E-01	-1.73E+00										
4.84E+03	-3.58E-01	-1.73E+00										
4.89E+03	-3.54E-01	-1.73E+00										
4.94E+03	-3.50E-01	-1.73E+00										
4.99E+03	-3.47E-01	-1.73E+00										
5.05E+03	-3.43E-01	-1.73E+00										
5.10E+03	-3.39E-01	-1.73E+00										
5.15E+03	-3.35E-01	-1.72E+00										
5.20E+03	-3.31E-01	-1.72E+00										
5.25E+03	-3.27E-01	-1.72E+00										
5.30E+03	-3.24E-01	-1.72E+00										
5.36E+03	-3.19E-01	-1.71E+00										
5.41E+03	-3.15E-01	-1.70E+00										
5.46E+03	-3.11E-01	-1.70E+00										
5.51E+03	-3.07E-01	-1.69E+00										
5.56E+03	-3.03E-01	-1.69E+00										
5.62E+03	-2.98E-01	-1.68E+00										
5.67E+03	-2.94E-01	-1.67E+00										
5.72E+03	-2.90E-01	-1.66E+00										
5.77E+03	-2.85E-01	-1.65E+00										
5.82E+03	-2.81E-01	-1.63E+00										
5.87E+03	-2.76E-01	-1.62E+00										
5.92E+03	-2.71E-01	-1.60E+00										
5.97E+03	-2.66E-01	-1.59E+00										
6.02E+03	-2.61E-01	-1.57E+00										
6.08E+03	-2.56E-01	-1.55E+00										
6.13E+03	-2.52E-01	-1.54E+00										
6.12E+03	-2.51E-01	-1.54E+00										
0.00E+00	-8.06E-01	0.00E+00										
0.00E+00	-9.04E-01	0.00E+00										
0.00E+00	-9.17E-01	0.00E+00										
0.00E+00	-9.23E-01	0.00E+00										
0.00E+00	-9.27E-01	0.00E+00										
0.00E+00	-9.31E-01	0.00E+00										
5.19E+01	-9.31E-01	-4.83E-02										
1.03E+02	-8.22E-01	-8.49E-02										
1.55E+02	-7.81E-01	-1.21E-01										
2.05E+02	-7.57E-01	-1.55E-01										
2.56E+02	-7.39E-01	-1.89E-01										
3.09E+02	-7.23E-01	-2.23E-01										
3.59E+02	-7.10E-01	-2.55E-01										
4.10E+02	-6.98E-01	-2.87E-01										
4.63E+02	-6.88E-01	-3.19E-01										
5.15E+02	-6.78E-01	-3.50E-01										
5.67E+02	-6.70E-01	-3.80E-01										
6.21E+02	-6.62E-01	-4.11E-01										
6.73E+02	-6.54E-01	-4.40E-01										
7.23E+02	-6.48E-01	-4.68E-01										
7.75E+02	-6.41E-01	-4.97E-01										
8.26E+02	-6.35E-01	-5.25E-01										
8.78E+02	-6.30E-01	-5.53E-01										
9.28E+02	-6.24E-01	-5.79E-01										
9.80E+02	-6.19E-01	-6.06E-01										
1.03E+03	-6.13E-01	-6.32E-01										
1.08E+03	-6.08E-01	-6.59E-01										
1.13E+03	-6.03E-01	-6.85E-01										
1.19E+03	-5.99E-01	-7.10E-01										
1.24E+03	-5.95E-01	-7.35E-01										
1.29E+03	-5.90E-01	-7.60E-01										
1.34E+03	-5.86E-01	-7.83E-01										
1.39E+03	-5.82E-01	-8.08E-01										
1.44E+03	-5.78E-01	-8.32E-01										
1.49E+03	-5.74E-01	-8.56E-01										
1.54E+03	-5.70E-01	-8.79E-01										
1.59E+03	-5.66E-01	-9.02E-01										
1.65E+03	-5.62E-01	-9.25E-01										
1.70E+03	-5.59E-01	-9.48E-01										
1.75E+03	-5.55E-01	-9.70E-01										
1.80E+03	-5.52E-01	-9.93E-01										
1.85E+03	-5.48E-01	-1.01E+00										
1.90E+03	-5.44E-01	-1.04E+00										
1.96E+03	-5.41E-01	-1.06E+00										
2.01E+03	-5.37E-01	-1.08E+00										
2.06E+03	-5.34E-01	-1.10E+00										
2.12E+03	-5.30E-01	-1.12E+00										
2.17E+03	-5.27E-01	-1.14E+00										
2.22E+03	-5.23E-01	-1.16E+00										
2.27E+03	-5.21E-01	-1.18E+00										
2.33E+03	-5.17E-01	-1.20E+00										
2.38E+03	-5.14E-01	-1.22E+00										
2.43E+03	-5.10E-01	-1.24E+00										
2.48E+03	-5.07E-01	-1.26E+00										
2.53E+03	-5.04E-01	-1.28E+00										
2.58E+03	-5.01E-01	-1.29E+00										
2.63E+03	-4.98E-01	-1.31E+00										
2.69E+03	-4.95E-01	-1.33E+00										
2.74E+03	-4.92E-01	-1.35E+00										
2.79E+03	-4.88E-01	-1.36E+00										
2.84E+03	-4.85E-01	-1.38E+00										
2.89E+03	-4.82E-01	-1.39E+00										
2.94E+03	-4.79E-01	-1.41E+00										
2.99E+03	-4.76E-01	-1.42E+00										
3.04E+03	-4.73E-01	-1.44E+00										
3.09E+03	-4.70E-01	-1.45E+00										
3.14E+03	-4.67E-01	-1.47E+00										
3.19E+03	-4.64E-01	-1.48E+00										
3.25E+03	-4.60E-01	-1.50E+00										
3.30E+03	-4.57E-01	-1.51E+00										
3.36E+03	-4.54E-01	-1.52E+00										
3.41E+03	-4.50E-01	-1.54E+00										
3.46E+03	-4.47E-01	-1.55E+00										
3.51E+03	-4.44E-01	-1.56E+00										
3.56E+03	-4.41E-01	-1.57E+00										
3.62E+03	-4.38E-01	-1.58E+00										
3.67E+03	-4.35E-01	-1.59E+00										
3.72E+03	-4.32E-01	-1.60E+00										
3.77E+03	-4.28E-01	-1.61E+00										
3.82E+03	-4.26E-01	-1.63E+00										
3.87E+03	-4.22E-01	-1.63E+00										
3.92E+03	-4.19E-01	-1.64E+00										
3.97E+03	-4.16E-01	-1.65E+00										
4.03E+03	-4.13E-01	-1.66E+00										
4.08E+03	-4.10E-01	-1.67E+00										
4.13E+03	-4.07E-01	-1.68E+00										
4.18E+03	-4.04E-01	-1.69E+00										
4.23E+03	-4.00E-01	-1.69E+00										
4.28E+03	-3.97E-01	-1.70E+00										
4.33E+03	-3.94E-01	-1.71E+00										
4.39E+03	-3.90E-01	-1.71E+00										
4.44E+03	-3.87E-01	-1.72E+00										
4.49E+03	-3.84E-01	-1.72E+00										
4.55E+03	-3.80E-01	-1.73E+00										
4.60E+03	-3.76E-01	-1.73E+00										
4.65E+03	-3.73E-01	-1.73E+00										
4.70E+03	-3.69E-01	-1.74E+00										
4.75E+03	-3.66E-01	-1.74E+00										
4.81E+03	-3.62E-01	-1.74E+00										
4.86E+03	-3.59E-01	-1.74E+00										
4.91E+03	-3.55E-01	-1.74E+00										
4.96E+03	-3.51E-01	-1.74E+00										
5.02E+03	-3.48E-01	-1.74E+00										
5.07E+03	-3.44E-01	-1.74E+00										
5.12E+03	-3.40E-01	-1.74E+00										
5.18E+03	-3.36E-01	-1.74E+00										
5.23E+03	-3.32E-01	-1.74E+00										
5.28E+03	-3.28E-01	-1.73E+00										
5.33E+03	-3.24E-01	-1.73E+00										
5.38E+03	-3.21E-01	-1.72E+00										
5.43E+03	-3.16E-01	-1.72E+00										
5.48E+03	-3.12E-01	-1.71E+00										
5.53E+03	-3.08E-01	-1.71E+00										
5.59E+03	-3.05E-01	-1.70E+00										
5.64E+03	-3.00E-01	-1.69E+00										
5.69E+03	-2.95E-01	-1.68E+00										
5.74E+03	-2.91E-01	-1.67E+00										
5.79E+03	-2.87E-01	-1.66E+00										
5.84E+03	-2.82E-01	-1.65E+00										
5.89E+03	-2.77E-01	-1.63E+00										
5.95E+03	-2.73E-01	-1.62E+00										
6.00E+03	-2.68E-01	-1.61E+00										
6.05E+03	-2.63E-01	-1.59E+00										
6.10E+03	-2.58E-01	-1.57E+00										
6.15E+03	-2.54E-01	-1.56E+00										
6.16E+03	-2.52E-01	-1.55E+00										
0.00E+00	-8.07E-01	0.00E+00										
0.00E+00	-9.04E-01	0.00E+00										
0.00E+00	-9.16E-01	0.00E+00										
0.00E+00	-9.22E-01	0.00E+00										
0.00E+00	-9.26E-01	0.00E+00										
0.00E+00	-9.30E-01	0.00E+00										
4.73E+01	-9.30E-01	-4.40E-02										
9.77E+01	-8.31E-01	-8.12E-02										
1.50E+02	-7.81E-01	-1.17E-01										
2.01E+02	-7.59E-01	-1.52E-01										
2.51E+02	-7.39E-01	-1.86E-01										
3.01E+02	-7.26E-01	-2.19E-01										
3.52E+02	-7.12E-01	-2.50E-01										
4.03E+02	-7.00E-01	-2.82E-01										
4.54E+02	-6.90E-01	-3.13E-01										
5.05E+02	-6.80E-01	-3.43E-01										
5.56E+02	-6.72E-01	-3.74E-01										
6.07E+02	-6.64E-01	-4.03E-01										
6.59E+02	-6.57E-01	-4.33E-01										
7.10E+02	-6.50E-01	-4.61E-01										
7.60E+02	-6.43E-01	-4.89E-01										
8.11E+02	-6.37E-01	-5.17E-01										
8.64E+02	-6.32E-01	-5.45E-01										
9.15E+02	-6.26E-01	-5.73E-01										
9.69E+02	-6.21E-01	-6.01E-01										
1.02E+03	-6.15E-01	-6.28E-01										
1.07E+03	-6.11E-01	-6.54E-01										
1.12E+03	-6.06E-01	-6.79E-01										
1.17E+03	-6.01E-01	-7.05E-01										
1.23E+03	-5.97E-01	-7.31E-01										
1.28E+03	-5.92E-01	-7.56E-01										
1.33E+03	-5.88E-01	-7.80E-01										
1.38E+03	-5.84E-01	-8.05E-01										
1.43E+03	-5.80E-01	-8.28E-01										
1.48E+03	-5.76E-01	-8.53E-01										
1.53E+03	-5.72E-01	-8.76E-01										
1.58E+03	-5.69E-01	-9.01E-01										
1.63E+03	-5.65E-01	-9.23E-01										
1.69E+03	-5.61E-01	-9.45E-01										
1.74E+03	-5.57E-01	-9.68E-01										
1.79E+03	-5.53E-01	-9.91E-01										
1.84E+03	-5.50E-01	-1.01E+00										
1.90E+03	-5.46E-01	-1.04E+00										
1.95E+03	-5.43E-01	-1.06E+00										
2.00E+03	-5.39E-01	-1.08E+00										
2.05E+03	-5.36E-01	-1.10E+00										
2.10E+03	-5.32E-01	-1.12E+00										
2.15E+03	-5.29E-01	-1.14E+00										
2.20E+03	-5.26E-01	-1.16E+00										
2.25E+03	-5.22E-01	-1.18E+00										
2.31E+03	-5.19E-01	-1.20E+00										
2.36E+03	-5.16E-01	-1.22E+00										
2.41E+03	-5.12E-01	-1.24E+00										
2.47E+03	-5.09E-01	-1.25E+00										
2.52E+03	-5.06E-01	-1.27E+00										
2.57E+03	-5.02E-01	-1.29E+00										
2.62E+03	-5.00E-01	-1.31E+00										
2.67E+03	-4.96E-01	-1.33E+00										
2.73E+03	-4.93E-01	-1.34E+00										
2.78E+03	-4.90E-01	-1.36E+00										
2.83E+03	-4.86E-01	-1.38E+00										
2.88E+03	-4.83E-01	-1.39E+00										
2.93E+03	-4.80E-01	-1.41E+00										
2.99E+03	-4.77E-01	-1.42E+00										
3.04E+03	-4.74E-01	-1.44E+00										
3.09E+03	-4.71E-01	-1.46E+00										
3.14E+03	-4.68E-01	-1.47E+00										
3.19E+03	-4.65E-01	-1.48E+00										
3.24E+03	-4.62E-01	-1.50E+00										
3.29E+03	-4.59E-01	-1.51E+00										
3.35E+03	-4.55E-01	-1.52E+00										
3.40E+03	-4.52E-01	-1.54E+00										
3.45E+03	-4.49E-01	-1.55E+00										
3.50E+03	-4.46E-01	-1.56E+00										
3.55E+03	-4.43E-01	-1.57E+00										
3.61E+03	-4.40E-01	-1.59E+00										
3.66E+03	-4.36E-01	-1.60E+00										
3.71E+03	-4.34E-01	-1.61E+00										
3.76E+03	-4.30E-01	-1.62E+00										
3.81E+03	-4.27E-01	-1.63E+00										
3.86E+03	-4.24E-01	-1.64E+00										
3.92E+03	-4.21E-01	-1.65E+00										
3.97E+03	-4.17E-01	-1.66E+00										
4.02E+03	-4.14E-01	-1.66E+00										
4.07E+03	-4.11E-01	-1.67E+00										
4.12E+03	-4.08E-01	-1.68E+00										
4.17E+03	-4.04E-01	-1.69E+00										
4.22E+03	-4.01E-01	-1.69E+00										
4.27E+03	-3.98E-01	-1.70E+00										
4.33E+03	-3.95E-01	-1.71E+00										
4.38E+03	-3.91E-01	-1.71E+00										
4.43E+03	-3.88E-01	-1.72E+00										
4.48E+03	-3.84E-01	-1.72E+00										
4.53E+03	-3.81E-01	-1.73E+00										
4.58E+03	-3.78E-01	-1.73E+00										
4.64E+03	-3.74E-01	-1.73E+00										
4.69E+03	-3.71E-01	-1.74E+00										
4.74E+03	-3.67E-01	-1.74E+00										
4.79E+03	-3.64E-01	-1.74E+00										
4.84E+03	-3.60E-01	-1.74E+00										
4.90E+03	-3.56E-01	-1.75E+00										
4.95E+03	-3.53E-01	-1.74E+00										
5.00E+03	-3.49E-01	-1.74E+00										
5.05E+03	-3.45E-01	-1.74E+00										
5.10E+03	-3.41E-01	-1.74E+00										
5.15E+03	-3.38E-01	-1.74E+00										
5.20E+03	-3.34E-01	-1.74E+00										
5.25E+03	-3.30E-01	-1.73E+00										
5.30E+03	-3.26E-01	-1.73E+00										
5.36E+03	-3.22E-01	-1.73E+00										
5.41E+03	-3.18E-01	-1.72E+00										
5.46E+03	-3.14E-01	-1.72E+00										
5.51E+03	-3.10E-01	-1.71E+00										
5.56E+03	-3.06E-01	-1.70E+00										
5.61E+03	-3.02E-01	-1.69E+00										
5.67E+03	-2.97E-01	-1.68E+00										
5.72E+03	-2.93E-01	-1.68E+00										
5.77E+03	-2.89E-01	-1.67E+00										
5.82E+03	-2.84E-01	-1.65E+00										
5.87E+03	-2.79E-01	-1.64E+00										
5.92E+03	-2.75E-01	-1.63E+00										
5.98E+03	-2.70E-01	-1.61E+00										
6.03E+03	-2.65E-01	-1.60E+00										
6.08E+03	-2.60E-01	-1.58E+00										
6.13E+03	-2.55E-01	-1.56E+00										
6.16E+03	-2.51E-01	-1.55E+00										
0.00E+00	-8.07E-01	0.00E+00										
0.00E+00	-9.04E-01	0.00E+00										
0.00E+00	-9.16E-01	0.00E+00										
0.00E+00	-9.23E-01	0.00E+00										
0.00E+00	-9.26E-01	0.00E+00										
0.00E+00	-9.30E-01	0.00E+00										
5.59E+01	-9.30E-01	-5.20E-02										
1.07E+02	-8.19E-01	-8.75E-02										
1.57E+02	-7.77E-01	-1.22E-01										
2.08E+02	-7.55E-01	-1.57E-01										
2.58E+02	-7.37E-01	-1.90E-01										
3.10E+02	-7.23E-01	-2.24E-01										
3.63E+02	-7.10E-01	-2.58E-01										
4.14E+02	-6.98E-01	-2.89E-01										
4.66E+02	-6.88E-01	-3.21E-01										
5.17E+02	-6.79E-01	-3.51E-01										
5.68E+02	-6.70E-01	-3.81E-01										
6.19E+02	-6.63E-01	-4.10E-01										
6.72E+02	-6.55E-01	-4.40E-01										
7.22E+02	-6.48E-01	-4.68E-01										
7.73E+02	-6.42E-01	-4.96E-01										
8.24E+02	-6.36E-01	-5.24E-01										
8.75E+02	-6.30E-01	-5.52E-01										
9.26E+02	-6.24E-01	-5.78E-01										
9.76E+02	-6.19E-01	-6.05E-01										
1.03E+03	-6.14E-01	-6.32E-01										
1.08E+03	-6.09E-01	-6.58E-01										
1.13E+03	-6.04E-01	-6.84E-01										
1.18E+03	-6.00E-01	-7.10E-01										
1.24E+03	-5.95E-01	-7.36E-01										
1.29E+03	-5.90E-01	-7.61E-01										
1.34E+03	-5.86E-01	-7.86E-01										
1.39E+03	-5.82E-01	-8.10E-01										
1.45E+03	-5.78E-01	-8.36E-01										
1.50E+03	-5.74E-01	-8.59E-01										
1.55E+03	-5.70E-01	-8.84E-01										
1.60E+03	-5.66E-01	-9.06E-01										
1.65E+03	-5.62E-01	-9.29E-01										
1.71E+03	-5.58E-01	-9.53E-01										
1.76E+03	-5.54E-01	-9.75E-01										
1.81E+03	-5.51E-01	-9.97E-01										
1.86E+03	-5.47E-01	-1.02E+00										
1.91E+03	-5.43E-01	-1.04E+00										
1.96E+03	-5.40E-01	-1.06E+00										
2.02E+03	-5.37E-01	-1.08E+00										
2.07E+03	-5.33E-01	-1.10E+00										
2.12E+03	-5.30E-01	-1.12E+00										
2.17E+03	-5.26E-01	-1.14E+00										
2.22E+03	-5.23E-01	-1.16E+00										
2.27E+03	-5.20E-01	-1.18E+00										
2.33E+03	-5.17E-01	-1.20E+00										
2.38E+03	-5.13E-01	-1.22E+00										
2.43E+03	-5.10E-01	-1.24E+00										
2.48E+03	-5.07E-01	-1.26E+00										
2.53E+03	-5.04E-01	-1.28E+00										
2.58E+03	-5.00E-01	-1.29E+00										
2.64E+03	-4.97E-01	-1.31E+00										
2.69E+03	-4.94E-01	-1.33E+00										
2.74E+03	-4.91E-01	-1.34E+00										
2.79E+03	-4.87E-01	-1.36E+00										
2.85E+03	-4.84E-01	-1.38E+00										
2.90E+03	-4.81E-01	-1.40E+00										
2.95E+03	-4.78E-01	-1.41E+00										
3.01E+03	-4.74E-01	-1.43E+00										
3.06E+03	-4.72E-01	-1.44E+00										
3.11E+03	-4.68E-01	-1.46E+00										
3.17E+03	-4.65E-01	-1.47E+00										
3.22E+03	-4.62E-01	-1.49E+00										
3.27E+03	-4.58E-01	-1.50E+00										
3.32E+03	-4.55E-01	-1.51E+00										
3.37E+03	-4.52E-01	-1.52E+00										
3.42E+03	-4.49E-01	-1.54E+00										
3.48E+03	-4.46E-01	-1.55E+00										
3.53E+03	-4.42E-01	-1.56E+00										
3.58E+03	-4.40E-01	-1.57E+00										
3.63E+03	-4.36E-01	-1.58E+00										
3.68E+03	-4.33E-01	-1.59E+00										
3.74E+03	-4.30E-01	-1.61E+00										
3.79E+03	-4.27E-01	-1.62E+00										
3.84E+03	-4.24E-01	-1.63E+00										
3.89E+03	-4.20E-01	-1.63E+00										
3.94E+03	-4.17E-01	-1.64E+00										
3.99E+03	-4.14E-01	-1.65E+00										
4.05E+03	-4.11E-01	-1.66E+00										
4.10E+03	-4.07E-01	-1.67E+00										
4.15E+03	-4.04E-01	-1.68E+00										
4.20E+03	-4.00E-01	-1.68E+00										
4.25E+03	-3.98E-01	-1.69E+00										
4.30E+03	-3.94E-01	-1.70E+00										
4.35E+03	-3.91E-01	-1.70E+00										
4.41E+03	-3.87E-01	-1.71E+00										
4.46E+03	-3.84E-01	-1.71E+00										
4.51E+03	-3.80E-01	-1.71E+00										
4.56E+03	-3.77E-01	-1.72E+00										
4.62E+03	-3.73E-01	-1.72E+00										
4.67E+03	-3.70E-01	-1.73E+00										
4.72E+03	-3.66E-01	-1.73E+00										
4.77E+03	-3.62E-01	-1.73E+00										
4.83E+03	-3.59E-01	-1.73E+00										
4.88E+03	-3.55E-01	-1.73E+00										
4.93E+03	-3.51E-01	-1.73E+00										
4.98E+03	-3.47E-01	-1.73E+00										
5.04E+03	-3.44E-01	-1.73E+00										
5.09E+03	-3.40E-01	-1.73E+00										
5.14E+03	-3.36E-01	-1.73E+00										
5.19E+03	-3.32E-01	-1.72E+00										
5.25E+03	-3.28E-01	-1.72E+00										
5.30E+03	-3.24E-01	-1.72E+00										
5.35E+03	-3.20E-01	-1.71E+00										
5.40E+03	-3.16E-01	-1.71E+00										
5.45E+03	-3.12E-01	-1.70E+00										
5.50E+03	-3.08E-01	-1.69E+00										
5.55E+03	-3.03E-01	-1.69E+00										
5.61E+03	-2.99E-01	-1.68E+00										
5.66E+03	-2.95E-01	-1.67E+00										
5.71E+03	-2.91E-01	-1.66E+00										
5.76E+03	-2.86E-01	-1.65E+00										
5.81E+03	-2.82E-01	-1.64E+00										
5.86E+03	-2.77E-01	-1.62E+00										
5.91E+03	-2.72E-01	-1.61E+00										
5.96E+03	-2.68E-01	-1.60E+00										
6.01E+03	-2.63E-01	-1.58E+00										
6.06E+03	-2.58E-01	-1.57E+00										
6.12E+03	-2.53E-01	-1.55E+00										
6.12E+03	-2.51E-01	-1.54E+00										
0.00E+00	-8.06E-01	0.00E+00										
0.00E+00	-9.04E-01	0.00E+00										
0.00E+00	-9.17E-01	0.00E+00										
0.00E+00	-9.23E-01	0.00E+00										
0.00E+00	-9.26E-01	0.00E+00										
0.00E+00	-9.30E-01	0.00E+00										
4.58E+01	-9.30E-01	-4.26E-02										
9.72E+01	-8.30E-01	-8.07E-02										
1.48E+02	-7.82E-01	-1.15E-01										
1.98E+02	-7.59E-01	-1.50E-01										
2.48E+02	-7.40E-01	-1.84E-01										
3.00E+02	-7.26E-01	-2.18E-01										
3.51E+02	-7.12E-01	-2.50E-01										
4.04E+02	-7.00E-01	-2.83E-01										
4.56E+02	-6.89E-01	-3.14E-01										
5.09E+02	-6.80E-01	-3.46E-01										
5.60E+02	-6.72E-01	-3.76E-01										
6.11E+02	-6.64E-01	-4.06E-01										
6.62E+02	-6.56E-01	-4.34E-01										
7.13E+02	-6.49E-01	-4.63E-01										
7.64E+02	-6.43E-01	-4.91E-01										
8.18E+02	-6.36E-01	-5.21E-01										
8.69E+02	-6.31E-01	-5.48E-01										
9.22E+02	-6.25E-01	-5.76E-01										
9.73E+02	-6.20E-01	-6.03E-01										
1.02E+03	-6.14E-01	-6.29E-01										
1.08E+03	-6.09E-01	-6.56E-01										
1.13E+03	-6.04E-01	-6.83E-01										
1.18E+03	-5.99E-01	-7.08E-01										
1.23E+03	-5.95E-01	-7.33E-01										
1.28E+03	-5.90E-01	-7.57E-01										
1.33E+03	-5.86E-01	-7.82E-01										
1.38E+03	-5.82E-01	-8.06E-01										
1.44E+03	-5.78E-01	-8.29E-01										
1.49E+03	-5.74E-01	-8.55E-01										
1.54E+03	-5.70E-01	-8.77E-01										
1.59E+03	-5.66E-01	-9.00E-01										
1.64E+03	-5.62E-01	-9.23E-01										
1.69E+03	-5.58E-01	-9.46E-01										
1.74E+03	-5.55E-01	-9.68E-01										
1.80E+03	-5.51E-01	-9.90E-01										
1.85E+03	-5.48E-01	-1.01E+00										
1.90E+03	-5.44E-01	-1.03E+00										
1.95E+03	-5.40E-01	-1.06E+00										
2.00E+03	-5.37E-01	-1.08E+00										
2.06E+03	-5.34E-01	-1.10E+00										
2.11E+03	-5.30E-01	-1.12E+00										
2.16E+03	-5.27E-01	-1.14E+00										
2.21E+03	-5.24E-01	-1.16E+00										
2.26E+03	-5.20E-01	-1.18E+00										
2.31E+03	-5.17E-01	-1.20E+00										
2.36E+03	-5.14E-01	-1.21E+00										
2.41E+03	-5.11E-01	-1.23E+00										
2.46E+03	-5.07E-01	-1.25E+00										
2.51E+03	-5.04E-01	-1.27E+00										
2.56E+03	-5.01E-01	-1.28E+00										
2.62E+03	-4.98E-01	-1.30E+00										
2.67E+03	-4.95E-01	-1.32E+00										
2.72E+03	-4.92E-01	-1.34E+00										
2.77E+03	-4.88E-01	-1.35E+00										
2.82E+03	-4.85E-01	-1.37E+00										
2.87E+03	-4.82E-01	-1.38E+00										
2.92E+03	-4.79E-01	-1.40E+00										
2.98E+03	-4.76E-01	-1.42E+00										
3.03E+03	-4.73E-01	-1.43E+00										
3.08E+03	-4.69E-01	-1.45E+00										
3.13E+03	-4.66E-01	-1.46E+00										
3.18E+03	-4.63E-01	-1.47E+00										
3.23E+03	-4.60E-01	-1.49E+00										
3.28E+03	-4.57E-01	-1.50E+00										
3.34E+03	-4.54E-01	-1.51E+00										
3.39E+03	-4.51E-01	-1.53E+00										
3.44E+03	-4.48E-01	-1.54E+00										
3.49E+03	-4.45E-01	-1.55E+00										
3.54E+03	-4.41E-01	-1.56E+00										
3.59E+03	-4.38E-01	-1.57E+00										
3.64E+03	-4.35E-01	-1.59E+00										
3.70E+03	-4.32E-01	-1.60E+00										
3.75E+03	-4.29E-01	-1.61E+00										
3.80E+03	-4.26E-01	-1.62E+00										
3.85E+03	-4.23E-01	-1.63E+00										
3.90E+03	-4.19E-01	-1.64E+00										
3.95E+03	-4.16E-01	-1.64E+00										
4.00E+03	-4.13E-01	-1.65E+00										
4.05E+03	-4.10E-01	-1.66E+00										
4.10E+03	-4.06E-01	-1.67E+00										
4.16E+03	-4.03E-01	-1.68E+00										
4.21E+03	-4.00E-01	-1.68E+00										
4.26E+03	-3.97E-01	-1.69E+00										
4.31E+03	-3.93E-01	-1.70E+00										
4.36E+03	-3.90E-01	-1.70E+00										
4.42E+03	-3.86E-01	-1.71E+00										
4.47E+03	-3.83E-01	-1.71E+00										
4.52E+03	-3.79E-01	-1.71E+00										
4.57E+03	-3.76E-01	-1.72E+00										
4.63E+03	-3.72E-01	-1.72E+00										
4.68E+03	-3.69E-01	-1.73E+00										
4.73E+03	-3.65E-01	-1.73E+00										
4.78E+03	-3.62E-01	-1.73E+00										
4.83E+03	-3.58E-01	-1.73E+00										
4.88E+03	-3.55E-01	-1.73E+00										
4.93E+03	-3.51E-01	-1.73E+00										
4.98E+03	-3.48E-01	-1.73E+00										
5.03E+03	-3.44E-01	-1.73E+00										
5.09E+03	-3.40E-01	-1.73E+00										
5.14E+03	-3.36E-01	-1.73E+00										
5.19E+03	-3.33E-01	-1.73E+00										
5.24E+03	-3.28E-01	-1.72E+00										
5.29E+03	-3.25E-01	-1.72E+00										
5.34E+03	-3.21E-01	-1.71E+00										
5.39E+03	-3.16E-01	-1.71E+00										
5.44E+03	-3.12E-01	-1.70E+00										
5.49E+03	-3.08E-01	-1.69E+00										
5.54E+03	-3.04E-01	-1.69E+00										
5.60E+03	-3.00E-01	-1.68E+00										
5.65E+03	-2.95E-01	-1.67E+00										
5.70E+03	-2.91E-01	-1.66E+00										
5.75E+03	-2.87E-01	-1.65E+00										
5.80E+03	-2.82E-01	-1.64E+00										
5.85E+03	-2.78E-01	-1.63E+00										
5.90E+03	-2.73E-01	-1.61E+00										
5.95E+03	-2.68E-01	-1.60E+00										
6.00E+03	-2.63E-01	-1.58E+00										
6.05E+03	-2.59E-01	-1.57E+00										
6.10E+03	-2.54E-01	-1.55E+00										
6.12E+03	-2.51E-01	-1.54E+00										
0.00E+00	-8.07E-01	0.00E+00										
0.00E+00	-9.04E-01	0.00E+00										
0.00E+00	-9.17E-01	0.00E+00										
0.00E+00	-9.23E-01	0.00E+00										
0.00E+00	-9.26E-01	0.00E+00										
0.00E+00	-9.30E-01	0.00E+00										
5.24E+01	-9.30E-01	-4.87E-02										
1.06E+02	-8.22E-01	-8.70E-02										
1.58E+02	-7.77E-01	-1.23E-01										
2.09E+02	-7.54E-01	-1.57E-01										
2.60E+02	-7.36E-01	-1.91E-01										
3.15E+02	-7.22E-01	-2.27E-01										
3.67E+02	-7.09E-01	-2.60E-01										
4.17E+02	-6.97E-01	-2.91E-01										
4.68E+02	-6.87E-01	-3.21E-01										
5.19E+02	-6.78E-01	-3.52E-01										
5.69E+02	-6.70E-01	-3.81E-01										
6.23E+02	-6.62E-01	-4.12E-01										
6.74E+02	-6.54E-01	-4.41E-01										
7.25E+02	-6.48E-01	-4.70E-01										
7.76E+02	-6.41E-01	-4.97E-01										
8.27E+02	-6.35E-01	-5.25E-01										
8.77E+02	-6.29E-01	-5.52E-01										
9.28E+02	-6.24E-01	-5.79E-01										
9.78E+02	-6.19E-01	-6.05E-01										
1.03E+03	-6.14E-01	-6.32E-01										
1.08E+03	-6.09E-01	-6.58E-01										
1.13E+03	-6.04E-01	-6.83E-01										
1.18E+03	-5.99E-01	-7.09E-01										
1.23E+03	-5.95E-01	-7.34E-01										
1.29E+03	-5.91E-01	-7.61E-01										
1.34E+03	-5.86E-01	-7.87E-01										
1.39E+03	-5.82E-01	-8.11E-01										
1.45E+03	-5.78E-01	-8.35E-01										
1.50E+03	-5.73E-01	-8.59E-01										
1.55E+03	-5.69E-01	-8.83E-01										
1.60E+03	-5.66E-01	-9.05E-01										
1.65E+03	-5.62E-01	-9.28E-01										
1.71E+03	-5.58E-01	-9.52E-01										
1.76E+03	-5.54E-01	-9.75E-01										
1.81E+03	-5.50E-01	-9.96E-01										
1.86E+03	-5.47E-01	-1.02E+00										
1.91E+03	-5.43E-01	-1.04E+00										
1.96E+03	-5.40E-01	-1.06E+00										
2.01E+03	-5.37E-01	-1.08E+00										
2.06E+03	-5.33E-01	-1.10E+00										
2.12E+03	-5.29E-01	-1.12E+00										
2.17E+03	-5.26E-01	-1.14E+00										
2.22E+03	-5.23E-01	-1.16E+00										
2.27E+03	-5.20E-01	-1.18E+00										
2.32E+03	-5.17E-01	-1.20E+00										
2.37E+03	-5.13E-01	-1.22E+00										
2.42E+03	-5.10E-01	-1.24E+00										
2.48E+03	-5.07E-01	-1.25E+00										
2.53E+03	-5.04E-01	-1.27E+00										
2.58E+03	-5.01E-01	-1.29E+00										
2.63E+03	-4.98E-01	-1.31E+00										
2.68E+03	-4.95E-01	-1.33E+00										
2.73E+03	-4.92E-01	-1.34E+00										
2.78E+03	-4.88E-01	-1.36E+00										
2.83E+03	-4.85E-01	-1.38E+00										
2.89E+03	-4.82E-01	-1.39E+00										
2.94E+03	-4.79E-01	-1.41E+00										
2.99E+03	-4.76E-01	-1.42E+00										
3.04E+03	-4.73E-01	-1.44E+00										
3.09E+03	-4.70E-01	-1.45E+00										
3.14E+03	-4.67E-01	-1.47E+00										
3.19E+03	-4.64E-01	-1.48E+00										
3.24E+03	-4.61E-01	-1.50E+00										
3.29E+03	-4.58E-01	-1.51E+00										
3.35E+03	-4.55E-01	-1.52E+00										
3.40E+03	-4.52E-01	-1.54E+00										
3.45E+03	-4.48E-01	-1.55E+00										
3.50E+03	-4.46E-01	-1.56E+00										
3.55E+03	-4.42E-01	-1.57E+00										
3.60E+03	-4.40E-01	-1.58E+00										
3.66E+03	-4.36E-01	-1.60E+00										
3.71E+03	-4.33E-01	-1.61E+00										
3.76E+03	-4.30E-01	-1.62E+00										
3.81E+03	-4.27E-01	-1.63E+00										
3.86E+03	-4.24E-01	-1.64E+00										
3.92E+03	-4.21E-01	-1.65E+00										
3.97E+03	-4.17E-01	-1.66E+00										
4.02E+03	-4.14E-01	-1.66E+00										
4.07E+03	-4.11E-01	-1.67E+00										
4.12E+03	-4.08E-01	-1.68E+00										
4.18E+03	-4.04E-01	-1.69E+00										
4.23E+03	-4.01E-01	-1.70E+00										
4.28E+03	-3.98E-01	-1.70E+00										
4.33E+03	-3.94E-01	-1.71E+00										
4.39E+03	-3.91E-01	-1.72E+00										
4.44E+03	-3.88E-01	-1.72E+00										
4.49E+03	-3.84E-01	-1.73E+00										
4.55E+03	-3.80E-01	-1.73E+00										
4.60E+03	-3.77E-01	-1.73E+00										
4.65E+03	-3.74E-01	-1.74E+00										
4.70E+03	-3.70E-01	-1.74E+00										
4.75E+03	-3.67E-01	-1.74E+00										
4.80E+03	-3.63E-01	-1.74E+00										
4.85E+03	-3.60E-01	-1.75E+00										
4.90E+03	-3.56E-01	-1.75E+00										
4.95E+03	-3.53E-01	-1.75E+00										
5.00E+03	-3.49E-01	-1.75E+00										
5.06E+03	-3.46E-01	-1.75E+00										
5.11E+03	-3.42E-01	-1.75E+00										
5.16E+03	-3.38E-01	-1.74E+00										
5.21E+03	-3.34E-01	-1.74E+00										
5.26E+03	-3.31E-01	-1.74E+00										
5.31E+03	-3.27E-01	-1.74E+00										
5.37E+03	-3.23E-01	-1.73E+00										
5.42E+03	-3.19E-01	-1.73E+00										
5.47E+03	-3.14E-01	-1.72E+00										
5.53E+03	-3.10E-01	-1.71E+00										
5.58E+03	-3.06E-01	-1.70E+00										
5.63E+03	-3.02E-01	-1.70E+00										
5.68E+03	-2.97E-01	-1.69E+00										
5.73E+03	-2.93E-01	-1.68E+00										
5.79E+03	-2.89E-01	-1.67E+00										
5.84E+03	-2.85E-01	-1.66E+00										
5.89E+03	-2.80E-01	-1.65E+00										
5.94E+03	-2.75E-01	-1.64E+00										
5.99E+03	-2.70E-01	-1.62E+00										
6.05E+03	-2.67E-01	-1.61E+00										
6.10E+03	-2.61E-01	-1.59E+00										
6.15E+03	-2.55E-01	-1.57E+00										
6.18E+03	-2.51E-01	-1.55E+00										
0.00E+00	-8.07E-01	0.00E+00										
0.00E+00	-9.04E-01	0.00E+00										
0.00E+00	-9.16E-01	0.00E+00										
0.00E+00	-9.22E-01	0.00E+00										
0.00E+00	-9.25E-01	0.00E+00										
0.00E+00	-9.29E-01	0.00E+00										
4.88E+01	-9.29E-01	-4.54E-02										
9.92E+01	-8.25E-01	-8.18E-02										
1.54E+02	-7.80E-01	-1.20E-01										
2.06E+02	-7.55E-01	-1.55E-01										
2.56E+02	-7.38E-01	-1.89E-01										
3.07E+02	-7.23E-01	-2.22E-01										
3.59E+02	-7.10E-01	-2.55E-01										
4.10E+02	-6.99E-01	-2.87E-01										
4.63E+02	-6.88E-01	-3.19E-01										
5.14E+02	-6.79E-01	-3.49E-01										
5.65E+02	-6.70E-01	-3.78E-01										
6.15E+02	-6.62E-01	-4.07E-01										
6.68E+02	-6.55E-01	-4.38E-01										
7.19E+02	-6.48E-01	-4.66E-01										
7.70E+02	-6.42E-01	-4.95E-01										
8.21E+02	-6.37E-01	-5.23E-01										
8.73E+02	-6.31E-01	-5.50E-01										
9.23E+02	-6.25E-01	-5.77E-01										
9.76E+02	-6.20E-01	-6.05E-01										
1.03E+03	-6.15E-01	-6.31E-01										
1.08E+03	-6.10E-01	-6.57E-01										
1.13E+03	-6.05E-01	-6.83E-01										
1.18E+03	-6.00E-01	-7.11E-01										
1.24E+03	-5.95E-01	-7.35E-01										
1.29E+03	-5.91E-01	-7.61E-01										
1.34E+03	-5.87E-01	-7.86E-01										
1.39E+03	-5.83E-01	-8.10E-01										
1.44E+03	-5.79E-01	-8.35E-01										
1.49E+03	-5.75E-01	-8.59E-01										
1.55E+03	-5.71E-01	-8.82E-01										
1.60E+03	-5.67E-01	-9.06E-01										
1.65E+03	-5.63E-01	-9.28E-01										
1.70E+03	-5.60E-01	-9.52E-01										
1.75E+03	-5.56E-01	-9.75E-01										
1.80E+03	-5.52E-01	-9.96E-01										
1.86E+03	-5.49E-01	-1.02E+00										
1.91E+03	-5.45E-01	-1.04E+00										
1.96E+03	-5.42E-01	-1.06E+00										
2.01E+03	-5.39E-01	-1.08E+00										
2.06E+03	-5.35E-01	-1.10E+00										
2.11E+03	-5.32E-01	-1.12E+00										
2.16E+03	-5.29E-01	-1.14E+00										
2.21E+03	-5.25E-01	-1.16E+00										
2.27E+03	-5.22E-01	-1.18E+00										
2.32E+03	-5.19E-01	-1.20E+00										
2.37E+03	-5.15E-01	-1.22E+00										
2.42E+03	-5.12E-01	-1.24E+00										
2.47E+03	-5.09E-01	-1.26E+00										
2.53E+03	-5.06E-01	-1.28E+00										
2.58E+03	-5.02E-01	-1.30E+00										
2.63E+03	-5.00E-01	-1.31E+00										
2.68E+03	-4.96E-01	-1.33E+00										
2.73E+03	-4.93E-01	-1.35E+00										
2.79E+03	-4.90E-01	-1.37E+00										
2.84E+03	-4.87E-01	-1.38E+00										
2.89E+03	-4.84E-01	-1.40E+00										
2.94E+03	-4.81E-01	-1.41E+00										
2.99E+03	-4.77E-01	-1.43E+00										
3.05E+03	-4.74E-01	-1.45E+00										
3.10E+03	-4.71E-01	-1.46E+00										
3.15E+03	-4.68E-01	-1.47E+00										
3.20E+03	-4.65E-01	-1.49E+00										
3.25E+03	-4.62E-01	-1.50E+00										
3.31E+03	-4.59E-01	-1.52E+00										
3.36E+03	-4.55E-01	-1.53E+00										
3.41E+03	-4.52E-01	-1.54E+00										
3.46E+03	-4.49E-01	-1.56E+00										
3.52E+03	-4.46E-01	-1.57E+00										
3.57E+03	-4.43E-01	-1.58E+00										
3.62E+03	-4.40E-01	-1.59E+00										
3.68E+03	-4.36E-01	-1.60E+00										
3.73E+03	-4.33E-01	-1.61E+00										
3.78E+03	-4.30E-01	-1.63E+00										
3.83E+03	-4.26E-01	-1.63E+00										
3.89E+03	-4.23E-01	-1.65E+00										
3.94E+03	-4.20E-01	-1.66E+00										
3.99E+03	-4.17E-01	-1.66E+00										
4.04E+03	-4.14E-01	-1.67E+00										
4.09E+03	-4.11E-01	-1.68E+00										
4.14E+03	-4.08E-01	-1.69E+00										
4.19E+03	-4.05E-01	-1.70E+00										
4.25E+03	-4.01E-01	-1.70E+00										
4.30E+03	-3.98E-01	-1.71E+00										
4.35E+03	-3.95E-01	-1.72E+00										
4.40E+03	-3.92E-01	-1.72E+00										
4.45E+03	-3.88E-01	-1.73E+00										
4.50E+03	-3.84E-01	-1.73E+00										
4.56E+03	-3.81E-01	-1.74E+00										
4.61E+03	-3.78E-01	-1.74E+00										
4.66E+03	-3.74E-01	-1.74E+00										
4.71E+03	-3.71E-01	-1.75E+00										
4.76E+03	-3.68E-01	-1.75E+00										
4.81E+03	-3.64E-01	-1.75E+00										
4.87E+03	-3.60E-01	-1.75E+00										
4.92E+03	-3.56E-01	-1.75E+00										
4.97E+03	-3.53E-01	-1.75E+00										
5.02E+03	-3.49E-01	-1.75E+00										
5.07E+03	-3.46E-01	-1.75E+00										
5.12E+03	-3.42E-01	-1.75E+00										
5.17E+03	-3.38E-01	-1.75E+00										
5.22E+03	-3.34E-01	-1.74E+00										
5.28E+03	-3.30E-01	-1.74E+00										
5.33E+03	-3.26E-01	-1.74E+00										
5.38E+03	-3.22E-01	-1.73E+00										
5.43E+03	-3.18E-01	-1.73E+00										
5.48E+03	-3.14E-01	-1.72E+00										
5.53E+03	-3.10E-01	-1.71E+00										
5.59E+03	-3.06E-01	-1.71E+00										
5.64E+03	-3.01E-01	-1.70E+00										
5.69E+03	-2.97E-01	-1.69E+00										
5.74E+03	-2.92E-01	-1.68E+00										
5.79E+03	-2.88E-01	-1.67E+00										
5.85E+03	-2.84E-01	-1.66E+00										
5.90E+03	-2.79E-01	-1.64E+00										
5.95E+03	-2.74E-01	-1.63E+00										
6.00E+03	-2.69E-01	-1.62E+00										
6.05E+03	-2.64E-01	-1.60E+00										
6.10E+03	-2.59E-01	-1.58E+00										
6.16E+03	-2.54E-01	-1.57E+00										
6.17E+03	-2.52E-01	-1.55E+00										
0.00E+00	-8.07E-01	0.00E+00										
0.00E+00	-9.04E-01	0.00E+00										
0.00E+00	-9.16E-01	0.00E+00										
0.00E+00	-9.22E-01	0.00E+00										
0.00E+00	-9.26E-01	0.00E+00										
0.00E+00	-9.30E-01	0.00E+00										
5.09E+01	-9.30E-01	-4.73E-02										
1.02E+02	-8.22E-01	-8.41E-02										
1.53E+02	-7.81E-01	-1.19E-01										
2.03E+02	-7.58E-01	-1.54E-01										
2.55E+02	-7.38E-01	-1.88E-01										
3.05E+02	-7.23E-01	-2.20E-01										
3.58E+02	-7.10E-01	-2.55E-01										
4.10E+02	-6.98E-01	-2.86E-01										
4.62E+02	-6.89E-01	-3.18E-01										
5.13E+02	-6.79E-01	-3.48E-01										
5.64E+02	-6.71E-01	-3.78E-01										
6.15E+02	-6.62E-01	-4.07E-01										
6.67E+02	-6.56E-01	-4.38E-01										
7.18E+02	-6.49E-01	-4.66E-01										
7.71E+02	-6.43E-01	-4.96E-01										
8.22E+02	-6.36E-01	-5.23E-01										
8.74E+02	-6.30E-01	-5.51E-01										
9.24E+02	-6.25E-01	-5.77E-01										
9.79E+02	-6.19E-01	-6.06E-01										
1.03E+03	-6.14E-01	-6.33E-01										
1.08E+03	-6.09E-01	-6.60E-01										
1.13E+03	-6.04E-01	-6.85E-01										
1.18E+03	-5.99E-01	-7.10E-01										
1.24E+03	-5.95E-01	-7.35E-01										
1.29E+03	-5.91E-01	-7.60E-01										
1.34E+03	-5.87E-01	-7.84E-01										
1.39E+03	-5.82E-01	-8.08E-01										
1.44E+03	-5.78E-01	-8.32E-01										
1.49E+03	-5.74E-01	-8.56E-01										
1.55E+03	-5.70E-01	-8.81E-01										
1.60E+03	-5.66E-01	-9.05E-01										
1.65E+03	-5.63E-01	-9.28E-01										
1.70E+03	-5.59E-01	-9.50E-01										
1.76E+03	-5.55E-01	-9.75E-01										
1.81E+03	-5.51E-01	-9.96E-01										
1.86E+03	-5.48E-01	-1.02E+00										
1.91E+03	-5.44E-01	-1.04E+00										
1.96E+03	-5.41E-01	-1.06E+00										
2.01E+03	-5.37E-01	-1.08E+00										
2.06E+03	-5.34E-01	-1.10E+00										
2.12E+03	-5.30E-01	-1.12E+00										
2.17E+03	-5.27E-01	-1.14E+00										
2.22E+03	-5.24E-01	-1.16E+00										
2.27E+03	-5.20E-01	-1.18E+00										
2.32E+03	-5.17E-01	-1.20E+00										
2.37E+03	-5.14E-01	-1.22E+00										
2.43E+03	-5.11E-01	-1.24E+00										
2.48E+03	-5.07E-01	-1.26E+00										
2.53E+03	-5.04E-01	-1.27E+00										
2.58E+03	-5.01E-01	-1.29E+00										
2.63E+03	-4.98E-01	-1.31E+00										
2.68E+03	-4.95E-01	-1.33E+00										
2.73E+03	-4.92E-01	-1.34E+00										
2.78E+03	-4.89E-01	-1.36E+00										
2.84E+03	-4.85E-01	-1.38E+00										
2.89E+03	-4.82E-01	-1.39E+00										
2.94E+03	-4.79E-01	-1.41E+00										
2.99E+03	-4.76E-01	-1.42E+00										
3.04E+03	-4.73E-01	-1.44E+00										
3.09E+03	-4.70E-01	-1.45E+00										
3.15E+03	-4.67E-01	-1.47E+00										
3.20E+03	-4.63E-01	-1.48E+00										
3.25E+03	-4.60E-01	-1.50E+00										
3.31E+03	-4.57E-01	-1.51E+00										
3.36E+03	-4.54E-01	-1.52E+00										
3.41E+03	-4.51E-01	-1.54E+00										
3.46E+03	-4.47E-01	-1.55E+00										
3.51E+03	-4.44E-01	-1.56E+00										
3.56E+03	-4.41E-01	-1.57E+00										
3.62E+03	-4.38E-01	-1.58E+00										
3.67E+03	-4.35E-01	-1.60E+00										
3.72E+03	-4.32E-01	-1.61E+00										
3.77E+03	-4.29E-01	-1.62E+00										
3.82E+03	-4.26E-01	-1.63E+00										
3.87E+03	-4.22E-01	-1.63E+00										
3.92E+03	-4.19E-01	-1.64E+00										
3.97E+03	-4.16E-01	-1.65E+00										
4.03E+03	-4.13E-01	-1.66E+00										
4.08E+03	-4.10E-01	-1.67E+00										
4.13E+03	-4.06E-01	-1.68E+00										
4.18E+03	-4.03E-01	-1.68E+00										
4.23E+03	-4.00E-01	-1.69E+00										
4.28E+03	-3.97E-01	-1.70E+00										
4.33E+03	-3.94E-01	-1.70E+00										
4.38E+03	-3.90E-01	-1.71E+00										
4.43E+03	-3.87E-01	-1.72E+00										
4.49E+03	-3.83E-01	-1.72E+00										
4.54E+03	-3.80E-01	-1.72E+00										
4.59E+03	-3.76E-01	-1.73E+00										
4.64E+03	-3.73E-01	-1.73E+00										
4.70E+03	-3.69E-01	-1.73E+00										
4.75E+03	-3.66E-01	-1.74E+00										
4.80E+03	-3.62E-01	-1.74E+00										
4.85E+03	-3.58E-01	-1.74E+00										
4.90E+03	-3.55E-01	-1.74E+00										
4.95E+03	-3.51E-01	-1.74E+00										
5.01E+03	-3.48E-01	-1.74E+00										
5.06E+03	-3.44E-01	-1.74E+00										
5.11E+03	-3.40E-01	-1.74E+00										
5.16E+03	-3.36E-01	-1.73E+00										
5.21E+03	-3.32E-01	-1.73E+00										
5.26E+03	-3.29E-01	-1.73E+00										
5.31E+03	-3.25E-01	-1.73E+00										
5.37E+03	-3.21E-01	-1.72E+00										
5.42E+03	-3.16E-01	-1.71E+00										
5.47E+03	-3.12E-01	-1.71E+00										
5.52E+03	-3.08E-01	-1.70E+00										
5.57E+03	-3.04E-01	-1.70E+00										
5.63E+03	-3.00E-01	-1.69E+00										
5.68E+03	-2.95E-01	-1.68E+00										
5.73E+03	-2.91E-01	-1.67E+00										
5.78E+03	-2.86E-01	-1.65E+00										
5.83E+03	-2.81E-01	-1.64E+00										
5.89E+03	-2.77E-01	-1.63E+00										
5.94E+03	-2.72E-01	-1.62E+00										
5.99E+03	-2.67E-01	-1.60E+00										
6.04E+03	-2.62E-01	-1.58E+00										
6.10E+03	-2.57E-01	-1.57E+00										
6.15E+03	-2.52E-01	-1.55E+00										
6.14E+03	-2.52E-01	-1.54E+00										
0.00E+00	-8.07E-01	0.00E+00										
0.00E+00	-9.04E-01	0.00E+00										
0.00E+00	-9.16E-01	0.00E+00										
0.00E+00	-9.22E-01	0.00E+00										
0.00E+00	-9.26E-01	0.00E+00										
0.00E+00	-9.30E-01	0.00E+00										
4.68E+01	-9.30E-01	-4.35E-02										
9.82E+01	-8.33E-01	-8.18E-02										
1.49E+02	-7.82E-01	-1.17E-01										
2.01E+02	-7.59E-01	-1.53E-01										
2.52E+02	-7.39E-01	-1.86E-01										
3.03E+02	-7.25E-01	-2.19E-01										
3.53E+02	-7.11E-01	-2.51E-01										
4.04E+02	-7.00E-01	-2.83E-01										
4.57E+02	-6.89E-01	-3.15E-01										
5.10E+02	-6.80E-01	-3.46E-01										
5.60E+02	-6.71E-01	-3.76E-01										
6.12E+02	-6.63E-01	-4.06E-01										
6.63E+02	-6.56E-01	-4.35E-01										
7.14E+02	-6.49E-01	-4.64E-01										
7.67E+02	-6.43E-01	-4.93E-01										
8.17E+02	-6.36E-01	-5.20E-01										
8.68E+02	-6.31E-01	-5.48E-01										
9.19E+02	-6.25E-01	-5.74E-01										
9.71E+02	-6.20E-01	-6.02E-01										
1.02E+03	-6.14E-01	-6.28E-01										
1.08E+03	-6.09E-01	-6.56E-01										
1.13E+03	-6.05E-01	-6.81E-01										
1.18E+03	-6.00E-01	-7.06E-01										
1.23E+03	-5.95E-01	-7.32E-01										
1.28E+03	-5.91E-01	-7.57E-01										
1.33E+03	-5.87E-01	-7.81E-01										
1.38E+03	-5.83E-01	-8.05E-01										
1.43E+03	-5.79E-01	-8.30E-01										
1.49E+03	-5.75E-01	-8.55E-01										
1.54E+03	-5.71E-01	-8.78E-01										
1.59E+03	-5.67E-01	-9.00E-01										
1.64E+03	-5.63E-01	-9.25E-01										
1.69E+03	-5.59E-01	-9.47E-01										
1.75E+03	-5.55E-01	-9.70E-01										
1.80E+03	-5.52E-01	-9.91E-01										
1.85E+03	-5.48E-01	-1.01E+00										
1.90E+03	-5.45E-01	-1.04E+00										
1.95E+03	-5.41E-01	-1.06E+00										
2.00E+03	-5.38E-01	-1.08E+00										
2.06E+03	-5.34E-01	-1.10E+00										
2.11E+03	-5.31E-01	-1.12E+00										
2.16E+03	-5.27E-01	-1.14E+00										
2.22E+03	-5.24E-01	-1.16E+00										
2.27E+03	-5.21E-01	-1.18E+00										
2.32E+03	-5.17E-01	-1.20E+00										
2.37E+03	-5.14E-01	-1.22E+00										
2.42E+03	-5.11E-01	-1.24E+00										
2.47E+03	-5.08E-01	-1.26E+00										
2.52E+03	-5.04E-01	-1.27E+00										
2.58E+03	-5.01E-01	-1.29E+00										
2.63E+03	-4.98E-01	-1.31E+00										
2.68E+03	-4.95E-01	-1.33E+00										
2.73E+03	-4.92E-01	-1.34E+00										
2.78E+03	-4.88E-01	-1.36E+00										
2.84E+03	-4.86E-01	-1.38E+00										
2.89E+03	-4.82E-01	-1.39E+00										
2.94E+03	-4.79E-01	-1.41E+00										
2.99E+03	-4.76E-01	-1.42E+00										
3.04E+03	-4.73E-01	-1.44E+00										
3.09E+03	-4.70E-01	-1.45E+00										
3.14E+03	-4.67E-01	-1.47E+00										
3.20E+03	-4.64E-01	-1.48E+00										
3.25E+03	-4.61E-01	-1.50E+00										
3.30E+03	-4.58E-01	-1.51E+00										
3.35E+03	-4.54E-01	-1.52E+00										
3.40E+03	-4.52E-01	-1.54E+00										
3.45E+03	-4.48E-01	-1.55E+00										
3.50E+03	-4.45E-01	-1.56E+00										
3.55E+03	-4.42E-01	-1.57E+00										
3.60E+03	-4.39E-01	-1.58E+00										
3.65E+03	-4.36E-01	-1.59E+00										
3.71E+03	-4.33E-01	-1.61E+00										
3.76E+03	-4.29E-01	-1.61E+00										
3.81E+03	-4.26E-01	-1.63E+00										
3.86E+03	-4.23E-01	-1.63E+00										
3.92E+03	-4.20E-01	-1.65E+00										
3.97E+03	-4.17E-01	-1.65E+00										
4.02E+03	-4.14E-01	-1.66E+00										
4.07E+03	-4.10E-01	-1.67E+00										
4.13E+03	-4.07E-01	-1.68E+00										
4.18E+03	-4.04E-01	-1.69E+00										
4.23E+03	-4.00E-01	-1.69E+00										
4.28E+03	-3.97E-01	-1.70E+00										
4.33E+03	-3.94E-01	-1.71E+00										
4.38E+03	-3.91E-01	-1.71E+00										
4.43E+03	-3.87E-01	-1.72E+00										
4.48E+03	-3.84E-01	-1.72E+00										
4.53E+03	-3.81E-01	-1.73E+00										
4.59E+03	-3.77E-01	-1.73E+00										
4.64E+03	-3.74E-01	-1.73E+00										
4.69E+03	-3.70E-01	-1.74E+00										
4.74E+03	-3.67E-01	-1.74E+00										
4.79E+03	-3.64E-01	-1.74E+00										
4.84E+03	-3.60E-01	-1.74E+00										
4.90E+03	-3.56E-01	-1.74E+00										
4.95E+03	-3.53E-01	-1.75E+00										
5.00E+03	-3.50E-01	-1.75E+00										
5.05E+03	-3.46E-01	-1.75E+00										
5.10E+03	-3.42E-01	-1.75E+00										
5.16E+03	-3.38E-01	-1.75E+00										
5.21E+03	-3.34E-01	-1.74E+00										
5.26E+03	-3.30E-01	-1.74E+00										
5.31E+03	-3.27E-01	-1.74E+00										
5.36E+03	-3.23E-01	-1.73E+00										
5.41E+03	-3.20E-01	-1.73E+00										
5.46E+03	-3.16E-01	-1.72E+00										
5.51E+03	-3.11E-01	-1.72E+00										
5.56E+03	-3.07E-01	-1.71E+00										
5.62E+03	-3.03E-01	-1.70E+00										
5.67E+03	-2.99E-01	-1.69E+00										
5.72E+03	-2.95E-01	-1.69E+00										
5.77E+03	-2.91E-01	-1.68E+00										
5.82E+03	-2.87E-01	-1.67E+00										
5.87E+03	-2.82E-01	-1.65E+00										
5.92E+03	-2.77E-01	-1.64E+00										
5.98E+03	-2.73E-01	-1.63E+00										
6.03E+03	-2.67E-01	-1.61E+00										
6.08E+03	-2.63E-01	-1.60E+00										
6.13E+03	-2.58E-01	-1.58E+00										
6.19E+03	-2.53E-01	-1.56E+00										
6.18E+03	-2.52E-01	-1.56E+00										
0.00E+00	-8.07E-01	0.00E+00										
0.00E+00	-9.03E-01	0.00E+00										
0.00E+00	-9.15E-01	0.00E+00										
0.00E+00	-9.21E-01	0.00E+00										
0.00E+00	-9.25E-01	0.00E+00										
0.00E+00	-9.29E-01	0.00E+00										
5.44E+01	-9.29E-01	-5.06E-02										
1.05E+02	-8.17E-01	-8.56E-02										
1.55E+02	-7.78E-01	-1.21E-01										
2.06E+02	-7.54E-01	-1.55E-01										
2.56E+02	-7.37E-01	-1.89E-01										
3.06E+02	-7.22E-01	-2.21E-01										
3.58E+02	-7.09E-01	-2.54E-01										
4.09E+02	-6.98E-01	-2.85E-01										
4.61E+02	-6.88E-01	-3.17E-01										
5.13E+02	-6.79E-01	-3.48E-01										
5.63E+02	-6.70E-01	-3.77E-01										
6.17E+02	-6.63E-01	-4.09E-01										
6.67E+02	-6.55E-01	-4.37E-01										
7.17E+02	-6.49E-01	-4.65E-01										
7.68E+02	-6.43E-01	-4.93E-01										
8.21E+02	-6.37E-01	-5.23E-01										
8.72E+02	-6.31E-01	-5.50E-01										
9.22E+02	-6.25E-01	-5.76E-01										
9.72E+02	-6.20E-01	-6.03E-01										
1.02E+03	-6.15E-01	-6.30E-01										
1.07E+03	-6.10E-01	-6.56E-01										
1.12E+03	-6.06E-01	-6.81E-01										
1.18E+03	-6.01E-01	-7.07E-01										
1.23E+03	-5.97E-01	-7.34E-01										
1.28E+03	-5.92E-01	-7.59E-01										
1.33E+03	-5.88E-01	-7.84E-01										
1.39E+03	-5.84E-01	-8.09E-01										
1.44E+03	-5.80E-01	-8.33E-01										
1.49E+03	-5.76E-01	-8.56E-01										
1.54E+03	-5.72E-01	-8.81E-01										
1.59E+03	-5.68E-01	-9.05E-01										
1.64E+03	-5.64E-01	-9.27E-01										
1.69E+03	-5.60E-01	-9.49E-01										
1.75E+03	-5.57E-01	-9.72E-01										
1.80E+03	-5.53E-01	-9.94E-01										
1.85E+03	-5.50E-01	-1.02E+00										
1.90E+03	-5.46E-01	-1.04E+00										
1.95E+03	-5.43E-01	-1.06E+00										
2.00E+03	-5.40E-01	-1.08E+00										
2.05E+03	-5.36E-01	-1.10E+00										
2.10E+03	-5.33E-01	-1.12E+00										
2.16E+03	-5.29E-01	-1.14E+00										
2.21E+03	-5.26E-01	-1.16E+00										
2.26E+03	-5.23E-01	-1.18E+00										
2.31E+03	-5.19E-01	-1.20E+00										
2.36E+03	-5.16E-01	-1.22E+00										
2.42E+03	-5.13E-01	-1.24E+00										
2.47E+03	-5.10E-01	-1.26E+00										
2.52E+03	-5.07E-01	-1.28E+00										
2.57E+03	-5.03E-01	-1.29E+00										
2.62E+03	-5.00E-01	-1.31E+00										
2.68E+03	-4.97E-01	-1.33E+00										
2.73E+03	-4.94E-01	-1.35E+00										
2.78E+03	-4.91E-01	-1.36E+00										
2.83E+03	-4.88E-01	-1.38E+00										
2.88E+03	-4.85E-01	-1.40E+00										
2.93E+03	-4.82E-01	-1.41E+00										
2.98E+03	-4.79E-01	-1.43E+00										
3.03E+03	-4.76E-01	-1.44E+00										
3.08E+03	-4.72E-01	-1.46E+00										
3.14E+03	-4.69E-01	-1.47E+00										
3.19E+03	-4.66E-01	-1.49E+00										
3.24E+03	-4.63E-01	-1.50E+00										
3.29E+03	-4.60E-01	-1.52E+00										
3.34E+03	-4.57E-01	-1.53E+00										
3.40E+03	-4.54E-01	-1.54E+00										
3.45E+03	-4.50E-01	-1.55E+00										
3.50E+03	-4.47E-01	-1.57E+00										
3.55E+03	-4.45E-01	-1.58E+00										
3.60E+03	-4.41E-01	-1.59E+00										
3.66E+03	-4.38E-01	-1.60E+00										
3.71E+03	-4.35E-01	-1.61E+00										
3.76E+03	-4.32E-01	-1.62E+00										
3.81E+03	-4.29E-01	-1.63E+00										
3.86E+03	-4.26E-01	-1.64E+00										
3.91E+03	-4.23E-01	-1.65E+00										
3.97E+03	-4.19E-01	-1.66E+00										
4.02E+03	-4.16E-01	-1.67E+00										
4.07E+03	-4.13E-01	-1.68E+00										
4.12E+03	-4.10E-01	-1.69E+00										
4.17E+03	-4.07E-01	-1.70E+00										
4.22E+03	-4.03E-01	-1.70E+00										
4.27E+03	-4.00E-01	-1.71E+00										
4.32E+03	-3.97E-01	-1.72E+00										
4.38E+03	-3.93E-01	-1.72E+00										
4.43E+03	-3.90E-01	-1.73E+00										
4.48E+03	-3.87E-01	-1.73E+00										
4.53E+03	-3.83E-01	-1.74E+00										
4.58E+03	-3.80E-01	-1.74E+00										
4.63E+03	-3.77E-01	-1.74E+00										
4.68E+03	-3.73E-01	-1.75E+00										
4.74E+03	-3.69E-01	-1.75E+00										
4.79E+03	-3.66E-01	-1.75E+00										
4.84E+03	-3.62E-01	-1.75E+00										
4.89E+03	-3.59E-01	-1.75E+00										
4.94E+03	-3.55E-01	-1.75E+00										
4.99E+03	-3.52E-01	-1.76E+00										
5.04E+03	-3.48E-01	-1.76E+00										
5.09E+03	-3.44E-01	-1.75E+00										
5.14E+03	-3.41E-01	-1.75E+00										
5.19E+03	-3.37E-01	-1.75E+00										
5.24E+03	-3.33E-01	-1.75E+00										
5.30E+03	-3.29E-01	-1.74E+00										
5.35E+03	-3.25E-01	-1.74E+00										
5.40E+03	-3.22E-01	-1.74E+00										
5.45E+03	-3.17E-01	-1.73E+00										
5.50E+03	-3.13E-01	-1.72E+00										
5.55E+03	-3.09E-01	-1.72E+00										
5.60E+03	-3.04E-01	-1.71E+00										
5.66E+03	-3.00E-01	-1.70E+00										
5.71E+03	-2.96E-01	-1.69E+00										
5.76E+03	-2.92E-01	-1.68E+00										
5.81E+03	-2.87E-01	-1.67E+00										
5.86E+03	-2.82E-01	-1.66E+00										
5.91E+03	-2.78E-01	-1.64E+00										
5.96E+03	-2.73E-01	-1.63E+00										
6.01E+03	-2.68E-01	-1.61E+00										
6.07E+03	-2.63E-01	-1.60E+00										
6.12E+03	-2.58E-01	-1.58E+00										
6.18E+03	-2.53E-01	-1.56E+00										
6.18E+03	-2.51E-01	-1.55E+00										
0.00E+00	-8.07E-01	0.00E+00										
0.00E+00	-9.04E-01	0.00E+00										
0.00E+00	-9.16E-01	0.00E+00										
0.00E+00	-9.22E-01	0.00E+00										
0.00E+00	-9.26E-01	0.00E+00										
0.00E+00	-9.29E-01	0.00E+00										
5.75E+01	-9.29E-01	-5.34E-02										
1.08E+02	-8.17E-01	-8.82E-02										
1.58E+02	-7.77E-01	-1.23E-01										
2.09E+02	-7.54E-01	-1.57E-01										
2.61E+02	-7.37E-01	-1.92E-01										
3.12E+02	-7.22E-01	-2.25E-01										
3.63E+02	-7.10E-01	-2.58E-01										
4.15E+02	-6.98E-01	-2.90E-01										
4.68E+02	-6.88E-01	-3.22E-01										
5.19E+02	-6.78E-01	-3.52E-01										
5.70E+02	-6.70E-01	-3.82E-01										
6.21E+02	-6.62E-01	-4.11E-01										
6.72E+02	-6.55E-01	-4.40E-01										
7.22E+02	-6.49E-01	-4.69E-01										
7.73E+02	-6.42E-01	-4.96E-01										
8.24E+02	-6.36E-01	-5.24E-01										
8.75E+02	-6.30E-01	-5.51E-01										
9.25E+02	-6.25E-01	-5.78E-01										
9.78E+02	-6.20E-01	-6.06E-01										
1.03E+03	-6.14E-01	-6.34E-01										
1.08E+03	-6.10E-01	-6.59E-01										
1.13E+03	-6.05E-01	-6.85E-01										
1.18E+03	-6.00E-01	-7.10E-01										
1.23E+03	-5.95E-01	-7.35E-01										
1.29E+03	-5.91E-01	-7.62E-01										
1.34E+03	-5.87E-01	-7.89E-01										
1.40E+03	-5.83E-01	-8.13E-01										
1.45E+03	-5.78E-01	-8.36E-01										
1.50E+03	-5.75E-01	-8.60E-01										
1.55E+03	-5.71E-01	-8.83E-01										
1.60E+03	-5.67E-01	-9.08E-01										
1.65E+03	-5.63E-01	-9.31E-01										
1.70E+03	-5.59E-01	-9.53E-01										
1.75E+03	-5.55E-01	-9.74E-01										
1.81E+03	-5.52E-01	-9.98E-01										
1.86E+03	-5.48E-01	-1.02E+00										
1.91E+03	-5.45E-01	-1.04E+00										
1.97E+03	-5.41E-01	-1.06E+00										
2.02E+03	-5.38E-01	-1.09E+00										
2.07E+03	-5.34E-01	-1.11E+00										
2.12E+03	-5.31E-01	-1.13E+00										
2.17E+03	-5.27E-01	-1.15E+00										
2.23E+03	-5.24E-01	-1.17E+00										
2.28E+03	-5.21E-01	-1.19E+00										
2.33E+03	-5.18E-01	-1.21E+00										
2.38E+03	-5.14E-01	-1.23E+00										
2.43E+03	-5.11E-01	-1.24E+00										
2.49E+03	-5.08E-01	-1.26E+00										
2.54E+03	-5.05E-01	-1.28E+00										
2.59E+03	-5.02E-01	-1.30E+00										
2.64E+03	-4.99E-01	-1.32E+00										
2.70E+03	-4.95E-01	-1.33E+00										
2.75E+03	-4.92E-01	-1.35E+00										
2.80E+03	-4.89E-01	-1.37E+00										
2.85E+03	-4.86E-01	-1.38E+00										
2.90E+03	-4.83E-01	-1.40E+00										
2.95E+03	-4.79E-01	-1.42E+00										
3.00E+03	-4.76E-01	-1.43E+00										
3.06E+03	-4.74E-01	-1.45E+00										
3.11E+03	-4.71E-01	-1.46E+00										
3.16E+03	-4.67E-01	-1.48E+00										
3.21E+03	-4.64E-01	-1.49E+00										
3.26E+03	-4.61E-01	-1.50E+00										
3.31E+03	-4.58E-01	-1.52E+00										
3.37E+03	-4.55E-01	-1.53E+00										
3.42E+03	-4.52E-01	-1.54E+00										
3.47E+03	-4.49E-01	-1.56E+00										
3.52E+03	-4.46E-01	-1.57E+00										
3.57E+03	-4.42E-01	-1.58E+00										
3.62E+03	-4.39E-01	-1.59E+00										
3.67E+03	-4.36E-01	-1.60E+00										
3.72E+03	-4.33E-01	-1.61E+00										
3.78E+03	-4.30E-01	-1.62E+00										
3.83E+03	-4.27E-01	-1.63E+00										
3.88E+03	-4.24E-01	-1.64E+00										
3.93E+03	-4.20E-01	-1.65E+00										
3.98E+03	-4.17E-01	-1.66E+00										
4.03E+03	-4.14E-01	-1.67E+00										
4.08E+03	-4.11E-01	-1.68E+00										
4.14E+03	-4.08E-01	-1.69E+00										
4.19E+03	-4.05E-01	-1.70E+00										
4.24E+03	-4.01E-01	-1.70E+00										
4.29E+03	-3.98E-01	-1.71E+00										
4.34E+03	-3.94E-01	-1.71E+00										
4.39E+03	-3.91E-01	-1.72E+00										
4.45E+03	-3.88E-01	-1.73E+00										
4.50E+03	-3.84E-01	-1.73E+00										
4.56E+03	-3.81E-01	-1.73E+00										
4.61E+03	-3.77E-01	-1.74E+00										
4.66E+03	-3.74E-01	-1.74E+00										
4.71E+03	-3.70E-01	-1.74E+00										
4.76E+03	-3.67E-01	-1.75E+00										
4.81E+03	-3.64E-01	-1.75E+00										
4.87E+03	-3.60E-01	-1.75E+00										
4.92E+03	-3.56E-01	-1.75E+00										
4.97E+03	-3.52E-01	-1.75E+00										
5.02E+03	-3.48E-01	-1.75E+00										
5.07E+03	-3.45E-01	-1.75E+00										
5.13E+03	-3.41E-01	-1.75E+00										
5.18E+03	-3.37E-01	-1.75E+00										
5.23E+03	-3.33E-01	-1.74E+00										
5.28E+03	-3.30E-01	-1.74E+00										
5.33E+03	-3.25E-01	-1.74E+00										
5.39E+03	-3.22E-01	-1.73E+00										
5.44E+03	-3.18E-01	-1.73E+00										
5.49E+03	-3.13E-01	-1.72E+00										
5.54E+03	-3.09E-01	-1.71E+00										
5.59E+03	-3.05E-01	-1.70E+00										
5.64E+03	-3.00E-01	-1.70E+00										
5.70E+03	-2.96E-01	-1.69E+00										
5.75E+03	-2.92E-01	-1.68E+00										
5.80E+03	-2.87E-01	-1.67E+00										
5.85E+03	-2.83E-01	-1.65E+00										
5.90E+03	-2.78E-01	-1.64E+00										
5.95E+03	-2.74E-01	-1.63E+00										
6.00E+03	-2.69E-01	-1.61E+00										
6.05E+03	-2.64E-01	-1.60E+00										
6.10E+03	-2.59E-01	-1.58E+00										
6.16E+03	-2.54E-01	-1.56E+00										
6.16E+03	-2.51E-01	-1.55E+00										
0.00E+00	-8.07E-01	0.00E+00										
0.00E+00	-9.04E-01	0.00E+00										
0.00E+00	-9.16E-01	0.00E+00										
0.00E+00	-9.22E-01	0.00E+00										
0.00E+00	-9.26E-01	0.00E+00										
0.00E+00	-9.30E-01	0.00E+00										
4.73E+01	-9.30E-01	-4.40E-02										
9.87E+01	-8.35E-01	-8.24E-02										
1.50E+02	-7.82E-01	-1.17E-01										
2.02E+02	-7.57E-01	-1.53E-01										
2.52E+02	-7.39E-01	-1.87E-01										
3.05E+02	-7.24E-01	-2.21E-01										
3.57E+02	-7.12E-01	-2.54E-01										
4.07E+02	-6.99E-01	-2.85E-01										
4.59E+02	-6.89E-01	-3.16E-01										
5.11E+02	-6.79E-01	-3.47E-01										
5.64E+02	-6.71E-01	-3.78E-01										
6.16E+02	-6.63E-01	-4.08E-01										
6.66E+02	-6.55E-01	-4.36E-01										
7.18E+02	-6.49E-01	-4.66E-01										
7.71E+02	-6.42E-01	-4.95E-01										
8.28E+02	-6.36E-01	-5.27E-01										
8.82E+02	-6.29E-01	-5.55E-01										
9.34E+02	-6.24E-01	-5.82E-01										
9.84E+02	-6.19E-01	-6.09E-01										
1.04E+03	-6.14E-01	-6.35E-01										
1.09E+03	-6.08E-01	-6.61E-01										
1.14E+03	-6.04E-01	-6.87E-01										
1.19E+03	-5.99E-01	-7.12E-01										
1.24E+03	-5.95E-01	-7.37E-01										
1.29E+03	-5.90E-01	-7.62E-01										
1.34E+03	-5.86E-01	-7.87E-01										
1.39E+03	-5.82E-01	-8.10E-01										
1.45E+03	-5.78E-01	-8.35E-01										
1.50E+03	-5.74E-01	-8.59E-01										
1.55E+03	-5.70E-01	-8.82E-01										
1.60E+03	-5.66E-01	-9.05E-01										
1.65E+03	-5.63E-01	-9.28E-01										
1.71E+03	-5.59E-01	-9.53E-01										
1.76E+03	-5.55E-01	-9.78E-01										
1.81E+03	-5.51E-01	-9.98E-01										
1.86E+03	-5.47E-01	-1.02E+00										
1.92E+03	-5.44E-01	-1.04E+00										
1.97E+03	-5.41E-01	-1.06E+00										
2.02E+03	-5.37E-01	-1.08E+00										
2.07E+03	-5.33E-01	-1.11E+00										
2.13E+03	-5.30E-01	-1.13E+00										
2.18E+03	-5.27E-01	-1.15E+00										
2.23E+03	-5.23E-01	-1.17E+00										
2.28E+03	-5.20E-01	-1.19E+00										
2.33E+03	-5.17E-01	-1.21E+00										
2.38E+03	-5.13E-01	-1.22E+00										
2.43E+03	-5.10E-01	-1.24E+00										
2.49E+03	-5.07E-01	-1.26E+00										
2.54E+03	-5.04E-01	-1.28E+00										
2.59E+03	-5.01E-01	-1.30E+00										
2.64E+03	-4.98E-01	-1.31E+00										
2.69E+03	-4.95E-01	-1.33E+00										
2.74E+03	-4.92E-01	-1.35E+00										
2.79E+03	-4.88E-01	-1.36E+00										
2.84E+03	-4.85E-01	-1.38E+00										
2.89E+03	-4.82E-01	-1.40E+00										
2.94E+03	-4.79E-01	-1.41E+00										
3.00E+03	-4.76E-01	-1.43E+00										
3.05E+03	-4.73E-01	-1.44E+00										
3.10E+03	-4.70E-01	-1.46E+00										
3.15E+03	-4.67E-01	-1.47E+00										
3.21E+03	-4.63E-01	-1.49E+00										
3.26E+03	-4.60E-01	-1.50E+00										
3.31E+03	-4.57E-01	-1.51E+00										
3.36E+03	-4.54E-01	-1.53E+00										
3.41E+03	-4.51E-01	-1.54E+00										
3.46E+03	-4.48E-01	-1.55E+00										
3.51E+03	-4.45E-01	-1.56E+00										
3.57E+03	-4.42E-01	-1.57E+00										
3.62E+03	-4.39E-01	-1.59E+00										
3.67E+03	-4.35E-01	-1.60E+00										
3.72E+03	-4.32E-01	-1.61E+00										
3.77E+03	-4.29E-01	-1.62E+00										
3.82E+03	-4.26E-01	-1.63E+00										
3.88E+03	-4.23E-01	-1.64E+00										
3.93E+03	-4.19E-01	-1.65E+00										
3.98E+03	-4.16E-01	-1.66E+00										
4.03E+03	-4.13E-01	-1.67E+00										
4.08E+03	-4.10E-01	-1.67E+00										
4.14E+03	-4.06E-01	-1.68E+00										
4.19E+03	-4.03E-01	-1.69E+00										
4.24E+03	-4.00E-01	-1.70E+00										
4.29E+03	-3.97E-01	-1.70E+00										
4.34E+03	-3.93E-01	-1.71E+00										
4.39E+03	-3.90E-01	-1.71E+00										
4.44E+03	-3.87E-01	-1.72E+00										
4.50E+03	-3.83E-01	-1.72E+00										
4.55E+03	-3.80E-01	-1.73E+00										
4.60E+03	-3.77E-01	-1.73E+00										
4.65E+03	-3.73E-01	-1.73E+00										
4.70E+03	-3.70E-01	-1.74E+00										
4.75E+03	-3.66E-01	-1.74E+00										
4.81E+03	-3.62E-01	-1.74E+00										
4.86E+03	-3.59E-01	-1.74E+00										
4.91E+03	-3.55E-01	-1.74E+00										
4.96E+03	-3.52E-01	-1.74E+00										
5.01E+03	-3.48E-01	-1.74E+00										
5.06E+03	-3.44E-01	-1.74E+00										
5.12E+03	-3.41E-01	-1.74E+00										
5.17E+03	-3.36E-01	-1.74E+00										
5.22E+03	-3.33E-01	-1.74E+00										
5.27E+03	-3.29E-01	-1.73E+00										
5.32E+03	-3.25E-01	-1.73E+00										
5.37E+03	-3.21E-01	-1.73E+00										
5.43E+03	-3.17E-01	-1.72E+00										
5.48E+03	-3.13E-01	-1.72E+00										
5.53E+03	-3.08E-01	-1.71E+00										
5.58E+03	-3.04E-01	-1.70E+00										
5.63E+03	-3.00E-01	-1.69E+00										
5.68E+03	-2.96E-01	-1.68E+00										
5.73E+03	-2.92E-01	-1.67E+00										
5.79E+03	-2.87E-01	-1.66E+00										
5.84E+03	-2.82E-01	-1.65E+00										
5.89E+03	-2.78E-01	-1.63E+00										
5.94E+03	-2.73E-01	-1.62E+00										
5.99E+03	-2.68E-01	-1.61E+00										
6.04E+03	-2.63E-01	-1.59E+00										
6.09E+03	-2.58E-01	-1.57E+00										
6.15E+03	-2.53E-01	-1.56E+00										
6.15E+03	-2.51E-01	-1.55E+00										
0.00E+00	-8.07E-01	0.00E+00										
0.00E+00	-9.04E-01	0.00E+00										
0.00E+00	-9.16E-01	0.00E+00										
0.00E+00	-9.22E-01	0.00E+00										
0.00E+00	-9.26E-01	0.00E+00										
0.00E+00	-9.30E-01	0.00E+00										
5.80E+01	-9.30E-01	-5.39E-02										
1.08E+02	-8.12E-01	-8.80E-02										
1.59E+02	-7.75E-01	-1.23E-01										
2.15E+02	-7.54E-01	-1.62E-01										
2.66E+02	-7.34E-01	-1.95E-01										
3.19E+02	-7.20E-01	-2.30E-01										
3.71E+02	-7.07E-01	-2.62E-01										
4.22E+02	-6.97E-01	-2.94E-01										
4.76E+02	-6.86E-01	-3.26E-01										
5.27E+02	-6.76E-01	-3.56E-01										
5.77E+02	-6.68E-01	-3.86E-01										
6.28E+02	-6.61E-01	-4.15E-01										
6.81E+02	-6.53E-01	-4.45E-01										
7.32E+02	-6.47E-01	-4.73E-01										
7.89E+02	-6.41E-01	-5.05E-01										
8.42E+02	-6.34E-01	-5.33E-01										
8.92E+02	-6.28E-01	-5.60E-01										
9.43E+02	-6.23E-01	-5.87E-01										
9.94E+02	-6.17E-01	-6.14E-01										
1.04E+03	-6.12E-01	-6.40E-01										
1.10E+03	-6.07E-01	-6.66E-01										
1.15E+03	-6.03E-01	-6.92E-01										
1.20E+03	-5.99E-01	-7.18E-01										
1.25E+03	-5.94E-01	-7.43E-01										
1.30E+03	-5.89E-01	-7.68E-01										
1.35E+03	-5.85E-01	-7.92E-01										
1.41E+03	-5.81E-01	-8.17E-01										
1.46E+03	-5.77E-01	-8.42E-01										
1.51E+03	-5.73E-01	-8.66E-01										
1.56E+03	-5.69E-01	-8.90E-01										
1.62E+03	-5.65E-01	-9.13E-01										
1.67E+03	-5.61E-01	-9.36E-01										
1.72E+03	-5.57E-01	-9.58E-01										
1.77E+03	-5.54E-01	-9.81E-01										
1.82E+03	-5.50E-01	-1.00E+00										
1.87E+03	-5.47E-01	-1.02E+00										
1.92E+03	-5.43E-01	-1.05E+00										
1.98E+03	-5.40E-01	-1.07E+00										
2.03E+03	-5.37E-01	-1.09E+00										
2.08E+03	-5.33E-01	-1.11E+00										
2.13E+03	-5.30E-01	-1.13E+00										
2.18E+03	-5.27E-01	-1.15E+00										
2.23E+03	-5.23E-01	-1.17E+00										
2.28E+03	-5.20E-01	-1.19E+00										
2.33E+03	-5.17E-01	-1.21E+00										
2.39E+03	-5.13E-01	-1.23E+00										
2.44E+03	-5.10E-01	-1.24E+00										
2.49E+03	-5.07E-01	-1.26E+00										
2.54E+03	-5.04E-01	-1.28E+00										
2.59E+03	-5.01E-01	-1.30E+00										
2.64E+03	-4.98E-01	-1.31E+00										
2.69E+03	-4.94E-01	-1.33E+00										
2.75E+03	-4.91E-01	-1.35E+00										
2.80E+03	-4.88E-01	-1.37E+00										
2.85E+03	-4.85E-01	-1.38E+00										
2.90E+03	-4.82E-01	-1.40E+00										
2.95E+03	-4.79E-01	-1.41E+00										
3.00E+03	-4.76E-01	-1.43E+00										
3.05E+03	-4.73E-01	-1.44E+00										
3.10E+03	-4.70E-01	-1.46E+00										
3.15E+03	-4.67E-01	-1.47E+00										
3.20E+03	-4.64E-01	-1.49E+00										
3.26E+03	-4.61E-01	-1.50E+00										
3.31E+03	-4.58E-01	-1.51E+00										
3.36E+03	-4.55E-01	-1.53E+00										
3.41E+03	-4.51E-01	-1.54E+00										
3.46E+03	-4.48E-01	-1.55E+00										
3.51E+03	-4.45E-01	-1.56E+00										
3.56E+03	-4.42E-01	-1.57E+00										
3.61E+03	-4.39E-01	-1.58E+00										
3.66E+03	-4.36E-01	-1.60E+00										
3.72E+03	-4.33E-01	-1.61E+00										
3.77E+03	-4.30E-01	-1.62E+00										
3.82E+03	-4.26E-01	-1.63E+00										
3.88E+03	-4.23E-01	-1.64E+00										
3.93E+03	-4.20E-01	-1.65E+00										
3.98E+03	-4.16E-01	-1.66E+00										
4.03E+03	-4.14E-01	-1.67E+00										
4.08E+03	-4.10E-01	-1.67E+00										
4.13E+03	-4.07E-01	-1.68E+00										
4.18E+03	-4.04E-01	-1.69E+00										
4.24E+03	-4.00E-01	-1.70E+00										
4.29E+03	-3.97E-01	-1.70E+00										
4.34E+03	-3.94E-01	-1.71E+00										
4.39E+03	-3.90E-01	-1.71E+00										
4.44E+03	-3.87E-01	-1.72E+00										
4.50E+03	-3.84E-01	-1.73E+00										
4.55E+03	-3.81E-01	-1.73E+00										
4.60E+03	-3.77E-01	-1.73E+00										
4.65E+03	-3.73E-01	-1.74E+00										
4.70E+03	-3.70E-01	-1.74E+00										
4.75E+03	-3.67E-01	-1.74E+00										
4.80E+03	-3.63E-01	-1.74E+00										
4.86E+03	-3.59E-01	-1.75E+00										
4.91E+03	-3.56E-01	-1.75E+00										
4.96E+03	-3.52E-01	-1.75E+00										
5.01E+03	-3.49E-01	-1.75E+00										
5.06E+03	-3.45E-01	-1.75E+00										
5.11E+03	-3.41E-01	-1.74E+00										
5.17E+03	-3.38E-01	-1.74E+00										
5.22E+03	-3.34E-01	-1.74E+00										
5.27E+03	-3.30E-01	-1.74E+00										
5.32E+03	-3.26E-01	-1.73E+00										
5.37E+03	-3.22E-01	-1.73E+00										
5.42E+03	-3.18E-01	-1.72E+00										
5.47E+03	-3.14E-01	-1.72E+00										
5.53E+03	-3.10E-01	-1.71E+00										
5.58E+03	-3.05E-01	-1.70E+00										
5.63E+03	-3.01E-01	-1.69E+00										
5.68E+03	-2.97E-01	-1.68E+00										
5.73E+03	-2.92E-01	-1.68E+00										
5.78E+03	-2.88E-01	-1.67E+00										
5.83E+03	-2.83E-01	-1.65E+00										
5.89E+03	-2.79E-01	-1.64E+00										
5.94E+03	-2.74E-01	-1.63E+00										
5.99E+03	-2.69E-01	-1.61E+00										
6.04E+03	-2.64E-01	-1.60E+00										
6.09E+03	-2.59E-01	-1.58E+00										
6.14E+03	-2.55E-01	-1.56E+00										
6.17E+03	-2.51E-01	-1.55E+00										
0.00E+00	-8.07E-01	0.00E+00										
0.00E+00	-9.04E-01	0.00E+00										
0.00E+00	-9.16E-01	0.00E+00										
0.00E+00	-9.22E-01	0.00E+00										
0.00E+00	-9.26E-01	0.00E+00										
0.00E+00	-9.30E-01	0.00E+00										
4.78E+01	-9.30E-01	-4.44E-02										
9.87E+01	-8.31E-01	-8.20E-02										
1.50E+02	-7.81E-01	-1.17E-01										
2.03E+02	-7.58E-01	-1.54E-01										
2.53E+02	-7.39E-01	-1.87E-01										
3.04E+02	-7.25E-01	-2.21E-01										
3.55E+02	-7.11E-01	-2.53E-01										
4.07E+02	-6.99E-01	-2.84E-01										
4.58E+02	-6.89E-01	-3.16E-01										
5.09E+02	-6.79E-01	-3.45E-01										
5.61E+02	-6.71E-01	-3.76E-01										
6.12E+02	-6.63E-01	-4.06E-01										
6.66E+02	-6.55E-01	-4.37E-01										
7.19E+02	-6.49E-01	-4.67E-01										
7.70E+02	-6.43E-01	-4.95E-01										
8.21E+02	-6.36E-01	-5.22E-01										
8.72E+02	-6.31E-01	-5.50E-01										
9.23E+02	-6.24E-01	-5.76E-01										
9.76E+02	-6.19E-01	-6.04E-01										
1.03E+03	-6.14E-01	-6.31E-01										
1.08E+03	-6.10E-01	-6.57E-01										
1.13E+03	-6.04E-01	-6.84E-01										
1.18E+03	-6.00E-01	-7.10E-01										
1.24E+03	-5.95E-01	-7.35E-01										
1.29E+03	-5.91E-01	-7.60E-01										
1.34E+03	-5.87E-01	-7.84E-01										
1.39E+03	-5.83E-01	-8.10E-01										
1.44E+03	-5.78E-01	-8.33E-01										
1.49E+03	-5.74E-01	-8.57E-01										
1.54E+03	-5.71E-01	-8.80E-01										
1.59E+03	-5.67E-01	-9.03E-01										
1.64E+03	-5.63E-01	-9.26E-01										
1.69E+03	-5.59E-01	-9.47E-01										
1.75E+03	-5.56E-01	-9.72E-01										
1.80E+03	-5.52E-01	-9.94E-01										
1.85E+03	-5.48E-01	-1.02E+00										
1.91E+03	-5.44E-01	-1.04E+00										
1.96E+03	-5.41E-01	-1.06E+00										
2.01E+03	-5.38E-01	-1.08E+00										
2.06E+03	-5.34E-01	-1.10E+00										
2.12E+03	-5.31E-01	-1.12E+00										
2.17E+03	-5.27E-01	-1.14E+00										
2.22E+03	-5.24E-01	-1.16E+00										
2.27E+03	-5.21E-01	-1.18E+00										
2.32E+03	-5.18E-01	-1.20E+00										
2.37E+03	-5.14E-01	-1.22E+00										
2.42E+03	-5.12E-01	-1.24E+00										
2.47E+03	-5.08E-01	-1.26E+00										
2.52E+03	-5.05E-01	-1.27E+00										
2.58E+03	-5.02E-01	-1.29E+00										
2.63E+03	-4.99E-01	-1.31E+00										
2.68E+03	-4.96E-01	-1.33E+00										
2.73E+03	-4.93E-01	-1.35E+00										
2.78E+03	-4.89E-01	-1.36E+00										
2.83E+03	-4.86E-01	-1.38E+00										
2.88E+03	-4.83E-01	-1.39E+00										
2.93E+03	-4.80E-01	-1.41E+00										
2.98E+03	-4.77E-01	-1.42E+00										
3.04E+03	-4.74E-01	-1.44E+00										
3.09E+03	-4.71E-01	-1.45E+00										
3.14E+03	-4.68E-01	-1.47E+00										
3.19E+03	-4.65E-01	-1.48E+00										
3.24E+03	-4.62E-01	-1.50E+00										
3.29E+03	-4.59E-01	-1.51E+00										
3.34E+03	-4.56E-01	-1.52E+00										
3.39E+03	-4.53E-01	-1.54E+00										
3.44E+03	-4.50E-01	-1.55E+00										
3.50E+03	-4.47E-01	-1.56E+00										
3.55E+03	-4.43E-01	-1.57E+00										
3.60E+03	-4.40E-01	-1.59E+00										
3.65E+03	-4.37E-01	-1.60E+00										
3.70E+03	-4.34E-01	-1.61E+00										
3.76E+03	-4.30E-01	-1.62E+00										
3.81E+03	-4.27E-01	-1.63E+00										
3.86E+03	-4.24E-01	-1.64E+00										
3.91E+03	-4.21E-01	-1.65E+00										
3.97E+03	-4.18E-01	-1.66E+00										
4.02E+03	-4.15E-01	-1.67E+00										
4.07E+03	-4.12E-01	-1.68E+00										
4.12E+03	-4.08E-01	-1.68E+00										
4.17E+03	-4.05E-01	-1.69E+00										
4.22E+03	-4.02E-01	-1.70E+00										
4.28E+03	-3.99E-01	-1.71E+00										
4.33E+03	-3.95E-01	-1.71E+00										
4.38E+03	-3.92E-01	-1.72E+00										
4.43E+03	-3.89E-01	-1.72E+00										
4.48E+03	-3.85E-01	-1.73E+00										
4.53E+03	-3.82E-01	-1.73E+00										
4.59E+03	-3.78E-01	-1.74E+00										
4.64E+03	-3.75E-01	-1.74E+00										
4.69E+03	-3.71E-01	-1.74E+00										
4.74E+03	-3.68E-01	-1.74E+00										
4.80E+03	-3.64E-01	-1.75E+00										
4.85E+03	-3.61E-01	-1.75E+00										
4.90E+03	-3.56E-01	-1.75E+00										
4.95E+03	-3.53E-01	-1.75E+00										
5.00E+03	-3.50E-01	-1.75E+00										
5.05E+03	-3.46E-01	-1.75E+00										
5.10E+03	-3.42E-01	-1.75E+00										
5.15E+03	-3.39E-01	-1.74E+00										
5.21E+03	-3.34E-01	-1.74E+00										
5.26E+03	-3.30E-01	-1.74E+00										
5.31E+03	-3.27E-01	-1.74E+00										
5.36E+03	-3.23E-01	-1.73E+00										
5.41E+03	-3.19E-01	-1.72E+00										
5.46E+03	-3.15E-01	-1.72E+00										
5.51E+03	-3.10E-01	-1.71E+00										
5.57E+03	-3.06E-01	-1.70E+00										
5.62E+03	-3.02E-01	-1.70E+00										
5.67E+03	-2.98E-01	-1.69E+00										
5.72E+03	-2.94E-01	-1.68E+00										
5.77E+03	-2.89E-01	-1.67E+00										
5.82E+03	-2.84E-01	-1.66E+00										
5.87E+03	-2.80E-01	-1.65E+00										
5.92E+03	-2.75E-01	-1.63E+00										
5.98E+03	-2.70E-01	-1.62E+00										
6.03E+03	-2.66E-01	-1.60E+00										
6.08E+03	-2.61E-01	-1.59E+00										
6.13E+03	-2.56E-01	-1.57E+00										
6.17E+03	-2.51E-01	-1.55E+00										
0.00E+00	-8.07E-01	0.00E+00										
0.00E+00	-9.04E-01	0.00E+00										
0.00E+00	-9.16E-01	0.00E+00										
0.00E+00	-9.22E-01	0.00E+00										
0.00E+00	-9.26E-01	0.00E+00										
0.00E+00	-9.29E-01	0.00E+00										
5.39E+01	-9.30E-01	-5.01E-02										
1.04E+02	-8.23E-01	-8.58E-02										
1.58E+02	-7.78E-01	-1.23E-01										
2.09E+02	-7.55E-01	-1.58E-01										
2.61E+02	-7.36E-01	-1.92E-01										
3.14E+02	-7.22E-01	-2.27E-01										
3.65E+02	-7.08E-01	-2.58E-01										
4.17E+02	-6.97E-01	-2.91E-01										
4.67E+02	-6.87E-01	-3.21E-01										
5.18E+02	-6.78E-01	-3.51E-01										
5.68E+02	-6.69E-01	-3.80E-01										
6.22E+02	-6.62E-01	-4.11E-01										
6.73E+02	-6.54E-01	-4.40E-01										
7.24E+02	-6.48E-01	-4.69E-01										
7.74E+02	-6.41E-01	-4.97E-01										
8.25E+02	-6.35E-01	-5.24E-01										
8.76E+02	-6.30E-01	-5.52E-01										
9.28E+02	-6.24E-01	-5.79E-01										
9.78E+02	-6.19E-01	-6.06E-01										
1.03E+03	-6.14E-01	-6.32E-01										
1.08E+03	-6.09E-01	-6.58E-01										
1.13E+03	-6.04E-01	-6.84E-01										
1.19E+03	-6.00E-01	-7.11E-01										
1.24E+03	-5.95E-01	-7.36E-01										
1.29E+03	-5.91E-01	-7.62E-01										
1.34E+03	-5.86E-01	-7.87E-01										
1.40E+03	-5.82E-01	-8.12E-01										
1.45E+03	-5.78E-01	-8.37E-01										
1.50E+03	-5.74E-01	-8.61E-01										
1.55E+03	-5.70E-01	-8.85E-01										
1.61E+03	-5.66E-01	-9.08E-01										
1.66E+03	-5.62E-01	-9.32E-01										
1.71E+03	-5.58E-01	-9.54E-01										
1.76E+03	-5.54E-01	-9.77E-01										
1.81E+03	-5.51E-01	-9.99E-01										
1.87E+03	-5.47E-01	-1.02E+00										
1.92E+03	-5.44E-01	-1.04E+00										
1.97E+03	-5.40E-01	-1.06E+00										
2.02E+03	-5.37E-01	-1.08E+00										
2.07E+03	-5.34E-01	-1.10E+00										
2.12E+03	-5.30E-01	-1.12E+00										
2.18E+03	-5.27E-01	-1.15E+00										
2.23E+03	-5.24E-01	-1.17E+00										
2.28E+03	-5.20E-01	-1.19E+00										
2.33E+03	-5.17E-01	-1.21E+00										
2.38E+03	-5.14E-01	-1.22E+00										
2.43E+03	-5.11E-01	-1.24E+00										
2.49E+03	-5.08E-01	-1.26E+00										
2.54E+03	-5.04E-01	-1.28E+00										
2.59E+03	-5.01E-01	-1.30E+00										
2.64E+03	-4.98E-01	-1.31E+00										
2.69E+03	-4.95E-01	-1.33E+00										
2.74E+03	-4.91E-01	-1.35E+00										
2.79E+03	-4.88E-01	-1.36E+00										
2.85E+03	-4.85E-01	-1.38E+00										
2.90E+03	-4.82E-01	-1.40E+00										
2.95E+03	-4.79E-01	-1.41E+00										
3.00E+03	-4.76E-01	-1.43E+00										
3.05E+03	-4.73E-01	-1.44E+00										
3.10E+03	-4.70E-01	-1.46E+00										
3.15E+03	-4.66E-01	-1.47E+00										
3.21E+03	-4.63E-01	-1.49E+00										
3.26E+03	-4.61E-01	-1.50E+00										
3.31E+03	-4.57E-01	-1.51E+00										
3.36E+03	-4.54E-01	-1.53E+00										
3.41E+03	-4.51E-01	-1.54E+00										
3.46E+03	-4.48E-01	-1.55E+00										
3.51E+03	-4.45E-01	-1.56E+00										
3.56E+03	-4.42E-01	-1.58E+00										
3.62E+03	-4.39E-01	-1.59E+00										
3.67E+03	-4.36E-01	-1.60E+00										
3.72E+03	-4.33E-01	-1.61E+00										
3.77E+03	-4.30E-01	-1.62E+00										
3.82E+03	-4.27E-01	-1.63E+00										
3.87E+03	-4.23E-01	-1.64E+00										
3.93E+03	-4.20E-01	-1.65E+00										
3.98E+03	-4.17E-01	-1.66E+00										
4.03E+03	-4.14E-01	-1.67E+00										
4.08E+03	-4.11E-01	-1.67E+00										
4.13E+03	-4.07E-01	-1.68E+00										
4.18E+03	-4.04E-01	-1.69E+00										
4.23E+03	-4.01E-01	-1.70E+00										
4.29E+03	-3.98E-01	-1.70E+00										
4.34E+03	-3.94E-01	-1.71E+00										
4.39E+03	-3.91E-01	-1.72E+00										
4.44E+03	-3.87E-01	-1.72E+00										
4.49E+03	-3.84E-01	-1.73E+00										
4.54E+03	-3.81E-01	-1.73E+00										
4.59E+03	-3.77E-01	-1.73E+00										
4.65E+03	-3.74E-01	-1.74E+00										
4.70E+03	-3.70E-01	-1.74E+00										
4.75E+03	-3.67E-01	-1.74E+00										
4.80E+03	-3.63E-01	-1.74E+00										
4.85E+03	-3.59E-01	-1.74E+00										
4.90E+03	-3.56E-01	-1.75E+00										
4.96E+03	-3.53E-01	-1.75E+00										
5.01E+03	-3.49E-01	-1.75E+00										
5.06E+03	-3.45E-01	-1.75E+00										
5.11E+03	-3.41E-01	-1.74E+00										
5.16E+03	-3.37E-01	-1.74E+00										
5.21E+03	-3.34E-01	-1.74E+00										
5.26E+03	-3.30E-01	-1.74E+00										
5.31E+03	-3.26E-01	-1.73E+00										
5.36E+03	-3.22E-01	-1.73E+00										
5.42E+03	-3.18E-01	-1.72E+00										
5.47E+03	-3.14E-01	-1.72E+00										
5.52E+03	-3.10E-01	-1.71E+00										
5.57E+03	-3.06E-01	-1.70E+00										
5.62E+03	-3.02E-01	-1.70E+00										
5.67E+03	-2.97E-01	-1.69E+00										
5.72E+03	-2.93E-01	-1.68E+00										
5.77E+03	-2.89E-01	-1.67E+00										
5.82E+03	-2.84E-01	-1.65E+00										
5.88E+03	-2.80E-01	-1.64E+00										
5.93E+03	-2.75E-01	-1.63E+00										
5.98E+03	-2.70E-01	-1.61E+00										
6.03E+03	-2.65E-01	-1.60E+00										
6.08E+03	-2.60E-01	-1.58E+00										
6.13E+03	-2.55E-01	-1.56E+00										
6.17E+03	-2.51E-01	-1.55E+00										
0.00E+00	-8.07E-01	0.00E+00										
0.00E+00	-9.04E-01	0.00E+00										
0.00E+00	-9.16E-01	0.00E+00										
0.00E+00	-9.22E-01	0.00E+00										
0.00E+00	-9.26E-01	0.00E+00										
0.00E+00	-9.30E-01	0.00E+00										
5.54E+01	-9.30E-01	-5.15E-02										
1.06E+02	-8.16E-01	-8.64E-02										
1.57E+02	-7.77E-01	-1.22E-01										
2.11E+02	-7.55E-01	-1.59E-01										
2.62E+02	-7.37E-01	-1.93E-01										
3.12E+02	-7.22E-01	-2.25E-01										
3.62E+02	-7.09E-01	-2.57E-01										
4.15E+02	-6.97E-01	-2.89E-01										
4.65E+02	-6.87E-01	-3.20E-01										
5.16E+02	-6.78E-01	-3.50E-01										
5.67E+02	-6.70E-01	-3.80E-01										
6.18E+02	-6.62E-01	-4.09E-01										
6.70E+02	-6.55E-01	-4.39E-01										
7.20E+02	-6.48E-01	-4.67E-01										
7.70E+02	-6.42E-01	-4.94E-01										
8.21E+02	-6.36E-01	-5.22E-01										
8.74E+02	-6.30E-01	-5.50E-01										
9.26E+02	-6.25E-01	-5.78E-01										
9.77E+02	-6.19E-01	-6.05E-01										
1.03E+03	-6.14E-01	-6.32E-01										
1.08E+03	-6.09E-01	-6.60E-01										
1.14E+03	-6.04E-01	-6.86E-01										
1.19E+03	-5.99E-01	-7.12E-01										
1.24E+03	-5.95E-01	-7.37E-01										
1.29E+03	-5.90E-01	-7.62E-01										
1.34E+03	-5.86E-01	-7.86E-01										
1.39E+03	-5.82E-01	-8.11E-01										
1.45E+03	-5.78E-01	-8.35E-01										
1.50E+03	-5.74E-01	-8.58E-01										
1.55E+03	-5.70E-01	-8.81E-01										
1.60E+03	-5.66E-01	-9.04E-01										
1.65E+03	-5.62E-01	-9.29E-01										
1.70E+03	-5.59E-01	-9.50E-01										
1.75E+03	-5.55E-01	-9.73E-01										
1.81E+03	-5.51E-01	-9.96E-01										
1.86E+03	-5.47E-01	-1.02E+00										
1.91E+03	-5.44E-01	-1.04E+00										
1.96E+03	-5.41E-01	-1.06E+00										
2.01E+03	-5.37E-01	-1.08E+00										
2.06E+03	-5.34E-01	-1.10E+00										
2.12E+03	-5.30E-01	-1.12E+00										
2.17E+03	-5.27E-01	-1.15E+00										
2.23E+03	-5.23E-01	-1.17E+00										
2.28E+03	-5.20E-01	-1.18E+00										
2.33E+03	-5.17E-01	-1.20E+00										
2.38E+03	-5.14E-01	-1.22E+00										
2.43E+03	-5.10E-01	-1.24E+00										
2.48E+03	-5.07E-01	-1.26E+00										
2.53E+03	-5.04E-01	-1.28E+00										
2.59E+03	-5.01E-01	-1.30E+00										
2.64E+03	-4.97E-01	-1.31E+00										
2.69E+03	-4.95E-01	-1.33E+00										
2.74E+03	-4.91E-01	-1.35E+00										
2.79E+03	-4.89E-01	-1.36E+00										
2.84E+03	-4.85E-01	-1.38E+00										
2.89E+03	-4.82E-01	-1.39E+00										
2.95E+03	-4.79E-01	-1.41E+00										
3.00E+03	-4.76E-01	-1.43E+00										
3.05E+03	-4.73E-01	-1.44E+00										
3.10E+03	-4.69E-01	-1.46E+00										
3.15E+03	-4.66E-01	-1.47E+00										
3.21E+03	-4.63E-01	-1.48E+00										
3.26E+03	-4.60E-01	-1.50E+00										
3.31E+03	-4.57E-01	-1.51E+00										
3.36E+03	-4.54E-01	-1.53E+00										
3.41E+03	-4.51E-01	-1.54E+00										
3.46E+03	-4.48E-01	-1.55E+00										
3.51E+03	-4.45E-01	-1.56E+00										
3.56E+03	-4.41E-01	-1.57E+00										
3.61E+03	-4.38E-01	-1.58E+00										
3.67E+03	-4.35E-01	-1.60E+00										
3.72E+03	-4.32E-01	-1.61E+00										
3.77E+03	-4.29E-01	-1.62E+00										
3.82E+03	-4.26E-01	-1.63E+00										
3.87E+03	-4.23E-01	-1.64E+00										
3.92E+03	-4.20E-01	-1.65E+00										
3.97E+03	-4.16E-01	-1.65E+00										
4.03E+03	-4.13E-01	-1.66E+00										
4.08E+03	-4.10E-01	-1.67E+00										
4.13E+03	-4.07E-01	-1.68E+00										
4.18E+03	-4.03E-01	-1.69E+00										
4.23E+03	-4.00E-01	-1.69E+00										
4.28E+03	-3.97E-01	-1.70E+00										
4.34E+03	-3.94E-01	-1.71E+00										
4.39E+03	-3.90E-01	-1.71E+00										
4.44E+03	-3.87E-01	-1.72E+00										
4.49E+03	-3.83E-01	-1.72E+00										
4.54E+03	-3.80E-01	-1.72E+00										
4.59E+03	-3.77E-01	-1.73E+00										
4.65E+03	-3.73E-01	-1.73E+00										
4.70E+03	-3.69E-01	-1.74E+00										
4.75E+03	-3.66E-01	-1.74E+00										
4.80E+03	-3.62E-01	-1.74E+00										
4.85E+03	-3.59E-01	-1.74E+00										
4.91E+03	-3.55E-01	-1.74E+00										
4.96E+03	-3.51E-01	-1.74E+00										
5.01E+03	-3.47E-01	-1.74E+00										
5.07E+03	-3.44E-01	-1.74E+00										
5.12E+03	-3.39E-01	-1.74E+00										
5.17E+03	-3.35E-01	-1.73E+00										
5.22E+03	-3.32E-01	-1.73E+00										
5.27E+03	-3.28E-01	-1.73E+00										
5.32E+03	-3.24E-01	-1.72E+00										
5.37E+03	-3.20E-01	-1.72E+00										
5.42E+03	-3.16E-01	-1.72E+00										
5.48E+03	-3.12E-01	-1.71E+00										
5.53E+03	-3.08E-01	-1.70E+00										
5.58E+03	-3.04E-01	-1.69E+00										
5.63E+03	-2.99E-01	-1.68E+00										
5.68E+03	-2.95E-01	-1.68E+00										
5.73E+03	-2.90E-01	-1.67E+00										
5.79E+03	-2.86E-01	-1.65E+00										
5.84E+03	-2.81E-01	-1.64E+00										
5.90E+03	-2.76E-01	-1.63E+00										
5.95E+03	-2.71E-01	-1.61E+00										
6.00E+03	-2.66E-01	-1.60E+00										
6.05E+03	-2.61E-01	-1.58E+00										
6.10E+03	-2.56E-01	-1.56E+00										
6.15E+03	-2.51E-01	-1.54E+00										
0.00E+00	-8.07E-01	0.00E+00										
0.00E+00	-9.04E-01	0.00E+00										
0.00E+00	-9.16E-01	0.00E+00										
0.00E+00	-9.22E-01	0.00E+00										
0.00E+00	-9.25E-01	0.00E+00										
0.00E+00	-9.29E-01	0.00E+00										
4.22E+01	-9.29E-01	-3.92E-02										
9.31E+01	-8.41E-01	-7.83E-02										
1.46E+02	-7.86E-01	-1.14E-01										
1.99E+02	-7.59E-01	-1.51E-01										
2.50E+02	-7.39E-01	-1.85E-01										
3.00E+02	-7.24E-01	-2.17E-01										
3.51E+02	-7.11E-01	-2.50E-01										
4.02E+02	-7.00E-01	-2.81E-01										
4.54E+02	-6.90E-01	-3.13E-01										
5.06E+02	-6.80E-01	-3.44E-01										
5.56E+02	-6.71E-01	-3.73E-01										
6.09E+02	-6.64E-01	-4.04E-01										
6.60E+02	-6.56E-01	-4.33E-01										
7.12E+02	-6.49E-01	-4.62E-01										
7.63E+02	-6.43E-01	-4.90E-01										
8.17E+02	-6.36E-01	-5.20E-01										
8.68E+02	-6.31E-01	-5.47E-01										
9.20E+02	-6.25E-01	-5.75E-01										
9.71E+02	-6.20E-01	-6.02E-01										
1.02E+03	-6.15E-01	-6.28E-01										
1.07E+03	-6.10E-01	-6.56E-01										
1.13E+03	-6.05E-01	-6.83E-01										
1.19E+03	-6.00E-01	-7.12E-01										
1.24E+03	-5.95E-01	-7.36E-01										
1.29E+03	-5.91E-01	-7.62E-01										
1.34E+03	-5.87E-01	-7.87E-01										
1.39E+03	-5.83E-01	-8.12E-01										
1.44E+03	-5.79E-01	-8.36E-01										
1.50E+03	-5.75E-01	-8.60E-01										
1.55E+03	-5.71E-01	-8.83E-01										
1.60E+03	-5.67E-01	-9.07E-01										
1.65E+03	-5.64E-01	-9.32E-01										
1.70E+03	-5.60E-01	-9.53E-01										
1.75E+03	-5.56E-01	-9.76E-01										
1.81E+03	-5.53E-01	-9.99E-01										
1.86E+03	-5.49E-01	-1.02E+00										
1.91E+03	-5.46E-01	-1.04E+00										
1.96E+03	-5.42E-01	-1.06E+00										
2.01E+03	-5.39E-01	-1.08E+00										
2.06E+03	-5.35E-01	-1.10E+00										
2.12E+03	-5.32E-01	-1.13E+00										
2.17E+03	-5.29E-01	-1.15E+00										
2.22E+03	-5.26E-01	-1.17E+00										
2.27E+03	-5.22E-01	-1.19E+00										
2.32E+03	-5.19E-01	-1.21E+00										
2.38E+03	-5.16E-01	-1.23E+00										
2.43E+03	-5.12E-01	-1.24E+00										
2.48E+03	-5.09E-01	-1.26E+00										
2.54E+03	-5.06E-01	-1.28E+00										
2.59E+03	-5.03E-01	-1.30E+00										
2.64E+03	-5.00E-01	-1.32E+00										
2.69E+03	-4.97E-01	-1.34E+00										
2.74E+03	-4.93E-01	-1.35E+00										
2.79E+03	-4.90E-01	-1.37E+00										
2.84E+03	-4.87E-01	-1.38E+00										
2.89E+03	-4.84E-01	-1.40E+00										
2.94E+03	-4.81E-01	-1.42E+00										
3.00E+03	-4.78E-01	-1.43E+00										
3.05E+03	-4.75E-01	-1.45E+00										
3.10E+03	-4.72E-01	-1.46E+00										
3.15E+03	-4.68E-01	-1.48E+00										
3.20E+03	-4.65E-01	-1.49E+00										
3.25E+03	-4.62E-01	-1.50E+00										
3.31E+03	-4.59E-01	-1.52E+00										
3.36E+03	-4.56E-01	-1.53E+00										
3.41E+03	-4.53E-01	-1.54E+00										
3.46E+03	-4.50E-01	-1.56E+00										
3.51E+03	-4.47E-01	-1.57E+00										
3.56E+03	-4.44E-01	-1.58E+00										
3.61E+03	-4.41E-01	-1.59E+00										
3.66E+03	-4.38E-01	-1.60E+00										
3.72E+03	-4.34E-01	-1.61E+00										
3.77E+03	-4.31E-01	-1.62E+00										
3.82E+03	-4.28E-01	-1.63E+00										
3.87E+03	-4.25E-01	-1.64E+00										
3.92E+03	-4.22E-01	-1.66E+00										
3.97E+03	-4.18E-01	-1.66E+00										
4.02E+03	-4.15E-01	-1.67E+00										
4.08E+03	-4.12E-01	-1.68E+00										
4.13E+03	-4.09E-01	-1.69E+00										
4.18E+03	-4.06E-01	-1.70E+00										
4.23E+03	-4.03E-01	-1.70E+00										
4.28E+03	-4.00E-01	-1.71E+00										
4.34E+03	-3.96E-01	-1.72E+00										
4.39E+03	-3.93E-01	-1.72E+00										
4.44E+03	-3.89E-01	-1.73E+00										
4.49E+03	-3.86E-01	-1.73E+00										
4.54E+03	-3.83E-01	-1.74E+00										
4.60E+03	-3.79E-01	-1.74E+00										
4.65E+03	-3.76E-01	-1.75E+00										
4.70E+03	-3.72E-01	-1.75E+00										
4.76E+03	-3.68E-01	-1.75E+00										
4.81E+03	-3.65E-01	-1.75E+00										
4.86E+03	-3.61E-01	-1.76E+00										
4.91E+03	-3.58E-01	-1.76E+00										
4.96E+03	-3.54E-01	-1.76E+00										
5.02E+03	-3.50E-01	-1.76E+00										
5.07E+03	-3.46E-01	-1.75E+00										
5.12E+03	-3.43E-01	-1.75E+00										
5.17E+03	-3.39E-01	-1.75E+00										
5.22E+03	-3.35E-01	-1.75E+00										
5.27E+03	-3.31E-01	-1.75E+00										
5.32E+03	-3.27E-01	-1.74E+00										
5.38E+03	-3.23E-01	-1.74E+00										
5.43E+03	-3.19E-01	-1.73E+00										
5.48E+03	-3.15E-01	-1.73E+00										
5.53E+03	-3.11E-01	-1.72E+00										
5.58E+03	-3.07E-01	-1.72E+00										
5.64E+03	-3.03E-01	-1.71E+00										
5.69E+03	-2.98E-01	-1.70E+00										
5.74E+03	-2.94E-01	-1.69E+00										
5.79E+03	-2.89E-01	-1.68E+00										
5.84E+03	-2.85E-01	-1.66E+00										
5.90E+03	-2.80E-01	-1.65E+00										
5.95E+03	-2.75E-01	-1.64E+00										
6.00E+03	-2.70E-01	-1.62E+00										
6.06E+03	-2.65E-01	-1.61E+00										
6.11E+03	-2.60E-01	-1.59E+00										
6.16E+03	-2.55E-01	-1.57E+00										
6.19E+03	-2.51E-01	-1.56E+00										
0.00E+00	-8.08E-01	0.00E+00										
0.00E+00	-9.04E-01	0.00E+00										
0.00E+00	-9.16E-01	0.00E+00										
0.00E+00	-9.21E-01	0.00E+00										
0.00E+00	-9.25E-01	0.00E+00										
0.00E+00	-9.29E-01	0.00E+00										
4.88E+01	-9.29E-01	-4.53E-02										
9.92E+01	-8.32E-01	-8.25E-02										
1.54E+02	-7.80E-01	-1.20E-01										
2.05E+02	-7.56E-01	-1.55E-01										
2.56E+02	-7.37E-01	-1.88E-01										
3.06E+02	-7.23E-01	-2.22E-01										
3.57E+02	-7.10E-01	-2.53E-01										
4.07E+02	-6.99E-01	-2.85E-01										
4.58E+02	-6.89E-01	-3.16E-01										
5.10E+02	-6.79E-01	-3.46E-01										
5.61E+02	-6.71E-01	-3.76E-01										
6.11E+02	-6.63E-01	-4.05E-01										
6.61E+02	-6.56E-01	-4.34E-01										
7.12E+02	-6.49E-01	-4.62E-01										
7.64E+02	-6.43E-01	-4.91E-01										
8.15E+02	-6.37E-01	-5.19E-01										
8.65E+02	-6.31E-01	-5.46E-01										
9.15E+02	-6.26E-01	-5.73E-01										
9.66E+02	-6.21E-01	-6.00E-01										
1.02E+03	-6.16E-01	-6.27E-01										
1.07E+03	-6.10E-01	-6.52E-01										
1.12E+03	-6.05E-01	-6.78E-01										
1.17E+03	-6.01E-01	-7.04E-01										
1.22E+03	-5.96E-01	-7.29E-01										
1.27E+03	-5.93E-01	-7.55E-01										
1.33E+03	-5.88E-01	-7.79E-01										
1.38E+03	-5.83E-01	-8.04E-01										
1.43E+03	-5.80E-01	-8.30E-01										
1.48E+03	-5.75E-01	-8.53E-01										
1.53E+03	-5.72E-01	-8.77E-01										
1.59E+03	-5.68E-01	-9.00E-01										
1.64E+03	-5.64E-01	-9.24E-01										
1.69E+03	-5.60E-01	-9.47E-01										
1.74E+03	-5.56E-01	-9.70E-01										
1.79E+03	-5.52E-01	-9.91E-01										
1.85E+03	-5.49E-01	-1.01E+00										
1.90E+03	-5.46E-01	-1.04E+00										
1.95E+03	-5.42E-01	-1.06E+00										
2.00E+03	-5.39E-01	-1.08E+00										
2.05E+03	-5.36E-01	-1.10E+00										
2.10E+03	-5.32E-01	-1.12E+00										
2.15E+03	-5.29E-01	-1.14E+00										
2.20E+03	-5.26E-01	-1.16E+00										
2.26E+03	-5.22E-01	-1.18E+00										
2.31E+03	-5.19E-01	-1.20E+00										
2.36E+03	-5.16E-01	-1.22E+00										
2.41E+03	-5.13E-01	-1.24E+00										
2.46E+03	-5.09E-01	-1.25E+00										
2.51E+03	-5.07E-01	-1.27E+00										
2.57E+03	-5.03E-01	-1.29E+00										
2.62E+03	-5.00E-01	-1.31E+00										
2.67E+03	-4.97E-01	-1.33E+00										
2.73E+03	-4.93E-01	-1.35E+00										
2.78E+03	-4.90E-01	-1.36E+00										
2.83E+03	-4.87E-01	-1.38E+00										
2.88E+03	-4.84E-01	-1.39E+00										
2.93E+03	-4.81E-01	-1.41E+00										
2.99E+03	-4.78E-01	-1.43E+00										
3.04E+03	-4.75E-01	-1.44E+00										
3.09E+03	-4.72E-01	-1.46E+00										
3.14E+03	-4.69E-01	-1.47E+00										
3.19E+03	-4.65E-01	-1.48E+00										
3.24E+03	-4.62E-01	-1.50E+00										
3.30E+03	-4.59E-01	-1.51E+00										
3.35E+03	-4.56E-01	-1.53E+00										
3.40E+03	-4.53E-01	-1.54E+00										
3.45E+03	-4.50E-01	-1.55E+00										
3.50E+03	-4.47E-01	-1.56E+00										
3.55E+03	-4.44E-01	-1.58E+00										
3.61E+03	-4.41E-01	-1.59E+00										
3.66E+03	-4.37E-01	-1.60E+00										
3.71E+03	-4.34E-01	-1.61E+00										
3.76E+03	-4.31E-01	-1.62E+00										
3.81E+03	-4.28E-01	-1.63E+00										
3.86E+03	-4.25E-01	-1.64E+00										
3.92E+03	-4.22E-01	-1.65E+00										
3.97E+03	-4.19E-01	-1.66E+00										
4.02E+03	-4.15E-01	-1.67E+00										
4.07E+03	-4.12E-01	-1.68E+00										
4.12E+03	-4.09E-01	-1.69E+00										
4.17E+03	-4.06E-01	-1.69E+00										
4.22E+03	-4.02E-01	-1.70E+00										
4.27E+03	-3.99E-01	-1.71E+00										
4.32E+03	-3.96E-01	-1.71E+00										
4.38E+03	-3.93E-01	-1.72E+00										
4.43E+03	-3.89E-01	-1.72E+00										
4.48E+03	-3.86E-01	-1.73E+00										
4.53E+03	-3.83E-01	-1.73E+00										
4.58E+03	-3.79E-01	-1.74E+00										
4.63E+03	-3.76E-01	-1.74E+00										
4.68E+03	-3.73E-01	-1.75E+00										
4.74E+03	-3.69E-01	-1.75E+00										
4.79E+03	-3.65E-01	-1.75E+00										
4.84E+03	-3.62E-01	-1.75E+00										
4.89E+03	-3.58E-01	-1.75E+00										
4.95E+03	-3.54E-01	-1.75E+00										
5.00E+03	-3.50E-01	-1.75E+00										
5.05E+03	-3.47E-01	-1.75E+00										
5.11E+03	-3.43E-01	-1.75E+00										
5.16E+03	-3.39E-01	-1.75E+00										
5.21E+03	-3.35E-01	-1.75E+00										
5.26E+03	-3.32E-01	-1.74E+00										
5.31E+03	-3.28E-01	-1.74E+00										
5.36E+03	-3.24E-01	-1.73E+00										
5.41E+03	-3.20E-01	-1.73E+00										
5.46E+03	-3.16E-01	-1.72E+00										
5.52E+03	-3.11E-01	-1.72E+00										
5.57E+03	-3.07E-01	-1.71E+00										
5.62E+03	-3.03E-01	-1.70E+00										
5.67E+03	-2.99E-01	-1.69E+00										
5.72E+03	-2.95E-01	-1.68E+00										
5.77E+03	-2.90E-01	-1.67E+00										
5.82E+03	-2.85E-01	-1.66E+00										
5.87E+03	-2.81E-01	-1.65E+00										
5.93E+03	-2.76E-01	-1.64E+00										
5.98E+03	-2.71E-01	-1.62E+00										
6.03E+03	-2.66E-01	-1.61E+00										
6.08E+03	-2.61E-01	-1.59E+00										
6.13E+03	-2.55E-01	-1.57E+00										
6.16E+03	-2.51E-01	-1.55E+00										
0.00E+00	-8.07E-01	0.00E+00										
0.00E+00	-9.04E-01	0.00E+00										
0.00E+00	-9.16E-01	0.00E+00										
0.00E+00	-9.22E-01	0.00E+00										
0.00E+00	-9.26E-01	0.00E+00										
0.00E+00	-9.29E-01	0.00E+00										
4.78E+01	-9.30E-01	-4.44E-02										
9.82E+01	-8.26E-01	-8.12E-02										
1.49E+02	-7.83E-01	-1.16E-01										
1.99E+02	-7.59E-01	-1.51E-01										
2.51E+02	-7.40E-01	-1.86E-01										
3.02E+02	-7.24E-01	-2.19E-01										
3.53E+02	-7.11E-01	-2.51E-01										
4.03E+02	-7.00E-01	-2.82E-01										
4.54E+02	-6.89E-01	-3.13E-01										
5.05E+02	-6.80E-01	-3.43E-01										
5.56E+02	-6.72E-01	-3.74E-01										
6.07E+02	-6.63E-01	-4.03E-01										
6.58E+02	-6.56E-01	-4.32E-01										
7.09E+02	-6.50E-01	-4.61E-01										
7.63E+02	-6.43E-01	-4.90E-01										
8.14E+02	-6.36E-01	-5.18E-01										
8.64E+02	-6.31E-01	-5.45E-01										
9.14E+02	-6.25E-01	-5.72E-01										
9.66E+02	-6.20E-01	-5.99E-01										
1.02E+03	-6.15E-01	-6.25E-01										
1.07E+03	-6.10E-01	-6.51E-01										
1.12E+03	-6.05E-01	-6.77E-01										
1.17E+03	-6.01E-01	-7.02E-01										
1.22E+03	-5.96E-01	-7.28E-01										
1.27E+03	-5.92E-01	-7.52E-01										
1.32E+03	-5.87E-01	-7.78E-01										
1.38E+03	-5.83E-01	-8.02E-01										
1.43E+03	-5.79E-01	-8.26E-01										
1.48E+03	-5.75E-01	-8.49E-01										
1.53E+03	-5.71E-01	-8.74E-01										
1.58E+03	-5.68E-01	-8.98E-01										
1.63E+03	-5.64E-01	-9.21E-01										
1.68E+03	-5.60E-01	-9.43E-01										
1.74E+03	-5.56E-01	-9.66E-01										
1.79E+03	-5.53E-01	-9.88E-01										
1.84E+03	-5.49E-01	-1.01E+00										
1.89E+03	-5.46E-01	-1.03E+00										
1.95E+03	-5.42E-01	-1.06E+00										
2.00E+03	-5.39E-01	-1.08E+00										
2.05E+03	-5.35E-01	-1.10E+00										
2.10E+03	-5.32E-01	-1.12E+00										
2.16E+03	-5.28E-01	-1.14E+00										
2.21E+03	-5.25E-01	-1.16E+00										
2.26E+03	-5.22E-01	-1.18E+00										
2.31E+03	-5.19E-01	-1.20E+00										
2.36E+03	-5.16E-01	-1.22E+00										
2.41E+03	-5.13E-01	-1.24E+00										
2.46E+03	-5.10E-01	-1.25E+00										
2.51E+03	-5.06E-01	-1.27E+00										
2.56E+03	-5.03E-01	-1.29E+00										
2.62E+03	-5.00E-01	-1.31E+00										
2.67E+03	-4.97E-01	-1.33E+00										
2.72E+03	-4.94E-01	-1.34E+00										
2.77E+03	-4.91E-01	-1.36E+00										
2.83E+03	-4.87E-01	-1.38E+00										
2.88E+03	-4.84E-01	-1.40E+00										
2.93E+03	-4.81E-01	-1.41E+00										
2.98E+03	-4.78E-01	-1.43E+00										
3.04E+03	-4.75E-01	-1.44E+00										
3.09E+03	-4.72E-01	-1.46E+00										
3.14E+03	-4.69E-01	-1.47E+00										
3.20E+03	-4.66E-01	-1.49E+00										
3.25E+03	-4.62E-01	-1.50E+00										
3.30E+03	-4.59E-01	-1.52E+00										
3.35E+03	-4.56E-01	-1.53E+00										
3.40E+03	-4.53E-01	-1.54E+00										
3.46E+03	-4.50E-01	-1.56E+00										
3.51E+03	-4.47E-01	-1.57E+00										
3.56E+03	-4.43E-01	-1.58E+00										
3.61E+03	-4.41E-01	-1.59E+00										
3.66E+03	-4.37E-01	-1.60E+00										
3.71E+03	-4.34E-01	-1.61E+00										
3.76E+03	-4.31E-01	-1.62E+00										
3.82E+03	-4.28E-01	-1.63E+00										
3.87E+03	-4.24E-01	-1.64E+00										
3.92E+03	-4.22E-01	-1.65E+00										
3.98E+03	-4.18E-01	-1.66E+00										
4.03E+03	-4.15E-01	-1.67E+00										
4.08E+03	-4.12E-01	-1.68E+00										
4.13E+03	-4.09E-01	-1.69E+00										
4.18E+03	-4.05E-01	-1.70E+00										
4.23E+03	-4.02E-01	-1.70E+00										
4.29E+03	-3.99E-01	-1.71E+00										
4.34E+03	-3.95E-01	-1.72E+00										
4.39E+03	-3.92E-01	-1.72E+00										
4.44E+03	-3.89E-01	-1.73E+00										
4.49E+03	-3.86E-01	-1.73E+00										
4.54E+03	-3.82E-01	-1.74E+00										
4.59E+03	-3.79E-01	-1.74E+00										
4.65E+03	-3.75E-01	-1.75E+00										
4.71E+03	-3.71E-01	-1.75E+00										
4.76E+03	-3.68E-01	-1.75E+00										
4.81E+03	-3.64E-01	-1.75E+00										
4.86E+03	-3.61E-01	-1.75E+00										
4.91E+03	-3.57E-01	-1.75E+00										
4.97E+03	-3.54E-01	-1.76E+00										
5.02E+03	-3.50E-01	-1.75E+00										
5.07E+03	-3.46E-01	-1.75E+00										
5.12E+03	-3.43E-01	-1.76E+00										
5.17E+03	-3.38E-01	-1.75E+00										
5.23E+03	-3.34E-01	-1.75E+00										
5.28E+03	-3.31E-01	-1.75E+00										
5.33E+03	-3.26E-01	-1.74E+00										
5.38E+03	-3.23E-01	-1.74E+00										
5.43E+03	-3.19E-01	-1.73E+00										
5.48E+03	-3.15E-01	-1.73E+00										
5.54E+03	-3.11E-01	-1.72E+00										
5.59E+03	-3.06E-01	-1.71E+00										
5.64E+03	-3.03E-01	-1.71E+00										
5.69E+03	-2.98E-01	-1.69E+00										
5.74E+03	-2.94E-01	-1.69E+00										
5.79E+03	-2.89E-01	-1.67E+00										
5.84E+03	-2.84E-01	-1.66E+00										
5.90E+03	-2.80E-01	-1.65E+00										
5.95E+03	-2.75E-01	-1.64E+00										
6.00E+03	-2.70E-01	-1.62E+00										
6.05E+03	-2.66E-01	-1.61E+00										
6.11E+03	-2.60E-01	-1.59E+00										
6.16E+03	-2.55E-01	-1.57E+00										
6.19E+03	-2.51E-01	-1.55E+00										
0.00E+00	-8.08E-01	0.00E+00										
0.00E+00	-9.03E-01	0.00E+00										
0.00E+00	-9.15E-01	0.00E+00										
0.00E+00	-9.21E-01	0.00E+00										
0.00E+00	-9.25E-01	0.00E+00										
0.00E+00	-9.29E-01	0.00E+00										
5.65E+01	-9.29E-01	-5.24E-02										
1.08E+02	-8.14E-01	-8.78E-02										
1.60E+02	-7.75E-01	-1.24E-01										
2.12E+02	-7.53E-01	-1.60E-01										
2.63E+02	-7.35E-01	-1.93E-01										
3.15E+02	-7.21E-01	-2.27E-01										
3.66E+02	-7.08E-01	-2.59E-01										
4.16E+02	-6.96E-01	-2.90E-01										
4.68E+02	-6.87E-01	-3.21E-01										
5.19E+02	-6.78E-01	-3.52E-01										
5.70E+02	-6.69E-01	-3.82E-01										
6.23E+02	-6.61E-01	-4.12E-01										
6.74E+02	-6.54E-01	-4.41E-01										
7.30E+02	-6.47E-01	-4.72E-01										
7.81E+02	-6.41E-01	-5.00E-01										
8.32E+02	-6.35E-01	-5.28E-01										
8.82E+02	-6.29E-01	-5.55E-01										
9.34E+02	-6.24E-01	-5.82E-01										
9.88E+02	-6.18E-01	-6.11E-01										
1.04E+03	-6.13E-01	-6.39E-01										
1.09E+03	-6.08E-01	-6.64E-01										
1.14E+03	-6.04E-01	-6.91E-01										
1.20E+03	-5.99E-01	-7.16E-01										
1.25E+03	-5.95E-01	-7.41E-01										
1.30E+03	-5.90E-01	-7.66E-01										
1.35E+03	-5.86E-01	-7.90E-01										
1.40E+03	-5.82E-01	-8.14E-01										
1.45E+03	-5.78E-01	-8.38E-01										
1.50E+03	-5.74E-01	-8.63E-01										
1.55E+03	-5.70E-01	-8.87E-01										
1.61E+03	-5.66E-01	-9.11E-01										
1.66E+03	-5.63E-01	-9.34E-01										
1.71E+03	-5.59E-01	-9.56E-01										
1.77E+03	-5.55E-01	-9.81E-01										
1.82E+03	-5.51E-01	-1.00E+00										
1.87E+03	-5.48E-01	-1.03E+00										
1.93E+03	-5.44E-01	-1.05E+00										
1.98E+03	-5.40E-01	-1.07E+00										
2.03E+03	-5.37E-01	-1.09E+00										
2.09E+03	-5.34E-01	-1.11E+00										
2.14E+03	-5.31E-01	-1.13E+00										
2.19E+03	-5.27E-01	-1.15E+00										
2.24E+03	-5.24E-01	-1.17E+00										
2.30E+03	-5.20E-01	-1.19E+00										
2.35E+03	-5.17E-01	-1.21E+00										
2.40E+03	-5.14E-01	-1.23E+00										
2.45E+03	-5.11E-01	-1.25E+00										
2.50E+03	-5.07E-01	-1.27E+00										
2.55E+03	-5.04E-01	-1.29E+00										
2.60E+03	-5.01E-01	-1.31E+00										
2.66E+03	-4.98E-01	-1.32E+00										
2.71E+03	-4.95E-01	-1.34E+00										
2.76E+03	-4.92E-01	-1.36E+00										
2.81E+03	-4.89E-01	-1.37E+00										
2.86E+03	-4.85E-01	-1.39E+00										
2.91E+03	-4.83E-01	-1.41E+00										
2.97E+03	-4.79E-01	-1.42E+00										
3.02E+03	-4.76E-01	-1.44E+00										
3.07E+03	-4.73E-01	-1.45E+00										
3.12E+03	-4.70E-01	-1.47E+00										
3.18E+03	-4.67E-01	-1.48E+00										
3.23E+03	-4.64E-01	-1.50E+00										
3.28E+03	-4.61E-01	-1.51E+00										
3.33E+03	-4.58E-01	-1.52E+00										
3.38E+03	-4.54E-01	-1.54E+00										
3.43E+03	-4.51E-01	-1.55E+00										
3.48E+03	-4.48E-01	-1.56E+00										
3.54E+03	-4.45E-01	-1.57E+00										
3.59E+03	-4.42E-01	-1.59E+00										
3.64E+03	-4.39E-01	-1.60E+00										
3.69E+03	-4.36E-01	-1.61E+00										
3.74E+03	-4.32E-01	-1.62E+00										
3.80E+03	-4.30E-01	-1.63E+00										
3.85E+03	-4.26E-01	-1.64E+00										
3.90E+03	-4.23E-01	-1.65E+00										
3.96E+03	-4.20E-01	-1.66E+00										
4.01E+03	-4.16E-01	-1.67E+00										
4.06E+03	-4.13E-01	-1.68E+00										
4.11E+03	-4.10E-01	-1.69E+00										
4.16E+03	-4.07E-01	-1.69E+00										
4.21E+03	-4.04E-01	-1.70E+00										
4.26E+03	-4.00E-01	-1.71E+00										
4.32E+03	-3.97E-01	-1.71E+00										
4.37E+03	-3.93E-01	-1.72E+00										
4.42E+03	-3.90E-01	-1.73E+00										
4.47E+03	-3.87E-01	-1.73E+00										
4.52E+03	-3.83E-01	-1.73E+00										
4.58E+03	-3.80E-01	-1.74E+00										
4.63E+03	-3.77E-01	-1.74E+00										
4.68E+03	-3.74E-01	-1.75E+00										
4.73E+03	-3.70E-01	-1.75E+00										
4.78E+03	-3.66E-01	-1.75E+00										
4.83E+03	-3.62E-01	-1.75E+00										
4.89E+03	-3.59E-01	-1.75E+00										
4.94E+03	-3.56E-01	-1.76E+00										
4.99E+03	-3.52E-01	-1.75E+00										
5.04E+03	-3.48E-01	-1.75E+00										
5.09E+03	-3.44E-01	-1.75E+00										
5.14E+03	-3.41E-01	-1.75E+00										
5.19E+03	-3.37E-01	-1.75E+00										
5.24E+03	-3.33E-01	-1.75E+00										
5.30E+03	-3.29E-01	-1.74E+00										
5.35E+03	-3.25E-01	-1.74E+00										
5.40E+03	-3.21E-01	-1.73E+00										
5.45E+03	-3.17E-01	-1.73E+00										
5.50E+03	-3.13E-01	-1.72E+00										
5.56E+03	-3.09E-01	-1.72E+00										
5.61E+03	-3.05E-01	-1.71E+00										
5.66E+03	-3.00E-01	-1.70E+00										
5.71E+03	-2.96E-01	-1.69E+00										
5.76E+03	-2.92E-01	-1.68E+00										
5.81E+03	-2.87E-01	-1.67E+00										
5.87E+03	-2.83E-01	-1.66E+00										
5.92E+03	-2.78E-01	-1.64E+00										
5.97E+03	-2.73E-01	-1.63E+00										
6.03E+03	-2.68E-01	-1.61E+00										
6.08E+03	-2.63E-01	-1.60E+00										
6.13E+03	-2.58E-01	-1.58E+00										
6.18E+03	-2.53E-01	-1.56E+00										
6.19E+03	-2.51E-01	-1.56E+00										
0.00E+00	-8.08E-01	0.00E+00										
0.00E+00	-9.04E-01	0.00E+00										
0.00E+00	-9.16E-01	0.00E+00										
0.00E+00	-9.22E-01	0.00E+00										
0.00E+00	-9.25E-01	0.00E+00										
0.00E+00	-9.29E-01	0.00E+00										
5.19E+01	-9.29E-01	-4.82E-02										
1.02E+02	-8.21E-01	-8.40E-02										
1.53E+02	-7.80E-01	-1.19E-01										
2.03E+02	-7.57E-01	-1.54E-01										
2.56E+02	-7.38E-01	-1.89E-01										
3.07E+02	-7.23E-01	-2.22E-01										
3.61E+02	-7.10E-01	-2.57E-01										
4.14E+02	-6.97E-01	-2.89E-01										
4.66E+02	-6.87E-01	-3.20E-01										
5.19E+02	-6.78E-01	-3.52E-01										
5.70E+02	-6.69E-01	-3.81E-01										
6.22E+02	-6.61E-01	-4.12E-01										
6.73E+02	-6.54E-01	-4.40E-01										
7.23E+02	-6.47E-01	-4.68E-01										
7.74E+02	-6.41E-01	-4.96E-01										
8.26E+02	-6.35E-01	-5.25E-01										
8.79E+02	-6.30E-01	-5.53E-01										
9.31E+02	-6.24E-01	-5.81E-01										
9.82E+02	-6.19E-01	-6.07E-01										
1.03E+03	-6.13E-01	-6.34E-01										
1.08E+03	-6.09E-01	-6.60E-01										
1.14E+03	-6.04E-01	-6.86E-01										
1.19E+03	-5.99E-01	-7.10E-01										
1.24E+03	-5.95E-01	-7.35E-01										
1.29E+03	-5.90E-01	-7.60E-01										
1.34E+03	-5.86E-01	-7.86E-01										
1.39E+03	-5.83E-01	-8.10E-01										
1.44E+03	-5.78E-01	-8.34E-01										
1.49E+03	-5.74E-01	-8.58E-01										
1.54E+03	-5.70E-01	-8.81E-01										
1.60E+03	-5.66E-01	-9.05E-01										
1.65E+03	-5.63E-01	-9.28E-01										
1.70E+03	-5.59E-01	-9.51E-01										
1.75E+03	-5.55E-01	-9.73E-01										
1.80E+03	-5.51E-01	-9.95E-01										
1.85E+03	-5.48E-01	-1.02E+00										
1.90E+03	-5.45E-01	-1.04E+00										
1.96E+03	-5.41E-01	-1.06E+00										
2.01E+03	-5.38E-01	-1.08E+00										
2.06E+03	-5.34E-01	-1.10E+00										
2.11E+03	-5.31E-01	-1.12E+00										
2.16E+03	-5.28E-01	-1.14E+00										
2.21E+03	-5.25E-01	-1.16E+00										
2.26E+03	-5.22E-01	-1.18E+00										
2.32E+03	-5.18E-01	-1.20E+00										
2.37E+03	-5.15E-01	-1.22E+00										
2.42E+03	-5.11E-01	-1.24E+00										
2.47E+03	-5.08E-01	-1.26E+00										
2.53E+03	-5.05E-01	-1.28E+00										
2.58E+03	-5.02E-01	-1.29E+00										
2.63E+03	-4.99E-01	-1.31E+00										
2.68E+03	-4.95E-01	-1.33E+00										
2.74E+03	-4.92E-01	-1.35E+00										
2.79E+03	-4.89E-01	-1.36E+00										
2.84E+03	-4.86E-01	-1.38E+00										
2.89E+03	-4.83E-01	-1.40E+00										
2.94E+03	-4.79E-01	-1.41E+00										
2.99E+03	-4.76E-01	-1.43E+00										
3.05E+03	-4.74E-01	-1.44E+00										
3.10E+03	-4.70E-01	-1.46E+00										
3.15E+03	-4.67E-01	-1.47E+00										
3.20E+03	-4.64E-01	-1.48E+00										
3.25E+03	-4.61E-01	-1.50E+00										
3.30E+03	-4.58E-01	-1.51E+00										
3.35E+03	-4.55E-01	-1.53E+00										
3.41E+03	-4.52E-01	-1.54E+00										
3.46E+03	-4.49E-01	-1.55E+00										
3.51E+03	-4.46E-01	-1.56E+00										
3.56E+03	-4.43E-01	-1.58E+00										
3.61E+03	-4.40E-01	-1.59E+00										
3.66E+03	-4.36E-01	-1.60E+00										
3.71E+03	-4.34E-01	-1.61E+00										
3.76E+03	-4.30E-01	-1.62E+00										
3.82E+03	-4.27E-01	-1.63E+00										
3.87E+03	-4.24E-01	-1.64E+00										
3.92E+03	-4.21E-01	-1.65E+00										
3.97E+03	-4.18E-01	-1.66E+00										
4.02E+03	-4.14E-01	-1.67E+00										
4.07E+03	-4.11E-01	-1.67E+00										
4.12E+03	-4.08E-01	-1.68E+00										
4.17E+03	-4.05E-01	-1.69E+00										
4.23E+03	-4.02E-01	-1.70E+00										
4.28E+03	-3.98E-01	-1.71E+00										
4.33E+03	-3.95E-01	-1.71E+00										
4.38E+03	-3.92E-01	-1.72E+00										
4.44E+03	-3.88E-01	-1.72E+00										
4.49E+03	-3.85E-01	-1.73E+00										
4.54E+03	-3.82E-01	-1.73E+00										
4.59E+03	-3.79E-01	-1.74E+00										
4.64E+03	-3.75E-01	-1.74E+00										
4.69E+03	-3.72E-01	-1.74E+00										
4.74E+03	-3.68E-01	-1.75E+00										
4.80E+03	-3.64E-01	-1.75E+00										
4.85E+03	-3.61E-01	-1.75E+00										
4.90E+03	-3.57E-01	-1.75E+00										
4.95E+03	-3.54E-01	-1.75E+00										
5.00E+03	-3.50E-01	-1.75E+00										
5.05E+03	-3.46E-01	-1.75E+00										
5.11E+03	-3.42E-01	-1.75E+00										
5.16E+03	-3.39E-01	-1.75E+00										
5.21E+03	-3.34E-01	-1.74E+00										
5.26E+03	-3.31E-01	-1.74E+00										
5.32E+03	-3.27E-01	-1.74E+00										
5.37E+03	-3.23E-01	-1.73E+00										
5.42E+03	-3.19E-01	-1.73E+00										
5.47E+03	-3.15E-01	-1.72E+00										
5.52E+03	-3.11E-01	-1.72E+00										
5.57E+03	-3.06E-01	-1.71E+00										
5.62E+03	-3.02E-01	-1.70E+00										
5.67E+03	-2.98E-01	-1.69E+00										
5.72E+03	-2.94E-01	-1.68E+00										
5.78E+03	-2.90E-01	-1.67E+00										
5.83E+03	-2.86E-01	-1.66E+00										
5.88E+03	-2.81E-01	-1.65E+00										
5.93E+03	-2.76E-01	-1.64E+00										
5.98E+03	-2.71E-01	-1.62E+00										
6.03E+03	-2.66E-01	-1.60E+00										
6.09E+03	-2.61E-01	-1.59E+00										
6.14E+03	-2.56E-01	-1.57E+00										
6.17E+03	-2.51E-01	-1.55E+00										
0.00E+00	-8.07E-01	0.00E+00										
0.00E+00	-9.04E-01	0.00E+00										
0.00E+00	-9.16E-01	0.00E+00										
0.00E+00	-9.22E-01	0.00E+00										
0.00E+00	-9.26E-01	0.00E+00										
0.00E+00	-9.29E-01	0.00E+00										
4.73E+01	-9.29E-01	-4.40E-02										
1.01E+02	-8.31E-01	-8.41E-02										
1.54E+02	-7.78E-01	-1.20E-01										
2.05E+02	-7.55E-01	-1.55E-01										
2.56E+02	-7.37E-01	-1.88E-01										
3.09E+02	-7.22E-01	-2.23E-01										
3.61E+02	-7.09E-01	-2.56E-01										
4.12E+02	-6.97E-01	-2.88E-01										
4.63E+02	-6.88E-01	-3.18E-01										
5.15E+02	-6.78E-01	-3.49E-01										
5.68E+02	-6.69E-01	-3.80E-01										
6.21E+02	-6.62E-01	-4.11E-01										
6.72E+02	-6.54E-01	-4.39E-01										
7.22E+02	-6.47E-01	-4.67E-01										
7.74E+02	-6.41E-01	-4.96E-01										
8.25E+02	-6.35E-01	-5.24E-01										
8.77E+02	-6.29E-01	-5.52E-01										
9.30E+02	-6.24E-01	-5.80E-01										
9.80E+02	-6.18E-01	-6.06E-01										
1.04E+03	-6.13E-01	-6.36E-01										
1.09E+03	-6.08E-01	-6.63E-01										
1.14E+03	-6.03E-01	-6.88E-01										
1.19E+03	-5.99E-01	-7.13E-01										
1.24E+03	-5.94E-01	-7.38E-01										
1.29E+03	-5.90E-01	-7.63E-01										
1.35E+03	-5.86E-01	-7.88E-01										
1.40E+03	-5.81E-01	-8.12E-01										
1.45E+03	-5.77E-01	-8.36E-01										
1.50E+03	-5.73E-01	-8.61E-01										
1.55E+03	-5.70E-01	-8.84E-01										
1.60E+03	-5.66E-01	-9.08E-01										
1.66E+03	-5.62E-01	-9.30E-01										
1.71E+03	-5.59E-01	-9.53E-01										
1.76E+03	-5.55E-01	-9.75E-01										
1.81E+03	-5.51E-01	-9.97E-01										
1.86E+03	-5.48E-01	-1.02E+00										
1.91E+03	-5.44E-01	-1.04E+00										
1.96E+03	-5.40E-01	-1.06E+00										
2.01E+03	-5.37E-01	-1.08E+00										
2.07E+03	-5.34E-01	-1.10E+00										
2.12E+03	-5.31E-01	-1.12E+00										
2.17E+03	-5.27E-01	-1.14E+00										
2.22E+03	-5.24E-01	-1.16E+00										
2.27E+03	-5.21E-01	-1.18E+00										
2.32E+03	-5.18E-01	-1.20E+00										
2.38E+03	-5.14E-01	-1.22E+00										
2.43E+03	-5.11E-01	-1.24E+00										
2.48E+03	-5.08E-01	-1.26E+00										
2.53E+03	-5.05E-01	-1.28E+00										
2.58E+03	-5.01E-01	-1.29E+00										
2.63E+03	-4.98E-01	-1.31E+00										
2.68E+03	-4.95E-01	-1.33E+00										
2.73E+03	-4.92E-01	-1.35E+00										
2.79E+03	-4.89E-01	-1.36E+00										
2.84E+03	-4.86E-01	-1.38E+00										
2.89E+03	-4.83E-01	-1.40E+00										
2.94E+03	-4.79E-01	-1.41E+00										
3.00E+03	-4.76E-01	-1.43E+00										
3.05E+03	-4.73E-01	-1.44E+00										
3.10E+03	-4.70E-01	-1.46E+00										
3.15E+03	-4.67E-01	-1.47E+00										
3.20E+03	-4.64E-01	-1.49E+00										
3.25E+03	-4.61E-01	-1.50E+00										
3.31E+03	-4.58E-01	-1.51E+00										
3.36E+03	-4.54E-01	-1.53E+00										
3.41E+03	-4.51E-01	-1.54E+00										
3.46E+03	-4.48E-01	-1.55E+00										
3.51E+03	-4.45E-01	-1.56E+00										
3.56E+03	-4.42E-01	-1.58E+00										
3.62E+03	-4.39E-01	-1.59E+00										
3.67E+03	-4.36E-01	-1.60E+00										
3.73E+03	-4.32E-01	-1.61E+00										
3.78E+03	-4.29E-01	-1.62E+00										
3.83E+03	-4.26E-01	-1.63E+00										
3.89E+03	-4.23E-01	-1.64E+00										
3.94E+03	-4.19E-01	-1.65E+00										
3.99E+03	-4.16E-01	-1.66E+00										
4.04E+03	-4.13E-01	-1.67E+00										
4.09E+03	-4.10E-01	-1.68E+00										
4.15E+03	-4.06E-01	-1.69E+00										
4.20E+03	-4.03E-01	-1.69E+00										
4.25E+03	-4.00E-01	-1.70E+00										
4.30E+03	-3.97E-01	-1.71E+00										
4.35E+03	-3.94E-01	-1.71E+00										
4.40E+03	-3.90E-01	-1.72E+00										
4.45E+03	-3.86E-01	-1.72E+00										
4.51E+03	-3.83E-01	-1.73E+00										
4.56E+03	-3.80E-01	-1.73E+00										
4.61E+03	-3.77E-01	-1.74E+00										
4.66E+03	-3.73E-01	-1.74E+00										
4.72E+03	-3.69E-01	-1.74E+00										
4.77E+03	-3.66E-01	-1.74E+00										
4.82E+03	-3.62E-01	-1.75E+00										
4.87E+03	-3.59E-01	-1.75E+00										
4.92E+03	-3.55E-01	-1.75E+00										
4.97E+03	-3.52E-01	-1.75E+00										
5.02E+03	-3.48E-01	-1.75E+00										
5.07E+03	-3.44E-01	-1.75E+00										
5.12E+03	-3.40E-01	-1.74E+00										
5.18E+03	-3.37E-01	-1.74E+00										
5.23E+03	-3.33E-01	-1.74E+00										
5.28E+03	-3.29E-01	-1.74E+00										
5.33E+03	-3.25E-01	-1.73E+00										
5.38E+03	-3.21E-01	-1.73E+00										
5.43E+03	-3.17E-01	-1.72E+00										
5.48E+03	-3.13E-01	-1.72E+00										
5.53E+03	-3.09E-01	-1.71E+00										
5.58E+03	-3.06E-01	-1.71E+00										
5.63E+03	-3.01E-01	-1.70E+00										
5.68E+03	-2.97E-01	-1.69E+00										
5.74E+03	-2.92E-01	-1.68E+00										
5.79E+03	-2.88E-01	-1.67E+00										
5.84E+03	-2.83E-01	-1.65E+00										
5.89E+03	-2.79E-01	-1.64E+00										
5.94E+03	-2.74E-01	-1.63E+00										
6.00E+03	-2.70E-01	-1.62E+00										
6.05E+03	-2.64E-01	-1.60E+00										
6.10E+03	-2.59E-01	-1.58E+00										
6.15E+03	-2.54E-01	-1.56E+00										
6.18E+03	-2.51E-01	-1.55E+00										
0.00E+00	-8.07E-01	0.00E+00										
0.00E+00	-9.04E-01	0.00E+00										
0.00E+00	-9.16E-01	0.00E+00										
0.00E+00	-9.22E-01	0.00E+00										
0.00E+00	-9.25E-01	0.00E+00										
0.00E+00	-9.29E-01	0.00E+00										
4.73E+01	-9.29E-01	-4.40E-02										
9.87E+01	-8.28E-01	-8.17E-02										
1.51E+02	-7.81E-01	-1.18E-01										
2.02E+02	-7.56E-01	-1.53E-01										
2.53E+02	-7.39E-01	-1.87E-01										
3.07E+02	-7.23E-01	-2.22E-01										
3.58E+02	-7.10E-01	-2.54E-01										
4.09E+02	-6.97E-01	-2.85E-01										
4.62E+02	-6.88E-01	-3.18E-01										
5.13E+02	-6.78E-01	-3.48E-01										
5.64E+02	-6.70E-01	-3.78E-01										
6.15E+02	-6.62E-01	-4.07E-01										
6.65E+02	-6.55E-01	-4.36E-01										
7.20E+02	-6.48E-01	-4.67E-01										
7.72E+02	-6.42E-01	-4.96E-01										
8.23E+02	-6.35E-01	-5.23E-01										
8.73E+02	-6.30E-01	-5.50E-01										
9.26E+02	-6.25E-01	-5.78E-01										
9.77E+02	-6.20E-01	-6.05E-01										
1.03E+03	-6.15E-01	-6.33E-01										
1.08E+03	-6.10E-01	-6.59E-01										
1.13E+03	-6.05E-01	-6.84E-01										
1.18E+03	-6.00E-01	-7.11E-01										
1.24E+03	-5.96E-01	-7.36E-01										
1.29E+03	-5.91E-01	-7.61E-01										
1.34E+03	-5.87E-01	-7.86E-01										
1.39E+03	-5.83E-01	-8.10E-01										
1.44E+03	-5.79E-01	-8.37E-01										
1.50E+03	-5.75E-01	-8.62E-01										
1.55E+03	-5.71E-01	-8.84E-01										
1.60E+03	-5.68E-01	-9.07E-01										
1.65E+03	-5.64E-01	-9.30E-01										
1.70E+03	-5.60E-01	-9.52E-01										
1.75E+03	-5.57E-01	-9.75E-01										
1.80E+03	-5.53E-01	-9.98E-01										
1.85E+03	-5.50E-01	-1.02E+00										
1.90E+03	-5.47E-01	-1.04E+00										
1.96E+03	-5.43E-01	-1.06E+00										
2.01E+03	-5.40E-01	-1.09E+00										
2.06E+03	-5.36E-01	-1.11E+00										
2.11E+03	-5.33E-01	-1.13E+00										
2.16E+03	-5.30E-01	-1.15E+00										
2.21E+03	-5.26E-01	-1.17E+00										
2.27E+03	-5.23E-01	-1.19E+00										
2.32E+03	-5.20E-01	-1.21E+00										
2.37E+03	-5.17E-01	-1.23E+00										
2.42E+03	-5.14E-01	-1.24E+00										
2.47E+03	-5.10E-01	-1.26E+00										
2.52E+03	-5.07E-01	-1.28E+00										
2.57E+03	-5.04E-01	-1.30E+00										
2.63E+03	-5.01E-01	-1.32E+00										
2.68E+03	-4.98E-01	-1.33E+00										
2.73E+03	-4.95E-01	-1.35E+00										
2.78E+03	-4.92E-01	-1.37E+00										
2.83E+03	-4.89E-01	-1.38E+00										
2.88E+03	-4.85E-01	-1.40E+00										
2.94E+03	-4.83E-01	-1.42E+00										
2.99E+03	-4.80E-01	-1.43E+00										
3.04E+03	-4.77E-01	-1.45E+00										
3.09E+03	-4.74E-01	-1.46E+00										
3.14E+03	-4.70E-01	-1.48E+00										
3.19E+03	-4.67E-01	-1.49E+00										
3.24E+03	-4.64E-01	-1.51E+00										
3.29E+03	-4.61E-01	-1.52E+00										
3.34E+03	-4.58E-01	-1.53E+00										
3.40E+03	-4.55E-01	-1.55E+00										
3.45E+03	-4.52E-01	-1.56E+00										
3.50E+03	-4.49E-01	-1.57E+00										
3.55E+03	-4.46E-01	-1.58E+00										
3.60E+03	-4.43E-01	-1.59E+00										
3.65E+03	-4.40E-01	-1.61E+00										
3.70E+03	-4.37E-01	-1.62E+00										
3.75E+03	-4.34E-01	-1.63E+00										
3.80E+03	-4.31E-01	-1.64E+00										
3.85E+03	-4.27E-01	-1.65E+00										
3.90E+03	-4.24E-01	-1.66E+00										
3.96E+03	-4.21E-01	-1.67E+00										
4.01E+03	-4.18E-01	-1.68E+00										
4.06E+03	-4.15E-01	-1.68E+00										
4.11E+03	-4.12E-01	-1.69E+00										
4.16E+03	-4.08E-01	-1.70E+00										
4.22E+03	-4.05E-01	-1.71E+00										
4.27E+03	-4.02E-01	-1.71E+00										
4.32E+03	-3.98E-01	-1.72E+00										
4.37E+03	-3.96E-01	-1.73E+00										
4.42E+03	-3.92E-01	-1.73E+00										
4.47E+03	-3.89E-01	-1.74E+00										
4.52E+03	-3.85E-01	-1.74E+00										
4.57E+03	-3.82E-01	-1.75E+00										
4.62E+03	-3.79E-01	-1.75E+00										
4.67E+03	-3.75E-01	-1.75E+00										
4.72E+03	-3.72E-01	-1.76E+00										
4.78E+03	-3.69E-01	-1.76E+00										
4.83E+03	-3.65E-01	-1.76E+00										
4.88E+03	-3.62E-01	-1.77E+00										
4.93E+03	-3.58E-01	-1.76E+00										
4.98E+03	-3.54E-01	-1.77E+00										
5.04E+03	-3.50E-01	-1.76E+00										
5.09E+03	-3.47E-01	-1.76E+00										
5.14E+03	-3.43E-01	-1.76E+00										
5.19E+03	-3.39E-01	-1.76E+00										
5.25E+03	-3.35E-01	-1.76E+00										
5.30E+03	-3.31E-01	-1.75E+00										
5.35E+03	-3.28E-01	-1.75E+00										
5.40E+03	-3.24E-01	-1.75E+00										
5.45E+03	-3.19E-01	-1.74E+00										
5.50E+03	-3.15E-01	-1.73E+00										
5.55E+03	-3.11E-01	-1.73E+00										
5.60E+03	-3.07E-01	-1.72E+00										
5.65E+03	-3.03E-01	-1.71E+00										
5.71E+03	-2.98E-01	-1.70E+00										
5.76E+03	-2.94E-01	-1.69E+00										
5.81E+03	-2.90E-01	-1.68E+00										
5.86E+03	-2.85E-01	-1.67E+00										
5.91E+03	-2.80E-01	-1.66E+00										
5.96E+03	-2.76E-01	-1.64E+00										
6.01E+03	-2.71E-01	-1.63E+00										
6.06E+03	-2.67E-01	-1.62E+00										
6.12E+03	-2.61E-01	-1.60E+00										
6.17E+03	-2.56E-01	-1.58E+00										
6.20E+03	-2.51E-01	-1.56E+00										
0.00E+00	-8.08E-01	0.00E+00										
0.00E+00	-9.04E-01	0.00E+00										
0.00E+00	-9.15E-01	0.00E+00										
0.00E+00	-9.21E-01	0.00E+00										
0.00E+00	-9.25E-01	0.00E+00										
0.00E+00	-9.28E-01	0.00E+00										
5.09E+01	-9.28E-01	-4.72E-02										
1.01E+02	-8.23E-01	-8.33E-02										
1.52E+02	-7.79E-01	-1.19E-01										
2.04E+02	-7.55E-01	-1.54E-01										
2.55E+02	-7.39E-01	-1.88E-01										
3.06E+02	-7.23E-01	-2.21E-01										
3.60E+02	-7.10E-01	-2.55E-01										
4.11E+02	-6.98E-01	-2.87E-01										
4.61E+02	-6.88E-01	-3.17E-01										
5.12E+02	-6.78E-01	-3.47E-01										
5.63E+02	-6.70E-01	-3.77E-01										
6.14E+02	-6.62E-01	-4.07E-01										
6.66E+02	-6.55E-01	-4.36E-01										
7.16E+02	-6.49E-01	-4.65E-01										
7.69E+02	-6.42E-01	-4.94E-01										
8.19E+02	-6.36E-01	-5.21E-01										
8.70E+02	-6.31E-01	-5.48E-01										
9.20E+02	-6.25E-01	-5.75E-01										
9.71E+02	-6.20E-01	-6.02E-01										
1.02E+03	-6.15E-01	-6.28E-01										
1.07E+03	-6.10E-01	-6.55E-01										
1.13E+03	-6.05E-01	-6.83E-01										
1.18E+03	-6.00E-01	-7.08E-01										
1.23E+03	-5.96E-01	-7.32E-01										
1.28E+03	-5.92E-01	-7.58E-01										
1.33E+03	-5.87E-01	-7.82E-01										
1.38E+03	-5.83E-01	-8.06E-01										
1.43E+03	-5.79E-01	-8.30E-01										
1.49E+03	-5.75E-01	-8.54E-01										
1.54E+03	-5.71E-01	-8.78E-01										
1.59E+03	-5.68E-01	-9.01E-01										
1.64E+03	-5.64E-01	-9.25E-01										
1.69E+03	-5.60E-01	-9.47E-01										
1.74E+03	-5.57E-01	-9.70E-01										
1.79E+03	-5.53E-01	-9.92E-01										
1.84E+03	-5.49E-01	-1.01E+00										
1.89E+03	-5.46E-01	-1.03E+00										
1.95E+03	-5.42E-01	-1.06E+00										
2.00E+03	-5.39E-01	-1.08E+00										
2.05E+03	-5.36E-01	-1.10E+00										
2.10E+03	-5.32E-01	-1.12E+00										
2.15E+03	-5.29E-01	-1.14E+00										
2.20E+03	-5.26E-01	-1.16E+00										
2.25E+03	-5.22E-01	-1.18E+00										
2.31E+03	-5.19E-01	-1.20E+00										
2.36E+03	-5.16E-01	-1.22E+00										
2.41E+03	-5.13E-01	-1.24E+00										
2.46E+03	-5.10E-01	-1.25E+00										
2.51E+03	-5.07E-01	-1.27E+00										
2.56E+03	-5.03E-01	-1.29E+00										
2.61E+03	-5.00E-01	-1.31E+00										
2.66E+03	-4.97E-01	-1.32E+00										
2.71E+03	-4.94E-01	-1.34E+00										
2.77E+03	-4.91E-01	-1.36E+00										
2.82E+03	-4.88E-01	-1.38E+00										
2.87E+03	-4.85E-01	-1.39E+00										
2.92E+03	-4.82E-01	-1.41E+00										
2.97E+03	-4.79E-01	-1.42E+00										
3.03E+03	-4.75E-01	-1.44E+00										
3.08E+03	-4.72E-01	-1.45E+00										
3.13E+03	-4.69E-01	-1.47E+00										
3.18E+03	-4.66E-01	-1.48E+00										
3.23E+03	-4.63E-01	-1.50E+00										
3.28E+03	-4.60E-01	-1.51E+00										
3.33E+03	-4.57E-01	-1.52E+00										
3.39E+03	-4.54E-01	-1.54E+00										
3.44E+03	-4.51E-01	-1.55E+00										
3.49E+03	-4.47E-01	-1.56E+00										
3.54E+03	-4.44E-01	-1.57E+00										
3.59E+03	-4.41E-01	-1.59E+00										
3.64E+03	-4.38E-01	-1.60E+00										
3.70E+03	-4.35E-01	-1.61E+00										
3.75E+03	-4.32E-01	-1.62E+00										
3.80E+03	-4.29E-01	-1.63E+00										
3.85E+03	-4.25E-01	-1.64E+00										
3.90E+03	-4.22E-01	-1.65E+00										
3.96E+03	-4.19E-01	-1.66E+00										
4.01E+03	-4.16E-01	-1.67E+00										
4.07E+03	-4.12E-01	-1.68E+00										
4.12E+03	-4.09E-01	-1.68E+00										
4.17E+03	-4.06E-01	-1.69E+00										
4.22E+03	-4.03E-01	-1.70E+00										
4.27E+03	-3.99E-01	-1.70E+00										
4.32E+03	-3.96E-01	-1.71E+00										
4.37E+03	-3.93E-01	-1.72E+00										
4.42E+03	-3.90E-01	-1.72E+00										
4.47E+03	-3.86E-01	-1.73E+00										
4.52E+03	-3.83E-01	-1.73E+00										
4.57E+03	-3.80E-01	-1.74E+00										
4.63E+03	-3.76E-01	-1.74E+00										
4.68E+03	-3.73E-01	-1.74E+00										
4.73E+03	-3.69E-01	-1.75E+00										
4.78E+03	-3.65E-01	-1.75E+00										
4.84E+03	-3.62E-01	-1.75E+00										
4.89E+03	-3.58E-01	-1.75E+00										
4.94E+03	-3.55E-01	-1.75E+00										
4.99E+03	-3.51E-01	-1.75E+00										
5.04E+03	-3.47E-01	-1.75E+00										
5.09E+03	-3.44E-01	-1.75E+00										
5.14E+03	-3.40E-01	-1.75E+00										
5.20E+03	-3.36E-01	-1.75E+00										
5.25E+03	-3.32E-01	-1.74E+00										
5.31E+03	-3.29E-01	-1.74E+00										
5.36E+03	-3.24E-01	-1.73E+00										
5.41E+03	-3.20E-01	-1.73E+00										
5.46E+03	-3.16E-01	-1.72E+00										
5.51E+03	-3.12E-01	-1.72E+00										
5.56E+03	-3.08E-01	-1.71E+00										
5.61E+03	-3.03E-01	-1.70E+00										
5.66E+03	-2.99E-01	-1.69E+00										
5.71E+03	-2.95E-01	-1.68E+00										
5.76E+03	-2.91E-01	-1.68E+00										
5.81E+03	-2.86E-01	-1.66E+00										
5.86E+03	-2.81E-01	-1.65E+00										
5.91E+03	-2.77E-01	-1.64E+00										
5.97E+03	-2.73E-01	-1.63E+00										
6.02E+03	-2.68E-01	-1.61E+00										
6.07E+03	-2.63E-01	-1.59E+00										
6.12E+03	-2.57E-01	-1.57E+00										
6.17E+03	-2.52E-01	-1.56E+00										
6.17E+03	-2.51E-01	-1.55E+00										
0.00E+00	-8.08E-01	0.00E+00										
0.00E+00	-9.04E-01	0.00E+00										
0.00E+00	-9.16E-01	0.00E+00										
0.00E+00	-9.22E-01	0.00E+00										
0.00E+00	-9.25E-01	0.00E+00										
0.00E+00	-9.29E-01	0.00E+00										
4.88E+01	-9.29E-01	-4.54E-02										
1.03E+02	-8.28E-01	-8.56E-02										
1.57E+02	-7.78E-01	-1.22E-01										
2.08E+02	-7.54E-01	-1.57E-01										
2.61E+02	-7.36E-01	-1.92E-01										
3.14E+02	-7.21E-01	-2.26E-01										
3.65E+02	-7.08E-01	-2.58E-01										
4.18E+02	-6.97E-01	-2.91E-01										
4.70E+02	-6.86E-01	-3.22E-01										
5.20E+02	-6.77E-01	-3.52E-01										
5.71E+02	-6.69E-01	-3.82E-01										
6.24E+02	-6.61E-01	-4.12E-01										
6.74E+02	-6.55E-01	-4.41E-01										
7.27E+02	-6.47E-01	-4.71E-01										
7.79E+02	-6.41E-01	-4.99E-01										
8.30E+02	-6.35E-01	-5.27E-01										
8.80E+02	-6.29E-01	-5.54E-01										
9.31E+02	-6.24E-01	-5.80E-01										
9.89E+02	-6.18E-01	-6.11E-01										
1.04E+03	-6.13E-01	-6.37E-01										
1.09E+03	-6.08E-01	-6.63E-01										
1.14E+03	-6.03E-01	-6.88E-01										
1.19E+03	-5.99E-01	-7.13E-01										
1.24E+03	-5.94E-01	-7.40E-01										
1.30E+03	-5.90E-01	-7.65E-01										
1.35E+03	-5.86E-01	-7.90E-01										
1.40E+03	-5.81E-01	-8.13E-01										
1.45E+03	-5.77E-01	-8.37E-01										
1.50E+03	-5.74E-01	-8.62E-01										
1.55E+03	-5.70E-01	-8.84E-01										
1.60E+03	-5.66E-01	-9.07E-01										
1.66E+03	-5.62E-01	-9.31E-01										
1.71E+03	-5.58E-01	-9.53E-01										
1.76E+03	-5.55E-01	-9.75E-01										
1.81E+03	-5.51E-01	-9.96E-01										
1.86E+03	-5.48E-01	-1.02E+00										
1.91E+03	-5.44E-01	-1.04E+00										
1.96E+03	-5.41E-01	-1.06E+00										
2.01E+03	-5.38E-01	-1.08E+00										
2.06E+03	-5.34E-01	-1.10E+00										
2.12E+03	-5.31E-01	-1.12E+00										
2.17E+03	-5.27E-01	-1.14E+00										
2.22E+03	-5.24E-01	-1.16E+00										
2.27E+03	-5.21E-01	-1.18E+00										
2.32E+03	-5.18E-01	-1.20E+00										
2.37E+03	-5.14E-01	-1.22E+00										
2.42E+03	-5.11E-01	-1.24E+00										
2.47E+03	-5.08E-01	-1.26E+00										
2.53E+03	-5.05E-01	-1.28E+00										
2.58E+03	-5.02E-01	-1.30E+00										
2.63E+03	-4.98E-01	-1.31E+00										
2.69E+03	-4.95E-01	-1.33E+00										
2.74E+03	-4.92E-01	-1.35E+00										
2.79E+03	-4.89E-01	-1.36E+00										
2.84E+03	-4.86E-01	-1.38E+00										
2.89E+03	-4.83E-01	-1.40E+00										
2.94E+03	-4.80E-01	-1.41E+00										
2.99E+03	-4.76E-01	-1.43E+00										
3.04E+03	-4.73E-01	-1.44E+00										
3.10E+03	-4.70E-01	-1.46E+00										
3.16E+03	-4.67E-01	-1.47E+00										
3.21E+03	-4.63E-01	-1.49E+00										
3.26E+03	-4.60E-01	-1.50E+00										
3.31E+03	-4.57E-01	-1.51E+00										
3.36E+03	-4.54E-01	-1.53E+00										
3.41E+03	-4.51E-01	-1.54E+00										
3.47E+03	-4.48E-01	-1.55E+00										
3.52E+03	-4.45E-01	-1.56E+00										
3.57E+03	-4.42E-01	-1.58E+00										
3.62E+03	-4.38E-01	-1.59E+00										
3.68E+03	-4.35E-01	-1.60E+00										
3.73E+03	-4.32E-01	-1.61E+00										
3.78E+03	-4.29E-01	-1.62E+00										
3.83E+03	-4.26E-01	-1.63E+00										
3.88E+03	-4.23E-01	-1.64E+00										
3.93E+03	-4.20E-01	-1.65E+00										
3.98E+03	-4.16E-01	-1.66E+00										
4.03E+03	-4.13E-01	-1.67E+00										
4.08E+03	-4.10E-01	-1.67E+00										
4.14E+03	-4.07E-01	-1.68E+00										
4.19E+03	-4.04E-01	-1.69E+00										
4.24E+03	-4.00E-01	-1.70E+00										
4.29E+03	-3.97E-01	-1.70E+00										
4.34E+03	-3.94E-01	-1.71E+00										
4.39E+03	-3.90E-01	-1.71E+00										
4.44E+03	-3.87E-01	-1.72E+00										
4.50E+03	-3.83E-01	-1.72E+00										
4.55E+03	-3.80E-01	-1.73E+00										
4.60E+03	-3.77E-01	-1.73E+00										
4.65E+03	-3.73E-01	-1.74E+00										
4.70E+03	-3.69E-01	-1.74E+00										
4.76E+03	-3.66E-01	-1.74E+00										
4.81E+03	-3.62E-01	-1.74E+00										
4.86E+03	-3.58E-01	-1.74E+00										
4.92E+03	-3.55E-01	-1.74E+00										
4.97E+03	-3.51E-01	-1.74E+00										
5.02E+03	-3.47E-01	-1.74E+00										
5.07E+03	-3.44E-01	-1.74E+00										
5.12E+03	-3.40E-01	-1.74E+00										
5.17E+03	-3.36E-01	-1.74E+00										
5.22E+03	-3.32E-01	-1.74E+00										
5.28E+03	-3.28E-01	-1.73E+00										
5.33E+03	-3.24E-01	-1.73E+00										
5.38E+03	-3.21E-01	-1.72E+00										
5.43E+03	-3.16E-01	-1.72E+00										
5.48E+03	-3.12E-01	-1.71E+00										
5.54E+03	-3.08E-01	-1.71E+00										
5.59E+03	-3.04E-01	-1.70E+00										
5.64E+03	-2.99E-01	-1.69E+00										
5.69E+03	-2.95E-01	-1.68E+00										
5.74E+03	-2.91E-01	-1.67E+00										
5.79E+03	-2.86E-01	-1.66E+00										
5.85E+03	-2.81E-01	-1.65E+00										
5.90E+03	-2.77E-01	-1.63E+00										
5.95E+03	-2.72E-01	-1.62E+00										
6.00E+03	-2.67E-01	-1.60E+00										
6.05E+03	-2.62E-01	-1.58E+00										
6.10E+03	-2.57E-01	-1.57E+00										
6.15E+03	-2.52E-01	-1.55E+00										
6.15E+03	-2.51E-01	-1.55E+00										
0.00E+00	-8.07E-01	0.00E+00										
0.00E+00	-9.04E-01	0.00E+00										
0.00E+00	-9.16E-01	0.00E+00										
0.00E+00	-9.22E-01	0.00E+00										
0.00E+00	-9.25E-01	0.00E+00										
0.00E+00	-9.29E-01	0.00E+00										
4.83E+01	-9.29E-01	-4.49E-02										
9.87E+01	-8.31E-01	-8.20E-02										
1.50E+02	-7.82E-01	-1.17E-01										
2.00E+02	-7.58E-01	-1.52E-01										
2.54E+02	-7.40E-01	-1.88E-01										
3.04E+02	-7.24E-01	-2.20E-01										
3.55E+02	-7.10E-01	-2.52E-01										
4.06E+02	-6.99E-01	-2.84E-01										
4.57E+02	-6.88E-01	-3.14E-01										
5.07E+02	-6.79E-01	-3.44E-01										
5.60E+02	-6.71E-01	-3.75E-01										
6.10E+02	-6.63E-01	-4.04E-01										
6.60E+02	-6.56E-01	-4.33E-01										
7.12E+02	-6.49E-01	-4.62E-01										
7.64E+02	-6.43E-01	-4.91E-01										
8.14E+02	-6.36E-01	-5.18E-01										
8.65E+02	-6.30E-01	-5.45E-01										
9.15E+02	-6.25E-01	-5.72E-01										
9.67E+02	-6.20E-01	-6.00E-01										
1.02E+03	-6.15E-01	-6.26E-01										
1.07E+03	-6.10E-01	-6.52E-01										
1.12E+03	-6.05E-01	-6.78E-01										
1.17E+03	-6.00E-01	-7.04E-01										
1.22E+03	-5.96E-01	-7.29E-01										
1.27E+03	-5.91E-01	-7.54E-01										
1.33E+03	-5.87E-01	-7.79E-01										
1.38E+03	-5.83E-01	-8.04E-01										
1.43E+03	-5.79E-01	-8.27E-01										
1.48E+03	-5.75E-01	-8.51E-01										
1.53E+03	-5.71E-01	-8.76E-01										
1.59E+03	-5.67E-01	-8.99E-01										
1.64E+03	-5.63E-01	-9.23E-01										
1.69E+03	-5.59E-01	-9.45E-01										
1.74E+03	-5.56E-01	-9.67E-01										
1.79E+03	-5.52E-01	-9.90E-01										
1.84E+03	-5.49E-01	-1.01E+00										
1.89E+03	-5.45E-01	-1.03E+00										
1.95E+03	-5.41E-01	-1.05E+00										
2.00E+03	-5.38E-01	-1.07E+00										
2.05E+03	-5.35E-01	-1.10E+00										
2.10E+03	-5.31E-01	-1.12E+00										
2.15E+03	-5.28E-01	-1.14E+00										
2.20E+03	-5.25E-01	-1.16E+00										
2.26E+03	-5.21E-01	-1.18E+00										
2.31E+03	-5.18E-01	-1.20E+00										
2.36E+03	-5.15E-01	-1.21E+00										
2.41E+03	-5.12E-01	-1.23E+00										
2.46E+03	-5.08E-01	-1.25E+00										
2.51E+03	-5.05E-01	-1.27E+00										
2.56E+03	-5.02E-01	-1.29E+00										
2.62E+03	-4.99E-01	-1.31E+00										
2.67E+03	-4.96E-01	-1.32E+00										
2.72E+03	-4.92E-01	-1.34E+00										
2.77E+03	-4.89E-01	-1.36E+00										
2.83E+03	-4.86E-01	-1.37E+00										
2.88E+03	-4.83E-01	-1.39E+00										
2.93E+03	-4.80E-01	-1.41E+00										
2.98E+03	-4.77E-01	-1.42E+00										
3.03E+03	-4.74E-01	-1.44E+00										
3.08E+03	-4.70E-01	-1.45E+00										
3.14E+03	-4.68E-01	-1.47E+00										
3.19E+03	-4.64E-01	-1.48E+00										
3.24E+03	-4.61E-01	-1.49E+00										
3.29E+03	-4.58E-01	-1.51E+00										
3.35E+03	-4.55E-01	-1.52E+00										
3.40E+03	-4.52E-01	-1.53E+00										
3.45E+03	-4.49E-01	-1.55E+00										
3.50E+03	-4.45E-01	-1.56E+00										
3.55E+03	-4.42E-01	-1.57E+00										
3.60E+03	-4.39E-01	-1.58E+00										
3.65E+03	-4.36E-01	-1.59E+00										
3.70E+03	-4.33E-01	-1.60E+00										
3.75E+03	-4.30E-01	-1.61E+00										
3.80E+03	-4.27E-01	-1.63E+00										
3.86E+03	-4.24E-01	-1.63E+00										
3.91E+03	-4.21E-01	-1.65E+00										
3.96E+03	-4.18E-01	-1.65E+00										
4.01E+03	-4.15E-01	-1.66E+00										
4.06E+03	-4.11E-01	-1.67E+00										
4.12E+03	-4.08E-01	-1.68E+00										
4.17E+03	-4.05E-01	-1.69E+00										
4.22E+03	-4.02E-01	-1.69E+00										
4.27E+03	-3.98E-01	-1.70E+00										
4.32E+03	-3.95E-01	-1.71E+00										
4.37E+03	-3.91E-01	-1.71E+00										
4.43E+03	-3.88E-01	-1.72E+00										
4.48E+03	-3.85E-01	-1.72E+00										
4.53E+03	-3.82E-01	-1.73E+00										
4.58E+03	-3.78E-01	-1.73E+00										
4.63E+03	-3.75E-01	-1.74E+00										
4.68E+03	-3.72E-01	-1.74E+00										
4.73E+03	-3.68E-01	-1.74E+00										
4.78E+03	-3.64E-01	-1.74E+00										
4.83E+03	-3.61E-01	-1.74E+00										
4.89E+03	-3.57E-01	-1.74E+00										
4.94E+03	-3.53E-01	-1.74E+00										
4.99E+03	-3.50E-01	-1.74E+00										
5.04E+03	-3.46E-01	-1.74E+00										
5.09E+03	-3.42E-01	-1.74E+00										
5.14E+03	-3.39E-01	-1.74E+00										
5.19E+03	-3.34E-01	-1.74E+00										
5.25E+03	-3.30E-01	-1.73E+00										
5.30E+03	-3.27E-01	-1.73E+00										
5.35E+03	-3.23E-01	-1.73E+00										
5.40E+03	-3.19E-01	-1.72E+00										
5.45E+03	-3.16E-01	-1.72E+00										
5.51E+03	-3.11E-01	-1.71E+00										
5.56E+03	-3.07E-01	-1.71E+00										
5.61E+03	-3.03E-01	-1.70E+00										
5.66E+03	-3.00E-01	-1.70E+00										
5.71E+03	-2.96E-01	-1.69E+00										
5.76E+03	-2.90E-01	-1.67E+00										
5.81E+03	-2.85E-01	-1.66E+00										
5.87E+03	-2.81E-01	-1.65E+00										
5.92E+03	-2.76E-01	-1.63E+00										
5.97E+03	-2.71E-01	-1.62E+00										
6.02E+03	-2.66E-01	-1.60E+00										
6.07E+03	-2.61E-01	-1.59E+00										
6.13E+03	-2.56E-01	-1.57E+00										
6.16E+03	-2.52E-01	-1.55E+00										
0.00E+00	-8.07E-01	0.00E+00										
0.00E+00	-9.03E-01	0.00E+00										
0.00E+00	-9.15E-01	0.00E+00										
0.00E+00	-9.21E-01	0.00E+00										
0.00E+00	-9.25E-01	0.00E+00										
0.00E+00	-9.28E-01	0.00E+00										
5.29E+01	-9.28E-01	-4.91E-02										
1.06E+02	-8.18E-01	-8.65E-02										
1.58E+02	-7.77E-01	-1.23E-01										
2.09E+02	-7.54E-01	-1.57E-01										
2.61E+02	-7.36E-01	-1.92E-01										
3.14E+02	-7.20E-01	-2.26E-01										
3.69E+02	-7.07E-01	-2.61E-01										
4.21E+02	-6.95E-01	-2.92E-01										
4.71E+02	-6.85E-01	-3.23E-01										
5.23E+02	-6.76E-01	-3.53E-01										
5.73E+02	-6.68E-01	-3.83E-01										
6.26E+02	-6.61E-01	-4.14E-01										
6.79E+02	-6.53E-01	-4.44E-01										
7.33E+02	-6.47E-01	-4.74E-01										
7.84E+02	-6.40E-01	-5.02E-01										
8.36E+02	-6.34E-01	-5.30E-01										
8.89E+02	-6.29E-01	-5.59E-01										
9.41E+02	-6.23E-01	-5.86E-01										
9.92E+02	-6.18E-01	-6.13E-01										
1.04E+03	-6.13E-01	-6.39E-01										
1.09E+03	-6.08E-01	-6.64E-01										
1.14E+03	-6.04E-01	-6.90E-01										
1.19E+03	-6.00E-01	-7.15E-01										
1.25E+03	-5.95E-01	-7.41E-01										
1.30E+03	-5.91E-01	-7.66E-01										
1.35E+03	-5.86E-01	-7.90E-01										
1.40E+03	-5.82E-01	-8.15E-01										
1.45E+03	-5.79E-01	-8.39E-01										
1.51E+03	-5.75E-01	-8.65E-01										
1.56E+03	-5.71E-01	-8.89E-01										
1.61E+03	-5.66E-01	-9.11E-01										
1.66E+03	-5.63E-01	-9.35E-01										
1.71E+03	-5.59E-01	-9.57E-01										
1.76E+03	-5.56E-01	-9.79E-01										
1.81E+03	-5.52E-01	-1.00E+00										
1.86E+03	-5.49E-01	-1.02E+00										
1.92E+03	-5.46E-01	-1.05E+00										
1.97E+03	-5.42E-01	-1.07E+00										
2.02E+03	-5.39E-01	-1.09E+00										
2.07E+03	-5.35E-01	-1.11E+00										
2.12E+03	-5.32E-01	-1.13E+00										
2.18E+03	-5.28E-01	-1.15E+00										
2.23E+03	-5.25E-01	-1.17E+00										
2.28E+03	-5.22E-01	-1.19E+00										
2.33E+03	-5.19E-01	-1.21E+00										
2.38E+03	-5.16E-01	-1.23E+00										
2.43E+03	-5.12E-01	-1.25E+00										
2.48E+03	-5.09E-01	-1.26E+00										
2.53E+03	-5.07E-01	-1.28E+00										
2.59E+03	-5.03E-01	-1.30E+00										
2.64E+03	-5.00E-01	-1.32E+00										
2.69E+03	-4.97E-01	-1.33E+00										
2.74E+03	-4.94E-01	-1.35E+00										
2.79E+03	-4.91E-01	-1.37E+00										
2.84E+03	-4.88E-01	-1.39E+00										
2.89E+03	-4.85E-01	-1.40E+00										
2.94E+03	-4.81E-01	-1.42E+00										
2.99E+03	-4.78E-01	-1.43E+00										
3.05E+03	-4.75E-01	-1.45E+00										
3.10E+03	-4.72E-01	-1.46E+00										
3.15E+03	-4.69E-01	-1.48E+00										
3.20E+03	-4.66E-01	-1.49E+00										
3.25E+03	-4.63E-01	-1.50E+00										
3.30E+03	-4.60E-01	-1.52E+00										
3.35E+03	-4.57E-01	-1.53E+00										
3.41E+03	-4.54E-01	-1.55E+00										
3.46E+03	-4.50E-01	-1.56E+00										
3.51E+03	-4.47E-01	-1.57E+00										
3.57E+03	-4.44E-01	-1.58E+00										
3.62E+03	-4.41E-01	-1.60E+00										
3.67E+03	-4.38E-01	-1.61E+00										
3.72E+03	-4.35E-01	-1.62E+00										
3.77E+03	-4.31E-01	-1.63E+00										
3.83E+03	-4.28E-01	-1.64E+00										
3.88E+03	-4.25E-01	-1.65E+00										
3.93E+03	-4.22E-01	-1.66E+00										
3.98E+03	-4.19E-01	-1.67E+00										
4.03E+03	-4.16E-01	-1.68E+00										
4.08E+03	-4.13E-01	-1.69E+00										
4.13E+03	-4.09E-01	-1.69E+00										
4.19E+03	-4.06E-01	-1.70E+00										
4.24E+03	-4.03E-01	-1.71E+00										
4.29E+03	-4.00E-01	-1.71E+00										
4.34E+03	-3.96E-01	-1.72E+00										
4.39E+03	-3.93E-01	-1.73E+00										
4.44E+03	-3.90E-01	-1.73E+00										
4.50E+03	-3.87E-01	-1.74E+00										
4.55E+03	-3.83E-01	-1.74E+00										
4.60E+03	-3.79E-01	-1.75E+00										
4.65E+03	-3.76E-01	-1.75E+00										
4.70E+03	-3.72E-01	-1.75E+00										
4.75E+03	-3.69E-01	-1.75E+00										
4.81E+03	-3.65E-01	-1.76E+00										
4.86E+03	-3.62E-01	-1.76E+00										
4.91E+03	-3.58E-01	-1.76E+00										
4.96E+03	-3.55E-01	-1.76E+00										
5.02E+03	-3.51E-01	-1.76E+00										
5.07E+03	-3.47E-01	-1.76E+00										
5.12E+03	-3.43E-01	-1.76E+00										
5.17E+03	-3.40E-01	-1.76E+00										
5.22E+03	-3.36E-01	-1.76E+00										
5.27E+03	-3.32E-01	-1.75E+00										
5.32E+03	-3.28E-01	-1.75E+00										
5.38E+03	-3.25E-01	-1.75E+00										
5.43E+03	-3.20E-01	-1.74E+00										
5.48E+03	-3.16E-01	-1.73E+00										
5.53E+03	-3.13E-01	-1.73E+00										
5.58E+03	-3.07E-01	-1.72E+00										
5.63E+03	-3.04E-01	-1.71E+00										
5.68E+03	-2.99E-01	-1.70E+00										
5.73E+03	-2.94E-01	-1.69E+00										
5.79E+03	-2.90E-01	-1.68E+00										
5.84E+03	-2.86E-01	-1.67E+00										
5.89E+03	-2.81E-01	-1.66E+00										
5.94E+03	-2.76E-01	-1.64E+00										
5.99E+03	-2.72E-01	-1.63E+00										
6.04E+03	-2.67E-01	-1.61E+00										
6.09E+03	-2.62E-01	-1.60E+00										
6.14E+03	-2.57E-01	-1.58E+00										
6.20E+03	-2.52E-01	-1.56E+00										
6.19E+03	-2.51E-01	-1.56E+00										
0.00E+00	-8.08E-01	0.00E+00										
0.00E+00	-9.03E-01	0.00E+00										
0.00E+00	-9.15E-01	0.00E+00										
0.00E+00	-9.21E-01	0.00E+00										
0.00E+00	-9.25E-01	0.00E+00										
0.00E+00	-9.28E-01	0.00E+00										
5.19E+01	-9.29E-01	-4.82E-02										
1.03E+02	-8.18E-01	-8.45E-02										
1.55E+02	-7.78E-01	-1.21E-01										
2.06E+02	-7.56E-01	-1.55E-01										
2.57E+02	-7.38E-01	-1.89E-01										
3.08E+02	-7.22E-01	-2.23E-01										
3.60E+02	-7.09E-01	-2.55E-01										
4.12E+02	-6.97E-01	-2.87E-01										
4.62E+02	-6.89E-01	-3.18E-01										
5.14E+02	-6.78E-01	-3.48E-01										
5.64E+02	-6.70E-01	-3.78E-01										
6.15E+02	-6.62E-01	-4.07E-01										
6.66E+02	-6.55E-01	-4.36E-01										
7.16E+02	-6.48E-01	-4.64E-01										
7.69E+02	-6.42E-01	-4.93E-01										
8.20E+02	-6.36E-01	-5.22E-01										
8.71E+02	-6.30E-01	-5.49E-01										
9.22E+02	-6.25E-01	-5.76E-01										
9.75E+02	-6.19E-01	-6.04E-01										
1.03E+03	-6.14E-01	-6.33E-01										
1.08E+03	-6.09E-01	-6.60E-01										
1.13E+03	-6.04E-01	-6.85E-01										
1.19E+03	-6.00E-01	-7.11E-01										
1.24E+03	-5.95E-01	-7.36E-01										
1.29E+03	-5.91E-01	-7.60E-01										
1.34E+03	-5.86E-01	-7.85E-01										
1.39E+03	-5.82E-01	-8.08E-01										
1.44E+03	-5.78E-01	-8.33E-01										
1.49E+03	-5.74E-01	-8.58E-01										
1.54E+03	-5.70E-01	-8.81E-01										
1.60E+03	-5.67E-01	-9.04E-01										
1.65E+03	-5.63E-01	-9.27E-01										
1.70E+03	-5.59E-01	-9.50E-01										
1.75E+03	-5.56E-01	-9.72E-01										
1.80E+03	-5.52E-01	-9.94E-01										
1.85E+03	-5.49E-01	-1.02E+00										
1.90E+03	-5.45E-01	-1.04E+00										
1.96E+03	-5.42E-01	-1.06E+00										
2.01E+03	-5.38E-01	-1.08E+00										
2.06E+03	-5.34E-01	-1.10E+00										
2.12E+03	-5.31E-01	-1.12E+00										
2.17E+03	-5.28E-01	-1.14E+00										
2.22E+03	-5.24E-01	-1.16E+00										
2.27E+03	-5.21E-01	-1.18E+00										
2.32E+03	-5.18E-01	-1.20E+00										
2.37E+03	-5.15E-01	-1.22E+00										
2.42E+03	-5.12E-01	-1.24E+00										
2.47E+03	-5.08E-01	-1.26E+00										
2.52E+03	-5.06E-01	-1.28E+00										
2.58E+03	-5.02E-01	-1.29E+00										
2.63E+03	-4.99E-01	-1.31E+00										
2.68E+03	-4.96E-01	-1.33E+00										
2.73E+03	-4.93E-01	-1.35E+00										
2.78E+03	-4.90E-01	-1.36E+00										
2.83E+03	-4.87E-01	-1.38E+00										
2.88E+03	-4.84E-01	-1.40E+00										
2.94E+03	-4.81E-01	-1.41E+00										
2.99E+03	-4.77E-01	-1.43E+00										
3.04E+03	-4.74E-01	-1.44E+00										
3.09E+03	-4.71E-01	-1.46E+00										
3.15E+03	-4.68E-01	-1.47E+00										
3.20E+03	-4.65E-01	-1.49E+00										
3.25E+03	-4.62E-01	-1.50E+00										
3.30E+03	-4.59E-01	-1.52E+00										
3.35E+03	-4.56E-01	-1.53E+00										
3.41E+03	-4.53E-01	-1.54E+00										
3.46E+03	-4.49E-01	-1.55E+00										
3.51E+03	-4.46E-01	-1.57E+00										
3.56E+03	-4.43E-01	-1.58E+00										
3.61E+03	-4.40E-01	-1.59E+00										
3.66E+03	-4.37E-01	-1.60E+00										
3.71E+03	-4.34E-01	-1.61E+00										
3.76E+03	-4.31E-01	-1.62E+00										
3.82E+03	-4.28E-01	-1.63E+00										
3.87E+03	-4.25E-01	-1.64E+00										
3.92E+03	-4.21E-01	-1.65E+00										
3.97E+03	-4.18E-01	-1.66E+00										
4.02E+03	-4.15E-01	-1.67E+00										
4.07E+03	-4.12E-01	-1.68E+00										
4.13E+03	-4.09E-01	-1.69E+00										
4.18E+03	-4.06E-01	-1.69E+00										
4.23E+03	-4.02E-01	-1.70E+00										
4.28E+03	-3.99E-01	-1.71E+00										
4.33E+03	-3.96E-01	-1.71E+00										
4.39E+03	-3.92E-01	-1.72E+00										
4.44E+03	-3.89E-01	-1.72E+00										
4.49E+03	-3.86E-01	-1.73E+00										
4.54E+03	-3.82E-01	-1.73E+00										
4.59E+03	-3.79E-01	-1.74E+00										
4.64E+03	-3.76E-01	-1.74E+00										
4.70E+03	-3.72E-01	-1.75E+00										
4.75E+03	-3.69E-01	-1.75E+00										
4.80E+03	-3.65E-01	-1.75E+00										
4.85E+03	-3.61E-01	-1.75E+00										
4.91E+03	-3.57E-01	-1.75E+00										
4.96E+03	-3.54E-01	-1.75E+00										
5.01E+03	-3.50E-01	-1.75E+00										
5.06E+03	-3.47E-01	-1.75E+00										
5.11E+03	-3.43E-01	-1.75E+00										
5.16E+03	-3.39E-01	-1.75E+00										
5.22E+03	-3.35E-01	-1.75E+00										
5.27E+03	-3.31E-01	-1.74E+00										
5.32E+03	-3.27E-01	-1.74E+00										
5.37E+03	-3.24E-01	-1.74E+00										
5.42E+03	-3.19E-01	-1.73E+00										
5.47E+03	-3.15E-01	-1.73E+00										
5.52E+03	-3.11E-01	-1.72E+00										
5.58E+03	-3.07E-01	-1.71E+00										
5.63E+03	-3.03E-01	-1.71E+00										
5.68E+03	-2.98E-01	-1.69E+00										
5.73E+03	-2.94E-01	-1.69E+00										
5.78E+03	-2.90E-01	-1.67E+00										
5.83E+03	-2.85E-01	-1.66E+00										
5.89E+03	-2.81E-01	-1.65E+00										
5.94E+03	-2.76E-01	-1.64E+00										
5.99E+03	-2.71E-01	-1.62E+00										
6.04E+03	-2.66E-01	-1.61E+00										
6.09E+03	-2.61E-01	-1.59E+00										
6.14E+03	-2.57E-01	-1.58E+00										
6.18E+03	-2.51E-01	-1.55E+00										
0.00E+00	-8.08E-01	0.00E+00										
0.00E+00	-9.04E-01	0.00E+00										
0.00E+00	-9.16E-01	0.00E+00										
0.00E+00	-9.22E-01	0.00E+00										
0.00E+00	-9.25E-01	0.00E+00										
0.00E+00	-9.29E-01	0.00E+00										
5.09E+01	-9.29E-01	-4.72E-02										
1.02E+02	-8.19E-01	-8.33E-02										
1.55E+02	-7.80E-01	-1.21E-01										
2.07E+02	-7.54E-01	-1.56E-01										
2.58E+02	-7.37E-01	-1.90E-01										
3.10E+02	-7.21E-01	-2.23E-01										
3.64E+02	-7.09E-01	-2.58E-01										
4.17E+02	-6.97E-01	-2.91E-01										
4.72E+02	-6.87E-01	-3.24E-01										
5.22E+02	-6.77E-01	-3.53E-01										
5.73E+02	-6.69E-01	-3.83E-01										
6.24E+02	-6.61E-01	-4.12E-01										
6.74E+02	-6.54E-01	-4.41E-01										
7.26E+02	-6.47E-01	-4.69E-01										
7.77E+02	-6.41E-01	-4.98E-01										
8.27E+02	-6.34E-01	-5.25E-01										
8.78E+02	-6.29E-01	-5.52E-01										
9.28E+02	-6.23E-01	-5.79E-01										
9.80E+02	-6.19E-01	-6.06E-01										
1.03E+03	-6.14E-01	-6.33E-01										
1.08E+03	-6.08E-01	-6.59E-01										
1.13E+03	-6.03E-01	-6.84E-01										
1.19E+03	-5.99E-01	-7.11E-01										
1.24E+03	-5.94E-01	-7.35E-01										
1.29E+03	-5.90E-01	-7.63E-01										
1.34E+03	-5.86E-01	-7.87E-01										
1.39E+03	-5.82E-01	-8.11E-01										
1.45E+03	-5.78E-01	-8.35E-01										
1.50E+03	-5.73E-01	-8.58E-01										
1.55E+03	-5.70E-01	-8.81E-01										
1.60E+03	-5.66E-01	-9.04E-01										
1.65E+03	-5.62E-01	-9.27E-01										
1.70E+03	-5.59E-01	-9.50E-01										
1.75E+03	-5.55E-01	-9.73E-01										
1.81E+03	-5.52E-01	-9.96E-01										
1.86E+03	-5.48E-01	-1.02E+00										
1.91E+03	-5.44E-01	-1.04E+00										
1.96E+03	-5.41E-01	-1.06E+00										
2.01E+03	-5.38E-01	-1.08E+00										
2.06E+03	-5.35E-01	-1.10E+00										
2.11E+03	-5.31E-01	-1.12E+00										
2.16E+03	-5.28E-01	-1.14E+00										
2.22E+03	-5.25E-01	-1.16E+00										
2.27E+03	-5.22E-01	-1.18E+00										
2.32E+03	-5.18E-01	-1.20E+00										
2.37E+03	-5.15E-01	-1.22E+00										
2.42E+03	-5.12E-01	-1.24E+00										
2.47E+03	-5.09E-01	-1.26E+00										
2.52E+03	-5.06E-01	-1.28E+00										
2.57E+03	-5.03E-01	-1.29E+00										
2.63E+03	-5.00E-01	-1.31E+00										
2.68E+03	-4.96E-01	-1.33E+00										
2.73E+03	-4.93E-01	-1.35E+00										
2.79E+03	-4.90E-01	-1.37E+00										
2.84E+03	-4.87E-01	-1.38E+00										
2.89E+03	-4.84E-01	-1.40E+00										
2.94E+03	-4.81E-01	-1.41E+00										
2.99E+03	-4.78E-01	-1.43E+00										
3.04E+03	-4.75E-01	-1.44E+00										
3.09E+03	-4.72E-01	-1.46E+00										
3.15E+03	-4.69E-01	-1.47E+00										
3.20E+03	-4.66E-01	-1.49E+00										
3.25E+03	-4.63E-01	-1.50E+00										
3.30E+03	-4.60E-01	-1.52E+00										
3.35E+03	-4.56E-01	-1.53E+00										
3.40E+03	-4.53E-01	-1.54E+00										
3.46E+03	-4.50E-01	-1.56E+00										
3.51E+03	-4.47E-01	-1.57E+00										
3.56E+03	-4.44E-01	-1.58E+00										
3.61E+03	-4.41E-01	-1.59E+00										
3.66E+03	-4.38E-01	-1.60E+00										
3.71E+03	-4.35E-01	-1.61E+00										
3.76E+03	-4.32E-01	-1.62E+00										
3.81E+03	-4.29E-01	-1.64E+00										
3.86E+03	-4.26E-01	-1.64E+00										
3.92E+03	-4.23E-01	-1.65E+00										
3.97E+03	-4.19E-01	-1.67E+00										
4.02E+03	-4.16E-01	-1.67E+00										
4.08E+03	-4.13E-01	-1.68E+00										
4.13E+03	-4.10E-01	-1.69E+00										
4.18E+03	-4.07E-01	-1.70E+00										
4.23E+03	-4.03E-01	-1.71E+00										
4.28E+03	-4.00E-01	-1.71E+00										
4.33E+03	-3.97E-01	-1.72E+00										
4.38E+03	-3.93E-01	-1.72E+00										
4.43E+03	-3.90E-01	-1.73E+00										
4.49E+03	-3.87E-01	-1.74E+00										
4.54E+03	-3.84E-01	-1.74E+00										
4.59E+03	-3.80E-01	-1.74E+00										
4.64E+03	-3.77E-01	-1.75E+00										
4.69E+03	-3.74E-01	-1.75E+00										
4.74E+03	-3.70E-01	-1.76E+00										
4.79E+03	-3.67E-01	-1.76E+00										
4.85E+03	-3.63E-01	-1.76E+00										
4.90E+03	-3.60E-01	-1.76E+00										
4.95E+03	-3.56E-01	-1.76E+00										
5.00E+03	-3.52E-01	-1.76E+00										
5.06E+03	-3.49E-01	-1.76E+00										
5.11E+03	-3.44E-01	-1.76E+00										
5.16E+03	-3.40E-01	-1.76E+00										
5.21E+03	-3.37E-01	-1.76E+00										
5.26E+03	-3.33E-01	-1.75E+00										
5.31E+03	-3.29E-01	-1.75E+00										
5.37E+03	-3.26E-01	-1.75E+00										
5.42E+03	-3.21E-01	-1.74E+00										
5.47E+03	-3.17E-01	-1.73E+00										
5.52E+03	-3.13E-01	-1.73E+00										
5.57E+03	-3.09E-01	-1.72E+00										
5.62E+03	-3.05E-01	-1.71E+00										
5.67E+03	-3.01E-01	-1.71E+00										
5.72E+03	-2.96E-01	-1.70E+00										
5.78E+03	-2.93E-01	-1.69E+00										
5.83E+03	-2.88E-01	-1.68E+00										
5.88E+03	-2.83E-01	-1.66E+00										
5.93E+03	-2.79E-01	-1.65E+00										
5.98E+03	-2.74E-01	-1.64E+00										
6.04E+03	-2.69E-01	-1.62E+00										
6.09E+03	-2.64E-01	-1.61E+00										
6.14E+03	-2.60E-01	-1.59E+00										
6.19E+03	-2.54E-01	-1.57E+00										
6.21E+03	-2.52E-01	-1.56E+00										
0.00E+00	-8.08E-01	0.00E+00										
0.00E+00	-9.03E-01	0.00E+00										
0.00E+00	-9.15E-01	0.00E+00										
0.00E+00	-9.21E-01	0.00E+00										
0.00E+00	-9.25E-01	0.00E+00										
0.00E+00	-9.28E-01	0.00E+00										
5.34E+01	-9.29E-01	-4.96E-02										
1.05E+02	-8.17E-01	-8.60E-02										
1.56E+02	-7.78E-01	-1.21E-01										
2.06E+02	-7.54E-01	-1.55E-01										
2.57E+02	-7.37E-01	-1.89E-01										
3.07E+02	-7.22E-01	-2.22E-01										
3.58E+02	-7.09E-01	-2.54E-01										
4.08E+02	-6.98E-01	-2.85E-01										
4.59E+02	-6.88E-01	-3.16E-01										
5.10E+02	-6.79E-01	-3.46E-01										
5.66E+02	-6.70E-01	-3.79E-01										
6.17E+02	-6.62E-01	-4.08E-01										
6.67E+02	-6.55E-01	-4.37E-01										
7.20E+02	-6.48E-01	-4.66E-01										
7.70E+02	-6.42E-01	-4.94E-01										
8.22E+02	-6.35E-01	-5.22E-01										
8.74E+02	-6.30E-01	-5.51E-01										
9.25E+02	-6.24E-01	-5.78E-01										
9.81E+02	-6.19E-01	-6.07E-01										
1.03E+03	-6.14E-01	-6.34E-01										
1.09E+03	-6.09E-01	-6.61E-01										
1.14E+03	-6.04E-01	-6.88E-01										
1.19E+03	-5.99E-01	-7.14E-01										
1.24E+03	-5.94E-01	-7.39E-01										
1.29E+03	-5.90E-01	-7.63E-01										
1.34E+03	-5.86E-01	-7.88E-01										
1.40E+03	-5.82E-01	-8.13E-01										
1.45E+03	-5.78E-01	-8.37E-01										
1.50E+03	-5.74E-01	-8.61E-01										
1.55E+03	-5.70E-01	-8.84E-01										
1.60E+03	-5.67E-01	-9.08E-01										
1.65E+03	-5.63E-01	-9.31E-01										
1.70E+03	-5.59E-01	-9.53E-01										
1.76E+03	-5.56E-01	-9.76E-01										
1.81E+03	-5.52E-01	-9.98E-01										
1.86E+03	-5.49E-01	-1.02E+00										
1.91E+03	-5.45E-01	-1.04E+00										
1.96E+03	-5.42E-01	-1.06E+00										
2.01E+03	-5.38E-01	-1.08E+00										
2.06E+03	-5.35E-01	-1.10E+00										
2.11E+03	-5.31E-01	-1.12E+00										
2.16E+03	-5.28E-01	-1.14E+00										
2.22E+03	-5.25E-01	-1.16E+00										
2.27E+03	-5.22E-01	-1.18E+00										
2.32E+03	-5.18E-01	-1.20E+00										
2.37E+03	-5.15E-01	-1.22E+00										
2.42E+03	-5.12E-01	-1.24E+00										
2.47E+03	-5.09E-01	-1.26E+00										
2.52E+03	-5.06E-01	-1.28E+00										
2.57E+03	-5.03E-01	-1.29E+00										
2.62E+03	-5.00E-01	-1.31E+00										
2.68E+03	-4.97E-01	-1.33E+00										
2.73E+03	-4.93E-01	-1.35E+00										
2.78E+03	-4.90E-01	-1.36E+00										
2.83E+03	-4.87E-01	-1.38E+00										
2.88E+03	-4.84E-01	-1.39E+00										
2.93E+03	-4.81E-01	-1.41E+00										
2.99E+03	-4.78E-01	-1.43E+00										
3.04E+03	-4.75E-01	-1.44E+00										
3.09E+03	-4.71E-01	-1.46E+00										
3.15E+03	-4.68E-01	-1.47E+00										
3.20E+03	-4.65E-01	-1.49E+00										
3.25E+03	-4.62E-01	-1.50E+00										
3.30E+03	-4.59E-01	-1.52E+00										
3.36E+03	-4.56E-01	-1.53E+00										
3.41E+03	-4.53E-01	-1.54E+00										
3.46E+03	-4.49E-01	-1.55E+00										
3.51E+03	-4.46E-01	-1.57E+00										
3.57E+03	-4.43E-01	-1.58E+00										
3.62E+03	-4.40E-01	-1.59E+00										
3.67E+03	-4.37E-01	-1.60E+00										
3.72E+03	-4.34E-01	-1.62E+00										
3.78E+03	-4.31E-01	-1.63E+00										
3.83E+03	-4.27E-01	-1.63E+00										
3.88E+03	-4.24E-01	-1.64E+00										
3.93E+03	-4.21E-01	-1.65E+00										
3.98E+03	-4.18E-01	-1.66E+00										
4.03E+03	-4.15E-01	-1.67E+00										
4.09E+03	-4.12E-01	-1.68E+00										
4.14E+03	-4.08E-01	-1.69E+00										
4.19E+03	-4.05E-01	-1.70E+00										
4.24E+03	-4.02E-01	-1.70E+00										
4.29E+03	-3.99E-01	-1.71E+00										
4.34E+03	-3.95E-01	-1.72E+00										
4.40E+03	-3.92E-01	-1.72E+00										
4.45E+03	-3.88E-01	-1.73E+00										
4.50E+03	-3.85E-01	-1.73E+00										
4.55E+03	-3.82E-01	-1.74E+00										
4.60E+03	-3.78E-01	-1.74E+00										
4.66E+03	-3.75E-01	-1.74E+00										
4.71E+03	-3.71E-01	-1.75E+00										
4.76E+03	-3.67E-01	-1.75E+00										
4.81E+03	-3.64E-01	-1.75E+00										
4.86E+03	-3.61E-01	-1.75E+00										
4.91E+03	-3.57E-01	-1.75E+00										
4.96E+03	-3.54E-01	-1.76E+00										
5.01E+03	-3.49E-01	-1.75E+00										
5.07E+03	-3.46E-01	-1.75E+00										
5.12E+03	-3.42E-01	-1.75E+00										
5.17E+03	-3.39E-01	-1.75E+00										
5.22E+03	-3.35E-01	-1.75E+00										
5.27E+03	-3.31E-01	-1.74E+00										
5.32E+03	-3.27E-01	-1.74E+00										
5.37E+03	-3.24E-01	-1.74E+00										
5.43E+03	-3.19E-01	-1.73E+00										
5.48E+03	-3.15E-01	-1.73E+00										
5.53E+03	-3.11E-01	-1.72E+00										
5.58E+03	-3.07E-01	-1.71E+00										
5.63E+03	-3.02E-01	-1.70E+00										
5.68E+03	-2.99E-01	-1.70E+00										
5.73E+03	-2.94E-01	-1.68E+00										
5.78E+03	-2.90E-01	-1.67E+00										
5.83E+03	-2.85E-01	-1.66E+00										
5.88E+03	-2.81E-01	-1.65E+00										
5.94E+03	-2.77E-01	-1.64E+00										
5.99E+03	-2.71E-01	-1.62E+00										
6.04E+03	-2.66E-01	-1.61E+00										
6.09E+03	-2.61E-01	-1.59E+00										
6.14E+03	-2.56E-01	-1.57E+00										
6.19E+03	-2.51E-01	-1.56E+00										
0.00E+00	-8.07E-01	0.00E+00										
0.00E+00	-9.03E-01	0.00E+00										
0.00E+00	-9.16E-01	0.00E+00										
0.00E+00	-9.22E-01	0.00E+00										
0.00E+00	-9.25E-01	0.00E+00										
0.00E+00	-9.29E-01	0.00E+00										
4.98E+01	-9.29E-01	-4.63E-02										
1.03E+02	-8.22E-01	-8.45E-02										
1.54E+02	-7.78E-01	-1.20E-01										
2.06E+02	-7.55E-01	-1.55E-01										
2.56E+02	-7.36E-01	-1.89E-01										
3.09E+02	-7.22E-01	-2.23E-01										
3.60E+02	-7.10E-01	-2.56E-01										
4.11E+02	-6.98E-01	-2.87E-01										
4.62E+02	-6.87E-01	-3.18E-01										
5.14E+02	-6.78E-01	-3.48E-01										
5.65E+02	-6.69E-01	-3.78E-01										
6.22E+02	-6.62E-01	-4.11E-01										
6.73E+02	-6.54E-01	-4.40E-01										
7.25E+02	-6.47E-01	-4.69E-01										
7.79E+02	-6.41E-01	-4.99E-01										
8.31E+02	-6.34E-01	-5.27E-01										
8.81E+02	-6.28E-01	-5.54E-01										
9.33E+02	-6.23E-01	-5.81E-01										
9.83E+02	-6.18E-01	-6.08E-01										
1.03E+03	-6.13E-01	-6.34E-01										
1.09E+03	-6.08E-01	-6.60E-01										
1.14E+03	-6.03E-01	-6.86E-01										
1.19E+03	-5.99E-01	-7.12E-01										
1.24E+03	-5.94E-01	-7.37E-01										
1.29E+03	-5.90E-01	-7.62E-01										
1.34E+03	-5.86E-01	-7.86E-01										
1.39E+03	-5.82E-01	-8.10E-01										
1.44E+03	-5.78E-01	-8.34E-01										
1.49E+03	-5.74E-01	-8.57E-01										
1.55E+03	-5.70E-01	-8.83E-01										
1.60E+03	-5.66E-01	-9.06E-01										
1.65E+03	-5.62E-01	-9.28E-01										
1.70E+03	-5.59E-01	-9.52E-01										
1.76E+03	-5.55E-01	-9.75E-01										
1.81E+03	-5.51E-01	-9.98E-01										
1.87E+03	-5.48E-01	-1.02E+00										
1.92E+03	-5.44E-01	-1.04E+00										
1.97E+03	-5.40E-01	-1.07E+00										
2.02E+03	-5.37E-01	-1.09E+00										
2.07E+03	-5.33E-01	-1.11E+00										
2.13E+03	-5.30E-01	-1.13E+00										
2.19E+03	-5.26E-01	-1.15E+00										
2.24E+03	-5.23E-01	-1.17E+00										
2.30E+03	-5.19E-01	-1.19E+00										
2.35E+03	-5.16E-01	-1.21E+00										
2.40E+03	-5.13E-01	-1.23E+00										
2.45E+03	-5.10E-01	-1.25E+00										
2.51E+03	-5.06E-01	-1.27E+00										
2.56E+03	-5.03E-01	-1.29E+00										
2.61E+03	-5.00E-01	-1.31E+00										
2.66E+03	-4.97E-01	-1.32E+00										
2.71E+03	-4.94E-01	-1.34E+00										
2.76E+03	-4.91E-01	-1.36E+00										
2.82E+03	-4.87E-01	-1.37E+00										
2.87E+03	-4.84E-01	-1.39E+00										
2.92E+03	-4.81E-01	-1.40E+00										
2.97E+03	-4.78E-01	-1.42E+00										
3.02E+03	-4.75E-01	-1.44E+00										
3.07E+03	-4.72E-01	-1.45E+00										
3.13E+03	-4.69E-01	-1.47E+00										
3.18E+03	-4.66E-01	-1.48E+00										
3.23E+03	-4.63E-01	-1.49E+00										
3.29E+03	-4.59E-01	-1.51E+00										
3.34E+03	-4.56E-01	-1.52E+00										
3.39E+03	-4.53E-01	-1.53E+00										
3.44E+03	-4.50E-01	-1.55E+00										
3.49E+03	-4.47E-01	-1.56E+00										
3.54E+03	-4.44E-01	-1.57E+00										
3.59E+03	-4.41E-01	-1.58E+00										
3.65E+03	-4.38E-01	-1.59E+00										
3.70E+03	-4.34E-01	-1.61E+00										
3.75E+03	-4.31E-01	-1.62E+00										
3.80E+03	-4.28E-01	-1.63E+00										
3.85E+03	-4.25E-01	-1.64E+00										
3.91E+03	-4.22E-01	-1.65E+00										
3.96E+03	-4.18E-01	-1.66E+00										
4.01E+03	-4.15E-01	-1.66E+00										
4.06E+03	-4.12E-01	-1.67E+00										
4.11E+03	-4.09E-01	-1.68E+00										
4.16E+03	-4.06E-01	-1.69E+00										
4.21E+03	-4.02E-01	-1.70E+00										
4.27E+03	-3.99E-01	-1.70E+00										
4.32E+03	-3.96E-01	-1.71E+00										
4.37E+03	-3.92E-01	-1.71E+00										
4.42E+03	-3.89E-01	-1.72E+00										
4.47E+03	-3.86E-01	-1.73E+00										
4.53E+03	-3.83E-01	-1.73E+00										
4.58E+03	-3.79E-01	-1.73E+00										
4.63E+03	-3.76E-01	-1.74E+00										
4.68E+03	-3.72E-01	-1.74E+00										
4.73E+03	-3.68E-01	-1.74E+00										
4.79E+03	-3.65E-01	-1.75E+00										
4.84E+03	-3.61E-01	-1.75E+00										
4.89E+03	-3.58E-01	-1.75E+00										
4.94E+03	-3.54E-01	-1.75E+00										
4.99E+03	-3.50E-01	-1.75E+00										
5.04E+03	-3.47E-01	-1.75E+00										
5.09E+03	-3.43E-01	-1.75E+00										
5.15E+03	-3.39E-01	-1.75E+00										
5.20E+03	-3.35E-01	-1.74E+00										
5.25E+03	-3.32E-01	-1.74E+00										
5.30E+03	-3.28E-01	-1.74E+00										
5.35E+03	-3.24E-01	-1.73E+00										
5.40E+03	-3.20E-01	-1.73E+00										
5.45E+03	-3.16E-01	-1.72E+00										
5.51E+03	-3.12E-01	-1.72E+00										
5.56E+03	-3.07E-01	-1.71E+00										
5.61E+03	-3.03E-01	-1.70E+00										
5.66E+03	-2.99E-01	-1.69E+00										
5.71E+03	-2.95E-01	-1.68E+00										
5.76E+03	-2.90E-01	-1.67E+00										
5.82E+03	-2.85E-01	-1.66E+00										
5.87E+03	-2.81E-01	-1.65E+00										
5.92E+03	-2.76E-01	-1.64E+00										
5.97E+03	-2.71E-01	-1.62E+00										
6.02E+03	-2.66E-01	-1.60E+00										
6.07E+03	-2.62E-01	-1.59E+00										
6.12E+03	-2.57E-01	-1.57E+00										
6.17E+03	-2.51E-01	-1.55E+00										
6.17E+03	-2.51E-01	-1.55E+00										
0.00E+00	-8.07E-01	0.00E+00										
0.00E+00	-9.04E-01	0.00E+00										
0.00E+00	-9.16E-01	0.00E+00										
0.00E+00	-9.22E-01	0.00E+00										
0.00E+00	-9.25E-01	0.00E+00										
0.00E+00	-9.29E-01	0.00E+00										
4.83E+01	-9.29E-01	-4.49E-02										
9.97E+01	-8.26E-01	-8.24E-02										
1.52E+02	-7.81E-01	-1.18E-01										
2.03E+02	-7.55E-01	-1.53E-01										
2.53E+02	-7.38E-01	-1.87E-01										
3.04E+02	-7.23E-01	-2.20E-01										
3.56E+02	-7.09E-01	-2.53E-01										
4.07E+02	-6.97E-01	-2.84E-01										
4.58E+02	-6.87E-01	-3.15E-01										
5.08E+02	-6.78E-01	-3.45E-01										
5.59E+02	-6.70E-01	-3.75E-01										
6.10E+02	-6.63E-01	-4.04E-01										
6.66E+02	-6.56E-01	-4.37E-01										
7.16E+02	-6.48E-01	-4.64E-01										
7.67E+02	-6.41E-01	-4.92E-01										
8.17E+02	-6.36E-01	-5.20E-01										
8.69E+02	-6.30E-01	-5.48E-01										
9.21E+02	-6.25E-01	-5.75E-01										
9.74E+02	-6.20E-01	-6.03E-01										
1.03E+03	-6.14E-01	-6.30E-01										
1.08E+03	-6.09E-01	-6.57E-01										
1.13E+03	-6.05E-01	-6.82E-01										
1.18E+03	-6.00E-01	-7.08E-01										
1.23E+03	-5.96E-01	-7.34E-01										
1.29E+03	-5.91E-01	-7.60E-01										
1.34E+03	-5.87E-01	-7.85E-01										
1.39E+03	-5.83E-01	-8.09E-01										
1.44E+03	-5.79E-01	-8.34E-01										
1.49E+03	-5.75E-01	-8.58E-01										
1.54E+03	-5.71E-01	-8.82E-01										
1.60E+03	-5.67E-01	-9.04E-01										
1.65E+03	-5.63E-01	-9.27E-01										
1.70E+03	-5.60E-01	-9.50E-01										
1.75E+03	-5.56E-01	-9.73E-01										
1.80E+03	-5.53E-01	-9.96E-01										
1.85E+03	-5.49E-01	-1.02E+00										
1.90E+03	-5.46E-01	-1.04E+00										
1.95E+03	-5.43E-01	-1.06E+00										
2.01E+03	-5.39E-01	-1.08E+00										
2.06E+03	-5.36E-01	-1.10E+00										
2.11E+03	-5.32E-01	-1.12E+00										
2.16E+03	-5.29E-01	-1.14E+00										
2.22E+03	-5.26E-01	-1.16E+00										
2.27E+03	-5.23E-01	-1.19E+00										
2.32E+03	-5.19E-01	-1.20E+00										
2.37E+03	-5.16E-01	-1.22E+00										
2.42E+03	-5.13E-01	-1.24E+00										
2.47E+03	-5.10E-01	-1.26E+00										
2.52E+03	-5.07E-01	-1.28E+00										
2.58E+03	-5.03E-01	-1.30E+00										
2.63E+03	-5.00E-01	-1.31E+00										
2.68E+03	-4.97E-01	-1.33E+00										
2.73E+03	-4.94E-01	-1.35E+00										
2.78E+03	-4.91E-01	-1.37E+00										
2.83E+03	-4.88E-01	-1.38E+00										
2.88E+03	-4.85E-01	-1.40E+00										
2.94E+03	-4.82E-01	-1.42E+00										
2.99E+03	-4.79E-01	-1.43E+00										
3.04E+03	-4.76E-01	-1.45E+00										
3.09E+03	-4.73E-01	-1.46E+00										
3.14E+03	-4.70E-01	-1.48E+00										
3.19E+03	-4.67E-01	-1.49E+00										
3.24E+03	-4.64E-01	-1.50E+00										
3.29E+03	-4.61E-01	-1.52E+00										
3.35E+03	-4.58E-01	-1.53E+00										
3.40E+03	-4.55E-01	-1.54E+00										
3.45E+03	-4.51E-01	-1.56E+00										
3.50E+03	-4.49E-01	-1.57E+00										
3.55E+03	-4.45E-01	-1.58E+00										
3.60E+03	-4.42E-01	-1.59E+00										
3.65E+03	-4.39E-01	-1.60E+00										
3.70E+03	-4.36E-01	-1.61E+00										
3.75E+03	-4.33E-01	-1.63E+00										
3.81E+03	-4.30E-01	-1.64E+00										
3.86E+03	-4.27E-01	-1.65E+00										
3.91E+03	-4.23E-01	-1.66E+00										
3.96E+03	-4.20E-01	-1.66E+00										
4.01E+03	-4.17E-01	-1.67E+00										
4.07E+03	-4.14E-01	-1.68E+00										
4.12E+03	-4.11E-01	-1.69E+00										
4.17E+03	-4.07E-01	-1.70E+00										
4.22E+03	-4.04E-01	-1.71E+00										
4.28E+03	-4.01E-01	-1.71E+00										
4.33E+03	-3.97E-01	-1.72E+00										
4.38E+03	-3.94E-01	-1.73E+00										
4.43E+03	-3.91E-01	-1.73E+00										
4.48E+03	-3.88E-01	-1.74E+00										
4.53E+03	-3.84E-01	-1.74E+00										
4.58E+03	-3.81E-01	-1.75E+00										
4.63E+03	-3.78E-01	-1.75E+00										
4.68E+03	-3.75E-01	-1.75E+00										
4.73E+03	-3.71E-01	-1.76E+00										
4.79E+03	-3.67E-01	-1.76E+00										
4.84E+03	-3.64E-01	-1.76E+00										
4.89E+03	-3.60E-01	-1.76E+00										
4.94E+03	-3.57E-01	-1.76E+00										
4.99E+03	-3.53E-01	-1.76E+00										
5.04E+03	-3.49E-01	-1.76E+00										
5.09E+03	-3.46E-01	-1.76E+00										
5.14E+03	-3.42E-01	-1.76E+00										
5.19E+03	-3.38E-01	-1.76E+00										
5.25E+03	-3.34E-01	-1.75E+00										
5.30E+03	-3.30E-01	-1.75E+00										
5.36E+03	-3.26E-01	-1.75E+00										
5.41E+03	-3.22E-01	-1.74E+00										
5.46E+03	-3.18E-01	-1.74E+00										
5.51E+03	-3.14E-01	-1.73E+00										
5.56E+03	-3.10E-01	-1.72E+00										
5.61E+03	-3.06E-01	-1.72E+00										
5.66E+03	-3.01E-01	-1.71E+00										
5.72E+03	-2.97E-01	-1.70E+00										
5.77E+03	-2.93E-01	-1.69E+00										
5.82E+03	-2.88E-01	-1.68E+00										
5.87E+03	-2.84E-01	-1.66E+00										
5.92E+03	-2.79E-01	-1.65E+00										
5.97E+03	-2.74E-01	-1.64E+00										
6.02E+03	-2.70E-01	-1.62E+00										
6.08E+03	-2.65E-01	-1.61E+00										
6.13E+03	-2.59E-01	-1.59E+00										
6.18E+03	-2.54E-01	-1.57E+00										
6.20E+03	-2.51E-01	-1.56E+00										
0.00E+00	-8.08E-01	0.00E+00										
0.00E+00	-9.03E-01	0.00E+00										
0.00E+00	-9.15E-01	0.00E+00										
0.00E+00	-9.21E-01	0.00E+00										
0.00E+00	-9.25E-01	0.00E+00										
0.00E+00	-9.28E-01	0.00E+00										
5.54E+01	-9.28E-01	-5.15E-02										
1.08E+02	-8.15E-01	-8.79E-02										
1.60E+02	-7.75E-01	-1.24E-01										
2.11E+02	-7.53E-01	-1.59E-01										
2.67E+02	-7.36E-01	-1.96E-01										
3.17E+02	-7.20E-01	-2.28E-01										
3.68E+02	-7.07E-01	-2.60E-01										
4.20E+02	-6.95E-01	-2.92E-01										
4.71E+02	-6.85E-01	-3.23E-01										
5.22E+02	-6.76E-01	-3.53E-01										
5.75E+02	-6.68E-01	-3.84E-01										
6.26E+02	-6.60E-01	-4.13E-01										
6.78E+02	-6.53E-01	-4.43E-01										
7.29E+02	-6.46E-01	-4.71E-01										
7.79E+02	-6.40E-01	-4.99E-01										
8.32E+02	-6.34E-01	-5.28E-01										
8.84E+02	-6.28E-01	-5.56E-01										
9.35E+02	-6.23E-01	-5.82E-01										
9.88E+02	-6.18E-01	-6.10E-01										
1.04E+03	-6.12E-01	-6.36E-01										
1.09E+03	-6.08E-01	-6.62E-01										
1.14E+03	-6.03E-01	-6.87E-01										
1.19E+03	-5.99E-01	-7.12E-01										
1.24E+03	-5.94E-01	-7.37E-01										
1.29E+03	-5.90E-01	-7.62E-01										
1.34E+03	-5.86E-01	-7.87E-01										
1.39E+03	-5.82E-01	-8.11E-01										
1.44E+03	-5.78E-01	-8.35E-01										
1.50E+03	-5.74E-01	-8.60E-01										
1.55E+03	-5.70E-01	-8.83E-01										
1.60E+03	-5.66E-01	-9.07E-01										
1.65E+03	-5.62E-01	-9.30E-01										
1.70E+03	-5.58E-01	-9.52E-01										
1.76E+03	-5.55E-01	-9.76E-01										
1.81E+03	-5.51E-01	-9.98E-01										
1.86E+03	-5.48E-01	-1.02E+00										
1.91E+03	-5.44E-01	-1.04E+00										
1.96E+03	-5.41E-01	-1.06E+00										
2.01E+03	-5.37E-01	-1.08E+00										
2.06E+03	-5.34E-01	-1.10E+00										
2.12E+03	-5.31E-01	-1.12E+00										
2.17E+03	-5.28E-01	-1.15E+00										
2.22E+03	-5.24E-01	-1.16E+00										
2.27E+03	-5.21E-01	-1.18E+00										
2.32E+03	-5.18E-01	-1.20E+00										
2.38E+03	-5.14E-01	-1.22E+00										
2.43E+03	-5.11E-01	-1.24E+00										
2.48E+03	-5.08E-01	-1.26E+00										
2.53E+03	-5.05E-01	-1.28E+00										
2.58E+03	-5.02E-01	-1.29E+00										
2.63E+03	-4.99E-01	-1.31E+00										
2.68E+03	-4.96E-01	-1.33E+00										
2.74E+03	-4.93E-01	-1.35E+00										
2.79E+03	-4.89E-01	-1.37E+00										
2.84E+03	-4.86E-01	-1.38E+00										
2.89E+03	-4.83E-01	-1.40E+00										
2.95E+03	-4.80E-01	-1.41E+00										
3.00E+03	-4.77E-01	-1.43E+00										
3.05E+03	-4.74E-01	-1.44E+00										
3.10E+03	-4.71E-01	-1.46E+00										
3.15E+03	-4.68E-01	-1.47E+00										
3.20E+03	-4.65E-01	-1.49E+00										
3.26E+03	-4.61E-01	-1.50E+00										
3.31E+03	-4.58E-01	-1.52E+00										
3.36E+03	-4.55E-01	-1.53E+00										
3.42E+03	-4.52E-01	-1.54E+00										
3.47E+03	-4.49E-01	-1.56E+00										
3.52E+03	-4.45E-01	-1.57E+00										
3.58E+03	-4.42E-01	-1.58E+00										
3.63E+03	-4.39E-01	-1.59E+00										
3.68E+03	-4.36E-01	-1.60E+00										
3.73E+03	-4.33E-01	-1.62E+00										
3.78E+03	-4.30E-01	-1.62E+00										
3.83E+03	-4.27E-01	-1.63E+00										
3.89E+03	-4.24E-01	-1.65E+00										
3.94E+03	-4.20E-01	-1.66E+00										
3.99E+03	-4.17E-01	-1.66E+00										
4.04E+03	-4.14E-01	-1.67E+00										
4.09E+03	-4.11E-01	-1.68E+00										
4.14E+03	-4.07E-01	-1.69E+00										
4.20E+03	-4.04E-01	-1.70E+00										
4.25E+03	-4.01E-01	-1.70E+00										
4.30E+03	-3.98E-01	-1.71E+00										
4.36E+03	-3.94E-01	-1.72E+00										
4.41E+03	-3.91E-01	-1.72E+00										
4.46E+03	-3.87E-01	-1.73E+00										
4.51E+03	-3.84E-01	-1.73E+00										
4.56E+03	-3.81E-01	-1.74E+00										
4.61E+03	-3.78E-01	-1.74E+00										
4.66E+03	-3.74E-01	-1.74E+00										
4.71E+03	-3.70E-01	-1.75E+00										
4.76E+03	-3.67E-01	-1.75E+00										
4.82E+03	-3.64E-01	-1.75E+00										
4.87E+03	-3.60E-01	-1.75E+00										
4.92E+03	-3.56E-01	-1.75E+00										
4.97E+03	-3.53E-01	-1.76E+00										
5.03E+03	-3.49E-01	-1.75E+00										
5.08E+03	-3.45E-01	-1.75E+00										
5.13E+03	-3.42E-01	-1.75E+00										
5.18E+03	-3.38E-01	-1.75E+00										
5.23E+03	-3.34E-01	-1.75E+00										
5.28E+03	-3.30E-01	-1.74E+00										
5.33E+03	-3.26E-01	-1.74E+00										
5.38E+03	-3.22E-01	-1.73E+00										
5.43E+03	-3.18E-01	-1.73E+00										
5.48E+03	-3.14E-01	-1.72E+00										
5.54E+03	-3.10E-01	-1.72E+00										
5.59E+03	-3.06E-01	-1.71E+00										
5.64E+03	-3.02E-01	-1.70E+00										
5.69E+03	-2.97E-01	-1.69E+00										
5.75E+03	-2.93E-01	-1.68E+00										
5.80E+03	-2.88E-01	-1.67E+00										
5.85E+03	-2.83E-01	-1.66E+00										
5.90E+03	-2.79E-01	-1.65E+00										
5.96E+03	-2.74E-01	-1.63E+00										
6.01E+03	-2.69E-01	-1.62E+00										
6.06E+03	-2.64E-01	-1.60E+00										
6.12E+03	-2.59E-01	-1.58E+00										
6.17E+03	-2.54E-01	-1.57E+00										
6.18E+03	-2.51E-01	-1.55E+00										
0.00E+00	-8.07E-01	0.00E+00										
0.00E+00	-9.04E-01	0.00E+00										
0.00E+00	-9.16E-01	0.00E+00										
0.00E+00	-9.21E-01	0.00E+00										
0.00E+00	-9.25E-01	0.00E+00										
0.00E+00	-9.29E-01	0.00E+00										
5.03E+01	-9.29E-01	-4.68E-02										
1.01E+02	-8.23E-01	-8.29E-02										
1.52E+02	-7.80E-01	-1.19E-01										
2.03E+02	-7.58E-01	-1.54E-01										
2.54E+02	-7.37E-01	-1.87E-01										
3.04E+02	-7.22E-01	-2.20E-01										
3.60E+02	-7.10E-01	-2.55E-01										
4.11E+02	-6.97E-01	-2.86E-01										
4.61E+02	-6.87E-01	-3.17E-01										
5.12E+02	-6.78E-01	-3.47E-01										
5.63E+02	-6.70E-01	-3.77E-01										
6.13E+02	-6.62E-01	-4.06E-01										
6.64E+02	-6.55E-01	-4.35E-01										
7.14E+02	-6.48E-01	-4.63E-01										
7.65E+02	-6.42E-01	-4.91E-01										
8.18E+02	-6.36E-01	-5.20E-01										
8.69E+02	-6.30E-01	-5.47E-01										
9.19E+02	-6.25E-01	-5.74E-01										
9.71E+02	-6.19E-01	-6.01E-01										
1.02E+03	-6.14E-01	-6.27E-01										
1.07E+03	-6.10E-01	-6.54E-01										
1.12E+03	-6.04E-01	-6.79E-01										
1.18E+03	-6.00E-01	-7.06E-01										
1.23E+03	-5.96E-01	-7.32E-01										
1.28E+03	-5.91E-01	-7.58E-01										
1.33E+03	-5.86E-01	-7.82E-01										
1.39E+03	-5.82E-01	-8.06E-01										
1.44E+03	-5.78E-01	-8.31E-01										
1.49E+03	-5.74E-01	-8.54E-01										
1.54E+03	-5.70E-01	-8.77E-01										
1.59E+03	-5.67E-01	-9.01E-01										
1.64E+03	-5.63E-01	-9.25E-01										
1.69E+03	-5.59E-01	-9.47E-01										
1.74E+03	-5.56E-01	-9.70E-01										
1.80E+03	-5.52E-01	-9.92E-01										
1.85E+03	-5.48E-01	-1.01E+00										
1.90E+03	-5.45E-01	-1.04E+00										
1.95E+03	-5.41E-01	-1.06E+00										
2.00E+03	-5.38E-01	-1.08E+00										
2.05E+03	-5.34E-01	-1.10E+00										
2.11E+03	-5.31E-01	-1.12E+00										
2.16E+03	-5.28E-01	-1.14E+00										
2.21E+03	-5.25E-01	-1.16E+00										
2.26E+03	-5.21E-01	-1.18E+00										
2.31E+03	-5.18E-01	-1.20E+00										
2.36E+03	-5.15E-01	-1.22E+00										
2.42E+03	-5.12E-01	-1.24E+00										
2.47E+03	-5.08E-01	-1.25E+00										
2.52E+03	-5.05E-01	-1.27E+00										
2.57E+03	-5.02E-01	-1.29E+00										
2.62E+03	-4.99E-01	-1.31E+00										
2.67E+03	-4.96E-01	-1.33E+00										
2.73E+03	-4.93E-01	-1.34E+00										
2.78E+03	-4.90E-01	-1.36E+00										
2.83E+03	-4.86E-01	-1.38E+00										
2.88E+03	-4.83E-01	-1.39E+00										
2.93E+03	-4.81E-01	-1.41E+00										
2.99E+03	-4.77E-01	-1.43E+00										
3.04E+03	-4.74E-01	-1.44E+00										
3.10E+03	-4.71E-01	-1.46E+00										
3.15E+03	-4.67E-01	-1.47E+00										
3.20E+03	-4.64E-01	-1.49E+00										
3.25E+03	-4.61E-01	-1.50E+00										
3.30E+03	-4.58E-01	-1.51E+00										
3.36E+03	-4.55E-01	-1.53E+00										
3.41E+03	-4.52E-01	-1.54E+00										
3.46E+03	-4.49E-01	-1.55E+00										
3.51E+03	-4.45E-01	-1.56E+00										
3.56E+03	-4.42E-01	-1.58E+00										
3.62E+03	-4.39E-01	-1.59E+00										
3.67E+03	-4.36E-01	-1.60E+00										
3.72E+03	-4.33E-01	-1.61E+00										
3.77E+03	-4.30E-01	-1.62E+00										
3.83E+03	-4.27E-01	-1.63E+00										
3.88E+03	-4.23E-01	-1.64E+00										
3.93E+03	-4.20E-01	-1.65E+00										
3.98E+03	-4.17E-01	-1.66E+00										
4.03E+03	-4.14E-01	-1.67E+00										
4.08E+03	-4.11E-01	-1.68E+00										
4.13E+03	-4.08E-01	-1.68E+00										
4.18E+03	-4.04E-01	-1.69E+00										
4.23E+03	-4.01E-01	-1.70E+00										
4.29E+03	-3.98E-01	-1.71E+00										
4.34E+03	-3.94E-01	-1.71E+00										
4.39E+03	-3.91E-01	-1.72E+00										
4.44E+03	-3.88E-01	-1.72E+00										
4.49E+03	-3.85E-01	-1.73E+00										
4.54E+03	-3.81E-01	-1.73E+00										
4.60E+03	-3.78E-01	-1.73E+00										
4.65E+03	-3.74E-01	-1.74E+00										
4.70E+03	-3.71E-01	-1.74E+00										
4.75E+03	-3.67E-01	-1.74E+00										
4.81E+03	-3.63E-01	-1.75E+00										
4.86E+03	-3.60E-01	-1.75E+00										
4.91E+03	-3.56E-01	-1.75E+00										
4.96E+03	-3.53E-01	-1.75E+00										
5.01E+03	-3.49E-01	-1.75E+00										
5.06E+03	-3.45E-01	-1.75E+00										
5.11E+03	-3.41E-01	-1.75E+00										
5.16E+03	-3.38E-01	-1.74E+00										
5.21E+03	-3.34E-01	-1.74E+00										
5.27E+03	-3.30E-01	-1.74E+00										
5.32E+03	-3.26E-01	-1.73E+00										
5.37E+03	-3.22E-01	-1.73E+00										
5.42E+03	-3.18E-01	-1.73E+00										
5.47E+03	-3.14E-01	-1.72E+00										
5.52E+03	-3.10E-01	-1.71E+00										
5.58E+03	-3.05E-01	-1.70E+00										
5.63E+03	-3.01E-01	-1.69E+00										
5.68E+03	-2.97E-01	-1.69E+00										
5.73E+03	-2.93E-01	-1.68E+00										
5.78E+03	-2.88E-01	-1.67E+00										
5.83E+03	-2.84E-01	-1.66E+00										
5.88E+03	-2.79E-01	-1.64E+00										
5.93E+03	-2.74E-01	-1.63E+00										
5.99E+03	-2.70E-01	-1.61E+00										
6.04E+03	-2.65E-01	-1.60E+00										
6.09E+03	-2.60E-01	-1.58E+00										
6.14E+03	-2.55E-01	-1.56E+00										
6.17E+03	-2.51E-01	-1.55E+00										
0.00E+00	-8.07E-01	0.00E+00										
0.00E+00	-9.03E-01	0.00E+00										
0.00E+00	-9.16E-01	0.00E+00										
0.00E+00	-9.21E-01	0.00E+00										
0.00E+00	-9.25E-01	0.00E+00										
0.00E+00	-9.29E-01	0.00E+00										
5.24E+01	-9.29E-01	-4.87E-02										
1.03E+02	-8.20E-01	-8.43E-02										
1.55E+02	-7.78E-01	-1.21E-01										
2.07E+02	-7.55E-01	-1.56E-01										
2.57E+02	-7.37E-01	-1.89E-01										
3.07E+02	-7.22E-01	-2.22E-01										
3.58E+02	-7.10E-01	-2.54E-01										
4.13E+02	-6.97E-01	-2.88E-01										
4.63E+02	-6.87E-01	-3.18E-01										
5.14E+02	-6.77E-01	-3.48E-01										
5.65E+02	-6.69E-01	-3.78E-01										
6.19E+02	-6.61E-01	-4.09E-01										
6.71E+02	-6.54E-01	-4.38E-01										
7.21E+02	-6.47E-01	-4.66E-01										
7.72E+02	-6.40E-01	-4.95E-01										
8.25E+02	-6.35E-01	-5.24E-01										
8.77E+02	-6.29E-01	-5.52E-01										
9.28E+02	-6.23E-01	-5.78E-01										
9.78E+02	-6.18E-01	-6.05E-01										
1.03E+03	-6.14E-01	-6.31E-01										
1.08E+03	-6.08E-01	-6.58E-01										
1.13E+03	-6.03E-01	-6.83E-01										
1.18E+03	-5.99E-01	-7.09E-01										
1.24E+03	-5.94E-01	-7.35E-01										
1.29E+03	-5.90E-01	-7.61E-01										
1.34E+03	-5.86E-01	-7.86E-01										
1.39E+03	-5.81E-01	-8.10E-01										
1.45E+03	-5.77E-01	-8.35E-01										
1.50E+03	-5.73E-01	-8.57E-01										
1.55E+03	-5.69E-01	-8.82E-01										
1.60E+03	-5.65E-01	-9.04E-01										
1.65E+03	-5.62E-01	-9.28E-01										
1.70E+03	-5.58E-01	-9.51E-01										
1.76E+03	-5.54E-01	-9.73E-01										
1.81E+03	-5.51E-01	-9.96E-01										
1.86E+03	-5.47E-01	-1.02E+00										
1.91E+03	-5.44E-01	-1.04E+00										
1.96E+03	-5.41E-01	-1.06E+00										
2.01E+03	-5.37E-01	-1.08E+00										
2.06E+03	-5.33E-01	-1.10E+00										
2.12E+03	-5.30E-01	-1.12E+00										
2.17E+03	-5.27E-01	-1.14E+00										
2.22E+03	-5.24E-01	-1.16E+00										
2.27E+03	-5.20E-01	-1.18E+00										
2.32E+03	-5.17E-01	-1.20E+00										
2.38E+03	-5.14E-01	-1.22E+00										
2.43E+03	-5.11E-01	-1.24E+00										
2.48E+03	-5.07E-01	-1.26E+00										
2.53E+03	-5.04E-01	-1.28E+00										
2.58E+03	-5.01E-01	-1.29E+00										
2.63E+03	-4.98E-01	-1.31E+00										
2.68E+03	-4.95E-01	-1.33E+00										
2.74E+03	-4.91E-01	-1.34E+00										
2.79E+03	-4.89E-01	-1.36E+00										
2.84E+03	-4.85E-01	-1.38E+00										
2.89E+03	-4.82E-01	-1.39E+00										
2.95E+03	-4.79E-01	-1.41E+00										
3.00E+03	-4.76E-01	-1.43E+00										
3.05E+03	-4.73E-01	-1.44E+00										
3.10E+03	-4.69E-01	-1.46E+00										
3.16E+03	-4.67E-01	-1.47E+00										
3.21E+03	-4.64E-01	-1.49E+00										
3.26E+03	-4.61E-01	-1.50E+00										
3.31E+03	-4.58E-01	-1.52E+00										
3.36E+03	-4.54E-01	-1.53E+00										
3.41E+03	-4.52E-01	-1.54E+00										
3.47E+03	-4.48E-01	-1.55E+00										
3.52E+03	-4.45E-01	-1.57E+00										
3.57E+03	-4.42E-01	-1.58E+00										
3.62E+03	-4.39E-01	-1.59E+00										
3.68E+03	-4.36E-01	-1.60E+00										
3.73E+03	-4.32E-01	-1.61E+00										
3.78E+03	-4.29E-01	-1.62E+00										
3.83E+03	-4.26E-01	-1.63E+00										
3.88E+03	-4.23E-01	-1.64E+00										
3.93E+03	-4.20E-01	-1.65E+00										
3.98E+03	-4.17E-01	-1.66E+00										
4.03E+03	-4.14E-01	-1.67E+00										
4.09E+03	-4.11E-01	-1.68E+00										
4.14E+03	-4.07E-01	-1.69E+00										
4.19E+03	-4.04E-01	-1.69E+00										
4.24E+03	-4.01E-01	-1.70E+00										
4.29E+03	-3.98E-01	-1.71E+00										
4.34E+03	-3.94E-01	-1.71E+00										
4.39E+03	-3.91E-01	-1.72E+00										
4.44E+03	-3.88E-01	-1.72E+00										
4.50E+03	-3.85E-01	-1.73E+00										
4.55E+03	-3.81E-01	-1.73E+00										
4.60E+03	-3.77E-01	-1.74E+00										
4.66E+03	-3.74E-01	-1.74E+00										
4.71E+03	-3.70E-01	-1.74E+00										
4.76E+03	-3.67E-01	-1.75E+00										
4.81E+03	-3.64E-01	-1.75E+00										
4.86E+03	-3.60E-01	-1.75E+00										
4.91E+03	-3.56E-01	-1.75E+00										
4.96E+03	-3.53E-01	-1.75E+00										
5.02E+03	-3.49E-01	-1.75E+00										
5.07E+03	-3.45E-01	-1.75E+00										
5.12E+03	-3.41E-01	-1.75E+00										
5.17E+03	-3.38E-01	-1.75E+00										
5.22E+03	-3.34E-01	-1.74E+00										
5.27E+03	-3.30E-01	-1.74E+00										
5.32E+03	-3.26E-01	-1.74E+00										
5.38E+03	-3.22E-01	-1.73E+00										
5.43E+03	-3.18E-01	-1.73E+00										
5.48E+03	-3.15E-01	-1.72E+00										
5.53E+03	-3.10E-01	-1.72E+00										
5.58E+03	-3.06E-01	-1.71E+00										
5.63E+03	-3.02E-01	-1.70E+00										
5.68E+03	-2.98E-01	-1.69E+00										
5.73E+03	-2.93E-01	-1.68E+00										
5.79E+03	-2.89E-01	-1.67E+00										
5.84E+03	-2.84E-01	-1.66E+00										
5.89E+03	-2.80E-01	-1.65E+00										
5.94E+03	-2.75E-01	-1.63E+00										
5.99E+03	-2.70E-01	-1.62E+00										
6.05E+03	-2.66E-01	-1.61E+00										
6.10E+03	-2.60E-01	-1.59E+00										
6.15E+03	-2.55E-01	-1.57E+00										
6.17E+03	-2.51E-01	-1.55E+00										
0.00E+00	-8.07E-01	0.00E+00										
0.00E+00	-9.04E-01	0.00E+00										
0.00E+00	-9.16E-01	0.00E+00										
0.00E+00	-9.21E-01	0.00E+00										
0.00E+00	-9.25E-01	0.00E+00										
0.00E+00	-9.29E-01	0.00E+00										
5.54E+01	-9.29E-01	-5.15E-02										
1.07E+02	-8.16E-01	-8.72E-02										
1.58E+02	-7.76E-01	-1.22E-01										
2.09E+02	-7.54E-01	-1.57E-01										
2.60E+02	-7.35E-01	-1.91E-01										
3.11E+02	-7.21E-01	-2.24E-01										
3.62E+02	-7.08E-01	-2.56E-01										
4.13E+02	-6.97E-01	-2.88E-01										
4.65E+02	-6.86E-01	-3.19E-01										
5.18E+02	-6.77E-01	-3.51E-01										
5.71E+02	-6.69E-01	-3.82E-01										
6.23E+02	-6.61E-01	-4.12E-01										
6.73E+02	-6.53E-01	-4.40E-01										
7.23E+02	-6.47E-01	-4.68E-01										
7.74E+02	-6.41E-01	-4.96E-01										
8.25E+02	-6.35E-01	-5.24E-01										
8.75E+02	-6.30E-01	-5.51E-01										
9.26E+02	-6.24E-01	-5.78E-01										
9.79E+02	-6.19E-01	-6.06E-01										
1.03E+03	-6.14E-01	-6.32E-01										
1.08E+03	-6.09E-01	-6.59E-01										
1.13E+03	-6.04E-01	-6.85E-01										
1.19E+03	-6.00E-01	-7.11E-01										
1.24E+03	-5.95E-01	-7.38E-01										
1.29E+03	-5.91E-01	-7.64E-01										
1.34E+03	-5.87E-01	-7.89E-01										
1.39E+03	-5.82E-01	-8.12E-01										
1.45E+03	-5.79E-01	-8.36E-01										
1.50E+03	-5.75E-01	-8.61E-01										
1.55E+03	-5.71E-01	-8.85E-01										
1.60E+03	-5.67E-01	-9.09E-01										
1.66E+03	-5.63E-01	-9.32E-01										
1.71E+03	-5.60E-01	-9.56E-01										
1.76E+03	-5.56E-01	-9.79E-01										
1.81E+03	-5.52E-01	-1.00E+00										
1.86E+03	-5.49E-01	-1.02E+00										
1.91E+03	-5.45E-01	-1.04E+00										
1.97E+03	-5.42E-01	-1.07E+00										
2.02E+03	-5.39E-01	-1.09E+00										
2.07E+03	-5.35E-01	-1.11E+00										
2.12E+03	-5.32E-01	-1.13E+00										
2.18E+03	-5.28E-01	-1.15E+00										
2.23E+03	-5.25E-01	-1.17E+00										
2.28E+03	-5.22E-01	-1.19E+00										
2.33E+03	-5.19E-01	-1.21E+00										
2.38E+03	-5.16E-01	-1.23E+00										
2.43E+03	-5.13E-01	-1.25E+00										
2.48E+03	-5.09E-01	-1.27E+00										
2.53E+03	-5.06E-01	-1.28E+00										
2.59E+03	-5.03E-01	-1.30E+00										
2.64E+03	-5.00E-01	-1.32E+00										
2.69E+03	-4.97E-01	-1.34E+00										
2.74E+03	-4.94E-01	-1.35E+00										
2.79E+03	-4.91E-01	-1.37E+00										
2.85E+03	-4.87E-01	-1.39E+00										
2.90E+03	-4.84E-01	-1.40E+00										
2.95E+03	-4.81E-01	-1.42E+00										
3.00E+03	-4.78E-01	-1.43E+00										
3.06E+03	-4.75E-01	-1.45E+00										
3.11E+03	-4.72E-01	-1.47E+00										
3.16E+03	-4.69E-01	-1.48E+00										
3.21E+03	-4.66E-01	-1.49E+00										
3.26E+03	-4.63E-01	-1.51E+00										
3.31E+03	-4.60E-01	-1.52E+00										
3.36E+03	-4.56E-01	-1.53E+00										
3.41E+03	-4.53E-01	-1.55E+00										
3.46E+03	-4.50E-01	-1.56E+00										
3.51E+03	-4.47E-01	-1.57E+00										
3.57E+03	-4.44E-01	-1.59E+00										
3.62E+03	-4.41E-01	-1.60E+00										
3.68E+03	-4.38E-01	-1.61E+00										
3.73E+03	-4.34E-01	-1.62E+00										
3.78E+03	-4.31E-01	-1.63E+00										
3.83E+03	-4.28E-01	-1.64E+00										
3.88E+03	-4.25E-01	-1.65E+00										
3.94E+03	-4.22E-01	-1.66E+00										
3.99E+03	-4.19E-01	-1.67E+00										
4.04E+03	-4.16E-01	-1.68E+00										
4.09E+03	-4.12E-01	-1.69E+00										
4.15E+03	-4.09E-01	-1.69E+00										
4.20E+03	-4.06E-01	-1.70E+00										
4.25E+03	-4.02E-01	-1.71E+00										
4.30E+03	-4.00E-01	-1.72E+00										
4.35E+03	-3.96E-01	-1.72E+00										
4.40E+03	-3.93E-01	-1.73E+00										
4.45E+03	-3.89E-01	-1.73E+00										
4.50E+03	-3.86E-01	-1.74E+00										
4.56E+03	-3.83E-01	-1.74E+00										
4.61E+03	-3.79E-01	-1.75E+00										
4.66E+03	-3.76E-01	-1.75E+00										
4.71E+03	-3.72E-01	-1.75E+00										
4.76E+03	-3.69E-01	-1.76E+00										
4.81E+03	-3.65E-01	-1.76E+00										
4.86E+03	-3.62E-01	-1.76E+00										
4.91E+03	-3.58E-01	-1.76E+00										
4.96E+03	-3.55E-01	-1.76E+00										
5.01E+03	-3.51E-01	-1.76E+00										
5.07E+03	-3.47E-01	-1.76E+00										
5.12E+03	-3.44E-01	-1.76E+00										
5.17E+03	-3.40E-01	-1.76E+00										
5.22E+03	-3.36E-01	-1.75E+00										
5.28E+03	-3.32E-01	-1.75E+00										
5.33E+03	-3.28E-01	-1.75E+00										
5.39E+03	-3.24E-01	-1.75E+00										
5.44E+03	-3.19E-01	-1.74E+00										
5.49E+03	-3.16E-01	-1.73E+00										
5.54E+03	-3.11E-01	-1.72E+00										
5.59E+03	-3.07E-01	-1.72E+00										
5.64E+03	-3.03E-01	-1.71E+00										
5.69E+03	-2.98E-01	-1.70E+00										
5.74E+03	-2.94E-01	-1.69E+00										
5.80E+03	-2.90E-01	-1.68E+00										
5.85E+03	-2.85E-01	-1.67E+00										
5.90E+03	-2.80E-01	-1.65E+00										
5.95E+03	-2.75E-01	-1.64E+00										
6.00E+03	-2.71E-01	-1.63E+00										
6.05E+03	-2.66E-01	-1.61E+00										
6.11E+03	-2.61E-01	-1.59E+00										
6.16E+03	-2.56E-01	-1.58E+00										
6.19E+03	-2.51E-01	-1.56E+00										
0.00E+00	-8.08E-01	0.00E+00										
0.00E+00	-9.03E-01	0.00E+00										
0.00E+00	-9.15E-01	0.00E+00										
0.00E+00	-9.21E-01	0.00E+00										
0.00E+00	-9.25E-01	0.00E+00										
0.00E+00	-9.29E-01	0.00E+00										
4.78E+01	-9.28E-01	-4.44E-02										
9.87E+01	-8.23E-01	-8.12E-02										
1.50E+02	-7.80E-01	-1.17E-01										
2.01E+02	-7.57E-01	-1.52E-01										
2.51E+02	-7.38E-01	-1.86E-01										
3.02E+02	-7.24E-01	-2.19E-01										
3.53E+02	-7.10E-01	-2.51E-01										
4.05E+02	-6.98E-01	-2.83E-01										
4.57E+02	-6.89E-01	-3.15E-01										
5.08E+02	-6.79E-01	-3.45E-01										
5.60E+02	-6.70E-01	-3.75E-01										
6.10E+02	-6.63E-01	-4.05E-01										
6.63E+02	-6.55E-01	-4.34E-01										
7.14E+02	-6.48E-01	-4.63E-01										
7.67E+02	-6.42E-01	-4.92E-01										
8.18E+02	-6.35E-01	-5.19E-01										
8.70E+02	-6.30E-01	-5.48E-01										
9.24E+02	-6.24E-01	-5.77E-01										
9.76E+02	-6.19E-01	-6.04E-01										
1.03E+03	-6.14E-01	-6.31E-01										
1.08E+03	-6.09E-01	-6.56E-01										
1.13E+03	-6.04E-01	-6.84E-01										
1.18E+03	-5.99E-01	-7.09E-01										
1.23E+03	-5.95E-01	-7.34E-01										
1.29E+03	-5.90E-01	-7.59E-01										
1.34E+03	-5.86E-01	-7.84E-01										
1.39E+03	-5.82E-01	-8.09E-01										
1.44E+03	-5.78E-01	-8.34E-01										
1.49E+03	-5.74E-01	-8.57E-01										
1.55E+03	-5.70E-01	-8.83E-01										
1.60E+03	-5.66E-01	-9.05E-01										
1.65E+03	-5.62E-01	-9.30E-01										
1.71E+03	-5.58E-01	-9.51E-01										
1.76E+03	-5.55E-01	-9.74E-01										
1.81E+03	-5.51E-01	-9.96E-01										
1.86E+03	-5.47E-01	-1.02E+00										
1.91E+03	-5.44E-01	-1.04E+00										
1.96E+03	-5.41E-01	-1.06E+00										
2.01E+03	-5.37E-01	-1.08E+00										
2.07E+03	-5.34E-01	-1.10E+00										
2.12E+03	-5.30E-01	-1.12E+00										
2.17E+03	-5.27E-01	-1.14E+00										
2.22E+03	-5.24E-01	-1.16E+00										
2.27E+03	-5.20E-01	-1.18E+00										
2.32E+03	-5.17E-01	-1.20E+00										
2.37E+03	-5.14E-01	-1.22E+00										
2.43E+03	-5.11E-01	-1.24E+00										
2.48E+03	-5.07E-01	-1.26E+00										
2.53E+03	-5.04E-01	-1.28E+00										
2.58E+03	-5.01E-01	-1.29E+00										
2.63E+03	-4.98E-01	-1.31E+00										
2.68E+03	-4.95E-01	-1.33E+00										
2.73E+03	-4.92E-01	-1.34E+00										
2.78E+03	-4.89E-01	-1.36E+00										
2.84E+03	-4.86E-01	-1.38E+00										
2.89E+03	-4.82E-01	-1.39E+00										
2.94E+03	-4.79E-01	-1.41E+00										
2.99E+03	-4.76E-01	-1.42E+00										
3.04E+03	-4.73E-01	-1.44E+00										
3.10E+03	-4.70E-01	-1.46E+00										
3.15E+03	-4.67E-01	-1.47E+00										
3.20E+03	-4.64E-01	-1.49E+00										
3.25E+03	-4.61E-01	-1.50E+00										
3.31E+03	-4.58E-01	-1.51E+00										
3.36E+03	-4.54E-01	-1.53E+00										
3.41E+03	-4.51E-01	-1.54E+00										
3.46E+03	-4.48E-01	-1.55E+00										
3.51E+03	-4.45E-01	-1.56E+00										
3.56E+03	-4.42E-01	-1.57E+00										
3.62E+03	-4.39E-01	-1.59E+00										
3.67E+03	-4.36E-01	-1.60E+00										
3.72E+03	-4.32E-01	-1.61E+00										
3.77E+03	-4.30E-01	-1.62E+00										
3.82E+03	-4.26E-01	-1.63E+00										
3.87E+03	-4.23E-01	-1.64E+00										
3.93E+03	-4.20E-01	-1.65E+00										
3.98E+03	-4.16E-01	-1.66E+00										
4.04E+03	-4.13E-01	-1.67E+00										
4.09E+03	-4.10E-01	-1.67E+00										
4.14E+03	-4.07E-01	-1.68E+00										
4.19E+03	-4.03E-01	-1.69E+00										
4.24E+03	-4.00E-01	-1.70E+00										
4.29E+03	-3.97E-01	-1.70E+00										
4.34E+03	-3.94E-01	-1.71E+00										
4.39E+03	-3.90E-01	-1.71E+00										
4.44E+03	-3.87E-01	-1.72E+00										
4.49E+03	-3.84E-01	-1.72E+00										
4.54E+03	-3.80E-01	-1.73E+00										
4.59E+03	-3.77E-01	-1.73E+00										
4.64E+03	-3.74E-01	-1.74E+00										
4.69E+03	-3.70E-01	-1.74E+00										
4.75E+03	-3.67E-01	-1.74E+00										
4.80E+03	-3.63E-01	-1.74E+00										
4.85E+03	-3.60E-01	-1.74E+00										
4.90E+03	-3.56E-01	-1.75E+00										
4.95E+03	-3.52E-01	-1.74E+00										
5.00E+03	-3.49E-01	-1.74E+00										
5.05E+03	-3.45E-01	-1.74E+00										
5.10E+03	-3.41E-01	-1.74E+00										
5.15E+03	-3.38E-01	-1.74E+00										
5.21E+03	-3.34E-01	-1.74E+00										
5.26E+03	-3.30E-01	-1.73E+00										
5.31E+03	-3.26E-01	-1.73E+00										
5.36E+03	-3.22E-01	-1.73E+00										
5.41E+03	-3.18E-01	-1.72E+00										
5.47E+03	-3.14E-01	-1.71E+00										
5.52E+03	-3.09E-01	-1.71E+00										
5.57E+03	-3.05E-01	-1.70E+00										
5.62E+03	-3.01E-01	-1.69E+00										
5.67E+03	-2.97E-01	-1.68E+00										
5.72E+03	-2.92E-01	-1.67E+00										
5.78E+03	-2.88E-01	-1.66E+00										
5.83E+03	-2.83E-01	-1.65E+00										
5.88E+03	-2.78E-01	-1.64E+00										
5.93E+03	-2.73E-01	-1.62E+00										
5.99E+03	-2.68E-01	-1.61E+00										
6.04E+03	-2.63E-01	-1.59E+00										
6.09E+03	-2.58E-01	-1.57E+00										
6.14E+03	-2.53E-01	-1.55E+00										
6.15E+03	-2.51E-01	-1.55E+00										
0.00E+00	-8.07E-01	0.00E+00										
0.00E+00	-9.04E-01	0.00E+00										
0.00E+00	-9.16E-01	0.00E+00										
0.00E+00	-9.21E-01	0.00E+00										
0.00E+00	-9.25E-01	0.00E+00										
0.00E+00	-9.29E-01	0.00E+00										
5.44E+01	-9.29E-01	-5.05E-02										
1.06E+02	-8.17E-01	-8.65E-02										
1.58E+02	-7.75E-01	-1.23E-01										
2.09E+02	-7.53E-01	-1.57E-01										
2.61E+02	-7.35E-01	-1.92E-01										
3.13E+02	-7.22E-01	-2.26E-01										
3.67E+02	-7.08E-01	-2.59E-01										
4.17E+02	-6.95E-01	-2.90E-01										
4.67E+02	-6.85E-01	-3.20E-01										
5.18E+02	-6.77E-01	-3.50E-01										
5.69E+02	-6.69E-01	-3.81E-01										
6.23E+02	-6.61E-01	-4.11E-01										
6.75E+02	-6.53E-01	-4.41E-01										
7.26E+02	-6.47E-01	-4.69E-01										
7.77E+02	-6.40E-01	-4.97E-01										
8.31E+02	-6.34E-01	-5.27E-01										
8.82E+02	-6.28E-01	-5.54E-01										
9.34E+02	-6.23E-01	-5.82E-01										
9.88E+02	-6.17E-01	-6.10E-01										
1.04E+03	-6.12E-01	-6.36E-01										
1.09E+03	-6.07E-01	-6.61E-01										
1.14E+03	-6.02E-01	-6.89E-01										
1.19E+03	-5.98E-01	-7.13E-01										
1.24E+03	-5.94E-01	-7.39E-01										
1.30E+03	-5.89E-01	-7.63E-01										
1.35E+03	-5.85E-01	-7.87E-01										
1.40E+03	-5.80E-01	-8.11E-01										
1.45E+03	-5.77E-01	-8.36E-01										
1.50E+03	-5.73E-01	-8.60E-01										
1.55E+03	-5.69E-01	-8.84E-01										
1.61E+03	-5.65E-01	-9.07E-01										
1.66E+03	-5.61E-01	-9.29E-01										
1.71E+03	-5.57E-01	-9.52E-01										
1.76E+03	-5.54E-01	-9.75E-01										
1.81E+03	-5.50E-01	-9.97E-01										
1.86E+03	-5.47E-01	-1.02E+00										
1.92E+03	-5.43E-01	-1.04E+00										
1.97E+03	-5.40E-01	-1.06E+00										
2.02E+03	-5.36E-01	-1.08E+00										
2.07E+03	-5.33E-01	-1.10E+00										
2.12E+03	-5.29E-01	-1.12E+00										
2.17E+03	-5.26E-01	-1.14E+00										
2.22E+03	-5.23E-01	-1.16E+00										
2.27E+03	-5.19E-01	-1.18E+00										
2.33E+03	-5.16E-01	-1.20E+00										
2.38E+03	-5.13E-01	-1.22E+00										
2.44E+03	-5.10E-01	-1.24E+00										
2.49E+03	-5.06E-01	-1.26E+00										
2.54E+03	-5.03E-01	-1.28E+00										
2.59E+03	-5.00E-01	-1.30E+00										
2.64E+03	-4.97E-01	-1.31E+00										
2.69E+03	-4.94E-01	-1.33E+00										
2.74E+03	-4.90E-01	-1.34E+00										
2.79E+03	-4.88E-01	-1.36E+00										
2.84E+03	-4.84E-01	-1.38E+00										
2.90E+03	-4.81E-01	-1.39E+00										
2.95E+03	-4.78E-01	-1.41E+00										
3.00E+03	-4.75E-01	-1.43E+00										
3.05E+03	-4.72E-01	-1.44E+00										
3.10E+03	-4.69E-01	-1.45E+00										
3.15E+03	-4.66E-01	-1.47E+00										
3.21E+03	-4.62E-01	-1.48E+00										
3.26E+03	-4.59E-01	-1.50E+00										
3.31E+03	-4.56E-01	-1.51E+00										
3.36E+03	-4.53E-01	-1.52E+00										
3.41E+03	-4.51E-01	-1.54E+00										
3.46E+03	-4.47E-01	-1.55E+00										
3.51E+03	-4.44E-01	-1.56E+00										
3.56E+03	-4.41E-01	-1.57E+00										
3.61E+03	-4.38E-01	-1.58E+00										
3.67E+03	-4.35E-01	-1.60E+00										
3.72E+03	-4.31E-01	-1.61E+00										
3.77E+03	-4.28E-01	-1.62E+00										
3.83E+03	-4.25E-01	-1.63E+00										
3.88E+03	-4.22E-01	-1.64E+00										
3.93E+03	-4.18E-01	-1.65E+00										
3.99E+03	-4.15E-01	-1.65E+00										
4.04E+03	-4.12E-01	-1.66E+00										
4.09E+03	-4.09E-01	-1.67E+00										
4.14E+03	-4.06E-01	-1.68E+00										
4.19E+03	-4.02E-01	-1.69E+00										
4.24E+03	-3.99E-01	-1.69E+00										
4.29E+03	-3.96E-01	-1.70E+00										
4.35E+03	-3.92E-01	-1.71E+00										
4.40E+03	-3.89E-01	-1.71E+00										
4.45E+03	-3.86E-01	-1.72E+00										
4.50E+03	-3.82E-01	-1.72E+00										
4.55E+03	-3.79E-01	-1.72E+00										
4.60E+03	-3.76E-01	-1.73E+00										
4.65E+03	-3.72E-01	-1.73E+00										
4.70E+03	-3.69E-01	-1.73E+00										
4.75E+03	-3.65E-01	-1.74E+00										
4.81E+03	-3.62E-01	-1.74E+00										
4.86E+03	-3.58E-01	-1.74E+00										
4.91E+03	-3.54E-01	-1.74E+00										
4.96E+03	-3.51E-01	-1.74E+00										
5.01E+03	-3.47E-01	-1.74E+00										
5.06E+03	-3.43E-01	-1.74E+00										
5.11E+03	-3.40E-01	-1.74E+00										
5.17E+03	-3.36E-01	-1.74E+00										
5.22E+03	-3.33E-01	-1.74E+00										
5.27E+03	-3.29E-01	-1.73E+00										
5.32E+03	-3.24E-01	-1.73E+00										
5.37E+03	-3.21E-01	-1.72E+00										
5.42E+03	-3.17E-01	-1.72E+00										
5.48E+03	-3.13E-01	-1.71E+00										
5.53E+03	-3.09E-01	-1.71E+00										
5.58E+03	-3.04E-01	-1.70E+00										
5.63E+03	-3.00E-01	-1.69E+00										
5.68E+03	-2.96E-01	-1.68E+00										
5.73E+03	-2.91E-01	-1.67E+00										
5.78E+03	-2.87E-01	-1.66E+00										
5.83E+03	-2.82E-01	-1.65E+00										
5.88E+03	-2.78E-01	-1.63E+00										
5.94E+03	-2.73E-01	-1.62E+00										
5.99E+03	-2.68E-01	-1.60E+00										
6.04E+03	-2.63E-01	-1.59E+00										
6.09E+03	-2.58E-01	-1.57E+00										
6.14E+03	-2.53E-01	-1.55E+00										
6.15E+03	-2.52E-01	-1.55E+00										
0.00E+00	-8.07E-01	0.00E+00										
0.00E+00	-9.03E-01	0.00E+00										
0.00E+00	-9.16E-01	0.00E+00										
0.00E+00	-9.22E-01	0.00E+00										
0.00E+00	-9.25E-01	0.00E+00										
0.00E+00	-9.29E-01	0.00E+00										
5.14E+01	-9.29E-01	-4.77E-02										
1.02E+02	-8.21E-01	-8.36E-02										
1.53E+02	-7.80E-01	-1.19E-01										
2.04E+02	-7.56E-01	-1.54E-01										
2.56E+02	-7.38E-01	-1.88E-01										
3.07E+02	-7.22E-01	-2.22E-01										
3.58E+02	-7.09E-01	-2.54E-01										
4.11E+02	-6.98E-01	-2.87E-01										
4.63E+02	-6.87E-01	-3.18E-01										
5.13E+02	-6.78E-01	-3.48E-01										
5.64E+02	-6.69E-01	-3.78E-01										
6.15E+02	-6.61E-01	-4.07E-01										
6.68E+02	-6.54E-01	-4.37E-01										
7.18E+02	-6.47E-01	-4.65E-01										
7.70E+02	-6.41E-01	-4.94E-01										
8.21E+02	-6.35E-01	-5.21E-01										
8.72E+02	-6.29E-01	-5.49E-01										
9.24E+02	-6.23E-01	-5.76E-01										
9.75E+02	-6.18E-01	-6.03E-01										
1.03E+03	-6.13E-01	-6.29E-01										
1.08E+03	-6.09E-01	-6.56E-01										
1.13E+03	-6.04E-01	-6.82E-01										
1.18E+03	-5.99E-01	-7.07E-01										
1.24E+03	-5.94E-01	-7.34E-01										
1.29E+03	-5.90E-01	-7.60E-01										
1.34E+03	-5.85E-01	-7.85E-01										
1.39E+03	-5.81E-01	-8.09E-01										
1.44E+03	-5.77E-01	-8.33E-01										
1.49E+03	-5.73E-01	-8.57E-01										
1.54E+03	-5.69E-01	-8.80E-01										
1.60E+03	-5.65E-01	-9.02E-01										
1.65E+03	-5.62E-01	-9.26E-01										
1.70E+03	-5.58E-01	-9.48E-01										
1.75E+03	-5.54E-01	-9.70E-01										
1.80E+03	-5.51E-01	-9.93E-01										
1.86E+03	-5.47E-01	-1.02E+00										
1.91E+03	-5.44E-01	-1.04E+00										
1.96E+03	-5.40E-01	-1.06E+00										
2.01E+03	-5.37E-01	-1.08E+00										
2.06E+03	-5.33E-01	-1.10E+00										
2.11E+03	-5.30E-01	-1.12E+00										
2.16E+03	-5.27E-01	-1.14E+00										
2.21E+03	-5.23E-01	-1.16E+00										
2.27E+03	-5.20E-01	-1.18E+00										
2.32E+03	-5.17E-01	-1.20E+00										
2.37E+03	-5.13E-01	-1.22E+00										
2.43E+03	-5.10E-01	-1.24E+00										
2.48E+03	-5.07E-01	-1.26E+00										
2.53E+03	-5.04E-01	-1.27E+00										
2.58E+03	-5.01E-01	-1.29E+00										
2.63E+03	-4.97E-01	-1.31E+00										
2.69E+03	-4.94E-01	-1.33E+00										
2.74E+03	-4.91E-01	-1.34E+00										
2.79E+03	-4.88E-01	-1.36E+00										
2.84E+03	-4.85E-01	-1.38E+00										
2.89E+03	-4.82E-01	-1.39E+00										
2.94E+03	-4.79E-01	-1.41E+00										
3.00E+03	-4.76E-01	-1.42E+00										
3.05E+03	-4.72E-01	-1.44E+00										
3.10E+03	-4.69E-01	-1.45E+00										
3.16E+03	-4.66E-01	-1.47E+00										
3.21E+03	-4.63E-01	-1.48E+00										
3.26E+03	-4.60E-01	-1.50E+00										
3.31E+03	-4.57E-01	-1.51E+00										
3.36E+03	-4.53E-01	-1.52E+00										
3.41E+03	-4.50E-01	-1.54E+00										
3.46E+03	-4.47E-01	-1.55E+00										
3.52E+03	-4.44E-01	-1.56E+00										
3.57E+03	-4.41E-01	-1.57E+00										
3.62E+03	-4.38E-01	-1.58E+00										
3.67E+03	-4.35E-01	-1.60E+00										
3.72E+03	-4.32E-01	-1.61E+00										
3.77E+03	-4.28E-01	-1.62E+00										
3.83E+03	-4.25E-01	-1.63E+00										
3.88E+03	-4.22E-01	-1.64E+00										
3.93E+03	-4.19E-01	-1.64E+00										
3.98E+03	-4.16E-01	-1.65E+00										
4.03E+03	-4.13E-01	-1.66E+00										
4.08E+03	-4.09E-01	-1.67E+00										
4.13E+03	-4.06E-01	-1.68E+00										
4.18E+03	-4.03E-01	-1.69E+00										
4.24E+03	-3.99E-01	-1.69E+00										
4.29E+03	-3.96E-01	-1.70E+00										
4.34E+03	-3.93E-01	-1.70E+00										
4.39E+03	-3.90E-01	-1.71E+00										
4.44E+03	-3.86E-01	-1.72E+00										
4.50E+03	-3.83E-01	-1.72E+00										
4.55E+03	-3.79E-01	-1.73E+00										
4.60E+03	-3.76E-01	-1.73E+00										
4.65E+03	-3.72E-01	-1.73E+00										
4.70E+03	-3.69E-01	-1.73E+00										
4.76E+03	-3.65E-01	-1.74E+00										
4.81E+03	-3.62E-01	-1.74E+00										
4.86E+03	-3.58E-01	-1.74E+00										
4.92E+03	-3.54E-01	-1.74E+00										
4.97E+03	-3.51E-01	-1.74E+00										
5.02E+03	-3.47E-01	-1.74E+00										
5.08E+03	-3.43E-01	-1.74E+00										
5.13E+03	-3.39E-01	-1.74E+00										
5.18E+03	-3.35E-01	-1.73E+00										
5.23E+03	-3.31E-01	-1.73E+00										
5.29E+03	-3.27E-01	-1.73E+00										
5.34E+03	-3.23E-01	-1.72E+00										
5.39E+03	-3.19E-01	-1.72E+00										
5.44E+03	-3.15E-01	-1.71E+00										
5.49E+03	-3.10E-01	-1.71E+00										
5.54E+03	-3.06E-01	-1.70E+00										
5.60E+03	-3.02E-01	-1.69E+00										
5.65E+03	-2.98E-01	-1.68E+00										
5.70E+03	-2.93E-01	-1.67E+00										
5.75E+03	-2.89E-01	-1.66E+00										
5.80E+03	-2.84E-01	-1.65E+00										
5.86E+03	-2.79E-01	-1.64E+00										
5.91E+03	-2.75E-01	-1.62E+00										
5.96E+03	-2.70E-01	-1.61E+00										
6.01E+03	-2.65E-01	-1.59E+00										
6.06E+03	-2.60E-01	-1.58E+00										
6.11E+03	-2.55E-01	-1.56E+00										
6.14E+03	-2.51E-01	-1.54E+00										
0.00E+00	-8.07E-01	0.00E+00										
0.00E+00	-9.03E-01	0.00E+00										
0.00E+00	-9.16E-01	0.00E+00										
0.00E+00	-9.21E-01	0.00E+00										
0.00E+00	-9.25E-01	0.00E+00										
0.00E+00	-9.28E-01	0.00E+00										
4.98E+01	-9.28E-01	-4.63E-02										
1.00E+02	-8.25E-01	-8.27E-02										
1.51E+02	-7.80E-01	-1.17E-01										
2.02E+02	-7.56E-01	-1.52E-01										
2.52E+02	-7.38E-01	-1.86E-01										
3.04E+02	-7.23E-01	-2.20E-01										
3.56E+02	-7.09E-01	-2.53E-01										
4.10E+02	-6.98E-01	-2.86E-01										
4.61E+02	-6.87E-01	-3.16E-01										
5.11E+02	-6.78E-01	-3.46E-01										
5.64E+02	-6.69E-01	-3.77E-01										
6.14E+02	-6.61E-01	-4.06E-01										
6.64E+02	-6.55E-01	-4.35E-01										
7.16E+02	-6.47E-01	-4.63E-01										
7.69E+02	-6.41E-01	-4.93E-01										
8.20E+02	-6.35E-01	-5.20E-01										
8.70E+02	-6.29E-01	-5.47E-01										
9.23E+02	-6.23E-01	-5.75E-01										
9.73E+02	-6.19E-01	-6.02E-01										
1.03E+03	-6.13E-01	-6.29E-01										
1.08E+03	-6.08E-01	-6.55E-01										
1.13E+03	-6.04E-01	-6.80E-01										
1.18E+03	-5.99E-01	-7.06E-01										
1.23E+03	-5.95E-01	-7.32E-01										
1.28E+03	-5.90E-01	-7.57E-01										
1.33E+03	-5.86E-01	-7.81E-01										
1.39E+03	-5.82E-01	-8.06E-01										
1.44E+03	-5.78E-01	-8.31E-01										
1.49E+03	-5.74E-01	-8.54E-01										
1.54E+03	-5.70E-01	-8.79E-01										
1.59E+03	-5.66E-01	-9.01E-01										
1.65E+03	-5.62E-01	-9.25E-01										
1.70E+03	-5.58E-01	-9.47E-01										
1.75E+03	-5.55E-01	-9.70E-01										
1.80E+03	-5.51E-01	-9.92E-01										
1.85E+03	-5.48E-01	-1.01E+00										
1.90E+03	-5.44E-01	-1.03E+00										
1.95E+03	-5.41E-01	-1.06E+00										
2.00E+03	-5.37E-01	-1.08E+00										
2.06E+03	-5.34E-01	-1.10E+00										
2.11E+03	-5.31E-01	-1.12E+00										
2.16E+03	-5.27E-01	-1.14E+00										
2.22E+03	-5.24E-01	-1.16E+00										
2.27E+03	-5.20E-01	-1.18E+00										
2.32E+03	-5.17E-01	-1.20E+00										
2.37E+03	-5.14E-01	-1.22E+00										
2.42E+03	-5.11E-01	-1.24E+00										
2.48E+03	-5.07E-01	-1.26E+00										
2.53E+03	-5.04E-01	-1.27E+00										
2.58E+03	-5.01E-01	-1.29E+00										
2.63E+03	-4.98E-01	-1.31E+00										
2.68E+03	-4.95E-01	-1.33E+00										
2.73E+03	-4.92E-01	-1.34E+00										
2.79E+03	-4.88E-01	-1.36E+00										
2.84E+03	-4.85E-01	-1.38E+00										
2.89E+03	-4.82E-01	-1.39E+00										
2.94E+03	-4.79E-01	-1.41E+00										
2.99E+03	-4.76E-01	-1.42E+00										
3.05E+03	-4.73E-01	-1.44E+00										
3.10E+03	-4.70E-01	-1.45E+00										
3.15E+03	-4.66E-01	-1.47E+00										
3.20E+03	-4.63E-01	-1.48E+00										
3.25E+03	-4.60E-01	-1.50E+00										
3.31E+03	-4.57E-01	-1.51E+00										
3.36E+03	-4.54E-01	-1.52E+00										
3.41E+03	-4.51E-01	-1.54E+00										
3.46E+03	-4.47E-01	-1.55E+00										
3.51E+03	-4.44E-01	-1.56E+00										
3.57E+03	-4.41E-01	-1.57E+00										
3.62E+03	-4.38E-01	-1.59E+00										
3.67E+03	-4.35E-01	-1.60E+00										
3.72E+03	-4.32E-01	-1.61E+00										
3.78E+03	-4.29E-01	-1.62E+00										
3.83E+03	-4.25E-01	-1.63E+00										
3.88E+03	-4.22E-01	-1.64E+00										
3.93E+03	-4.19E-01	-1.65E+00										
3.98E+03	-4.16E-01	-1.66E+00										
4.04E+03	-4.13E-01	-1.67E+00										
4.09E+03	-4.09E-01	-1.67E+00										
4.14E+03	-4.06E-01	-1.68E+00										
4.19E+03	-4.03E-01	-1.69E+00										
4.24E+03	-4.00E-01	-1.70E+00										
4.29E+03	-3.96E-01	-1.70E+00										
4.34E+03	-3.93E-01	-1.71E+00										
4.40E+03	-3.90E-01	-1.71E+00										
4.45E+03	-3.86E-01	-1.72E+00										
4.50E+03	-3.83E-01	-1.72E+00										
4.55E+03	-3.80E-01	-1.73E+00										
4.60E+03	-3.76E-01	-1.73E+00										
4.65E+03	-3.73E-01	-1.73E+00										
4.70E+03	-3.70E-01	-1.74E+00										
4.75E+03	-3.66E-01	-1.74E+00										
4.80E+03	-3.63E-01	-1.74E+00										
4.85E+03	-3.59E-01	-1.74E+00										
4.91E+03	-3.56E-01	-1.74E+00										
4.96E+03	-3.52E-01	-1.74E+00										
5.01E+03	-3.48E-01	-1.74E+00										
5.06E+03	-3.44E-01	-1.74E+00										
5.12E+03	-3.40E-01	-1.74E+00										
5.17E+03	-3.37E-01	-1.74E+00										
5.22E+03	-3.33E-01	-1.74E+00										
5.27E+03	-3.29E-01	-1.73E+00										
5.33E+03	-3.25E-01	-1.73E+00										
5.38E+03	-3.21E-01	-1.72E+00										
5.43E+03	-3.16E-01	-1.72E+00										
5.48E+03	-3.12E-01	-1.71E+00										
5.53E+03	-3.08E-01	-1.71E+00										
5.59E+03	-3.04E-01	-1.70E+00										
5.64E+03	-3.00E-01	-1.69E+00										
5.69E+03	-2.95E-01	-1.68E+00										
5.74E+03	-2.91E-01	-1.67E+00										
5.79E+03	-2.86E-01	-1.66E+00										
5.84E+03	-2.82E-01	-1.65E+00										
5.90E+03	-2.77E-01	-1.64E+00										
5.95E+03	-2.72E-01	-1.62E+00										
6.00E+03	-2.67E-01	-1.60E+00										
6.06E+03	-2.62E-01	-1.59E+00										
6.11E+03	-2.57E-01	-1.57E+00										
6.16E+03	-2.51E-01	-1.55E+00										
6.16E+03	-2.51E-01	-1.55E+00										
0.00E+00	-8.07E-01	0.00E+00										
0.00E+00	-9.03E-01	0.00E+00										
0.00E+00	-9.15E-01	0.00E+00										
0.00E+00	-9.22E-01	0.00E+00										
0.00E+00	-9.25E-01	0.00E+00										
0.00E+00	-9.29E-01	0.00E+00										
5.44E+01	-9.29E-01	-5.05E-02										
1.10E+02	-8.18E-01	-8.99E-02										
1.61E+02	-7.74E-01	-1.25E-01										
2.16E+02	-7.51E-01	-1.63E-01										
2.67E+02	-7.33E-01	-1.96E-01										
3.18E+02	-7.18E-01	-2.28E-01										
3.68E+02	-7.06E-01	-2.60E-01										
4.18E+02	-6.95E-01	-2.91E-01										
4.69E+02	-6.85E-01	-3.21E-01										
5.20E+02	-6.76E-01	-3.52E-01										
5.70E+02	-6.68E-01	-3.81E-01										
6.21E+02	-6.61E-01	-4.10E-01										
6.73E+02	-6.54E-01	-4.40E-01										
7.28E+02	-6.46E-01	-4.70E-01										
7.78E+02	-6.40E-01	-4.98E-01										
8.29E+02	-6.34E-01	-5.25E-01										
8.87E+02	-6.28E-01	-5.57E-01										
9.43E+02	-6.22E-01	-5.86E-01										
9.94E+02	-6.17E-01	-6.13E-01										
1.04E+03	-6.11E-01	-6.38E-01										
1.10E+03	-6.06E-01	-6.65E-01										
1.15E+03	-6.02E-01	-6.91E-01										
1.20E+03	-5.97E-01	-7.15E-01										
1.25E+03	-5.93E-01	-7.40E-01										
1.30E+03	-5.88E-01	-7.65E-01										
1.35E+03	-5.84E-01	-7.89E-01										
1.40E+03	-5.80E-01	-8.13E-01										
1.45E+03	-5.76E-01	-8.37E-01										
1.50E+03	-5.72E-01	-8.60E-01										
1.55E+03	-5.68E-01	-8.84E-01										
1.61E+03	-5.65E-01	-9.06E-01										
1.66E+03	-5.61E-01	-9.30E-01										
1.71E+03	-5.57E-01	-9.52E-01										
1.76E+03	-5.54E-01	-9.74E-01										
1.81E+03	-5.50E-01	-9.96E-01										
1.86E+03	-5.47E-01	-1.02E+00										
1.91E+03	-5.43E-01	-1.04E+00										
1.96E+03	-5.40E-01	-1.06E+00										
2.02E+03	-5.36E-01	-1.08E+00										
2.07E+03	-5.33E-01	-1.10E+00										
2.12E+03	-5.29E-01	-1.12E+00										
2.17E+03	-5.26E-01	-1.14E+00										
2.22E+03	-5.23E-01	-1.16E+00										
2.28E+03	-5.20E-01	-1.18E+00										
2.33E+03	-5.16E-01	-1.20E+00										
2.38E+03	-5.13E-01	-1.22E+00										
2.43E+03	-5.10E-01	-1.24E+00										
2.48E+03	-5.07E-01	-1.26E+00										
2.53E+03	-5.04E-01	-1.28E+00										
2.59E+03	-5.00E-01	-1.29E+00										
2.64E+03	-4.97E-01	-1.31E+00										
2.69E+03	-4.94E-01	-1.33E+00										
2.74E+03	-4.91E-01	-1.35E+00										
2.79E+03	-4.88E-01	-1.36E+00										
2.84E+03	-4.85E-01	-1.38E+00										
2.89E+03	-4.82E-01	-1.39E+00										
2.95E+03	-4.78E-01	-1.41E+00										
3.00E+03	-4.75E-01	-1.43E+00										
3.06E+03	-4.72E-01	-1.44E+00										
3.11E+03	-4.69E-01	-1.46E+00										
3.16E+03	-4.65E-01	-1.47E+00										
3.21E+03	-4.63E-01	-1.48E+00										
3.26E+03	-4.60E-01	-1.50E+00										
3.31E+03	-4.57E-01	-1.51E+00										
3.36E+03	-4.53E-01	-1.52E+00										
3.41E+03	-4.50E-01	-1.54E+00										
3.46E+03	-4.47E-01	-1.55E+00										
3.52E+03	-4.44E-01	-1.56E+00										
3.57E+03	-4.41E-01	-1.57E+00										
3.62E+03	-4.38E-01	-1.58E+00										
3.67E+03	-4.35E-01	-1.60E+00										
3.72E+03	-4.32E-01	-1.61E+00										
3.78E+03	-4.28E-01	-1.62E+00										
3.83E+03	-4.25E-01	-1.63E+00										
3.88E+03	-4.22E-01	-1.64E+00										
3.94E+03	-4.19E-01	-1.65E+00										
3.99E+03	-4.15E-01	-1.66E+00										
4.04E+03	-4.12E-01	-1.67E+00										
4.09E+03	-4.09E-01	-1.67E+00										
4.15E+03	-4.05E-01	-1.68E+00										
4.20E+03	-4.02E-01	-1.69E+00										
4.25E+03	-3.99E-01	-1.70E+00										
4.30E+03	-3.95E-01	-1.70E+00										
4.36E+03	-3.92E-01	-1.71E+00										
4.41E+03	-3.89E-01	-1.71E+00										
4.46E+03	-3.85E-01	-1.72E+00										
4.51E+03	-3.82E-01	-1.72E+00										
4.56E+03	-3.79E-01	-1.73E+00										
4.61E+03	-3.75E-01	-1.73E+00										
4.67E+03	-3.72E-01	-1.74E+00										
4.72E+03	-3.68E-01	-1.74E+00										
4.78E+03	-3.64E-01	-1.74E+00										
4.83E+03	-3.61E-01	-1.74E+00										
4.88E+03	-3.57E-01	-1.74E+00										
4.93E+03	-3.53E-01	-1.74E+00										
4.98E+03	-3.50E-01	-1.74E+00										
5.03E+03	-3.46E-01	-1.74E+00										
5.08E+03	-3.43E-01	-1.74E+00										
5.13E+03	-3.39E-01	-1.74E+00										
5.18E+03	-3.35E-01	-1.74E+00										
5.23E+03	-3.31E-01	-1.73E+00										
5.28E+03	-3.28E-01	-1.73E+00										
5.34E+03	-3.24E-01	-1.73E+00										
5.39E+03	-3.19E-01	-1.72E+00										
5.44E+03	-3.15E-01	-1.72E+00										
5.49E+03	-3.11E-01	-1.71E+00										
5.54E+03	-3.07E-01	-1.70E+00										
5.60E+03	-3.03E-01	-1.69E+00										
5.65E+03	-2.98E-01	-1.68E+00										
5.70E+03	-2.94E-01	-1.68E+00										
5.76E+03	-2.90E-01	-1.67E+00										
5.81E+03	-2.85E-01	-1.65E+00										
5.86E+03	-2.80E-01	-1.64E+00										
5.91E+03	-2.75E-01	-1.63E+00										
5.96E+03	-2.69E-01	-1.60E+00										
6.01E+03	-2.65E-01	-1.59E+00										
6.06E+03	-2.60E-01	-1.58E+00										
6.11E+03	-2.56E-01	-1.56E+00										
6.15E+03	-2.51E-01	-1.55E+00										
0.00E+00	-8.07E-01	0.00E+00										
0.00E+00	-9.03E-01	0.00E+00										
0.00E+00	-9.15E-01	0.00E+00										
0.00E+00	-9.20E-01	0.00E+00										
0.00E+00	-9.24E-01	0.00E+00										
0.00E+00	-9.27E-01	0.00E+00										
5.19E+01	-9.28E-01	-4.81E-02										
1.03E+02	-8.18E-01	-8.41E-02										
1.53E+02	-7.78E-01	-1.19E-01										
2.04E+02	-7.54E-01	-1.53E-01										
2.55E+02	-7.37E-01	-1.88E-01										
3.06E+02	-7.22E-01	-2.21E-01										
3.56E+02	-7.08E-01	-2.52E-01										
4.08E+02	-6.97E-01	-2.84E-01										
4.60E+02	-6.87E-01	-3.16E-01										
5.12E+02	-6.78E-01	-3.47E-01										
5.62E+02	-6.69E-01	-3.76E-01										
6.13E+02	-6.62E-01	-4.06E-01										
6.63E+02	-6.54E-01	-4.34E-01										
7.14E+02	-6.48E-01	-4.63E-01										
7.69E+02	-6.42E-01	-4.94E-01										
8.20E+02	-6.35E-01	-5.21E-01										
8.71E+02	-6.30E-01	-5.48E-01										
9.22E+02	-6.24E-01	-5.76E-01										
9.73E+02	-6.19E-01	-6.03E-01										
1.02E+03	-6.14E-01	-6.29E-01										
1.07E+03	-6.10E-01	-6.55E-01										
1.12E+03	-6.05E-01	-6.80E-01										
1.18E+03	-6.00E-01	-7.06E-01										
1.23E+03	-5.96E-01	-7.31E-01										
1.28E+03	-5.92E-01	-7.56E-01										
1.33E+03	-5.88E-01	-7.81E-01										
1.38E+03	-5.83E-01	-8.05E-01										
1.43E+03	-5.80E-01	-8.30E-01										
1.48E+03	-5.76E-01	-8.55E-01										
1.54E+03	-5.72E-01	-8.79E-01										
1.59E+03	-5.68E-01	-9.03E-01										
1.64E+03	-5.64E-01	-9.26E-01										
1.69E+03	-5.61E-01	-9.49E-01										
1.74E+03	-5.57E-01	-9.71E-01										
1.80E+03	-5.53E-01	-9.93E-01										
1.85E+03	-5.50E-01	-1.02E+00										
1.90E+03	-5.46E-01	-1.04E+00										
1.95E+03	-5.43E-01	-1.06E+00										
2.00E+03	-5.40E-01	-1.08E+00										
2.05E+03	-5.37E-01	-1.10E+00										
2.10E+03	-5.33E-01	-1.12E+00										
2.15E+03	-5.30E-01	-1.14E+00										
2.20E+03	-5.27E-01	-1.16E+00										
2.25E+03	-5.24E-01	-1.18E+00										
2.30E+03	-5.20E-01	-1.20E+00										
2.36E+03	-5.17E-01	-1.22E+00										
2.41E+03	-5.14E-01	-1.24E+00										
2.46E+03	-5.11E-01	-1.26E+00										
2.51E+03	-5.08E-01	-1.28E+00										
2.56E+03	-5.04E-01	-1.29E+00										
2.62E+03	-5.01E-01	-1.31E+00										
2.67E+03	-4.98E-01	-1.33E+00										
2.72E+03	-4.95E-01	-1.35E+00										
2.77E+03	-4.92E-01	-1.36E+00										
2.82E+03	-4.88E-01	-1.38E+00										
2.87E+03	-4.85E-01	-1.40E+00										
2.92E+03	-4.83E-01	-1.41E+00										
2.98E+03	-4.79E-01	-1.43E+00										
3.03E+03	-4.76E-01	-1.44E+00										
3.08E+03	-4.73E-01	-1.46E+00										
3.13E+03	-4.70E-01	-1.47E+00										
3.18E+03	-4.67E-01	-1.49E+00										
3.23E+03	-4.64E-01	-1.50E+00										
3.29E+03	-4.61E-01	-1.51E+00										
3.34E+03	-4.58E-01	-1.53E+00										
3.39E+03	-4.55E-01	-1.54E+00										
3.44E+03	-4.52E-01	-1.55E+00										
3.49E+03	-4.49E-01	-1.57E+00										
3.54E+03	-4.46E-01	-1.58E+00										
3.60E+03	-4.43E-01	-1.59E+00										
3.65E+03	-4.39E-01	-1.60E+00										
3.70E+03	-4.36E-01	-1.61E+00										
3.75E+03	-4.33E-01	-1.62E+00										
3.80E+03	-4.30E-01	-1.64E+00										
3.85E+03	-4.27E-01	-1.65E+00										
3.91E+03	-4.24E-01	-1.66E+00										
3.96E+03	-4.20E-01	-1.66E+00										
4.01E+03	-4.17E-01	-1.67E+00										
4.06E+03	-4.14E-01	-1.68E+00										
4.11E+03	-4.11E-01	-1.69E+00										
4.16E+03	-4.08E-01	-1.70E+00										
4.21E+03	-4.04E-01	-1.70E+00										
4.27E+03	-4.01E-01	-1.71E+00										
4.32E+03	-3.98E-01	-1.72E+00										
4.37E+03	-3.94E-01	-1.72E+00										
4.42E+03	-3.91E-01	-1.73E+00										
4.48E+03	-3.88E-01	-1.74E+00										
4.53E+03	-3.84E-01	-1.74E+00										
4.58E+03	-3.81E-01	-1.74E+00										
4.63E+03	-3.77E-01	-1.75E+00										
4.69E+03	-3.74E-01	-1.75E+00										
4.74E+03	-3.70E-01	-1.75E+00										
4.79E+03	-3.67E-01	-1.76E+00										
4.84E+03	-3.63E-01	-1.76E+00										
4.89E+03	-3.60E-01	-1.76E+00										
4.94E+03	-3.56E-01	-1.76E+00										
4.99E+03	-3.53E-01	-1.76E+00										
5.04E+03	-3.49E-01	-1.76E+00										
5.09E+03	-3.45E-01	-1.76E+00										
5.14E+03	-3.42E-01	-1.76E+00										
5.19E+03	-3.38E-01	-1.75E+00										
5.25E+03	-3.34E-01	-1.75E+00										
5.30E+03	-3.30E-01	-1.75E+00										
5.35E+03	-3.26E-01	-1.75E+00										
5.40E+03	-3.22E-01	-1.74E+00										
5.45E+03	-3.18E-01	-1.74E+00										
5.51E+03	-3.14E-01	-1.73E+00										
5.56E+03	-3.10E-01	-1.72E+00										
5.61E+03	-3.06E-01	-1.72E+00										
5.66E+03	-3.01E-01	-1.71E+00										
5.71E+03	-2.97E-01	-1.70E+00										
5.76E+03	-2.93E-01	-1.69E+00										
5.81E+03	-2.89E-01	-1.68E+00										
5.86E+03	-2.84E-01	-1.67E+00										
5.92E+03	-2.79E-01	-1.65E+00										
5.97E+03	-2.75E-01	-1.64E+00										
6.02E+03	-2.70E-01	-1.63E+00										
6.07E+03	-2.65E-01	-1.61E+00										
6.13E+03	-2.60E-01	-1.59E+00										
6.18E+03	-2.55E-01	-1.57E+00										
6.20E+03	-2.51E-01	-1.56E+00										
0.00E+00	-8.08E-01	0.00E+00										
0.00E+00	-9.03E-01	0.00E+00										
0.00E+00	-9.15E-01	0.00E+00										
0.00E+00	-9.21E-01	0.00E+00										
0.00E+00	-9.24E-01	0.00E+00										
0.00E+00	-9.28E-01	0.00E+00										
5.24E+01	-9.28E-01	-4.86E-02										
1.03E+02	-8.18E-01	-8.41E-02										
1.59E+02	-7.77E-01	-1.24E-01										
2.11E+02	-7.52E-01	-1.59E-01										
2.62E+02	-7.36E-01	-1.92E-01										
3.12E+02	-7.20E-01	-2.25E-01										
3.62E+02	-7.07E-01	-2.56E-01										
4.15E+02	-6.96E-01	-2.89E-01										
4.66E+02	-6.86E-01	-3.20E-01										
5.17E+02	-6.77E-01	-3.50E-01										
5.67E+02	-6.69E-01	-3.79E-01										
6.19E+02	-6.61E-01	-4.09E-01										
6.70E+02	-6.54E-01	-4.38E-01										
7.20E+02	-6.47E-01	-4.66E-01										
7.70E+02	-6.41E-01	-4.94E-01										
8.25E+02	-6.35E-01	-5.24E-01										
8.75E+02	-6.30E-01	-5.51E-01										
9.26E+02	-6.23E-01	-5.77E-01										
9.77E+02	-6.19E-01	-6.04E-01										
1.03E+03	-6.14E-01	-6.31E-01										
1.08E+03	-6.09E-01	-6.57E-01										
1.13E+03	-6.04E-01	-6.83E-01										
1.18E+03	-5.99E-01	-7.09E-01										
1.24E+03	-5.95E-01	-7.35E-01										
1.29E+03	-5.90E-01	-7.59E-01										
1.34E+03	-5.86E-01	-7.84E-01										
1.39E+03	-5.82E-01	-8.08E-01										
1.44E+03	-5.78E-01	-8.33E-01										
1.49E+03	-5.74E-01	-8.57E-01										
1.54E+03	-5.70E-01	-8.80E-01										
1.60E+03	-5.67E-01	-9.04E-01										
1.65E+03	-5.63E-01	-9.27E-01										
1.70E+03	-5.59E-01	-9.49E-01										
1.75E+03	-5.55E-01	-9.71E-01										
1.80E+03	-5.52E-01	-9.93E-01										
1.85E+03	-5.49E-01	-1.02E+00										
1.90E+03	-5.45E-01	-1.04E+00										
1.95E+03	-5.42E-01	-1.06E+00										
2.00E+03	-5.38E-01	-1.08E+00										
2.06E+03	-5.35E-01	-1.10E+00										
2.11E+03	-5.32E-01	-1.12E+00										
2.16E+03	-5.29E-01	-1.14E+00										
2.21E+03	-5.25E-01	-1.16E+00										
2.26E+03	-5.22E-01	-1.18E+00										
2.31E+03	-5.19E-01	-1.20E+00										
2.37E+03	-5.15E-01	-1.22E+00										
2.42E+03	-5.12E-01	-1.24E+00										
2.47E+03	-5.09E-01	-1.26E+00										
2.52E+03	-5.06E-01	-1.28E+00										
2.57E+03	-5.03E-01	-1.29E+00										
2.63E+03	-4.99E-01	-1.31E+00										
2.68E+03	-4.96E-01	-1.33E+00										
2.73E+03	-4.93E-01	-1.35E+00										
2.78E+03	-4.90E-01	-1.36E+00										
2.83E+03	-4.87E-01	-1.38E+00										
2.88E+03	-4.84E-01	-1.40E+00										
2.93E+03	-4.81E-01	-1.41E+00										
2.99E+03	-4.78E-01	-1.43E+00										
3.04E+03	-4.75E-01	-1.44E+00										
3.09E+03	-4.72E-01	-1.46E+00										
3.14E+03	-4.69E-01	-1.47E+00										
3.20E+03	-4.65E-01	-1.49E+00										
3.25E+03	-4.62E-01	-1.50E+00										
3.30E+03	-4.59E-01	-1.51E+00										
3.35E+03	-4.56E-01	-1.53E+00										
3.40E+03	-4.53E-01	-1.54E+00										
3.45E+03	-4.50E-01	-1.55E+00										
3.51E+03	-4.47E-01	-1.57E+00										
3.56E+03	-4.44E-01	-1.58E+00										
3.61E+03	-4.40E-01	-1.59E+00										
3.66E+03	-4.37E-01	-1.60E+00										
3.71E+03	-4.34E-01	-1.61E+00										
3.77E+03	-4.31E-01	-1.62E+00										
3.82E+03	-4.28E-01	-1.63E+00										
3.87E+03	-4.25E-01	-1.64E+00										
3.92E+03	-4.22E-01	-1.65E+00										
3.97E+03	-4.19E-01	-1.66E+00										
4.02E+03	-4.15E-01	-1.67E+00										
4.07E+03	-4.12E-01	-1.68E+00										
4.12E+03	-4.09E-01	-1.69E+00										
4.17E+03	-4.06E-01	-1.69E+00										
4.22E+03	-4.03E-01	-1.70E+00										
4.27E+03	-4.00E-01	-1.71E+00										
4.32E+03	-3.96E-01	-1.71E+00										
4.37E+03	-3.93E-01	-1.72E+00										
4.43E+03	-3.90E-01	-1.73E+00										
4.48E+03	-3.86E-01	-1.73E+00										
4.53E+03	-3.83E-01	-1.73E+00										
4.58E+03	-3.80E-01	-1.74E+00										
4.63E+03	-3.76E-01	-1.74E+00										
4.69E+03	-3.73E-01	-1.75E+00										
4.74E+03	-3.69E-01	-1.75E+00										
4.79E+03	-3.65E-01	-1.75E+00										
4.84E+03	-3.62E-01	-1.75E+00										
4.89E+03	-3.58E-01	-1.75E+00										
4.95E+03	-3.55E-01	-1.75E+00										
5.00E+03	-3.51E-01	-1.75E+00										
5.05E+03	-3.47E-01	-1.75E+00										
5.10E+03	-3.44E-01	-1.75E+00										
5.15E+03	-3.40E-01	-1.75E+00										
5.20E+03	-3.36E-01	-1.75E+00										
5.26E+03	-3.32E-01	-1.74E+00										
5.31E+03	-3.28E-01	-1.74E+00										
5.36E+03	-3.24E-01	-1.74E+00										
5.41E+03	-3.21E-01	-1.73E+00										
5.46E+03	-3.17E-01	-1.73E+00										
5.51E+03	-3.13E-01	-1.72E+00										
5.56E+03	-3.09E-01	-1.72E+00										
5.61E+03	-3.04E-01	-1.71E+00										
5.66E+03	-3.00E-01	-1.70E+00										
5.71E+03	-2.96E-01	-1.69E+00										
5.76E+03	-2.91E-01	-1.68E+00										
5.81E+03	-2.87E-01	-1.67E+00										
5.87E+03	-2.82E-01	-1.66E+00										
5.92E+03	-2.78E-01	-1.64E+00										
5.97E+03	-2.73E-01	-1.63E+00										
6.02E+03	-2.68E-01	-1.61E+00										
6.08E+03	-2.64E-01	-1.60E+00										
6.13E+03	-2.59E-01	-1.59E+00										
6.18E+03	-2.55E-01	-1.57E+00										
6.20E+03	-2.51E-01	-1.56E+00										
0.00E+00	-8.08E-01	0.00E+00										
0.00E+00	-9.03E-01	0.00E+00										
0.00E+00	-9.15E-01	0.00E+00										
0.00E+00	-9.21E-01	0.00E+00										
0.00E+00	-9.25E-01	0.00E+00										
0.00E+00	-9.28E-01	0.00E+00										
4.68E+01	-9.28E-01	-4.34E-02										
9.77E+01	-8.31E-01	-8.12E-02										
1.50E+02	-7.81E-01	-1.17E-01										
2.01E+02	-7.56E-01	-1.52E-01										
2.51E+02	-7.38E-01	-1.86E-01										
3.02E+02	-7.24E-01	-2.18E-01										
3.54E+02	-7.10E-01	-2.52E-01										
4.05E+02	-6.98E-01	-2.83E-01										
4.56E+02	-6.88E-01	-3.14E-01										
5.07E+02	-6.79E-01	-3.44E-01										
5.58E+02	-6.71E-01	-3.74E-01										
6.09E+02	-6.62E-01	-4.04E-01										
6.61E+02	-6.55E-01	-4.33E-01										
7.12E+02	-6.48E-01	-4.61E-01										
7.63E+02	-6.42E-01	-4.90E-01										
8.15E+02	-6.36E-01	-5.18E-01										
8.68E+02	-6.30E-01	-5.47E-01										
9.21E+02	-6.24E-01	-5.75E-01										
9.72E+02	-6.19E-01	-6.02E-01										
1.02E+03	-6.14E-01	-6.28E-01										
1.08E+03	-6.09E-01	-6.58E-01										
1.13E+03	-6.04E-01	-6.83E-01										
1.18E+03	-5.99E-01	-7.08E-01										
1.23E+03	-5.95E-01	-7.34E-01										
1.29E+03	-5.91E-01	-7.59E-01										
1.34E+03	-5.86E-01	-7.83E-01										
1.39E+03	-5.82E-01	-8.07E-01										
1.44E+03	-5.78E-01	-8.33E-01										
1.49E+03	-5.74E-01	-8.57E-01										
1.54E+03	-5.70E-01	-8.80E-01										
1.60E+03	-5.66E-01	-9.04E-01										
1.65E+03	-5.62E-01	-9.26E-01										
1.70E+03	-5.59E-01	-9.50E-01										
1.75E+03	-5.55E-01	-9.71E-01										
1.80E+03	-5.51E-01	-9.94E-01										
1.85E+03	-5.48E-01	-1.02E+00										
1.90E+03	-5.44E-01	-1.04E+00										
1.96E+03	-5.41E-01	-1.06E+00										
2.01E+03	-5.38E-01	-1.08E+00										
2.06E+03	-5.34E-01	-1.10E+00										
2.11E+03	-5.31E-01	-1.12E+00										
2.16E+03	-5.28E-01	-1.14E+00										
2.21E+03	-5.24E-01	-1.16E+00										
2.26E+03	-5.21E-01	-1.18E+00										
2.32E+03	-5.18E-01	-1.20E+00										
2.37E+03	-5.15E-01	-1.22E+00										
2.43E+03	-5.11E-01	-1.24E+00										
2.48E+03	-5.08E-01	-1.26E+00										
2.53E+03	-5.05E-01	-1.28E+00										
2.58E+03	-5.01E-01	-1.30E+00										
2.64E+03	-4.98E-01	-1.31E+00										
2.69E+03	-4.95E-01	-1.33E+00										
2.74E+03	-4.92E-01	-1.35E+00										
2.79E+03	-4.89E-01	-1.36E+00										
2.84E+03	-4.86E-01	-1.38E+00										
2.89E+03	-4.82E-01	-1.40E+00										
2.95E+03	-4.79E-01	-1.41E+00										
3.00E+03	-4.76E-01	-1.43E+00										
3.05E+03	-4.74E-01	-1.44E+00										
3.10E+03	-4.70E-01	-1.46E+00										
3.15E+03	-4.67E-01	-1.47E+00										
3.20E+03	-4.64E-01	-1.49E+00										
3.25E+03	-4.61E-01	-1.50E+00										
3.31E+03	-4.58E-01	-1.51E+00										
3.36E+03	-4.55E-01	-1.53E+00										
3.41E+03	-4.52E-01	-1.54E+00										
3.46E+03	-4.49E-01	-1.55E+00										
3.51E+03	-4.45E-01	-1.56E+00										
3.56E+03	-4.42E-01	-1.58E+00										
3.61E+03	-4.39E-01	-1.59E+00										
3.67E+03	-4.37E-01	-1.60E+00										
3.72E+03	-4.33E-01	-1.61E+00										
3.77E+03	-4.30E-01	-1.62E+00										
3.82E+03	-4.27E-01	-1.63E+00										
3.87E+03	-4.24E-01	-1.64E+00										
3.93E+03	-4.21E-01	-1.65E+00										
3.98E+03	-4.18E-01	-1.66E+00										
4.03E+03	-4.14E-01	-1.67E+00										
4.08E+03	-4.11E-01	-1.68E+00										
4.13E+03	-4.08E-01	-1.69E+00										
4.18E+03	-4.05E-01	-1.69E+00										
4.24E+03	-4.01E-01	-1.70E+00										
4.29E+03	-3.98E-01	-1.71E+00										
4.34E+03	-3.95E-01	-1.71E+00										
4.39E+03	-3.91E-01	-1.72E+00										
4.45E+03	-3.88E-01	-1.72E+00										
4.50E+03	-3.85E-01	-1.73E+00										
4.56E+03	-3.81E-01	-1.74E+00										
4.61E+03	-3.77E-01	-1.74E+00										
4.66E+03	-3.74E-01	-1.74E+00										
4.72E+03	-3.70E-01	-1.75E+00										
4.77E+03	-3.66E-01	-1.75E+00										
4.82E+03	-3.63E-01	-1.75E+00										
4.87E+03	-3.59E-01	-1.75E+00										
4.92E+03	-3.56E-01	-1.75E+00										
4.97E+03	-3.52E-01	-1.75E+00										
5.02E+03	-3.49E-01	-1.75E+00										
5.07E+03	-3.45E-01	-1.75E+00										
5.12E+03	-3.42E-01	-1.75E+00										
5.18E+03	-3.37E-01	-1.75E+00										
5.23E+03	-3.34E-01	-1.74E+00										
5.28E+03	-3.29E-01	-1.74E+00										
5.33E+03	-3.25E-01	-1.74E+00										
5.38E+03	-3.21E-01	-1.73E+00										
5.43E+03	-3.18E-01	-1.73E+00										
5.49E+03	-3.14E-01	-1.72E+00										
5.54E+03	-3.10E-01	-1.71E+00										
5.59E+03	-3.05E-01	-1.71E+00										
5.64E+03	-3.01E-01	-1.70E+00										
5.70E+03	-2.96E-01	-1.69E+00										
5.75E+03	-2.92E-01	-1.68E+00										
5.80E+03	-2.87E-01	-1.67E+00										
5.85E+03	-2.83E-01	-1.65E+00										
5.90E+03	-2.78E-01	-1.64E+00										
5.95E+03	-2.73E-01	-1.63E+00										
6.01E+03	-2.69E-01	-1.61E+00										
6.06E+03	-2.64E-01	-1.60E+00										
6.11E+03	-2.59E-01	-1.58E+00										
6.16E+03	-2.54E-01	-1.56E+00										
6.17E+03	-2.51E-01	-1.55E+00										
0.00E+00	-8.07E-01	0.00E+00										
0.00E+00	-9.03E-01	0.00E+00										
0.00E+00	-9.15E-01	0.00E+00										
0.00E+00	-9.21E-01	0.00E+00										
0.00E+00	-9.25E-01	0.00E+00										
0.00E+00	-9.28E-01	0.00E+00										
5.70E+01	-9.28E-01	-5.29E-02										
1.10E+02	-8.14E-01	-8.95E-02										
1.61E+02	-7.75E-01	-1.25E-01										
2.12E+02	-7.52E-01	-1.59E-01										
2.64E+02	-7.35E-01	-1.94E-01										
3.16E+02	-7.20E-01	-2.27E-01										
3.68E+02	-7.07E-01	-2.60E-01										
4.20E+02	-6.95E-01	-2.91E-01										
4.72E+02	-6.84E-01	-3.23E-01										
5.24E+02	-6.75E-01	-3.54E-01										
5.75E+02	-6.67E-01	-3.84E-01										
6.26E+02	-6.60E-01	-4.13E-01										
6.77E+02	-6.53E-01	-4.42E-01										
7.28E+02	-6.46E-01	-4.70E-01										
7.78E+02	-6.40E-01	-4.98E-01										
8.29E+02	-6.34E-01	-5.25E-01										
8.81E+02	-6.28E-01	-5.54E-01										
9.32E+02	-6.23E-01	-5.81E-01										
9.83E+02	-6.18E-01	-6.07E-01										
1.03E+03	-6.13E-01	-6.33E-01										
1.09E+03	-6.09E-01	-6.62E-01										
1.14E+03	-6.03E-01	-6.87E-01										
1.19E+03	-5.99E-01	-7.13E-01										
1.24E+03	-5.95E-01	-7.38E-01										
1.30E+03	-5.90E-01	-7.65E-01										
1.35E+03	-5.86E-01	-7.89E-01										
1.40E+03	-5.82E-01	-8.13E-01										
1.45E+03	-5.79E-01	-8.38E-01										
1.50E+03	-5.74E-01	-8.61E-01										
1.55E+03	-5.71E-01	-8.84E-01										
1.60E+03	-5.67E-01	-9.07E-01										
1.65E+03	-5.64E-01	-9.30E-01										
1.70E+03	-5.60E-01	-9.53E-01										
1.75E+03	-5.57E-01	-9.76E-01										
1.80E+03	-5.53E-01	-9.98E-01										
1.86E+03	-5.50E-01	-1.02E+00										
1.91E+03	-5.46E-01	-1.04E+00										
1.96E+03	-5.42E-01	-1.06E+00										
2.01E+03	-5.39E-01	-1.09E+00										
2.06E+03	-5.36E-01	-1.11E+00										
2.12E+03	-5.32E-01	-1.13E+00										
2.17E+03	-5.29E-01	-1.15E+00										
2.22E+03	-5.26E-01	-1.17E+00										
2.27E+03	-5.23E-01	-1.19E+00										
2.32E+03	-5.20E-01	-1.21E+00										
2.37E+03	-5.16E-01	-1.23E+00										
2.42E+03	-5.13E-01	-1.24E+00										
2.48E+03	-5.10E-01	-1.26E+00										
2.53E+03	-5.07E-01	-1.28E+00										
2.58E+03	-5.04E-01	-1.30E+00										
2.63E+03	-5.01E-01	-1.32E+00										
2.68E+03	-4.98E-01	-1.33E+00										
2.73E+03	-4.94E-01	-1.35E+00										
2.79E+03	-4.91E-01	-1.37E+00										
2.84E+03	-4.88E-01	-1.38E+00										
2.89E+03	-4.86E-01	-1.40E+00										
2.94E+03	-4.82E-01	-1.42E+00										
2.99E+03	-4.79E-01	-1.43E+00										
3.04E+03	-4.76E-01	-1.45E+00										
3.09E+03	-4.73E-01	-1.46E+00										
3.15E+03	-4.70E-01	-1.48E+00										
3.20E+03	-4.67E-01	-1.49E+00										
3.25E+03	-4.64E-01	-1.51E+00										
3.31E+03	-4.61E-01	-1.52E+00										
3.36E+03	-4.57E-01	-1.54E+00										
3.41E+03	-4.54E-01	-1.55E+00										
3.46E+03	-4.51E-01	-1.56E+00										
3.51E+03	-4.48E-01	-1.57E+00										
3.56E+03	-4.45E-01	-1.59E+00										
3.61E+03	-4.42E-01	-1.60E+00										
3.67E+03	-4.39E-01	-1.61E+00										
3.72E+03	-4.36E-01	-1.62E+00										
3.77E+03	-4.33E-01	-1.63E+00										
3.82E+03	-4.30E-01	-1.64E+00										
3.87E+03	-4.26E-01	-1.65E+00										
3.92E+03	-4.23E-01	-1.66E+00										
3.98E+03	-4.20E-01	-1.67E+00										
4.03E+03	-4.17E-01	-1.68E+00										
4.08E+03	-4.14E-01	-1.69E+00										
4.13E+03	-4.11E-01	-1.70E+00										
4.19E+03	-4.07E-01	-1.70E+00										
4.24E+03	-4.04E-01	-1.71E+00										
4.29E+03	-4.01E-01	-1.72E+00										
4.34E+03	-3.97E-01	-1.72E+00										
4.39E+03	-3.94E-01	-1.73E+00										
4.44E+03	-3.91E-01	-1.74E+00										
4.49E+03	-3.88E-01	-1.74E+00										
4.54E+03	-3.85E-01	-1.75E+00										
4.60E+03	-3.81E-01	-1.75E+00										
4.65E+03	-3.77E-01	-1.75E+00										
4.70E+03	-3.74E-01	-1.76E+00										
4.75E+03	-3.71E-01	-1.76E+00										
4.80E+03	-3.67E-01	-1.76E+00										
4.85E+03	-3.64E-01	-1.76E+00										
4.90E+03	-3.60E-01	-1.77E+00										
4.96E+03	-3.57E-01	-1.77E+00										
5.01E+03	-3.53E-01	-1.77E+00										
5.06E+03	-3.49E-01	-1.77E+00										
5.11E+03	-3.45E-01	-1.77E+00										
5.16E+03	-3.42E-01	-1.77E+00										
5.21E+03	-3.38E-01	-1.76E+00										
5.27E+03	-3.34E-01	-1.76E+00										
5.32E+03	-3.30E-01	-1.76E+00										
5.37E+03	-3.26E-01	-1.75E+00										
5.42E+03	-3.22E-01	-1.75E+00										
5.48E+03	-3.18E-01	-1.74E+00										
5.53E+03	-3.14E-01	-1.74E+00										
5.58E+03	-3.10E-01	-1.73E+00										
5.63E+03	-3.05E-01	-1.72E+00										
5.69E+03	-3.01E-01	-1.71E+00										
5.74E+03	-2.96E-01	-1.70E+00										
5.79E+03	-2.92E-01	-1.69E+00										
5.84E+03	-2.88E-01	-1.68E+00										
5.89E+03	-2.83E-01	-1.67E+00										
5.94E+03	-2.79E-01	-1.66E+00										
5.99E+03	-2.74E-01	-1.64E+00										
6.04E+03	-2.70E-01	-1.63E+00										
6.09E+03	-2.64E-01	-1.61E+00										
6.14E+03	-2.61E-01	-1.60E+00										
6.20E+03	-2.56E-01	-1.58E+00										
6.25E+03	-2.52E-01	-1.57E+00										
6.21E+03	-2.51E-01	-1.56E+00										
0.00E+00	-8.08E-01	0.00E+00										
0.00E+00	-9.03E-01	0.00E+00										
0.00E+00	-9.15E-01	0.00E+00										
0.00E+00	-9.21E-01	0.00E+00										
0.00E+00	-9.24E-01	0.00E+00										
0.00E+00	-9.28E-01	0.00E+00										
4.88E+01	-9.28E-01	-4.53E-02										
9.97E+01	-8.26E-01	-8.24E-02										
1.52E+02	-7.79E-01	-1.18E-01										
2.03E+02	-7.55E-01	-1.53E-01										
2.55E+02	-7.37E-01	-1.88E-01										
3.07E+02	-7.22E-01	-2.22E-01										
3.58E+02	-7.09E-01	-2.54E-01										
4.10E+02	-6.97E-01	-2.86E-01										
4.61E+02	-6.87E-01	-3.17E-01										
5.17E+02	-6.77E-01	-3.50E-01										
5.68E+02	-6.69E-01	-3.80E-01										
6.19E+02	-6.61E-01	-4.09E-01										
6.69E+02	-6.54E-01	-4.38E-01										
7.21E+02	-6.47E-01	-4.67E-01										
7.72E+02	-6.41E-01	-4.95E-01										
8.22E+02	-6.35E-01	-5.22E-01										
8.78E+02	-6.29E-01	-5.52E-01										
9.29E+02	-6.24E-01	-5.79E-01										
9.79E+02	-6.18E-01	-6.05E-01										
1.03E+03	-6.13E-01	-6.32E-01										
1.08E+03	-6.09E-01	-6.58E-01										
1.13E+03	-6.04E-01	-6.83E-01										
1.18E+03	-5.99E-01	-7.09E-01										
1.24E+03	-5.95E-01	-7.36E-01										
1.29E+03	-5.90E-01	-7.61E-01										
1.34E+03	-5.86E-01	-7.85E-01										
1.39E+03	-5.82E-01	-8.09E-01										
1.44E+03	-5.78E-01	-8.33E-01										
1.49E+03	-5.74E-01	-8.57E-01										
1.54E+03	-5.70E-01	-8.80E-01										
1.60E+03	-5.67E-01	-9.04E-01										
1.65E+03	-5.63E-01	-9.28E-01										
1.70E+03	-5.59E-01	-9.50E-01										
1.75E+03	-5.56E-01	-9.73E-01										
1.80E+03	-5.52E-01	-9.95E-01										
1.85E+03	-5.48E-01	-1.02E+00										
1.91E+03	-5.45E-01	-1.04E+00										
1.96E+03	-5.41E-01	-1.06E+00										
2.01E+03	-5.38E-01	-1.08E+00										
2.06E+03	-5.34E-01	-1.10E+00										
2.11E+03	-5.31E-01	-1.12E+00										
2.16E+03	-5.28E-01	-1.14E+00										
2.22E+03	-5.25E-01	-1.16E+00										
2.27E+03	-5.21E-01	-1.18E+00										
2.32E+03	-5.18E-01	-1.20E+00										
2.37E+03	-5.15E-01	-1.22E+00										
2.42E+03	-5.12E-01	-1.24E+00										
2.48E+03	-5.08E-01	-1.26E+00										
2.53E+03	-5.05E-01	-1.28E+00										
2.59E+03	-5.02E-01	-1.30E+00										
2.64E+03	-4.98E-01	-1.31E+00										
2.69E+03	-4.95E-01	-1.33E+00										
2.74E+03	-4.92E-01	-1.35E+00										
2.79E+03	-4.89E-01	-1.37E+00										
2.85E+03	-4.86E-01	-1.38E+00										
2.90E+03	-4.83E-01	-1.40E+00										
2.95E+03	-4.80E-01	-1.41E+00										
3.00E+03	-4.77E-01	-1.43E+00										
3.05E+03	-4.73E-01	-1.45E+00										
3.11E+03	-4.70E-01	-1.46E+00										
3.16E+03	-4.67E-01	-1.48E+00										
3.21E+03	-4.65E-01	-1.49E+00										
3.26E+03	-4.61E-01	-1.50E+00										
3.31E+03	-4.58E-01	-1.52E+00										
3.36E+03	-4.55E-01	-1.53E+00										
3.41E+03	-4.52E-01	-1.54E+00										
3.46E+03	-4.49E-01	-1.56E+00										
3.51E+03	-4.46E-01	-1.57E+00										
3.56E+03	-4.43E-01	-1.58E+00										
3.62E+03	-4.40E-01	-1.59E+00										
3.67E+03	-4.37E-01	-1.60E+00										
3.73E+03	-4.33E-01	-1.61E+00										
3.78E+03	-4.30E-01	-1.63E+00										
3.83E+03	-4.27E-01	-1.64E+00										
3.88E+03	-4.24E-01	-1.65E+00										
3.94E+03	-4.20E-01	-1.66E+00										
3.99E+03	-4.17E-01	-1.66E+00										
4.04E+03	-4.14E-01	-1.67E+00										
4.09E+03	-4.11E-01	-1.68E+00										
4.14E+03	-4.08E-01	-1.69E+00										
4.20E+03	-4.05E-01	-1.70E+00										
4.25E+03	-4.01E-01	-1.70E+00										
4.30E+03	-3.98E-01	-1.71E+00										
4.35E+03	-3.95E-01	-1.72E+00										
4.40E+03	-3.91E-01	-1.72E+00										
4.45E+03	-3.88E-01	-1.73E+00										
4.51E+03	-3.85E-01	-1.73E+00										
4.56E+03	-3.82E-01	-1.74E+00										
4.61E+03	-3.78E-01	-1.74E+00										
4.66E+03	-3.74E-01	-1.74E+00										
4.71E+03	-3.71E-01	-1.75E+00										
4.76E+03	-3.67E-01	-1.75E+00										
4.82E+03	-3.64E-01	-1.75E+00										
4.87E+03	-3.61E-01	-1.76E+00										
4.92E+03	-3.57E-01	-1.76E+00										
4.97E+03	-3.53E-01	-1.76E+00										
5.02E+03	-3.50E-01	-1.76E+00										
5.08E+03	-3.46E-01	-1.75E+00										
5.13E+03	-3.42E-01	-1.75E+00										
5.18E+03	-3.38E-01	-1.75E+00										
5.23E+03	-3.35E-01	-1.75E+00										
5.28E+03	-3.31E-01	-1.75E+00										
5.33E+03	-3.27E-01	-1.74E+00										
5.38E+03	-3.23E-01	-1.74E+00										
5.43E+03	-3.19E-01	-1.73E+00										
5.49E+03	-3.15E-01	-1.73E+00										
5.54E+03	-3.10E-01	-1.72E+00										
5.59E+03	-3.07E-01	-1.71E+00										
5.65E+03	-3.02E-01	-1.71E+00										
5.70E+03	-2.98E-01	-1.70E+00										
5.75E+03	-2.94E-01	-1.69E+00										
5.80E+03	-2.89E-01	-1.67E+00										
5.85E+03	-2.84E-01	-1.66E+00										
5.90E+03	-2.80E-01	-1.65E+00										
5.96E+03	-2.75E-01	-1.64E+00										
6.01E+03	-2.70E-01	-1.62E+00										
6.06E+03	-2.65E-01	-1.61E+00										
6.11E+03	-2.60E-01	-1.59E+00										
6.16E+03	-2.56E-01	-1.58E+00										
6.19E+03	-2.51E-01	-1.56E+00										
0.00E+00	-8.07E-01	0.00E+00										
0.00E+00	-9.03E-01	0.00E+00										
0.00E+00	-9.15E-01	0.00E+00										
0.00E+00	-9.21E-01	0.00E+00										
0.00E+00	-9.25E-01	0.00E+00										
0.00E+00	-9.28E-01	0.00E+00										
5.29E+01	-9.28E-01	-4.91E-02										
1.03E+02	-8.17E-01	-8.44E-02										
1.55E+02	-7.77E-01	-1.21E-01										
2.07E+02	-7.54E-01	-1.56E-01										
2.58E+02	-7.36E-01	-1.90E-01										
3.13E+02	-7.21E-01	-2.26E-01										
3.63E+02	-7.07E-01	-2.57E-01										
4.14E+02	-6.96E-01	-2.88E-01										
4.66E+02	-6.86E-01	-3.20E-01										
5.17E+02	-6.76E-01	-3.50E-01										
5.70E+02	-6.69E-01	-3.81E-01										
6.27E+02	-6.60E-01	-4.14E-01										
6.79E+02	-6.53E-01	-4.43E-01										
7.30E+02	-6.46E-01	-4.71E-01										
7.80E+02	-6.40E-01	-4.99E-01										
8.36E+02	-6.34E-01	-5.30E-01										
8.86E+02	-6.27E-01	-5.56E-01										
9.37E+02	-6.22E-01	-5.83E-01										
9.88E+02	-6.18E-01	-6.10E-01										
1.04E+03	-6.12E-01	-6.36E-01										
1.09E+03	-6.07E-01	-6.62E-01										
1.14E+03	-6.03E-01	-6.88E-01										
1.20E+03	-5.98E-01	-7.15E-01										
1.25E+03	-5.93E-01	-7.40E-01										
1.30E+03	-5.89E-01	-7.64E-01										
1.35E+03	-5.85E-01	-7.89E-01										
1.40E+03	-5.81E-01	-8.14E-01										
1.45E+03	-5.77E-01	-8.38E-01										
1.50E+03	-5.73E-01	-8.62E-01										
1.55E+03	-5.69E-01	-8.84E-01										
1.60E+03	-5.65E-01	-9.07E-01										
1.66E+03	-5.61E-01	-9.29E-01										
1.71E+03	-5.58E-01	-9.52E-01										
1.76E+03	-5.55E-01	-9.74E-01										
1.81E+03	-5.50E-01	-9.96E-01										
1.86E+03	-5.47E-01	-1.02E+00										
1.91E+03	-5.44E-01	-1.04E+00										
1.96E+03	-5.40E-01	-1.06E+00										
2.02E+03	-5.37E-01	-1.08E+00										
2.07E+03	-5.34E-01	-1.10E+00										
2.12E+03	-5.30E-01	-1.12E+00										
2.17E+03	-5.27E-01	-1.14E+00										
2.22E+03	-5.24E-01	-1.16E+00										
2.27E+03	-5.21E-01	-1.18E+00										
2.32E+03	-5.18E-01	-1.20E+00										
2.37E+03	-5.14E-01	-1.22E+00										
2.42E+03	-5.11E-01	-1.24E+00										
2.48E+03	-5.08E-01	-1.26E+00										
2.53E+03	-5.04E-01	-1.28E+00										
2.58E+03	-5.01E-01	-1.29E+00										
2.63E+03	-4.98E-01	-1.31E+00										
2.68E+03	-4.95E-01	-1.33E+00										
2.73E+03	-4.92E-01	-1.35E+00										
2.78E+03	-4.89E-01	-1.36E+00										
2.84E+03	-4.86E-01	-1.38E+00										
2.89E+03	-4.83E-01	-1.39E+00										
2.94E+03	-4.80E-01	-1.41E+00										
2.99E+03	-4.77E-01	-1.43E+00										
3.04E+03	-4.74E-01	-1.44E+00										
3.09E+03	-4.71E-01	-1.46E+00										
3.15E+03	-4.67E-01	-1.47E+00										
3.20E+03	-4.64E-01	-1.49E+00										
3.25E+03	-4.61E-01	-1.50E+00										
3.30E+03	-4.58E-01	-1.51E+00										
3.35E+03	-4.55E-01	-1.53E+00										
3.40E+03	-4.52E-01	-1.54E+00										
3.46E+03	-4.49E-01	-1.55E+00										
3.51E+03	-4.46E-01	-1.56E+00										
3.56E+03	-4.43E-01	-1.58E+00										
3.61E+03	-4.40E-01	-1.59E+00										
3.66E+03	-4.36E-01	-1.60E+00										
3.71E+03	-4.34E-01	-1.61E+00										
3.76E+03	-4.30E-01	-1.62E+00										
3.81E+03	-4.27E-01	-1.63E+00										
3.86E+03	-4.24E-01	-1.64E+00										
3.91E+03	-4.21E-01	-1.65E+00										
3.96E+03	-4.18E-01	-1.66E+00										
4.02E+03	-4.15E-01	-1.67E+00										
4.07E+03	-4.12E-01	-1.68E+00										
4.12E+03	-4.08E-01	-1.68E+00										
4.17E+03	-4.05E-01	-1.69E+00										
4.22E+03	-4.02E-01	-1.70E+00										
4.28E+03	-3.99E-01	-1.70E+00										
4.33E+03	-3.95E-01	-1.71E+00										
4.38E+03	-3.92E-01	-1.72E+00										
4.43E+03	-3.89E-01	-1.72E+00										
4.48E+03	-3.86E-01	-1.73E+00										
4.53E+03	-3.82E-01	-1.73E+00										
4.58E+03	-3.79E-01	-1.74E+00										
4.63E+03	-3.76E-01	-1.74E+00										
4.68E+03	-3.72E-01	-1.74E+00										
4.73E+03	-3.69E-01	-1.74E+00										
4.78E+03	-3.65E-01	-1.75E+00										
4.83E+03	-3.62E-01	-1.75E+00										
4.89E+03	-3.58E-01	-1.75E+00										
4.94E+03	-3.55E-01	-1.75E+00										
4.99E+03	-3.51E-01	-1.75E+00										
5.04E+03	-3.47E-01	-1.75E+00										
5.09E+03	-3.44E-01	-1.75E+00										
5.15E+03	-3.39E-01	-1.75E+00										
5.20E+03	-3.36E-01	-1.75E+00										
5.25E+03	-3.32E-01	-1.74E+00										
5.30E+03	-3.28E-01	-1.74E+00										
5.36E+03	-3.24E-01	-1.73E+00										
5.41E+03	-3.20E-01	-1.73E+00										
5.46E+03	-3.16E-01	-1.72E+00										
5.51E+03	-3.11E-01	-1.72E+00										
5.57E+03	-3.08E-01	-1.71E+00										
5.62E+03	-3.03E-01	-1.70E+00										
5.67E+03	-2.98E-01	-1.69E+00										
5.72E+03	-2.94E-01	-1.68E+00										
5.77E+03	-2.90E-01	-1.67E+00										
5.82E+03	-2.85E-01	-1.66E+00										
5.87E+03	-2.81E-01	-1.65E+00										
5.93E+03	-2.76E-01	-1.64E+00										
5.98E+03	-2.71E-01	-1.62E+00										
6.04E+03	-2.66E-01	-1.61E+00										
6.09E+03	-2.61E-01	-1.59E+00										
6.14E+03	-2.56E-01	-1.57E+00										
6.18E+03	-2.51E-01	-1.55E+00										
0.00E+00	-8.07E-01	0.00E+00										
0.00E+00	-9.03E-01	0.00E+00										
0.00E+00	-9.15E-01	0.00E+00										
0.00E+00	-9.20E-01	0.00E+00										
0.00E+00	-9.24E-01	0.00E+00										
0.00E+00	-9.27E-01	0.00E+00										
5.03E+01	-9.28E-01	-4.67E-02										
1.04E+02	-8.19E-01	-8.50E-02										
1.54E+02	-7.77E-01	-1.20E-01										
2.05E+02	-7.54E-01	-1.54E-01										
2.55E+02	-7.37E-01	-1.88E-01										
3.06E+02	-7.21E-01	-2.21E-01										
3.58E+02	-7.08E-01	-2.54E-01										
4.10E+02	-6.97E-01	-2.86E-01										
4.62E+02	-6.87E-01	-3.17E-01										
5.14E+02	-6.77E-01	-3.48E-01										
5.69E+02	-6.69E-01	-3.81E-01										
6.20E+02	-6.60E-01	-4.09E-01										
6.73E+02	-6.54E-01	-4.40E-01										
7.25E+02	-6.46E-01	-4.68E-01										
7.75E+02	-6.40E-01	-4.97E-01										
8.29E+02	-6.35E-01	-5.26E-01										
8.81E+02	-6.29E-01	-5.54E-01										
9.32E+02	-6.23E-01	-5.81E-01										
9.83E+02	-6.18E-01	-6.08E-01										
1.03E+03	-6.13E-01	-6.34E-01										
1.09E+03	-6.08E-01	-6.61E-01										
1.14E+03	-6.03E-01	-6.86E-01										
1.19E+03	-5.99E-01	-7.12E-01										
1.24E+03	-5.95E-01	-7.38E-01										
1.29E+03	-5.90E-01	-7.64E-01										
1.35E+03	-5.86E-01	-7.89E-01										
1.40E+03	-5.82E-01	-8.14E-01										
1.45E+03	-5.78E-01	-8.38E-01										
1.50E+03	-5.74E-01	-8.62E-01										
1.55E+03	-5.70E-01	-8.85E-01										
1.60E+03	-5.67E-01	-9.08E-01										
1.65E+03	-5.63E-01	-9.31E-01										
1.71E+03	-5.59E-01	-9.55E-01										
1.76E+03	-5.56E-01	-9.76E-01										
1.81E+03	-5.52E-01	-9.98E-01										
1.86E+03	-5.49E-01	-1.02E+00										
1.91E+03	-5.45E-01	-1.04E+00										
1.96E+03	-5.42E-01	-1.06E+00										
2.01E+03	-5.38E-01	-1.08E+00										
2.06E+03	-5.35E-01	-1.10E+00										
2.12E+03	-5.32E-01	-1.13E+00										
2.17E+03	-5.28E-01	-1.15E+00										
2.23E+03	-5.25E-01	-1.17E+00										
2.28E+03	-5.22E-01	-1.19E+00										
2.33E+03	-5.19E-01	-1.21E+00										
2.38E+03	-5.15E-01	-1.23E+00										
2.44E+03	-5.12E-01	-1.25E+00										
2.49E+03	-5.09E-01	-1.27E+00										
2.54E+03	-5.05E-01	-1.28E+00										
2.59E+03	-5.02E-01	-1.30E+00										
2.64E+03	-5.00E-01	-1.32E+00										
2.69E+03	-4.96E-01	-1.34E+00										
2.74E+03	-4.93E-01	-1.35E+00										
2.79E+03	-4.90E-01	-1.37E+00										
2.85E+03	-4.87E-01	-1.39E+00										
2.90E+03	-4.84E-01	-1.40E+00										
2.95E+03	-4.81E-01	-1.42E+00										
3.00E+03	-4.78E-01	-1.43E+00										
3.05E+03	-4.75E-01	-1.45E+00										
3.10E+03	-4.72E-01	-1.46E+00										
3.15E+03	-4.68E-01	-1.48E+00										
3.20E+03	-4.66E-01	-1.49E+00										
3.26E+03	-4.62E-01	-1.51E+00										
3.31E+03	-4.59E-01	-1.52E+00										
3.36E+03	-4.56E-01	-1.53E+00										
3.41E+03	-4.53E-01	-1.55E+00										
3.46E+03	-4.50E-01	-1.56E+00										
3.52E+03	-4.47E-01	-1.57E+00										
3.46E+03	-4.45E-01	-1.54E+00										
3.51E+03	-4.45E-01	-1.56E+00										
3.56E+03	-4.44E-01	-1.58E+00										
3.62E+03	-4.40E-01	-1.59E+00										
3.67E+03	-4.37E-01	-1.60E+00										
3.72E+03	-4.34E-01	-1.61E+00										
3.77E+03	-4.31E-01	-1.63E+00										
3.82E+03	-4.29E-01	-1.64E+00										
3.88E+03	-4.26E-01	-1.65E+00										
3.93E+03	-4.22E-01	-1.66E+00										
3.98E+03	-4.19E-01	-1.67E+00										
4.03E+03	-4.16E-01	-1.68E+00										
4.08E+03	-4.12E-01	-1.68E+00										
4.14E+03	-4.09E-01	-1.69E+00										
4.19E+03	-4.06E-01	-1.70E+00										
4.24E+03	-4.03E-01	-1.71E+00										
4.29E+03	-4.00E-01	-1.71E+00										
4.34E+03	-3.97E-01	-1.72E+00										
4.39E+03	-3.94E-01	-1.73E+00										
4.44E+03	-3.91E-01	-1.74E+00										
4.49E+03	-3.87E-01	-1.74E+00										
4.55E+03	-3.84E-01	-1.74E+00										
4.60E+03	-3.81E-01	-1.75E+00										
4.55E+03	-3.80E-01	-1.73E+00										
4.60E+03	-3.79E-01	-1.74E+00										
4.65E+03	-3.76E-01	-1.75E+00										
4.70E+03	-3.73E-01	-1.76E+00										
4.76E+03	-3.70E-01	-1.76E+00										
4.81E+03	-3.67E-01	-1.76E+00										
4.86E+03	-3.63E-01	-1.77E+00										
4.81E+03	-3.63E-01	-1.74E+00										
4.86E+03	-3.62E-01	-1.76E+00										
4.91E+03	-3.60E-01	-1.77E+00										
4.96E+03	-3.56E-01	-1.77E+00										
5.01E+03	-3.53E-01	-1.77E+00										
5.06E+03	-3.49E-01	-1.77E+00										
5.12E+03	-3.45E-01	-1.77E+00										
5.17E+03	-3.42E-01	-1.77E+00										
5.22E+03	-3.38E-01	-1.76E+00										
5.27E+03	-3.35E-01	-1.76E+00										
5.32E+03	-3.31E-01	-1.76E+00										
5.38E+03	-3.27E-01	-1.76E+00										
5.43E+03	-3.23E-01	-1.75E+00										
5.48E+03	-3.19E-01	-1.75E+00										
5.53E+03	-3.14E-01	-1.74E+00										
5.58E+03	-3.10E-01	-1.73E+00										
5.64E+03	-3.07E-01	-1.73E+00										
5.69E+03	-3.02E-01	-1.72E+00										
5.74E+03	-2.97E-01	-1.71E+00										
5.79E+03	-2.94E-01	-1.70E+00										
5.84E+03	-2.89E-01	-1.69E+00										
5.89E+03	-2.84E-01	-1.68E+00										
5.95E+03	-2.80E-01	-1.66E+00										
6.00E+03	-2.75E-01	-1.65E+00										
6.05E+03	-2.70E-01	-1.63E+00										
6.10E+03	-2.64E-01	-1.61E+00										
6.15E+03	-2.60E-01	-1.60E+00										
6.21E+03	-2.55E-01	-1.58E+00										
6.24E+03	-2.51E-01	-1.57E+00										
0.00E+00	-8.08E-01	0.00E+00										
0.00E+00	-9.03E-01	0.00E+00										
0.00E+00	-9.15E-01	0.00E+00										
0.00E+00	-9.21E-01	0.00E+00										
0.00E+00	-9.24E-01	0.00E+00										
0.00E+00	-9.28E-01	0.00E+00										
4.42E+01	-9.28E-01	-4.10E-02										
9.67E+01	-8.30E-01	-8.03E-02										
1.48E+02	-7.81E-01	-1.16E-01										
2.01E+02	-7.56E-01	-1.52E-01										
2.51E+02	-7.38E-01	-1.85E-01										
3.01E+02	-7.24E-01	-2.18E-01										
3.52E+02	-7.10E-01	-2.50E-01										
4.03E+02	-6.99E-01	-2.82E-01										
4.57E+02	-6.88E-01	-3.15E-01										
5.08E+02	-6.79E-01	-3.44E-01										
5.58E+02	-6.70E-01	-3.74E-01										
6.11E+02	-6.62E-01	-4.05E-01										
6.62E+02	-6.55E-01	-4.34E-01										
7.16E+02	-6.48E-01	-4.64E-01										
7.66E+02	-6.42E-01	-4.92E-01										
8.17E+02	-6.35E-01	-5.19E-01										
8.68E+02	-6.30E-01	-5.47E-01										
9.20E+02	-6.24E-01	-5.75E-01										
9.72E+02	-6.20E-01	-6.02E-01										
1.03E+03	-6.14E-01	-6.30E-01										
1.08E+03	-6.09E-01	-6.57E-01										
1.13E+03	-6.04E-01	-6.83E-01										
1.18E+03	-6.00E-01	-7.09E-01										
1.23E+03	-5.96E-01	-7.34E-01										
1.28E+03	-5.91E-01	-7.58E-01										
1.34E+03	-5.87E-01	-7.84E-01										
1.39E+03	-5.83E-01	-8.08E-01										
1.44E+03	-5.79E-01	-8.34E-01										
1.49E+03	-5.75E-01	-8.58E-01										
1.54E+03	-5.71E-01	-8.82E-01										
1.60E+03	-5.67E-01	-9.05E-01										
1.65E+03	-5.64E-01	-9.29E-01										
1.70E+03	-5.60E-01	-9.51E-01										
1.75E+03	-5.57E-01	-9.74E-01										
1.80E+03	-5.53E-01	-9.95E-01										
1.85E+03	-5.49E-01	-1.02E+00										
1.90E+03	-5.46E-01	-1.04E+00										
1.96E+03	-5.42E-01	-1.06E+00										
2.01E+03	-5.39E-01	-1.08E+00										
2.06E+03	-5.36E-01	-1.10E+00										
2.11E+03	-5.32E-01	-1.12E+00										
2.16E+03	-5.29E-01	-1.14E+00										
2.21E+03	-5.26E-01	-1.16E+00										
2.27E+03	-5.22E-01	-1.18E+00										
2.32E+03	-5.19E-01	-1.20E+00										
2.37E+03	-5.16E-01	-1.22E+00										
2.42E+03	-5.13E-01	-1.24E+00										
2.47E+03	-5.10E-01	-1.26E+00										
2.52E+03	-5.07E-01	-1.28E+00										
2.58E+03	-5.03E-01	-1.30E+00										
2.63E+03	-5.00E-01	-1.31E+00										
2.68E+03	-4.97E-01	-1.33E+00										
2.73E+03	-4.94E-01	-1.35E+00										
2.78E+03	-4.91E-01	-1.37E+00										
2.83E+03	-4.88E-01	-1.38E+00										
2.88E+03	-4.85E-01	-1.40E+00										
2.93E+03	-4.82E-01	-1.41E+00										
2.98E+03	-4.79E-01	-1.43E+00										
3.04E+03	-4.76E-01	-1.45E+00										
3.09E+03	-4.73E-01	-1.46E+00										
3.14E+03	-4.69E-01	-1.47E+00										
3.19E+03	-4.67E-01	-1.49E+00										
3.24E+03	-4.64E-01	-1.50E+00										
3.29E+03	-4.61E-01	-1.52E+00										
3.34E+03	-4.57E-01	-1.53E+00										
3.39E+03	-4.55E-01	-1.54E+00										
3.45E+03	-4.51E-01	-1.56E+00										
3.50E+03	-4.48E-01	-1.57E+00										
3.55E+03	-4.45E-01	-1.58E+00										
3.60E+03	-4.42E-01	-1.59E+00										
3.65E+03	-4.39E-01	-1.60E+00										
3.70E+03	-4.36E-01	-1.61E+00										
3.76E+03	-4.33E-01	-1.62E+00										
3.81E+03	-4.30E-01	-1.64E+00										
3.86E+03	-4.26E-01	-1.65E+00										
3.91E+03	-4.23E-01	-1.66E+00										
3.96E+03	-4.20E-01	-1.66E+00										
4.01E+03	-4.17E-01	-1.67E+00										
4.07E+03	-4.14E-01	-1.68E+00										
4.12E+03	-4.11E-01	-1.69E+00										
4.17E+03	-4.07E-01	-1.70E+00										
4.23E+03	-4.04E-01	-1.71E+00										
4.28E+03	-4.01E-01	-1.71E+00										
4.33E+03	-3.98E-01	-1.72E+00										
4.38E+03	-3.94E-01	-1.73E+00										
4.43E+03	-3.90E-01	-1.73E+00										
4.48E+03	-3.87E-01	-1.74E+00										
4.53E+03	-3.84E-01	-1.74E+00										
4.58E+03	-3.81E-01	-1.75E+00										
4.64E+03	-3.77E-01	-1.75E+00										
4.69E+03	-3.74E-01	-1.75E+00										
4.74E+03	-3.70E-01	-1.76E+00										
4.79E+03	-3.67E-01	-1.76E+00										
4.84E+03	-3.63E-01	-1.76E+00										
4.90E+03	-3.60E-01	-1.76E+00										
4.95E+03	-3.56E-01	-1.76E+00										
5.00E+03	-3.53E-01	-1.76E+00										
5.05E+03	-3.49E-01	-1.76E+00										
5.10E+03	-3.45E-01	-1.76E+00										
5.15E+03	-3.41E-01	-1.76E+00										
5.20E+03	-3.38E-01	-1.76E+00										
5.25E+03	-3.34E-01	-1.75E+00										
5.30E+03	-3.31E-01	-1.75E+00										
5.35E+03	-3.27E-01	-1.75E+00										
5.41E+03	-3.23E-01	-1.75E+00										
5.46E+03	-3.18E-01	-1.74E+00										
5.52E+03	-3.14E-01	-1.73E+00										
5.47E+03	-3.12E-01	-1.70E+00										
5.52E+03	-3.11E-01	-1.72E+00										
5.57E+03	-3.09E-01	-1.72E+00										
5.62E+03	-3.05E-01	-1.72E+00										
5.67E+03	-3.01E-01	-1.71E+00										
5.72E+03	-2.97E-01	-1.70E+00										
5.77E+03	-2.94E-01	-1.70E+00										
5.82E+03	-2.90E-01	-1.69E+00										
5.87E+03	-2.85E-01	-1.68E+00										
5.93E+03	-2.81E-01	-1.66E+00										
5.98E+03	-2.76E-01	-1.65E+00										
6.03E+03	-2.71E-01	-1.63E+00										
6.08E+03	-2.66E-01	-1.62E+00										
6.13E+03	-2.61E-01	-1.60E+00										
6.19E+03	-2.56E-01	-1.58E+00										
6.22E+03	-2.51E-01	-1.56E+00										
0.00E+00	-8.08E-01	0.00E+00										
0.00E+00	-9.03E-01	0.00E+00										
0.00E+00	-9.15E-01	0.00E+00										
0.00E+00	-9.21E-01	0.00E+00										
0.00E+00	-9.24E-01	0.00E+00										
0.00E+00	-9.28E-01	0.00E+00										
5.34E+01	-9.28E-01	-4.95E-02										
1.06E+02	-8.18E-01	-8.70E-02										
1.57E+02	-7.77E-01	-1.22E-01										
2.10E+02	-7.53E-01	-1.58E-01										
2.60E+02	-7.36E-01	-1.91E-01										
3.14E+02	-7.20E-01	-2.26E-01										
3.66E+02	-7.07E-01	-2.58E-01										
4.17E+02	-6.95E-01	-2.90E-01										
4.69E+02	-6.85E-01	-3.22E-01										
5.21E+02	-6.76E-01	-3.52E-01										
5.71E+02	-6.68E-01	-3.81E-01										
6.23E+02	-6.60E-01	-4.12E-01										
6.76E+02	-6.53E-01	-4.41E-01										
7.27E+02	-6.47E-01	-4.70E-01										
7.79E+02	-6.40E-01	-4.99E-01										
8.30E+02	-6.34E-01	-5.26E-01										
8.81E+02	-6.29E-01	-5.54E-01										
9.32E+02	-6.23E-01	-5.81E-01										
9.86E+02	-6.18E-01	-6.09E-01										
1.04E+03	-6.13E-01	-6.36E-01										
1.09E+03	-6.08E-01	-6.63E-01										
1.14E+03	-6.03E-01	-6.90E-01										
1.19E+03	-5.99E-01	-7.15E-01										
1.25E+03	-5.94E-01	-7.40E-01										
1.30E+03	-5.90E-01	-7.67E-01										
1.35E+03	-5.86E-01	-7.92E-01										
1.40E+03	-5.82E-01	-8.16E-01										
1.45E+03	-5.78E-01	-8.40E-01										
1.50E+03	-5.74E-01	-8.63E-01										
1.55E+03	-5.70E-01	-8.86E-01										
1.61E+03	-5.66E-01	-9.10E-01										
1.66E+03	-5.63E-01	-9.33E-01										
1.71E+03	-5.59E-01	-9.56E-01										
1.76E+03	-5.56E-01	-9.79E-01										
1.82E+03	-5.52E-01	-1.00E+00										
1.87E+03	-5.48E-01	-1.03E+00										
1.92E+03	-5.45E-01	-1.05E+00										
1.98E+03	-5.41E-01	-1.07E+00										
2.03E+03	-5.38E-01	-1.09E+00										
2.08E+03	-5.34E-01	-1.11E+00										
2.13E+03	-5.31E-01	-1.13E+00										
2.19E+03	-5.28E-01	-1.15E+00										
2.24E+03	-5.24E-01	-1.17E+00										
2.29E+03	-5.21E-01	-1.19E+00										
2.34E+03	-5.18E-01	-1.21E+00										
2.40E+03	-5.15E-01	-1.23E+00										
2.45E+03	-5.12E-01	-1.25E+00										
2.50E+03	-5.08E-01	-1.27E+00										
2.55E+03	-5.05E-01	-1.29E+00										
2.60E+03	-5.02E-01	-1.31E+00										
2.65E+03	-4.99E-01	-1.32E+00										
2.70E+03	-4.96E-01	-1.34E+00										
2.76E+03	-4.93E-01	-1.36E+00										
2.81E+03	-4.90E-01	-1.37E+00										
2.86E+03	-4.86E-01	-1.39E+00										
2.91E+03	-4.84E-01	-1.41E+00										
2.96E+03	-4.80E-01	-1.42E+00										
3.01E+03	-4.78E-01	-1.44E+00										
3.06E+03	-4.74E-01	-1.45E+00										
3.12E+03	-4.72E-01	-1.47E+00										
3.17E+03	-4.68E-01	-1.48E+00										
3.22E+03	-4.65E-01	-1.50E+00										
3.27E+03	-4.62E-01	-1.51E+00										
3.33E+03	-4.59E-01	-1.53E+00										
3.38E+03	-4.56E-01	-1.54E+00										
3.43E+03	-4.53E-01	-1.55E+00										
3.48E+03	-4.49E-01	-1.56E+00										
3.53E+03	-4.47E-01	-1.58E+00										
3.58E+03	-4.44E-01	-1.59E+00										
3.63E+03	-4.40E-01	-1.60E+00										
3.68E+03	-4.37E-01	-1.61E+00										
3.73E+03	-4.34E-01	-1.62E+00										
3.79E+03	-4.32E-01	-1.63E+00										
3.84E+03	-4.28E-01	-1.64E+00										
3.89E+03	-4.25E-01	-1.65E+00										
3.94E+03	-4.22E-01	-1.66E+00										
3.99E+03	-4.19E-01	-1.67E+00										
4.04E+03	-4.16E-01	-1.68E+00										
4.09E+03	-4.13E-01	-1.69E+00										
4.15E+03	-4.09E-01	-1.70E+00										
4.20E+03	-4.06E-01	-1.71E+00										
4.25E+03	-4.03E-01	-1.71E+00										
4.30E+03	-4.00E-01	-1.72E+00										
4.35E+03	-3.96E-01	-1.73E+00										
4.40E+03	-3.93E-01	-1.73E+00										
4.45E+03	-3.90E-01	-1.74E+00										
4.50E+03	-3.87E-01	-1.74E+00										
4.56E+03	-3.84E-01	-1.75E+00										
4.61E+03	-3.80E-01	-1.75E+00										
4.66E+03	-3.77E-01	-1.76E+00										
4.71E+03	-3.73E-01	-1.76E+00										
4.77E+03	-3.69E-01	-1.76E+00										
4.82E+03	-3.66E-01	-1.76E+00										
4.87E+03	-3.62E-01	-1.76E+00										
4.92E+03	-3.58E-01	-1.76E+00										
4.97E+03	-3.55E-01	-1.77E+00										
5.02E+03	-3.52E-01	-1.77E+00										
5.07E+03	-3.48E-01	-1.77E+00										
5.13E+03	-3.44E-01	-1.76E+00										
5.18E+03	-3.41E-01	-1.76E+00										
5.23E+03	-3.37E-01	-1.76E+00										
5.28E+03	-3.34E-01	-1.76E+00										
5.33E+03	-3.30E-01	-1.76E+00										
5.39E+03	-3.25E-01	-1.75E+00										
5.44E+03	-3.21E-01	-1.75E+00										
5.49E+03	-3.18E-01	-1.74E+00										
5.54E+03	-3.13E-01	-1.73E+00										
5.59E+03	-3.09E-01	-1.73E+00										
5.64E+03	-3.05E-01	-1.72E+00										
5.69E+03	-3.00E-01	-1.71E+00										
5.75E+03	-2.96E-01	-1.70E+00										
5.80E+03	-2.92E-01	-1.69E+00										
5.85E+03	-2.87E-01	-1.68E+00										
5.90E+03	-2.83E-01	-1.67E+00										
5.95E+03	-2.78E-01	-1.65E+00										
6.00E+03	-2.73E-01	-1.64E+00										
6.05E+03	-2.68E-01	-1.62E+00										
6.10E+03	-2.64E-01	-1.61E+00										
6.15E+03	-2.59E-01	-1.59E+00										
6.21E+03	-2.53E-01	-1.57E+00										
6.21E+03	-2.52E-01	-1.56E+00										
0.00E+00	-8.08E-01	0.00E+00										
0.00E+00	-9.03E-01	0.00E+00										
0.00E+00	-9.15E-01	0.00E+00										
0.00E+00	-9.21E-01	0.00E+00										
0.00E+00	-9.24E-01	0.00E+00										
0.00E+00	-9.28E-01	0.00E+00										
4.93E+01	-9.28E-01	-4.58E-02										
9.97E+01	-8.21E-01	-8.19E-02										
1.50E+02	-7.80E-01	-1.17E-01										
2.01E+02	-7.56E-01	-1.52E-01										
2.51E+02	-7.38E-01	-1.86E-01										
3.02E+02	-7.24E-01	-2.19E-01										
3.54E+02	-7.09E-01	-2.51E-01										
4.06E+02	-6.98E-01	-2.83E-01										
4.56E+02	-6.87E-01	-3.14E-01										
5.10E+02	-6.79E-01	-3.46E-01										
5.63E+02	-6.69E-01	-3.77E-01										
6.15E+02	-6.61E-01	-4.06E-01										
6.65E+02	-6.55E-01	-4.35E-01										
7.17E+02	-6.47E-01	-4.64E-01										
7.69E+02	-6.41E-01	-4.93E-01										
8.20E+02	-6.35E-01	-5.21E-01										
8.71E+02	-6.30E-01	-5.48E-01										
9.24E+02	-6.24E-01	-5.76E-01										
9.77E+02	-6.19E-01	-6.04E-01										
1.03E+03	-6.13E-01	-6.30E-01										
1.08E+03	-6.09E-01	-6.58E-01										
1.13E+03	-6.04E-01	-6.84E-01										
1.19E+03	-5.99E-01	-7.10E-01										
1.24E+03	-5.94E-01	-7.35E-01										
1.29E+03	-5.90E-01	-7.63E-01										
1.34E+03	-5.86E-01	-7.88E-01										
1.40E+03	-5.82E-01	-8.12E-01										
1.45E+03	-5.78E-01	-8.36E-01										
1.50E+03	-5.74E-01	-8.59E-01										
1.55E+03	-5.70E-01	-8.82E-01										
1.60E+03	-5.66E-01	-9.05E-01										
1.65E+03	-5.63E-01	-9.28E-01										
1.70E+03	-5.59E-01	-9.52E-01										
1.76E+03	-5.55E-01	-9.75E-01										
1.81E+03	-5.52E-01	-9.98E-01										
1.86E+03	-5.48E-01	-1.02E+00										
1.91E+03	-5.45E-01	-1.04E+00										
1.96E+03	-5.41E-01	-1.06E+00										
2.02E+03	-5.38E-01	-1.08E+00										
2.07E+03	-5.35E-01	-1.10E+00										
2.12E+03	-5.31E-01	-1.13E+00										
2.17E+03	-5.27E-01	-1.15E+00										
2.23E+03	-5.24E-01	-1.17E+00										
2.28E+03	-5.21E-01	-1.19E+00										
2.33E+03	-5.18E-01	-1.20E+00										
2.38E+03	-5.15E-01	-1.22E+00										
2.43E+03	-5.11E-01	-1.24E+00										
2.48E+03	-5.08E-01	-1.26E+00										
2.53E+03	-5.05E-01	-1.28E+00										
2.58E+03	-5.02E-01	-1.30E+00										
2.63E+03	-4.99E-01	-1.32E+00										
2.68E+03	-4.96E-01	-1.33E+00										
2.74E+03	-4.93E-01	-1.35E+00										
2.79E+03	-4.90E-01	-1.37E+00										
2.84E+03	-4.87E-01	-1.38E+00										
2.89E+03	-4.84E-01	-1.40E+00										
2.94E+03	-4.81E-01	-1.41E+00										
2.99E+03	-4.78E-01	-1.43E+00										
3.05E+03	-4.75E-01	-1.45E+00										
3.10E+03	-4.71E-01	-1.46E+00										
3.15E+03	-4.68E-01	-1.48E+00										
3.20E+03	-4.65E-01	-1.49E+00										
3.25E+03	-4.62E-01	-1.50E+00										
3.30E+03	-4.59E-01	-1.52E+00										
3.35E+03	-4.56E-01	-1.53E+00										
3.40E+03	-4.53E-01	-1.54E+00										
3.46E+03	-4.50E-01	-1.55E+00										
3.51E+03	-4.47E-01	-1.57E+00										
3.56E+03	-4.44E-01	-1.58E+00										
3.61E+03	-4.41E-01	-1.59E+00										
3.66E+03	-4.38E-01	-1.60E+00										
3.71E+03	-4.35E-01	-1.61E+00										
3.76E+03	-4.32E-01	-1.62E+00										
3.81E+03	-4.29E-01	-1.64E+00										
3.87E+03	-4.26E-01	-1.65E+00										
3.92E+03	-4.22E-01	-1.65E+00										
3.97E+03	-4.19E-01	-1.66E+00										
4.02E+03	-4.16E-01	-1.67E+00										
4.07E+03	-4.13E-01	-1.68E+00										
4.12E+03	-4.10E-01	-1.69E+00										
4.17E+03	-4.07E-01	-1.70E+00										
4.23E+03	-4.03E-01	-1.71E+00										
4.28E+03	-4.00E-01	-1.71E+00										
4.33E+03	-3.97E-01	-1.72E+00										
4.38E+03	-3.94E-01	-1.73E+00										
4.43E+03	-3.90E-01	-1.73E+00										
4.48E+03	-3.87E-01	-1.73E+00										
4.53E+03	-3.84E-01	-1.74E+00										
4.59E+03	-3.80E-01	-1.74E+00										
4.64E+03	-3.77E-01	-1.75E+00										
4.69E+03	-3.73E-01	-1.75E+00										
4.74E+03	-3.70E-01	-1.76E+00										
4.80E+03	-3.66E-01	-1.76E+00										
4.85E+03	-3.63E-01	-1.76E+00										
4.90E+03	-3.59E-01	-1.76E+00										
4.95E+03	-3.56E-01	-1.76E+00										
5.01E+03	-3.52E-01	-1.76E+00										
5.07E+03	-3.47E-01	-1.76E+00										
5.12E+03	-3.44E-01	-1.76E+00										
5.17E+03	-3.40E-01	-1.76E+00										
5.22E+03	-3.36E-01	-1.76E+00										
5.27E+03	-3.32E-01	-1.75E+00										
5.32E+03	-3.28E-01	-1.75E+00										
5.37E+03	-3.24E-01	-1.74E+00										
5.42E+03	-3.20E-01	-1.74E+00										
5.48E+03	-3.16E-01	-1.73E+00										
5.53E+03	-3.12E-01	-1.72E+00										
5.58E+03	-3.08E-01	-1.72E+00										
5.63E+03	-3.04E-01	-1.71E+00										
5.68E+03	-3.00E-01	-1.70E+00										
5.73E+03	-2.96E-01	-1.70E+00										
5.79E+03	-2.91E-01	-1.68E+00										
5.84E+03	-2.86E-01	-1.67E+00										
5.89E+03	-2.82E-01	-1.66E+00										
5.94E+03	-2.77E-01	-1.65E+00										
5.99E+03	-2.72E-01	-1.63E+00										
6.04E+03	-2.67E-01	-1.62E+00										
6.10E+03	-2.62E-01	-1.60E+00										
6.15E+03	-2.57E-01	-1.58E+00										
6.20E+03	-2.52E-01	-1.56E+00										
6.20E+03	-2.51E-01	-1.56E+00										
0.00E+00	-8.07E-01	0.00E+00										
0.00E+00	-9.03E-01	0.00E+00										
0.00E+00	-9.15E-01	0.00E+00										
0.00E+00	-9.21E-01	0.00E+00										
0.00E+00	-9.24E-01	0.00E+00										
0.00E+00	-9.28E-01	0.00E+00										
4.22E+01	-9.28E-01	-3.92E-02										
9.31E+01	-8.46E-01	-7.88E-02										
1.44E+02	-7.84E-01	-1.13E-01										
1.98E+02	-7.58E-01	-1.50E-01										
2.48E+02	-7.39E-01	-1.83E-01										
2.99E+02	-7.23E-01	-2.17E-01										
3.50E+02	-7.11E-01	-2.49E-01										
4.00E+02	-6.99E-01	-2.80E-01										
4.52E+02	-6.89E-01	-3.12E-01										
5.03E+02	-6.79E-01	-3.41E-01										
5.54E+02	-6.70E-01	-3.71E-01										
6.05E+02	-6.63E-01	-4.01E-01										
6.57E+02	-6.56E-01	-4.31E-01										
7.08E+02	-6.48E-01	-4.59E-01										
7.58E+02	-6.42E-01	-4.87E-01										
8.10E+02	-6.36E-01	-5.15E-01										
8.60E+02	-6.31E-01	-5.43E-01										
9.11E+02	-6.25E-01	-5.69E-01										
9.66E+02	-6.20E-01	-5.99E-01										
1.02E+03	-6.14E-01	-6.25E-01										
1.07E+03	-6.09E-01	-6.52E-01										
1.12E+03	-6.04E-01	-6.78E-01										
1.18E+03	-6.00E-01	-7.05E-01										
1.23E+03	-5.95E-01	-7.30E-01										
1.28E+03	-5.91E-01	-7.55E-01										
1.33E+03	-5.87E-01	-7.80E-01										
1.38E+03	-5.82E-01	-8.04E-01										
1.43E+03	-5.78E-01	-8.27E-01										
1.48E+03	-5.75E-01	-8.52E-01										
1.53E+03	-5.71E-01	-8.75E-01										
1.58E+03	-5.67E-01	-8.98E-01										
1.63E+03	-5.63E-01	-9.20E-01										
1.68E+03	-5.59E-01	-9.42E-01										
1.73E+03	-5.56E-01	-9.65E-01										
1.79E+03	-5.53E-01	-9.88E-01										
1.84E+03	-5.49E-01	-1.01E+00										
1.89E+03	-5.46E-01	-1.03E+00										
1.94E+03	-5.42E-01	-1.05E+00										
1.99E+03	-5.39E-01	-1.07E+00										
2.04E+03	-5.35E-01	-1.09E+00										
2.09E+03	-5.32E-01	-1.11E+00										
2.14E+03	-5.29E-01	-1.13E+00										
2.20E+03	-5.26E-01	-1.15E+00										
2.25E+03	-5.22E-01	-1.17E+00										
2.30E+03	-5.19E-01	-1.19E+00										
2.35E+03	-5.16E-01	-1.21E+00										
2.40E+03	-5.12E-01	-1.23E+00										
2.45E+03	-5.09E-01	-1.25E+00										
2.51E+03	-5.06E-01	-1.27E+00										
2.56E+03	-5.03E-01	-1.29E+00										
2.61E+03	-5.00E-01	-1.30E+00										
2.66E+03	-4.97E-01	-1.32E+00										
2.71E+03	-4.94E-01	-1.34E+00										
2.76E+03	-4.91E-01	-1.36E+00										
2.81E+03	-4.88E-01	-1.37E+00										
2.87E+03	-4.85E-01	-1.39E+00										
2.92E+03	-4.81E-01	-1.40E+00										
2.97E+03	-4.78E-01	-1.42E+00										
3.02E+03	-4.75E-01	-1.44E+00										
3.08E+03	-4.72E-01	-1.45E+00										
3.13E+03	-4.69E-01	-1.47E+00										
3.18E+03	-4.66E-01	-1.48E+00										
3.23E+03	-4.63E-01	-1.49E+00										
3.28E+03	-4.60E-01	-1.51E+00										
3.33E+03	-4.56E-01	-1.52E+00										
3.39E+03	-4.53E-01	-1.54E+00										
3.44E+03	-4.50E-01	-1.55E+00										
3.49E+03	-4.47E-01	-1.56E+00										
3.54E+03	-4.44E-01	-1.57E+00										
3.59E+03	-4.41E-01	-1.58E+00										
3.64E+03	-4.38E-01	-1.59E+00										
3.70E+03	-4.35E-01	-1.61E+00										
3.75E+03	-4.32E-01	-1.62E+00										
3.80E+03	-4.29E-01	-1.63E+00										
3.85E+03	-4.25E-01	-1.64E+00										
3.90E+03	-4.22E-01	-1.65E+00										
3.95E+03	-4.19E-01	-1.66E+00										
4.00E+03	-4.16E-01	-1.67E+00										
4.06E+03	-4.13E-01	-1.67E+00										
4.11E+03	-4.10E-01	-1.68E+00										
4.16E+03	-4.06E-01	-1.69E+00										
4.21E+03	-4.03E-01	-1.70E+00										
4.27E+03	-3.99E-01	-1.70E+00										
4.32E+03	-3.96E-01	-1.71E+00										
4.37E+03	-3.93E-01	-1.72E+00										
4.42E+03	-3.90E-01	-1.72E+00										
4.47E+03	-3.86E-01	-1.73E+00										
4.53E+03	-3.83E-01	-1.73E+00										
4.58E+03	-3.79E-01	-1.74E+00										
4.63E+03	-3.76E-01	-1.74E+00										
4.69E+03	-3.72E-01	-1.75E+00										
4.74E+03	-3.69E-01	-1.75E+00										
4.79E+03	-3.65E-01	-1.75E+00										
4.84E+03	-3.61E-01	-1.75E+00										
4.89E+03	-3.58E-01	-1.75E+00										
4.95E+03	-3.54E-01	-1.75E+00										
5.00E+03	-3.51E-01	-1.75E+00										
5.05E+03	-3.47E-01	-1.75E+00										
5.10E+03	-3.43E-01	-1.75E+00										
5.15E+03	-3.40E-01	-1.75E+00										
5.20E+03	-3.35E-01	-1.74E+00										
5.26E+03	-3.32E-01	-1.74E+00										
5.31E+03	-3.27E-01	-1.74E+00										
5.36E+03	-3.24E-01	-1.73E+00										
5.41E+03	-3.19E-01	-1.73E+00										
5.46E+03	-3.15E-01	-1.72E+00										
5.51E+03	-3.12E-01	-1.72E+00										
5.56E+03	-3.08E-01	-1.71E+00										
5.61E+03	-3.04E-01	-1.70E+00										
5.66E+03	-2.99E-01	-1.70E+00										
5.72E+03	-2.95E-01	-1.68E+00										
5.77E+03	-2.90E-01	-1.67E+00										
5.82E+03	-2.86E-01	-1.66E+00										
5.87E+03	-2.81E-01	-1.65E+00										
5.92E+03	-2.77E-01	-1.64E+00										
5.97E+03	-2.71E-01	-1.62E+00										
6.03E+03	-2.67E-01	-1.61E+00										
6.08E+03	-2.62E-01	-1.59E+00										
6.13E+03	-2.56E-01	-1.57E+00										
6.18E+03	-2.52E-01	-1.56E+00										
6.17E+03	-2.51E-01	-1.55E+00										
0.00E+00	-8.07E-01	0.00E+00										
0.00E+00	-9.03E-01	0.00E+00										
0.00E+00	-9.15E-01	0.00E+00										
0.00E+00	-9.21E-01	0.00E+00										
0.00E+00	-9.24E-01	0.00E+00										
0.00E+00	-9.28E-01	0.00E+00										
5.24E+01	-9.28E-01	-4.86E-02										
1.03E+02	-8.19E-01	-8.42E-02										
1.55E+02	-7.78E-01	-1.20E-01										
2.06E+02	-7.54E-01	-1.55E-01										
2.56E+02	-7.36E-01	-1.88E-01										
3.08E+02	-7.21E-01	-2.22E-01										
3.58E+02	-7.09E-01	-2.54E-01										
4.12E+02	-6.97E-01	-2.87E-01										
4.64E+02	-6.86E-01	-3.19E-01										
5.15E+02	-6.77E-01	-3.49E-01										
5.66E+02	-6.68E-01	-3.78E-01										
6.17E+02	-6.61E-01	-4.08E-01										
6.67E+02	-6.54E-01	-4.36E-01										
7.18E+02	-6.47E-01	-4.65E-01										
7.69E+02	-6.41E-01	-4.93E-01										
8.19E+02	-6.35E-01	-5.20E-01										
8.70E+02	-6.30E-01	-5.48E-01										
9.21E+02	-6.23E-01	-5.74E-01										
9.72E+02	-6.19E-01	-6.01E-01										
1.02E+03	-6.13E-01	-6.27E-01										
1.08E+03	-6.09E-01	-6.54E-01										
1.13E+03	-6.04E-01	-6.81E-01										
1.18E+03	-5.99E-01	-7.07E-01										
1.23E+03	-5.94E-01	-7.31E-01										
1.28E+03	-5.90E-01	-7.56E-01										
1.33E+03	-5.86E-01	-7.81E-01										
1.38E+03	-5.82E-01	-8.05E-01										
1.44E+03	-5.78E-01	-8.31E-01										
1.49E+03	-5.74E-01	-8.54E-01										
1.54E+03	-5.70E-01	-8.77E-01										
1.59E+03	-5.66E-01	-9.00E-01										
1.64E+03	-5.62E-01	-9.23E-01										
1.70E+03	-5.58E-01	-9.48E-01										
1.75E+03	-5.54E-01	-9.70E-01										
1.80E+03	-5.51E-01	-9.92E-01										
1.85E+03	-5.48E-01	-1.01E+00										
1.90E+03	-5.44E-01	-1.04E+00										
1.95E+03	-5.41E-01	-1.06E+00										
2.01E+03	-5.37E-01	-1.08E+00										
2.06E+03	-5.34E-01	-1.10E+00										
2.11E+03	-5.31E-01	-1.12E+00										
2.16E+03	-5.27E-01	-1.14E+00										
2.21E+03	-5.24E-01	-1.16E+00										
2.26E+03	-5.21E-01	-1.18E+00										
2.31E+03	-5.17E-01	-1.20E+00										
2.37E+03	-5.14E-01	-1.22E+00										
2.42E+03	-5.11E-01	-1.23E+00										
2.47E+03	-5.08E-01	-1.25E+00										
2.52E+03	-5.05E-01	-1.27E+00										
2.57E+03	-5.01E-01	-1.29E+00										
2.62E+03	-4.98E-01	-1.31E+00										
2.67E+03	-4.95E-01	-1.32E+00										
2.72E+03	-4.92E-01	-1.34E+00										
2.77E+03	-4.89E-01	-1.36E+00										
2.83E+03	-4.86E-01	-1.37E+00										
2.88E+03	-4.83E-01	-1.39E+00										
2.93E+03	-4.80E-01	-1.41E+00										
2.98E+03	-4.77E-01	-1.42E+00										
3.03E+03	-4.74E-01	-1.44E+00										
3.09E+03	-4.70E-01	-1.45E+00										
3.14E+03	-4.67E-01	-1.47E+00										
3.19E+03	-4.64E-01	-1.48E+00										
3.24E+03	-4.61E-01	-1.50E+00										
3.29E+03	-4.58E-01	-1.51E+00										
3.35E+03	-4.55E-01	-1.52E+00										
3.40E+03	-4.52E-01	-1.54E+00										
3.45E+03	-4.49E-01	-1.55E+00										
3.50E+03	-4.45E-01	-1.56E+00										
3.55E+03	-4.42E-01	-1.57E+00										
3.60E+03	-4.39E-01	-1.58E+00										
3.65E+03	-4.36E-01	-1.59E+00										
3.71E+03	-4.33E-01	-1.61E+00										
3.76E+03	-4.30E-01	-1.62E+00										
3.82E+03	-4.26E-01	-1.63E+00										
3.87E+03	-4.23E-01	-1.64E+00										
3.92E+03	-4.20E-01	-1.65E+00										
3.97E+03	-4.17E-01	-1.66E+00										
4.02E+03	-4.14E-01	-1.66E+00										
4.07E+03	-4.10E-01	-1.67E+00										
4.13E+03	-4.07E-01	-1.68E+00										
4.18E+03	-4.04E-01	-1.69E+00										
4.23E+03	-4.01E-01	-1.69E+00										
4.28E+03	-3.97E-01	-1.70E+00										
4.33E+03	-3.94E-01	-1.71E+00										
4.38E+03	-3.91E-01	-1.71E+00										
4.44E+03	-3.88E-01	-1.72E+00										
4.49E+03	-3.84E-01	-1.72E+00										
4.54E+03	-3.81E-01	-1.73E+00										
4.59E+03	-3.78E-01	-1.73E+00										
4.64E+03	-3.74E-01	-1.73E+00										
4.69E+03	-3.71E-01	-1.74E+00										
4.74E+03	-3.67E-01	-1.74E+00										
4.79E+03	-3.64E-01	-1.74E+00										
4.85E+03	-3.60E-01	-1.74E+00										
4.90E+03	-3.56E-01	-1.74E+00										
4.95E+03	-3.53E-01	-1.75E+00										
5.00E+03	-3.49E-01	-1.74E+00										
5.05E+03	-3.45E-01	-1.74E+00										
5.10E+03	-3.42E-01	-1.74E+00										
5.15E+03	-3.38E-01	-1.74E+00										
5.21E+03	-3.34E-01	-1.74E+00										
5.26E+03	-3.30E-01	-1.74E+00										
5.31E+03	-3.26E-01	-1.73E+00										
5.36E+03	-3.22E-01	-1.73E+00										
5.41E+03	-3.18E-01	-1.72E+00										
5.46E+03	-3.14E-01	-1.72E+00										
5.51E+03	-3.10E-01	-1.71E+00										
5.56E+03	-3.06E-01	-1.70E+00										
5.61E+03	-3.02E-01	-1.69E+00										
5.66E+03	-2.98E-01	-1.69E+00										
5.72E+03	-2.94E-01	-1.68E+00										
5.77E+03	-2.89E-01	-1.67E+00										
5.82E+03	-2.84E-01	-1.65E+00										
5.87E+03	-2.80E-01	-1.64E+00										
5.92E+03	-2.75E-01	-1.63E+00										
5.97E+03	-2.70E-01	-1.62E+00										
6.03E+03	-2.65E-01	-1.60E+00										
6.08E+03	-2.60E-01	-1.58E+00										
6.13E+03	-2.55E-01	-1.56E+00										
6.16E+03	-2.51E-01	-1.55E+00										
0.00E+00	-8.06E-01	0.00E+00										
0.00E+00	-9.03E-01	0.00E+00										
0.00E+00	-9.15E-01	0.00E+00										
0.00E+00	-9.21E-01	0.00E+00										
0.00E+00	-9.24E-01	0.00E+00										
0.00E+00	-9.28E-01	0.00E+00										
4.63E+01	-9.28E-01	-4.30E-02										
9.67E+01	-8.29E-01	-8.01E-02										
1.48E+02	-7.81E-01	-1.16E-01										
1.99E+02	-7.56E-01	-1.51E-01										
2.50E+02	-7.39E-01	-1.85E-01										
3.01E+02	-7.23E-01	-2.18E-01										
3.52E+02	-7.10E-01	-2.50E-01										
4.04E+02	-6.98E-01	-2.82E-01										
4.54E+02	-6.87E-01	-3.12E-01										
5.06E+02	-6.78E-01	-3.43E-01										
5.56E+02	-6.70E-01	-3.73E-01										
6.06E+02	-6.62E-01	-4.01E-01										
6.58E+02	-6.55E-01	-4.31E-01										
7.09E+02	-6.48E-01	-4.60E-01										
7.60E+02	-6.42E-01	-4.88E-01										
8.11E+02	-6.36E-01	-5.16E-01										
8.61E+02	-6.30E-01	-5.43E-01										
9.12E+02	-6.24E-01	-5.70E-01										
9.65E+02	-6.19E-01	-5.97E-01										
1.02E+03	-6.14E-01	-6.27E-01										
1.07E+03	-6.09E-01	-6.53E-01										
1.12E+03	-6.04E-01	-6.78E-01										
1.18E+03	-5.99E-01	-7.04E-01										
1.23E+03	-5.95E-01	-7.29E-01										
1.28E+03	-5.90E-01	-7.53E-01										
1.33E+03	-5.86E-01	-7.78E-01										
1.38E+03	-5.82E-01	-8.02E-01										
1.43E+03	-5.78E-01	-8.26E-01										
1.48E+03	-5.74E-01	-8.51E-01										
1.53E+03	-5.70E-01	-8.74E-01										
1.58E+03	-5.66E-01	-8.97E-01										
1.64E+03	-5.63E-01	-9.21E-01										
1.69E+03	-5.59E-01	-9.43E-01										
1.74E+03	-5.55E-01	-9.66E-01										
1.79E+03	-5.51E-01	-9.87E-01										
1.84E+03	-5.48E-01	-1.01E+00										
1.90E+03	-5.45E-01	-1.03E+00										
1.95E+03	-5.41E-01	-1.05E+00										
2.00E+03	-5.38E-01	-1.07E+00										
2.05E+03	-5.34E-01	-1.09E+00										
2.10E+03	-5.31E-01	-1.12E+00										
2.16E+03	-5.27E-01	-1.14E+00										
2.21E+03	-5.24E-01	-1.16E+00										
2.26E+03	-5.21E-01	-1.18E+00										
2.31E+03	-5.17E-01	-1.20E+00										
2.36E+03	-5.14E-01	-1.22E+00										
2.42E+03	-5.11E-01	-1.24E+00										
2.47E+03	-5.07E-01	-1.25E+00										
2.52E+03	-5.05E-01	-1.27E+00										
2.57E+03	-5.01E-01	-1.29E+00										
2.63E+03	-4.98E-01	-1.31E+00										
2.68E+03	-4.95E-01	-1.33E+00										
2.73E+03	-4.92E-01	-1.34E+00										
2.78E+03	-4.89E-01	-1.36E+00										
2.84E+03	-4.85E-01	-1.38E+00										
2.89E+03	-4.82E-01	-1.39E+00										
2.94E+03	-4.79E-01	-1.41E+00										
2.99E+03	-4.76E-01	-1.42E+00										
3.04E+03	-4.73E-01	-1.44E+00										
3.09E+03	-4.70E-01	-1.45E+00										
3.14E+03	-4.67E-01	-1.47E+00										
3.19E+03	-4.64E-01	-1.48E+00										
3.25E+03	-4.61E-01	-1.50E+00										
3.30E+03	-4.58E-01	-1.51E+00										
3.35E+03	-4.54E-01	-1.52E+00										
3.40E+03	-4.51E-01	-1.54E+00										
3.45E+03	-4.48E-01	-1.55E+00										
3.51E+03	-4.45E-01	-1.56E+00										
3.56E+03	-4.42E-01	-1.57E+00										
3.61E+03	-4.39E-01	-1.58E+00										
3.66E+03	-4.36E-01	-1.60E+00										
3.71E+03	-4.33E-01	-1.61E+00										
3.76E+03	-4.30E-01	-1.62E+00										
3.82E+03	-4.26E-01	-1.63E+00										
3.87E+03	-4.23E-01	-1.64E+00										
3.92E+03	-4.20E-01	-1.65E+00										
3.97E+03	-4.17E-01	-1.66E+00										
4.02E+03	-4.13E-01	-1.66E+00										
4.08E+03	-4.10E-01	-1.67E+00										
4.13E+03	-4.07E-01	-1.68E+00										
4.18E+03	-4.04E-01	-1.69E+00										
4.23E+03	-4.01E-01	-1.70E+00										
4.28E+03	-3.97E-01	-1.70E+00										
4.34E+03	-3.94E-01	-1.71E+00										
4.39E+03	-3.91E-01	-1.71E+00										
4.44E+03	-3.87E-01	-1.72E+00										
4.49E+03	-3.84E-01	-1.72E+00										
4.54E+03	-3.80E-01	-1.73E+00										
4.60E+03	-3.77E-01	-1.73E+00										
4.65E+03	-3.74E-01	-1.74E+00										
4.70E+03	-3.70E-01	-1.74E+00										
4.75E+03	-3.66E-01	-1.74E+00										
4.80E+03	-3.63E-01	-1.74E+00										
4.85E+03	-3.60E-01	-1.74E+00										
4.90E+03	-3.56E-01	-1.75E+00										
4.95E+03	-3.53E-01	-1.75E+00										
5.00E+03	-3.49E-01	-1.75E+00										
5.05E+03	-3.45E-01	-1.74E+00										
5.11E+03	-3.42E-01	-1.74E+00										
5.16E+03	-3.38E-01	-1.74E+00										
5.21E+03	-3.34E-01	-1.74E+00										
5.26E+03	-3.30E-01	-1.74E+00										
5.31E+03	-3.26E-01	-1.73E+00										
5.36E+03	-3.22E-01	-1.73E+00										
5.42E+03	-3.18E-01	-1.72E+00										
5.47E+03	-3.14E-01	-1.72E+00										
5.53E+03	-3.09E-01	-1.71E+00										
5.58E+03	-3.05E-01	-1.70E+00										
5.63E+03	-3.01E-01	-1.69E+00										
5.68E+03	-2.97E-01	-1.69E+00										
5.73E+03	-2.92E-01	-1.67E+00										
5.79E+03	-2.87E-01	-1.66E+00										
5.84E+03	-2.83E-01	-1.65E+00										
5.89E+03	-2.78E-01	-1.64E+00										
5.94E+03	-2.73E-01	-1.62E+00										
5.99E+03	-2.69E-01	-1.61E+00										
6.05E+03	-2.64E-01	-1.59E+00										
6.10E+03	-2.58E-01	-1.58E+00										
6.15E+03	-2.54E-01	-1.56E+00										
6.16E+03	-2.51E-01	-1.55E+00										
0.00E+00	-8.07E-01	0.00E+00										
0.00E+00	-9.03E-01	0.00E+00										
0.00E+00	-9.15E-01	0.00E+00										
0.00E+00	-9.21E-01	0.00E+00										
0.00E+00	-9.24E-01	0.00E+00										
0.00E+00	-9.28E-01	0.00E+00										
5.54E+01	-9.28E-01	-5.14E-02										
1.06E+02	-8.17E-01	-8.65E-02										
1.58E+02	-7.75E-01	-1.23E-01										
2.13E+02	-7.53E-01	-1.60E-01										
2.63E+02	-7.34E-01	-1.93E-01										
3.14E+02	-7.19E-01	-2.26E-01										
3.67E+02	-7.07E-01	-2.59E-01										
4.17E+02	-6.95E-01	-2.90E-01										
4.70E+02	-6.85E-01	-3.22E-01										
5.21E+02	-6.76E-01	-3.52E-01										
5.74E+02	-6.68E-01	-3.83E-01										
6.25E+02	-6.59E-01	-4.12E-01										
6.77E+02	-6.52E-01	-4.41E-01										
7.29E+02	-6.46E-01	-4.71E-01										
7.84E+02	-6.39E-01	-5.01E-01										
8.34E+02	-6.33E-01	-5.28E-01										
8.85E+02	-6.28E-01	-5.55E-01										
9.36E+02	-6.22E-01	-5.82E-01										
9.89E+02	-6.17E-01	-6.10E-01										
1.04E+03	-6.12E-01	-6.36E-01										
1.09E+03	-6.07E-01	-6.62E-01										
1.15E+03	-6.02E-01	-6.90E-01										
1.20E+03	-5.97E-01	-7.14E-01										
1.25E+03	-5.93E-01	-7.40E-01										
1.30E+03	-5.88E-01	-7.63E-01										
1.35E+03	-5.84E-01	-7.88E-01										
1.40E+03	-5.81E-01	-8.13E-01										
1.45E+03	-5.76E-01	-8.36E-01										
1.50E+03	-5.73E-01	-8.59E-01										
1.55E+03	-5.69E-01	-8.82E-01										
1.60E+03	-5.65E-01	-9.05E-01										
1.65E+03	-5.61E-01	-9.28E-01										
1.70E+03	-5.57E-01	-9.50E-01										
1.76E+03	-5.54E-01	-9.73E-01										
1.81E+03	-5.50E-01	-9.95E-01										
1.86E+03	-5.47E-01	-1.02E+00										
1.91E+03	-5.43E-01	-1.04E+00										
1.96E+03	-5.40E-01	-1.06E+00										
2.01E+03	-5.36E-01	-1.08E+00										
2.06E+03	-5.33E-01	-1.10E+00										
2.12E+03	-5.30E-01	-1.12E+00										
2.17E+03	-5.26E-01	-1.14E+00										
2.22E+03	-5.23E-01	-1.16E+00										
2.27E+03	-5.20E-01	-1.18E+00										
2.32E+03	-5.17E-01	-1.20E+00										
2.37E+03	-5.13E-01	-1.22E+00										
2.43E+03	-5.10E-01	-1.24E+00										
2.48E+03	-5.07E-01	-1.26E+00										
2.53E+03	-5.04E-01	-1.27E+00										
2.58E+03	-5.01E-01	-1.29E+00										
2.63E+03	-4.98E-01	-1.31E+00										
2.68E+03	-4.95E-01	-1.33E+00										
2.74E+03	-4.91E-01	-1.34E+00										
2.79E+03	-4.88E-01	-1.36E+00										
2.84E+03	-4.85E-01	-1.38E+00										
2.89E+03	-4.82E-01	-1.39E+00										
2.94E+03	-4.79E-01	-1.41E+00										
2.99E+03	-4.76E-01	-1.43E+00										
3.05E+03	-4.73E-01	-1.44E+00										
3.10E+03	-4.70E-01	-1.46E+00										
3.15E+03	-4.66E-01	-1.47E+00										
3.21E+03	-4.63E-01	-1.48E+00										
3.26E+03	-4.60E-01	-1.50E+00										
3.31E+03	-4.57E-01	-1.51E+00										
3.36E+03	-4.54E-01	-1.53E+00										
3.42E+03	-4.51E-01	-1.54E+00										
3.47E+03	-4.47E-01	-1.55E+00										
3.52E+03	-4.44E-01	-1.56E+00										
3.57E+03	-4.41E-01	-1.57E+00										
3.63E+03	-4.38E-01	-1.59E+00										
3.68E+03	-4.35E-01	-1.60E+00										
3.73E+03	-4.32E-01	-1.61E+00										
3.78E+03	-4.28E-01	-1.62E+00										
3.84E+03	-4.25E-01	-1.63E+00										
3.89E+03	-4.22E-01	-1.64E+00										
3.94E+03	-4.19E-01	-1.65E+00										
3.99E+03	-4.16E-01	-1.66E+00										
4.04E+03	-4.12E-01	-1.67E+00										
4.09E+03	-4.09E-01	-1.67E+00										
4.14E+03	-4.06E-01	-1.68E+00										
4.19E+03	-4.03E-01	-1.69E+00										
4.25E+03	-4.00E-01	-1.70E+00										
4.30E+03	-3.97E-01	-1.70E+00										
4.35E+03	-3.93E-01	-1.71E+00										
4.40E+03	-3.90E-01	-1.72E+00										
4.45E+03	-3.87E-01	-1.72E+00										
4.51E+03	-3.83E-01	-1.73E+00										
4.56E+03	-3.80E-01	-1.73E+00										
4.61E+03	-3.76E-01	-1.73E+00										
4.66E+03	-3.73E-01	-1.74E+00										
4.71E+03	-3.69E-01	-1.74E+00										
4.76E+03	-3.66E-01	-1.74E+00										
4.81E+03	-3.62E-01	-1.74E+00										
4.87E+03	-3.59E-01	-1.75E+00										
4.92E+03	-3.55E-01	-1.75E+00										
4.97E+03	-3.51E-01	-1.75E+00										
5.02E+03	-3.48E-01	-1.75E+00										
5.07E+03	-3.44E-01	-1.74E+00										
5.12E+03	-3.40E-01	-1.74E+00										
5.17E+03	-3.36E-01	-1.74E+00										
5.23E+03	-3.33E-01	-1.74E+00										
5.28E+03	-3.29E-01	-1.74E+00										
5.33E+03	-3.25E-01	-1.73E+00										
5.38E+03	-3.21E-01	-1.73E+00										
5.44E+03	-3.17E-01	-1.72E+00										
5.49E+03	-3.12E-01	-1.71E+00										
5.54E+03	-3.08E-01	-1.71E+00										
5.59E+03	-3.04E-01	-1.70E+00										
5.64E+03	-3.00E-01	-1.69E+00										
5.69E+03	-2.96E-01	-1.68E+00										
5.74E+03	-2.91E-01	-1.67E+00										
5.79E+03	-2.87E-01	-1.66E+00										
5.85E+03	-2.82E-01	-1.65E+00										
5.90E+03	-2.77E-01	-1.64E+00										
5.95E+03	-2.72E-01	-1.62E+00										
6.00E+03	-2.68E-01	-1.61E+00										
6.06E+03	-2.63E-01	-1.59E+00										
6.11E+03	-2.58E-01	-1.58E+00										
6.16E+03	-2.53E-01	-1.56E+00										
6.17E+03	-2.51E-01	-1.55E+00										
0.00E+00	-8.07E-01	0.00E+00										
0.00E+00	-9.03E-01	0.00E+00										
0.00E+00	-9.15E-01	0.00E+00										
0.00E+00	-9.21E-01	0.00E+00										
0.00E+00	-9.24E-01	0.00E+00										
0.00E+00	-9.28E-01	0.00E+00										
5.65E+01	-9.28E-01	-5.24E-02										
1.07E+02	-8.13E-01	-8.69E-02										
1.60E+02	-7.76E-01	-1.24E-01										
2.11E+02	-7.52E-01	-1.59E-01										
2.63E+02	-7.34E-01	-1.93E-01										
3.13E+02	-7.20E-01	-2.25E-01										
3.65E+02	-7.07E-01	-2.58E-01										
4.20E+02	-6.95E-01	-2.92E-01										
4.70E+02	-6.85E-01	-3.22E-01										
5.22E+02	-6.76E-01	-3.53E-01										
5.72E+02	-6.67E-01	-3.82E-01										
6.24E+02	-6.60E-01	-4.11E-01										
6.74E+02	-6.53E-01	-4.40E-01										
7.28E+02	-6.46E-01	-4.70E-01										
7.82E+02	-6.39E-01	-5.00E-01										
8.32E+02	-6.33E-01	-5.27E-01										
8.85E+02	-6.27E-01	-5.55E-01										
9.37E+02	-6.22E-01	-5.82E-01										
9.87E+02	-6.17E-01	-6.09E-01										
1.04E+03	-6.12E-01	-6.35E-01										
1.09E+03	-6.07E-01	-6.62E-01										
1.14E+03	-6.02E-01	-6.88E-01										
1.19E+03	-5.97E-01	-7.13E-01										
1.24E+03	-5.93E-01	-7.37E-01										
1.29E+03	-5.89E-01	-7.62E-01										
1.35E+03	-5.84E-01	-7.87E-01										
1.40E+03	-5.80E-01	-8.12E-01										
1.46E+03	-5.76E-01	-8.39E-01										
1.51E+03	-5.72E-01	-8.62E-01										
1.56E+03	-5.68E-01	-8.85E-01										
1.61E+03	-5.65E-01	-9.08E-01										
1.66E+03	-5.61E-01	-9.31E-01										
1.71E+03	-5.57E-01	-9.53E-01										
1.76E+03	-5.54E-01	-9.75E-01										
1.81E+03	-5.50E-01	-9.97E-01										
1.87E+03	-5.47E-01	-1.02E+00										
1.92E+03	-5.43E-01	-1.04E+00										
1.97E+03	-5.39E-01	-1.06E+00										
2.02E+03	-5.36E-01	-1.08E+00										
2.07E+03	-5.33E-01	-1.10E+00										
2.13E+03	-5.29E-01	-1.13E+00										
2.18E+03	-5.26E-01	-1.15E+00										
2.23E+03	-5.23E-01	-1.17E+00										
2.29E+03	-5.19E-01	-1.19E+00										
2.34E+03	-5.16E-01	-1.21E+00										
2.39E+03	-5.12E-01	-1.22E+00										
2.44E+03	-5.09E-01	-1.24E+00										
2.49E+03	-5.06E-01	-1.26E+00										
2.55E+03	-5.03E-01	-1.28E+00										
2.60E+03	-5.00E-01	-1.30E+00										
2.65E+03	-4.97E-01	-1.32E+00										
2.70E+03	-4.94E-01	-1.34E+00										
2.76E+03	-4.90E-01	-1.35E+00										
2.81E+03	-4.87E-01	-1.37E+00										
2.86E+03	-4.84E-01	-1.38E+00										
2.91E+03	-4.81E-01	-1.40E+00										
2.96E+03	-4.78E-01	-1.42E+00										
3.01E+03	-4.75E-01	-1.43E+00										
3.07E+03	-4.72E-01	-1.45E+00										
3.12E+03	-4.69E-01	-1.46E+00										
3.17E+03	-4.66E-01	-1.48E+00										
3.22E+03	-4.63E-01	-1.49E+00										
3.28E+03	-4.59E-01	-1.51E+00										
3.33E+03	-4.56E-01	-1.52E+00										
3.38E+03	-4.53E-01	-1.53E+00										
3.43E+03	-4.50E-01	-1.54E+00										
3.48E+03	-4.47E-01	-1.56E+00										
3.53E+03	-4.44E-01	-1.57E+00										
3.59E+03	-4.41E-01	-1.58E+00										
3.64E+03	-4.38E-01	-1.59E+00										
3.69E+03	-4.35E-01	-1.61E+00										
3.74E+03	-4.31E-01	-1.61E+00										
3.80E+03	-4.28E-01	-1.63E+00										
3.85E+03	-4.25E-01	-1.64E+00										
3.90E+03	-4.22E-01	-1.65E+00										
3.95E+03	-4.19E-01	-1.66E+00										
4.01E+03	-4.16E-01	-1.67E+00										
4.06E+03	-4.12E-01	-1.67E+00										
4.11E+03	-4.09E-01	-1.68E+00										
4.16E+03	-4.06E-01	-1.69E+00										
4.21E+03	-4.03E-01	-1.70E+00										
4.26E+03	-4.00E-01	-1.70E+00										
4.31E+03	-3.96E-01	-1.71E+00										
4.36E+03	-3.93E-01	-1.72E+00										
4.42E+03	-3.90E-01	-1.72E+00										
4.47E+03	-3.86E-01	-1.73E+00										
4.52E+03	-3.83E-01	-1.73E+00										
4.57E+03	-3.80E-01	-1.74E+00										
4.62E+03	-3.76E-01	-1.74E+00										
4.67E+03	-3.73E-01	-1.74E+00										
4.73E+03	-3.70E-01	-1.75E+00										
4.78E+03	-3.66E-01	-1.75E+00										
4.83E+03	-3.63E-01	-1.75E+00										
4.89E+03	-3.59E-01	-1.75E+00										
4.94E+03	-3.55E-01	-1.75E+00										
4.99E+03	-3.51E-01	-1.75E+00										
5.04E+03	-3.48E-01	-1.75E+00										
5.10E+03	-3.44E-01	-1.75E+00										
5.15E+03	-3.40E-01	-1.75E+00										
5.20E+03	-3.36E-01	-1.75E+00										
5.25E+03	-3.32E-01	-1.75E+00										
5.30E+03	-3.28E-01	-1.74E+00										
5.35E+03	-3.24E-01	-1.74E+00										
5.41E+03	-3.21E-01	-1.73E+00										
5.46E+03	-3.17E-01	-1.73E+00										
5.51E+03	-3.13E-01	-1.72E+00										
5.56E+03	-3.08E-01	-1.71E+00										
5.61E+03	-3.04E-01	-1.71E+00										
5.66E+03	-3.00E-01	-1.70E+00										
5.72E+03	-2.96E-01	-1.69E+00										
5.77E+03	-2.91E-01	-1.68E+00										
5.82E+03	-2.87E-01	-1.67E+00										
5.87E+03	-2.82E-01	-1.66E+00										
5.92E+03	-2.78E-01	-1.64E+00										
5.98E+03	-2.73E-01	-1.63E+00										
6.03E+03	-2.68E-01	-1.61E+00										
6.08E+03	-2.63E-01	-1.60E+00										
6.13E+03	-2.58E-01	-1.58E+00										
6.18E+03	-2.53E-01	-1.56E+00										
6.18E+03	-2.51E-01	-1.56E+00										
0.00E+00	-8.07E-01	0.00E+00										
0.00E+00	-9.03E-01	0.00E+00										
0.00E+00	-9.15E-01	0.00E+00										
0.00E+00	-9.20E-01	0.00E+00										
0.00E+00	-9.24E-01	0.00E+00										
0.00E+00	-9.28E-01	0.00E+00										
4.93E+01	-9.27E-01	-4.58E-02										
9.97E+01	-8.26E-01	-8.23E-02										
1.52E+02	-7.80E-01	-1.18E-01										
2.09E+02	-7.55E-01	-1.58E-01										
2.60E+02	-7.35E-01	-1.91E-01										
3.10E+02	-7.20E-01	-2.23E-01										
3.62E+02	-7.08E-01	-2.56E-01										
4.12E+02	-6.96E-01	-2.87E-01										
4.63E+02	-6.86E-01	-3.18E-01										
5.14E+02	-6.77E-01	-3.48E-01										
5.65E+02	-6.69E-01	-3.78E-01										
6.16E+02	-6.61E-01	-4.07E-01										
6.67E+02	-6.54E-01	-4.36E-01										
7.24E+02	-6.47E-01	-4.68E-01										
7.77E+02	-6.40E-01	-4.97E-01										
8.30E+02	-6.34E-01	-5.26E-01										
8.82E+02	-6.28E-01	-5.54E-01										
9.32E+02	-6.22E-01	-5.80E-01										
9.84E+02	-6.17E-01	-6.08E-01										
1.04E+03	-6.12E-01	-6.34E-01										
1.09E+03	-6.07E-01	-6.60E-01										
1.14E+03	-6.03E-01	-6.86E-01										
1.19E+03	-5.98E-01	-7.12E-01										
1.24E+03	-5.94E-01	-7.38E-01										
1.30E+03	-5.89E-01	-7.63E-01										
1.35E+03	-5.85E-01	-7.88E-01										
1.40E+03	-5.81E-01	-8.11E-01										
1.45E+03	-5.77E-01	-8.35E-01										
1.50E+03	-5.73E-01	-8.58E-01										
1.55E+03	-5.69E-01	-8.82E-01										
1.60E+03	-5.65E-01	-9.05E-01										
1.65E+03	-5.61E-01	-9.28E-01										
1.70E+03	-5.58E-01	-9.50E-01										
1.75E+03	-5.55E-01	-9.73E-01										
1.81E+03	-5.51E-01	-9.94E-01										
1.86E+03	-5.47E-01	-1.02E+00										
1.91E+03	-5.44E-01	-1.04E+00										
1.96E+03	-5.40E-01	-1.06E+00										
2.01E+03	-5.37E-01	-1.08E+00										
2.06E+03	-5.34E-01	-1.10E+00										
2.11E+03	-5.30E-01	-1.12E+00										
2.16E+03	-5.27E-01	-1.14E+00										
2.22E+03	-5.24E-01	-1.16E+00										
2.27E+03	-5.20E-01	-1.18E+00										
2.33E+03	-5.17E-01	-1.20E+00										
2.38E+03	-5.14E-01	-1.22E+00										
2.43E+03	-5.11E-01	-1.24E+00										
2.48E+03	-5.07E-01	-1.26E+00										
2.53E+03	-5.04E-01	-1.28E+00										
2.58E+03	-5.01E-01	-1.29E+00										
2.63E+03	-4.98E-01	-1.31E+00										
2.69E+03	-4.95E-01	-1.33E+00										
2.74E+03	-4.92E-01	-1.35E+00										
2.79E+03	-4.89E-01	-1.36E+00										
2.84E+03	-4.85E-01	-1.38E+00										
2.89E+03	-4.82E-01	-1.39E+00										
2.94E+03	-4.79E-01	-1.41E+00										
2.99E+03	-4.76E-01	-1.43E+00										
3.04E+03	-4.73E-01	-1.44E+00										
3.10E+03	-4.70E-01	-1.46E+00										
3.15E+03	-4.67E-01	-1.47E+00										
3.20E+03	-4.63E-01	-1.48E+00										
3.25E+03	-4.61E-01	-1.50E+00										
3.31E+03	-4.57E-01	-1.51E+00										
3.36E+03	-4.54E-01	-1.53E+00										
3.42E+03	-4.51E-01	-1.54E+00										
3.47E+03	-4.48E-01	-1.55E+00										
3.52E+03	-4.45E-01	-1.56E+00										
3.57E+03	-4.41E-01	-1.58E+00										
3.62E+03	-4.38E-01	-1.59E+00										
3.67E+03	-4.35E-01	-1.60E+00										
3.72E+03	-4.32E-01	-1.61E+00										
3.77E+03	-4.29E-01	-1.62E+00										
3.83E+03	-4.26E-01	-1.63E+00										
3.88E+03	-4.23E-01	-1.64E+00										
3.93E+03	-4.20E-01	-1.65E+00										
3.98E+03	-4.17E-01	-1.66E+00										
4.03E+03	-4.13E-01	-1.67E+00										
4.08E+03	-4.11E-01	-1.67E+00										
4.13E+03	-4.07E-01	-1.68E+00										
4.18E+03	-4.04E-01	-1.69E+00										
4.24E+03	-4.01E-01	-1.70E+00										
4.29E+03	-3.97E-01	-1.70E+00										
4.34E+03	-3.94E-01	-1.71E+00										
4.39E+03	-3.91E-01	-1.72E+00										
4.45E+03	-3.87E-01	-1.72E+00										
4.50E+03	-3.84E-01	-1.73E+00										
4.55E+03	-3.81E-01	-1.73E+00										
4.60E+03	-3.77E-01	-1.73E+00										
4.65E+03	-3.74E-01	-1.74E+00										
4.70E+03	-3.70E-01	-1.74E+00										
4.75E+03	-3.67E-01	-1.74E+00										
4.80E+03	-3.63E-01	-1.74E+00										
4.86E+03	-3.59E-01	-1.75E+00										
4.91E+03	-3.56E-01	-1.75E+00										
4.96E+03	-3.52E-01	-1.75E+00										
5.01E+03	-3.49E-01	-1.75E+00										
5.07E+03	-3.45E-01	-1.75E+00										
5.12E+03	-3.40E-01	-1.74E+00										
5.18E+03	-3.37E-01	-1.74E+00										
5.23E+03	-3.33E-01	-1.74E+00										
5.28E+03	-3.29E-01	-1.74E+00										
5.33E+03	-3.25E-01	-1.73E+00										
5.38E+03	-3.21E-01	-1.73E+00										
5.43E+03	-3.17E-01	-1.72E+00										
5.49E+03	-3.13E-01	-1.72E+00										
5.54E+03	-3.09E-01	-1.71E+00										
5.59E+03	-3.04E-01	-1.70E+00										
5.64E+03	-3.00E-01	-1.69E+00										
5.69E+03	-2.96E-01	-1.68E+00										
5.75E+03	-2.91E-01	-1.67E+00										
5.80E+03	-2.87E-01	-1.66E+00										
5.85E+03	-2.82E-01	-1.65E+00										
5.90E+03	-2.77E-01	-1.64E+00										
5.95E+03	-2.73E-01	-1.62E+00										
6.00E+03	-2.68E-01	-1.61E+00										
6.05E+03	-2.63E-01	-1.59E+00										
6.11E+03	-2.58E-01	-1.57E+00										
6.16E+03	-2.53E-01	-1.56E+00										
6.17E+03	-2.51E-01	-1.55E+00										
0.00E+00	-8.07E-01	0.00E+00										
0.00E+00	-9.03E-01	0.00E+00										
0.00E+00	-9.15E-01	0.00E+00										
0.00E+00	-9.21E-01	0.00E+00										
0.00E+00	-9.24E-01	0.00E+00										
0.00E+00	-9.28E-01	0.00E+00										
5.19E+01	-9.28E-01	-4.81E-02										
1.03E+02	-8.21E-01	-8.44E-02										
1.53E+02	-7.78E-01	-1.19E-01										
2.04E+02	-7.56E-01	-1.54E-01										
2.54E+02	-7.37E-01	-1.87E-01										
3.04E+02	-7.23E-01	-2.20E-01										
3.55E+02	-7.09E-01	-2.52E-01										
4.06E+02	-6.97E-01	-2.83E-01										
4.59E+02	-6.88E-01	-3.15E-01										
5.13E+02	-6.77E-01	-3.48E-01										
5.65E+02	-6.69E-01	-3.78E-01										
6.15E+02	-6.61E-01	-4.06E-01										
6.67E+02	-6.54E-01	-4.36E-01										
7.17E+02	-6.47E-01	-4.64E-01										
7.68E+02	-6.41E-01	-4.92E-01										
8.18E+02	-6.35E-01	-5.19E-01										
8.70E+02	-6.29E-01	-5.47E-01										
9.22E+02	-6.23E-01	-5.74E-01										
9.73E+02	-6.18E-01	-6.02E-01										
1.02E+03	-6.13E-01	-6.28E-01										
1.08E+03	-6.08E-01	-6.54E-01										
1.13E+03	-6.03E-01	-6.79E-01										
1.18E+03	-5.98E-01	-7.04E-01										
1.23E+03	-5.94E-01	-7.31E-01										
1.28E+03	-5.90E-01	-7.55E-01										
1.33E+03	-5.85E-01	-7.81E-01										
1.38E+03	-5.81E-01	-8.04E-01										
1.44E+03	-5.77E-01	-8.29E-01										
1.49E+03	-5.73E-01	-8.53E-01										
1.54E+03	-5.69E-01	-8.76E-01										
1.59E+03	-5.65E-01	-8.99E-01										
1.64E+03	-5.62E-01	-9.21E-01										
1.69E+03	-5.58E-01	-9.44E-01										
1.74E+03	-5.54E-01	-9.66E-01										
1.79E+03	-5.51E-01	-9.88E-01										
1.85E+03	-5.48E-01	-1.01E+00										
1.90E+03	-5.44E-01	-1.03E+00										
1.95E+03	-5.41E-01	-1.05E+00										
2.00E+03	-5.37E-01	-1.07E+00										
2.05E+03	-5.34E-01	-1.10E+00										
2.10E+03	-5.30E-01	-1.11E+00										
2.15E+03	-5.27E-01	-1.13E+00										
2.20E+03	-5.24E-01	-1.16E+00										
2.26E+03	-5.21E-01	-1.18E+00										
2.31E+03	-5.18E-01	-1.19E+00										
2.36E+03	-5.14E-01	-1.21E+00										
2.42E+03	-5.11E-01	-1.24E+00										
2.47E+03	-5.08E-01	-1.26E+00										
2.53E+03	-5.04E-01	-1.27E+00										
2.58E+03	-5.01E-01	-1.29E+00										
2.63E+03	-4.98E-01	-1.31E+00										
2.68E+03	-4.95E-01	-1.33E+00										
2.73E+03	-4.92E-01	-1.34E+00										
2.78E+03	-4.89E-01	-1.36E+00										
2.83E+03	-4.86E-01	-1.38E+00										
2.88E+03	-4.83E-01	-1.39E+00										
2.94E+03	-4.80E-01	-1.41E+00										
2.99E+03	-4.76E-01	-1.42E+00										
3.04E+03	-4.74E-01	-1.44E+00										
3.10E+03	-4.70E-01	-1.46E+00										
3.15E+03	-4.67E-01	-1.47E+00										
3.20E+03	-4.64E-01	-1.49E+00										
3.25E+03	-4.61E-01	-1.50E+00										
3.31E+03	-4.58E-01	-1.51E+00										
3.36E+03	-4.55E-01	-1.53E+00										
3.41E+03	-4.52E-01	-1.54E+00										
3.46E+03	-4.49E-01	-1.55E+00										
3.51E+03	-4.46E-01	-1.57E+00										
3.56E+03	-4.42E-01	-1.58E+00										
3.61E+03	-4.39E-01	-1.59E+00										
3.67E+03	-4.36E-01	-1.60E+00										
3.72E+03	-4.34E-01	-1.61E+00										
3.77E+03	-4.30E-01	-1.62E+00										
3.82E+03	-4.27E-01	-1.63E+00										
3.87E+03	-4.24E-01	-1.64E+00										
3.92E+03	-4.21E-01	-1.65E+00										
3.98E+03	-4.17E-01	-1.66E+00										
4.03E+03	-4.14E-01	-1.67E+00										
4.08E+03	-4.11E-01	-1.68E+00										
4.13E+03	-4.08E-01	-1.69E+00										
4.18E+03	-4.05E-01	-1.69E+00										
4.24E+03	-4.01E-01	-1.70E+00										
4.29E+03	-3.98E-01	-1.71E+00										
4.34E+03	-3.95E-01	-1.71E+00										
4.39E+03	-3.92E-01	-1.72E+00										
4.44E+03	-3.88E-01	-1.73E+00										
4.49E+03	-3.85E-01	-1.73E+00										
4.54E+03	-3.82E-01	-1.73E+00										
4.60E+03	-3.78E-01	-1.74E+00										
4.65E+03	-3.75E-01	-1.74E+00										
4.70E+03	-3.71E-01	-1.75E+00										
4.75E+03	-3.68E-01	-1.75E+00										
4.80E+03	-3.65E-01	-1.75E+00										
4.85E+03	-3.61E-01	-1.75E+00										
4.91E+03	-3.58E-01	-1.76E+00										
4.96E+03	-3.54E-01	-1.75E+00										
5.01E+03	-3.50E-01	-1.76E+00										
5.07E+03	-3.46E-01	-1.75E+00										
5.12E+03	-3.42E-01	-1.75E+00										
5.17E+03	-3.39E-01	-1.75E+00										
5.22E+03	-3.35E-01	-1.75E+00										
5.28E+03	-3.31E-01	-1.75E+00										
5.33E+03	-3.27E-01	-1.74E+00										
5.38E+03	-3.23E-01	-1.74E+00										
5.43E+03	-3.19E-01	-1.73E+00										
5.48E+03	-3.14E-01	-1.72E+00										
5.53E+03	-3.11E-01	-1.72E+00										
5.59E+03	-3.06E-01	-1.71E+00										
5.64E+03	-3.02E-01	-1.70E+00										
5.69E+03	-2.98E-01	-1.70E+00										
5.74E+03	-2.93E-01	-1.68E+00										
5.79E+03	-2.89E-01	-1.68E+00										
5.84E+03	-2.85E-01	-1.66E+00										
5.90E+03	-2.80E-01	-1.65E+00										
5.95E+03	-2.75E-01	-1.64E+00										
6.00E+03	-2.71E-01	-1.62E+00										
6.05E+03	-2.66E-01	-1.61E+00										
6.10E+03	-2.61E-01	-1.59E+00										
6.15E+03	-2.56E-01	-1.58E+00										
6.19E+03	-2.51E-01	-1.56E+00										
0.00E+00	-8.07E-01	0.00E+00										
0.00E+00	-9.03E-01	0.00E+00										
0.00E+00	-9.14E-01	0.00E+00										
0.00E+00	-9.20E-01	0.00E+00										
0.00E+00	-9.24E-01	0.00E+00										
0.00E+00	-9.27E-01	0.00E+00										
4.37E+01	-9.27E-01	-4.06E-02										
9.67E+01	-8.32E-01	-8.04E-02										
1.48E+02	-7.82E-01	-1.16E-01										
1.99E+02	-7.56E-01	-1.50E-01										
2.51E+02	-7.38E-01	-1.85E-01										
3.02E+02	-7.23E-01	-2.18E-01										
3.54E+02	-7.09E-01	-2.51E-01										
4.04E+02	-6.98E-01	-2.82E-01										
4.55E+02	-6.87E-01	-3.12E-01										
5.06E+02	-6.78E-01	-3.43E-01										
5.56E+02	-6.70E-01	-3.72E-01										
6.06E+02	-6.62E-01	-4.01E-01										
6.58E+02	-6.55E-01	-4.31E-01										
7.10E+02	-6.48E-01	-4.60E-01										
7.60E+02	-6.42E-01	-4.88E-01										
8.11E+02	-6.36E-01	-5.15E-01										
8.61E+02	-6.30E-01	-5.43E-01										
9.12E+02	-6.24E-01	-5.70E-01										
9.64E+02	-6.19E-01	-5.97E-01										
1.02E+03	-6.14E-01	-6.24E-01										
1.07E+03	-6.09E-01	-6.50E-01										
1.12E+03	-6.04E-01	-6.76E-01										
1.17E+03	-6.00E-01	-7.02E-01										
1.22E+03	-5.95E-01	-7.27E-01										
1.27E+03	-5.91E-01	-7.53E-01										
1.33E+03	-5.87E-01	-7.77E-01										
1.38E+03	-5.83E-01	-8.02E-01										
1.43E+03	-5.79E-01	-8.26E-01										
1.48E+03	-5.74E-01	-8.49E-01										
1.53E+03	-5.71E-01	-8.73E-01										
1.58E+03	-5.67E-01	-8.96E-01										
1.63E+03	-5.63E-01	-9.19E-01										
1.69E+03	-5.60E-01	-9.43E-01										
1.74E+03	-5.56E-01	-9.65E-01										
1.79E+03	-5.52E-01	-9.88E-01										
1.84E+03	-5.49E-01	-1.01E+00										
1.89E+03	-5.46E-01	-1.03E+00										
1.94E+03	-5.42E-01	-1.05E+00										
1.99E+03	-5.39E-01	-1.07E+00										
2.04E+03	-5.35E-01	-1.09E+00										
2.10E+03	-5.32E-01	-1.11E+00										
2.15E+03	-5.28E-01	-1.14E+00										
2.20E+03	-5.25E-01	-1.16E+00										
2.25E+03	-5.22E-01	-1.18E+00										
2.30E+03	-5.19E-01	-1.19E+00										
2.35E+03	-5.15E-01	-1.21E+00										
2.40E+03	-5.12E-01	-1.23E+00										
2.46E+03	-5.09E-01	-1.25E+00										
2.51E+03	-5.06E-01	-1.27E+00										
2.56E+03	-5.03E-01	-1.29E+00										
2.62E+03	-5.00E-01	-1.31E+00										
2.68E+03	-4.96E-01	-1.33E+00										
2.73E+03	-4.93E-01	-1.34E+00										
2.78E+03	-4.89E-01	-1.36E+00										
2.83E+03	-4.86E-01	-1.38E+00										
2.88E+03	-4.83E-01	-1.39E+00										
2.94E+03	-4.80E-01	-1.41E+00										
2.99E+03	-4.77E-01	-1.42E+00										
3.04E+03	-4.74E-01	-1.44E+00										
3.09E+03	-4.71E-01	-1.46E+00										
3.14E+03	-4.67E-01	-1.47E+00										
3.19E+03	-4.65E-01	-1.48E+00										
3.24E+03	-4.62E-01	-1.50E+00										
3.29E+03	-4.58E-01	-1.51E+00										
3.35E+03	-4.55E-01	-1.52E+00										
3.40E+03	-4.52E-01	-1.54E+00										
3.45E+03	-4.49E-01	-1.55E+00										
3.50E+03	-4.46E-01	-1.56E+00										
3.55E+03	-4.43E-01	-1.57E+00										
3.60E+03	-4.40E-01	-1.59E+00										
3.65E+03	-4.37E-01	-1.60E+00										
3.70E+03	-4.34E-01	-1.61E+00										
3.75E+03	-4.31E-01	-1.62E+00										
3.81E+03	-4.28E-01	-1.63E+00										
3.86E+03	-4.25E-01	-1.64E+00										
3.91E+03	-4.22E-01	-1.65E+00										
3.96E+03	-4.18E-01	-1.66E+00										
4.01E+03	-4.15E-01	-1.67E+00										
4.07E+03	-4.12E-01	-1.67E+00										
4.12E+03	-4.09E-01	-1.68E+00										
4.17E+03	-4.05E-01	-1.69E+00										
4.22E+03	-4.02E-01	-1.70E+00										
4.28E+03	-3.98E-01	-1.70E+00										
4.33E+03	-3.96E-01	-1.71E+00										
4.38E+03	-3.92E-01	-1.72E+00										
4.43E+03	-3.89E-01	-1.72E+00										
4.48E+03	-3.85E-01	-1.73E+00										
4.53E+03	-3.82E-01	-1.73E+00										
4.58E+03	-3.78E-01	-1.74E+00										
4.64E+03	-3.75E-01	-1.74E+00										
4.69E+03	-3.72E-01	-1.74E+00										
4.74E+03	-3.68E-01	-1.74E+00										
4.79E+03	-3.65E-01	-1.75E+00										
4.84E+03	-3.61E-01	-1.75E+00										
4.89E+03	-3.58E-01	-1.75E+00										
4.94E+03	-3.54E-01	-1.75E+00										
4.99E+03	-3.51E-01	-1.75E+00										
5.04E+03	-3.47E-01	-1.75E+00										
5.10E+03	-3.43E-01	-1.75E+00										
5.15E+03	-3.39E-01	-1.75E+00										
5.20E+03	-3.35E-01	-1.74E+00										
5.25E+03	-3.31E-01	-1.74E+00										
5.30E+03	-3.27E-01	-1.74E+00										
5.35E+03	-3.24E-01	-1.73E+00										
5.40E+03	-3.19E-01	-1.73E+00										
5.46E+03	-3.16E-01	-1.72E+00										
5.51E+03	-3.12E-01	-1.72E+00										
5.56E+03	-3.07E-01	-1.71E+00										
5.61E+03	-3.03E-01	-1.70E+00										
5.66E+03	-2.99E-01	-1.69E+00										
5.71E+03	-2.94E-01	-1.68E+00										
5.77E+03	-2.90E-01	-1.67E+00										
5.82E+03	-2.85E-01	-1.66E+00										
5.87E+03	-2.81E-01	-1.65E+00										
5.92E+03	-2.76E-01	-1.63E+00										
5.97E+03	-2.71E-01	-1.62E+00										
6.02E+03	-2.66E-01	-1.60E+00										
6.08E+03	-2.61E-01	-1.59E+00										
6.13E+03	-2.56E-01	-1.57E+00										
6.16E+03	-2.51E-01	-1.55E+00										
0.00E+00	-8.07E-01	0.00E+00										
0.00E+00	-9.03E-01	0.00E+00										
0.00E+00	-9.15E-01	0.00E+00										
0.00E+00	-9.21E-01	0.00E+00										
0.00E+00	-9.24E-01	0.00E+00										
0.00E+00	-9.28E-01	0.00E+00										
4.83E+01	-9.28E-01	-4.48E-02										
9.92E+01	-8.28E-01	-8.22E-02										
1.50E+02	-7.80E-01	-1.17E-01										
2.03E+02	-7.56E-01	-1.53E-01										
2.57E+02	-7.37E-01	-1.90E-01										
3.10E+02	-7.21E-01	-2.24E-01										
3.61E+02	-7.07E-01	-2.56E-01										
4.12E+02	-6.96E-01	-2.87E-01										
4.62E+02	-6.87E-01	-3.17E-01										
5.14E+02	-6.77E-01	-3.48E-01										
5.64E+02	-6.69E-01	-3.77E-01										
6.15E+02	-6.61E-01	-4.06E-01										
6.66E+02	-6.54E-01	-4.35E-01										
7.16E+02	-6.47E-01	-4.63E-01										
7.68E+02	-6.41E-01	-4.92E-01										
8.23E+02	-6.34E-01	-5.22E-01										
8.74E+02	-6.28E-01	-5.49E-01										
9.24E+02	-6.23E-01	-5.76E-01										
9.75E+02	-6.18E-01	-6.02E-01										
1.03E+03	-6.13E-01	-6.29E-01										
1.08E+03	-6.08E-01	-6.57E-01										
1.13E+03	-6.03E-01	-6.82E-01										
1.18E+03	-5.99E-01	-7.07E-01										
1.23E+03	-5.94E-01	-7.32E-01										
1.28E+03	-5.90E-01	-7.56E-01										
1.33E+03	-5.85E-01	-7.81E-01										
1.38E+03	-5.81E-01	-8.05E-01										
1.44E+03	-5.77E-01	-8.30E-01										
1.49E+03	-5.73E-01	-8.54E-01										
1.54E+03	-5.69E-01	-8.77E-01										
1.59E+03	-5.66E-01	-9.01E-01										
1.64E+03	-5.62E-01	-9.23E-01										
1.69E+03	-5.58E-01	-9.46E-01										
1.75E+03	-5.55E-01	-9.68E-01										
1.80E+03	-5.51E-01	-9.90E-01										
1.85E+03	-5.47E-01	-1.01E+00										
1.90E+03	-5.44E-01	-1.03E+00										
1.95E+03	-5.41E-01	-1.05E+00										
2.00E+03	-5.37E-01	-1.07E+00										
2.05E+03	-5.34E-01	-1.09E+00										
2.10E+03	-5.31E-01	-1.12E+00										
2.16E+03	-5.27E-01	-1.14E+00										
2.21E+03	-5.24E-01	-1.16E+00										
2.26E+03	-5.21E-01	-1.18E+00										
2.31E+03	-5.17E-01	-1.19E+00										
2.36E+03	-5.14E-01	-1.21E+00										
2.41E+03	-5.11E-01	-1.23E+00										
2.46E+03	-5.08E-01	-1.25E+00										
2.51E+03	-5.04E-01	-1.27E+00										
2.56E+03	-5.01E-01	-1.29E+00										
2.62E+03	-4.99E-01	-1.30E+00										
2.67E+03	-4.95E-01	-1.32E+00										
2.72E+03	-4.92E-01	-1.34E+00										
2.77E+03	-4.89E-01	-1.35E+00										
2.82E+03	-4.86E-01	-1.37E+00										
2.87E+03	-4.83E-01	-1.39E+00										
2.92E+03	-4.80E-01	-1.40E+00										
2.98E+03	-4.77E-01	-1.42E+00										
3.03E+03	-4.73E-01	-1.43E+00										
3.08E+03	-4.70E-01	-1.45E+00										
3.13E+03	-4.67E-01	-1.46E+00										
3.18E+03	-4.64E-01	-1.48E+00										
3.23E+03	-4.61E-01	-1.49E+00										
3.29E+03	-4.58E-01	-1.51E+00										
3.34E+03	-4.55E-01	-1.52E+00										
3.39E+03	-4.52E-01	-1.53E+00										
3.44E+03	-4.49E-01	-1.54E+00										
3.49E+03	-4.45E-01	-1.56E+00										
3.54E+03	-4.43E-01	-1.57E+00										
3.60E+03	-4.39E-01	-1.58E+00										
3.65E+03	-4.36E-01	-1.59E+00										
3.70E+03	-4.33E-01	-1.60E+00										
3.75E+03	-4.30E-01	-1.61E+00										
3.81E+03	-4.27E-01	-1.62E+00										
3.86E+03	-4.23E-01	-1.63E+00										
3.91E+03	-4.20E-01	-1.64E+00										
3.96E+03	-4.17E-01	-1.65E+00										
4.01E+03	-4.14E-01	-1.66E+00										
4.06E+03	-4.11E-01	-1.67E+00										
4.11E+03	-4.07E-01	-1.68E+00										
4.17E+03	-4.05E-01	-1.69E+00										
4.22E+03	-4.01E-01	-1.69E+00										
4.27E+03	-3.97E-01	-1.70E+00										
4.32E+03	-3.95E-01	-1.71E+00										
4.37E+03	-3.91E-01	-1.71E+00										
4.42E+03	-3.88E-01	-1.71E+00										
4.48E+03	-3.85E-01	-1.72E+00										
4.53E+03	-3.81E-01	-1.72E+00										
4.58E+03	-3.77E-01	-1.73E+00										
4.64E+03	-3.74E-01	-1.73E+00										
4.69E+03	-3.71E-01	-1.74E+00										
4.74E+03	-3.67E-01	-1.74E+00										
4.79E+03	-3.63E-01	-1.74E+00										
4.84E+03	-3.60E-01	-1.74E+00										
4.90E+03	-3.56E-01	-1.74E+00										
4.95E+03	-3.53E-01	-1.74E+00										
5.00E+03	-3.49E-01	-1.74E+00										
5.05E+03	-3.45E-01	-1.74E+00										
5.11E+03	-3.41E-01	-1.74E+00										
5.16E+03	-3.37E-01	-1.74E+00										
5.21E+03	-3.33E-01	-1.74E+00										
5.26E+03	-3.29E-01	-1.73E+00										
5.32E+03	-3.25E-01	-1.73E+00										
5.37E+03	-3.21E-01	-1.72E+00										
5.42E+03	-3.17E-01	-1.72E+00										
5.47E+03	-3.13E-01	-1.71E+00										
5.52E+03	-3.09E-01	-1.71E+00										
5.57E+03	-3.05E-01	-1.70E+00										
5.63E+03	-3.01E-01	-1.69E+00										
5.68E+03	-2.96E-01	-1.68E+00										
5.73E+03	-2.92E-01	-1.67E+00										
5.78E+03	-2.87E-01	-1.66E+00										
5.83E+03	-2.82E-01	-1.65E+00										
5.89E+03	-2.78E-01	-1.63E+00										
5.94E+03	-2.73E-01	-1.62E+00										
5.99E+03	-2.68E-01	-1.61E+00										
6.04E+03	-2.63E-01	-1.59E+00										
6.09E+03	-2.58E-01	-1.57E+00										
6.15E+03	-2.53E-01	-1.56E+00										
6.15E+03	-2.52E-01	-1.55E+00										
0.00E+00	-8.06E-01	0.00E+00										
0.00E+00	-9.03E-01	0.00E+00										
0.00E+00	-9.15E-01	0.00E+00										
0.00E+00	-9.21E-01	0.00E+00										
0.00E+00	-9.24E-01	0.00E+00										
0.00E+00	-9.28E-01	0.00E+00										
4.47E+01	-9.28E-01	-4.15E-02										
9.57E+01	-8.35E-01	-7.99E-02										
1.47E+02	-7.82E-01	-1.15E-01										
1.98E+02	-7.56E-01	-1.50E-01										
2.49E+02	-7.39E-01	-1.84E-01										
3.02E+02	-7.23E-01	-2.19E-01										
3.54E+02	-7.09E-01	-2.51E-01										
4.05E+02	-6.99E-01	-2.83E-01										
4.56E+02	-6.87E-01	-3.13E-01										
5.10E+02	-6.78E-01	-3.46E-01										
5.61E+02	-6.69E-01	-3.75E-01										
6.14E+02	-6.61E-01	-4.05E-01										
6.65E+02	-6.53E-01	-4.35E-01										
7.16E+02	-6.47E-01	-4.63E-01										
7.75E+02	-6.40E-01	-4.96E-01										
8.25E+02	-6.33E-01	-5.23E-01										
8.76E+02	-6.28E-01	-5.50E-01										
9.26E+02	-6.23E-01	-5.77E-01										
9.77E+02	-6.17E-01	-6.03E-01										
1.03E+03	-6.12E-01	-6.29E-01										
1.08E+03	-6.08E-01	-6.56E-01										
1.13E+03	-6.03E-01	-6.81E-01										
1.18E+03	-5.98E-01	-7.06E-01										
1.23E+03	-5.94E-01	-7.31E-01										
1.28E+03	-5.89E-01	-7.56E-01										
1.34E+03	-5.85E-01	-7.82E-01										
1.39E+03	-5.81E-01	-8.07E-01										
1.44E+03	-5.77E-01	-8.32E-01										
1.49E+03	-5.73E-01	-8.55E-01										
1.54E+03	-5.69E-01	-8.79E-01										
1.60E+03	-5.65E-01	-9.02E-01										
1.65E+03	-5.61E-01	-9.24E-01										
1.70E+03	-5.58E-01	-9.48E-01										
1.75E+03	-5.54E-01	-9.70E-01										
1.81E+03	-5.51E-01	-9.94E-01										
1.86E+03	-5.47E-01	-1.02E+00										
1.91E+03	-5.44E-01	-1.04E+00										
1.96E+03	-5.40E-01	-1.06E+00										
2.02E+03	-5.36E-01	-1.08E+00										
2.07E+03	-5.33E-01	-1.10E+00										
2.12E+03	-5.30E-01	-1.12E+00										
2.17E+03	-5.26E-01	-1.14E+00										
2.22E+03	-5.24E-01	-1.16E+00										
2.27E+03	-5.20E-01	-1.18E+00										
2.32E+03	-5.17E-01	-1.20E+00										
2.38E+03	-5.14E-01	-1.22E+00										
2.43E+03	-5.10E-01	-1.24E+00										
2.48E+03	-5.07E-01	-1.26E+00										
2.53E+03	-5.04E-01	-1.28E+00										
2.58E+03	-5.01E-01	-1.29E+00										
2.63E+03	-4.98E-01	-1.31E+00										
2.68E+03	-4.95E-01	-1.33E+00										
2.73E+03	-4.92E-01	-1.34E+00										
2.78E+03	-4.89E-01	-1.36E+00										
2.84E+03	-4.86E-01	-1.38E+00										
2.89E+03	-4.83E-01	-1.39E+00										
2.94E+03	-4.80E-01	-1.41E+00										
2.99E+03	-4.76E-01	-1.42E+00										
3.04E+03	-4.74E-01	-1.44E+00										
3.09E+03	-4.70E-01	-1.46E+00										
3.15E+03	-4.67E-01	-1.47E+00										
3.20E+03	-4.64E-01	-1.48E+00										
3.25E+03	-4.61E-01	-1.50E+00										
3.30E+03	-4.58E-01	-1.51E+00										
3.35E+03	-4.55E-01	-1.53E+00										
3.40E+03	-4.52E-01	-1.54E+00										
3.46E+03	-4.49E-01	-1.55E+00										
3.51E+03	-4.45E-01	-1.56E+00										
3.56E+03	-4.43E-01	-1.58E+00										
3.61E+03	-4.39E-01	-1.59E+00										
3.66E+03	-4.36E-01	-1.60E+00										
3.71E+03	-4.33E-01	-1.61E+00										
3.77E+03	-4.30E-01	-1.62E+00										
3.82E+03	-4.27E-01	-1.63E+00										
3.87E+03	-4.24E-01	-1.64E+00										
3.92E+03	-4.21E-01	-1.65E+00										
3.97E+03	-4.18E-01	-1.66E+00										
4.02E+03	-4.14E-01	-1.67E+00										
4.07E+03	-4.11E-01	-1.67E+00										
4.13E+03	-4.08E-01	-1.68E+00										
4.18E+03	-4.05E-01	-1.69E+00										
4.23E+03	-4.01E-01	-1.70E+00										
4.29E+03	-3.98E-01	-1.71E+00										
4.34E+03	-3.94E-01	-1.71E+00										
4.39E+03	-3.91E-01	-1.72E+00										
4.44E+03	-3.88E-01	-1.72E+00										
4.50E+03	-3.85E-01	-1.73E+00										
4.55E+03	-3.81E-01	-1.73E+00										
4.60E+03	-3.78E-01	-1.74E+00										
4.65E+03	-3.74E-01	-1.74E+00										
4.70E+03	-3.70E-01	-1.74E+00										
4.75E+03	-3.67E-01	-1.74E+00										
4.80E+03	-3.64E-01	-1.75E+00										
4.86E+03	-3.60E-01	-1.75E+00										
4.91E+03	-3.56E-01	-1.75E+00										
4.96E+03	-3.53E-01	-1.75E+00										
5.01E+03	-3.49E-01	-1.75E+00										
5.06E+03	-3.46E-01	-1.75E+00										
5.12E+03	-3.42E-01	-1.75E+00										
5.17E+03	-3.38E-01	-1.75E+00										
5.22E+03	-3.34E-01	-1.74E+00										
5.27E+03	-3.30E-01	-1.74E+00										
5.33E+03	-3.26E-01	-1.74E+00										
5.38E+03	-3.22E-01	-1.73E+00										
5.43E+03	-3.18E-01	-1.73E+00										
5.48E+03	-3.13E-01	-1.72E+00										
5.53E+03	-3.10E-01	-1.71E+00										
5.58E+03	-3.06E-01	-1.71E+00										
5.63E+03	-3.01E-01	-1.70E+00										
5.69E+03	-2.97E-01	-1.69E+00										
5.74E+03	-2.92E-01	-1.68E+00										
5.79E+03	-2.88E-01	-1.67E+00										
5.84E+03	-2.83E-01	-1.66E+00										
5.89E+03	-2.79E-01	-1.64E+00										
5.95E+03	-2.74E-01	-1.63E+00										
6.00E+03	-2.69E-01	-1.61E+00										
6.05E+03	-2.64E-01	-1.60E+00										
6.10E+03	-2.59E-01	-1.58E+00										
6.15E+03	-2.54E-01	-1.56E+00										
6.17E+03	-2.51E-01	-1.55E+00										
0.00E+00	-8.07E-01	0.00E+00										
0.00E+00	-9.03E-01	0.00E+00										
0.00E+00	-9.15E-01	0.00E+00										
0.00E+00	-9.20E-01	0.00E+00										
0.00E+00	-9.24E-01	0.00E+00										
0.00E+00	-9.27E-01	0.00E+00										
5.39E+01	-9.27E-01	-5.00E-02										
1.05E+02	-8.17E-01	-8.57E-02										
1.55E+02	-7.78E-01	-1.21E-01										
2.06E+02	-7.53E-01	-1.55E-01										
2.59E+02	-7.36E-01	-1.90E-01										
3.11E+02	-7.20E-01	-2.24E-01										
3.61E+02	-7.07E-01	-2.55E-01										
4.13E+02	-6.96E-01	-2.88E-01										
4.66E+02	-6.86E-01	-3.20E-01										
5.18E+02	-6.76E-01	-3.50E-01										
5.69E+02	-6.67E-01	-3.80E-01										
6.19E+02	-6.60E-01	-4.09E-01										
6.70E+02	-6.53E-01	-4.37E-01										
7.20E+02	-6.46E-01	-4.65E-01										
7.70E+02	-6.40E-01	-4.93E-01										
8.23E+02	-6.34E-01	-5.22E-01										
8.74E+02	-6.29E-01	-5.49E-01										
9.25E+02	-6.23E-01	-5.76E-01										
9.76E+02	-6.18E-01	-6.03E-01										
1.03E+03	-6.13E-01	-6.31E-01										
1.08E+03	-6.08E-01	-6.57E-01										
1.13E+03	-6.03E-01	-6.82E-01										
1.18E+03	-5.99E-01	-7.08E-01										
1.23E+03	-5.94E-01	-7.32E-01										
1.29E+03	-5.90E-01	-7.58E-01										
1.34E+03	-5.86E-01	-7.83E-01										
1.39E+03	-5.81E-01	-8.07E-01										
1.44E+03	-5.77E-01	-8.31E-01										
1.49E+03	-5.73E-01	-8.54E-01										
1.54E+03	-5.70E-01	-8.77E-01										
1.59E+03	-5.66E-01	-9.00E-01										
1.64E+03	-5.62E-01	-9.23E-01										
1.69E+03	-5.59E-01	-9.46E-01										
1.74E+03	-5.55E-01	-9.68E-01										
1.80E+03	-5.52E-01	-9.91E-01										
1.85E+03	-5.48E-01	-1.01E+00										
1.90E+03	-5.44E-01	-1.03E+00										
1.95E+03	-5.41E-01	-1.06E+00										
2.00E+03	-5.38E-01	-1.08E+00										
2.06E+03	-5.34E-01	-1.10E+00										
2.11E+03	-5.31E-01	-1.12E+00										
2.16E+03	-5.27E-01	-1.14E+00										
2.21E+03	-5.24E-01	-1.16E+00										
2.27E+03	-5.21E-01	-1.18E+00										
2.32E+03	-5.18E-01	-1.20E+00										
2.37E+03	-5.14E-01	-1.22E+00										
2.43E+03	-5.11E-01	-1.24E+00										
2.48E+03	-5.08E-01	-1.26E+00										
2.53E+03	-5.05E-01	-1.27E+00										
2.58E+03	-5.01E-01	-1.29E+00										
2.63E+03	-4.98E-01	-1.31E+00										
2.68E+03	-4.95E-01	-1.33E+00										
2.73E+03	-4.92E-01	-1.34E+00										
2.78E+03	-4.89E-01	-1.36E+00										
2.83E+03	-4.86E-01	-1.38E+00										
2.88E+03	-4.83E-01	-1.39E+00										
2.93E+03	-4.80E-01	-1.41E+00										
2.99E+03	-4.77E-01	-1.42E+00										
3.04E+03	-4.74E-01	-1.44E+00										
3.09E+03	-4.71E-01	-1.45E+00										
3.15E+03	-4.67E-01	-1.47E+00										
3.20E+03	-4.64E-01	-1.48E+00										
3.25E+03	-4.61E-01	-1.50E+00										
3.30E+03	-4.58E-01	-1.51E+00										
3.35E+03	-4.55E-01	-1.52E+00										
3.40E+03	-4.52E-01	-1.54E+00										
3.45E+03	-4.49E-01	-1.55E+00										
3.50E+03	-4.46E-01	-1.56E+00										
3.55E+03	-4.43E-01	-1.57E+00										
3.61E+03	-4.40E-01	-1.59E+00										
3.66E+03	-4.36E-01	-1.60E+00										
3.71E+03	-4.33E-01	-1.61E+00										
3.76E+03	-4.30E-01	-1.62E+00										
3.81E+03	-4.27E-01	-1.63E+00										
3.87E+03	-4.24E-01	-1.64E+00										
3.92E+03	-4.21E-01	-1.65E+00										
3.97E+03	-4.18E-01	-1.66E+00										
4.02E+03	-4.15E-01	-1.67E+00										
4.07E+03	-4.11E-01	-1.67E+00										
4.12E+03	-4.08E-01	-1.68E+00										
4.18E+03	-4.05E-01	-1.69E+00										
4.23E+03	-4.01E-01	-1.70E+00										
4.28E+03	-3.98E-01	-1.70E+00										
4.33E+03	-3.95E-01	-1.71E+00										
4.38E+03	-3.92E-01	-1.71E+00										
4.43E+03	-3.88E-01	-1.72E+00										
4.48E+03	-3.85E-01	-1.73E+00										
4.54E+03	-3.82E-01	-1.73E+00										
4.59E+03	-3.78E-01	-1.73E+00										
4.64E+03	-3.75E-01	-1.74E+00										
4.69E+03	-3.71E-01	-1.74E+00										
4.74E+03	-3.68E-01	-1.74E+00										
4.79E+03	-3.64E-01	-1.75E+00										
4.85E+03	-3.61E-01	-1.75E+00										
4.90E+03	-3.57E-01	-1.75E+00										
4.95E+03	-3.53E-01	-1.75E+00										
5.00E+03	-3.50E-01	-1.75E+00										
5.05E+03	-3.46E-01	-1.75E+00										
5.10E+03	-3.43E-01	-1.75E+00										
5.15E+03	-3.39E-01	-1.75E+00										
5.21E+03	-3.35E-01	-1.74E+00										
5.26E+03	-3.31E-01	-1.74E+00										
5.31E+03	-3.27E-01	-1.74E+00										
5.36E+03	-3.23E-01	-1.73E+00										
5.41E+03	-3.20E-01	-1.73E+00										
5.46E+03	-3.15E-01	-1.72E+00										
5.51E+03	-3.11E-01	-1.72E+00										
5.57E+03	-3.07E-01	-1.71E+00										
5.62E+03	-3.03E-01	-1.70E+00										
5.67E+03	-2.99E-01	-1.69E+00										
5.72E+03	-2.94E-01	-1.68E+00										
5.77E+03	-2.90E-01	-1.67E+00										
5.82E+03	-2.85E-01	-1.66E+00										
5.88E+03	-2.81E-01	-1.65E+00										
5.93E+03	-2.76E-01	-1.64E+00										
5.98E+03	-2.71E-01	-1.62E+00										
6.03E+03	-2.67E-01	-1.61E+00										
6.08E+03	-2.62E-01	-1.59E+00										
6.13E+03	-2.57E-01	-1.58E+00										
6.18E+03	-2.52E-01	-1.56E+00										
6.17E+03	-2.51E-01	-1.55E+00										
0.00E+00	-8.07E-01	0.00E+00										
0.00E+00	-9.03E-01	0.00E+00										
0.00E+00	-9.15E-01	0.00E+00										
0.00E+00	-9.20E-01	0.00E+00										
0.00E+00	-9.24E-01	0.00E+00										
0.00E+00	-9.28E-01	0.00E+00										
4.93E+01	-9.28E-01	-4.58E-02										
9.97E+01	-8.23E-01	-8.21E-02										
1.51E+02	-7.81E-01	-1.18E-01										
2.01E+02	-7.55E-01	-1.52E-01										
2.54E+02	-7.36E-01	-1.87E-01										
3.04E+02	-7.23E-01	-2.20E-01										
3.55E+02	-7.09E-01	-2.51E-01										
4.10E+02	-6.97E-01	-2.86E-01										
4.64E+02	-6.87E-01	-3.18E-01										
5.15E+02	-6.77E-01	-3.48E-01										
5.65E+02	-6.68E-01	-3.78E-01										
6.17E+02	-6.60E-01	-4.07E-01										
6.67E+02	-6.54E-01	-4.36E-01										
7.18E+02	-6.47E-01	-4.64E-01										
7.68E+02	-6.41E-01	-4.92E-01										
8.19E+02	-6.34E-01	-5.19E-01										
8.70E+02	-6.29E-01	-5.47E-01										
9.21E+02	-6.23E-01	-5.74E-01										
9.71E+02	-6.18E-01	-6.01E-01										
1.02E+03	-6.13E-01	-6.27E-01										
1.07E+03	-6.09E-01	-6.54E-01										
1.13E+03	-6.04E-01	-6.80E-01										
1.18E+03	-5.99E-01	-7.04E-01										
1.23E+03	-5.94E-01	-7.30E-01										
1.28E+03	-5.90E-01	-7.56E-01										
1.33E+03	-5.86E-01	-7.80E-01										
1.38E+03	-5.82E-01	-8.04E-01										
1.43E+03	-5.78E-01	-8.29E-01										
1.48E+03	-5.74E-01	-8.52E-01										
1.54E+03	-5.70E-01	-8.75E-01										
1.59E+03	-5.66E-01	-8.98E-01										
1.64E+03	-5.62E-01	-9.24E-01										
1.70E+03	-5.58E-01	-9.48E-01										
1.75E+03	-5.55E-01	-9.72E-01										
1.80E+03	-5.51E-01	-9.92E-01										
1.85E+03	-5.47E-01	-1.01E+00										
1.90E+03	-5.44E-01	-1.04E+00										
1.96E+03	-5.40E-01	-1.06E+00										
2.01E+03	-5.36E-01	-1.08E+00										
2.06E+03	-5.33E-01	-1.10E+00										
2.12E+03	-5.30E-01	-1.12E+00										
2.17E+03	-5.27E-01	-1.14E+00										
2.22E+03	-5.23E-01	-1.16E+00										
2.27E+03	-5.20E-01	-1.18E+00										
2.32E+03	-5.17E-01	-1.20E+00										
2.37E+03	-5.14E-01	-1.22E+00										
2.43E+03	-5.10E-01	-1.24E+00										
2.48E+03	-5.07E-01	-1.26E+00										
2.53E+03	-5.04E-01	-1.28E+00										
2.58E+03	-5.01E-01	-1.29E+00										
2.63E+03	-4.98E-01	-1.31E+00										
2.68E+03	-4.95E-01	-1.33E+00										
2.74E+03	-4.92E-01	-1.35E+00										
2.79E+03	-4.88E-01	-1.36E+00										
2.84E+03	-4.86E-01	-1.38E+00										
2.89E+03	-4.82E-01	-1.39E+00										
2.94E+03	-4.79E-01	-1.41E+00										
2.99E+03	-4.76E-01	-1.43E+00										
3.05E+03	-4.73E-01	-1.44E+00										
3.10E+03	-4.70E-01	-1.46E+00										
3.15E+03	-4.67E-01	-1.47E+00										
3.20E+03	-4.64E-01	-1.48E+00										
3.25E+03	-4.61E-01	-1.50E+00										
3.31E+03	-4.57E-01	-1.51E+00										
3.36E+03	-4.54E-01	-1.52E+00										
3.41E+03	-4.51E-01	-1.54E+00										
3.46E+03	-4.48E-01	-1.55E+00										
3.52E+03	-4.45E-01	-1.56E+00										
3.57E+03	-4.42E-01	-1.58E+00										
3.62E+03	-4.39E-01	-1.59E+00										
3.67E+03	-4.35E-01	-1.60E+00										
3.72E+03	-4.32E-01	-1.61E+00										
3.77E+03	-4.29E-01	-1.62E+00										
3.82E+03	-4.26E-01	-1.63E+00										
3.88E+03	-4.23E-01	-1.64E+00										
3.93E+03	-4.20E-01	-1.65E+00										
3.98E+03	-4.17E-01	-1.66E+00										
4.03E+03	-4.14E-01	-1.67E+00										
4.09E+03	-4.10E-01	-1.68E+00										
4.14E+03	-4.07E-01	-1.68E+00										
4.19E+03	-4.04E-01	-1.69E+00										
4.24E+03	-4.01E-01	-1.70E+00										
4.29E+03	-3.97E-01	-1.70E+00										
4.34E+03	-3.94E-01	-1.71E+00										
4.39E+03	-3.91E-01	-1.72E+00										
4.44E+03	-3.87E-01	-1.72E+00										
4.50E+03	-3.84E-01	-1.73E+00										
4.55E+03	-3.80E-01	-1.73E+00										
4.60E+03	-3.77E-01	-1.73E+00										
4.65E+03	-3.74E-01	-1.74E+00										
4.71E+03	-3.70E-01	-1.74E+00										
4.76E+03	-3.67E-01	-1.75E+00										
4.81E+03	-3.62E-01	-1.74E+00										
4.86E+03	-3.59E-01	-1.75E+00										
4.91E+03	-3.56E-01	-1.75E+00										
4.97E+03	-3.52E-01	-1.75E+00										
5.02E+03	-3.48E-01	-1.75E+00										
5.07E+03	-3.45E-01	-1.75E+00										
5.12E+03	-3.41E-01	-1.74E+00										
5.17E+03	-3.37E-01	-1.74E+00										
5.22E+03	-3.33E-01	-1.74E+00										
5.27E+03	-3.29E-01	-1.74E+00										
5.32E+03	-3.26E-01	-1.73E+00										
5.38E+03	-3.22E-01	-1.73E+00										
5.43E+03	-3.18E-01	-1.73E+00										
5.48E+03	-3.14E-01	-1.72E+00										
5.53E+03	-3.09E-01	-1.71E+00										
5.58E+03	-3.05E-01	-1.70E+00										
5.63E+03	-3.01E-01	-1.69E+00										
5.68E+03	-2.97E-01	-1.69E+00										
5.74E+03	-2.92E-01	-1.68E+00										
5.79E+03	-2.88E-01	-1.67E+00										
5.84E+03	-2.83E-01	-1.65E+00										
5.89E+03	-2.79E-01	-1.64E+00										
5.94E+03	-2.74E-01	-1.63E+00										
5.99E+03	-2.69E-01	-1.61E+00										
6.04E+03	-2.65E-01	-1.60E+00										
6.09E+03	-2.59E-01	-1.58E+00										
6.14E+03	-2.54E-01	-1.56E+00										
6.16E+03	-2.51E-01	-1.55E+00										
0.00E+00	-8.07E-01	0.00E+00										
0.00E+00	-9.03E-01	0.00E+00										
0.00E+00	-9.15E-01	0.00E+00										
0.00E+00	-9.20E-01	0.00E+00										
0.00E+00	-9.24E-01	0.00E+00										
0.00E+00	-9.28E-01	0.00E+00										
5.75E+01	-9.28E-01	-5.33E-02										
1.08E+02	-8.12E-01	-8.81E-02										
1.61E+02	-7.76E-01	-1.25E-01										
2.13E+02	-7.51E-01	-1.60E-01										
2.67E+02	-7.33E-01	-1.96E-01										
3.20E+02	-7.18E-01	-2.30E-01										
3.72E+02	-7.05E-01	-2.62E-01										
4.22E+02	-6.93E-01	-2.92E-01										
4.73E+02	-6.84E-01	-3.23E-01										
5.23E+02	-6.75E-01	-3.53E-01										
5.74E+02	-6.67E-01	-3.83E-01										
6.26E+02	-6.59E-01	-4.13E-01										
6.77E+02	-6.52E-01	-4.41E-01										
7.27E+02	-6.45E-01	-4.69E-01										
7.77E+02	-6.39E-01	-4.97E-01										
8.30E+02	-6.33E-01	-5.26E-01										
8.80E+02	-6.28E-01	-5.53E-01										
9.31E+02	-6.22E-01	-5.80E-01										
9.84E+02	-6.17E-01	-6.07E-01										
1.04E+03	-6.12E-01	-6.34E-01										
1.09E+03	-6.07E-01	-6.61E-01										
1.14E+03	-6.03E-01	-6.87E-01										
1.19E+03	-5.98E-01	-7.12E-01										
1.24E+03	-5.94E-01	-7.36E-01										
1.29E+03	-5.89E-01	-7.63E-01										
1.35E+03	-5.85E-01	-7.87E-01										
1.40E+03	-5.81E-01	-8.11E-01										
1.45E+03	-5.77E-01	-8.35E-01										
1.50E+03	-5.73E-01	-8.58E-01										
1.55E+03	-5.70E-01	-8.81E-01										
1.60E+03	-5.66E-01	-9.05E-01										
1.65E+03	-5.62E-01	-9.27E-01										
1.70E+03	-5.59E-01	-9.50E-01										
1.75E+03	-5.55E-01	-9.72E-01										
1.80E+03	-5.52E-01	-9.94E-01										
1.85E+03	-5.48E-01	-1.02E+00										
1.90E+03	-5.45E-01	-1.04E+00										
1.96E+03	-5.41E-01	-1.06E+00										
2.01E+03	-5.38E-01	-1.08E+00										
2.07E+03	-5.34E-01	-1.10E+00										
2.12E+03	-5.31E-01	-1.13E+00										
2.17E+03	-5.27E-01	-1.14E+00										
2.22E+03	-5.24E-01	-1.16E+00										
2.27E+03	-5.21E-01	-1.18E+00										
2.32E+03	-5.18E-01	-1.20E+00										
2.38E+03	-5.15E-01	-1.22E+00										
2.43E+03	-5.12E-01	-1.24E+00										
2.48E+03	-5.08E-01	-1.26E+00										
2.53E+03	-5.05E-01	-1.28E+00										
2.58E+03	-5.02E-01	-1.30E+00										
2.63E+03	-4.99E-01	-1.31E+00										
2.69E+03	-4.96E-01	-1.33E+00										
2.74E+03	-4.92E-01	-1.35E+00										
2.79E+03	-4.89E-01	-1.37E+00										
2.84E+03	-4.86E-01	-1.38E+00										
2.89E+03	-4.83E-01	-1.40E+00										
2.95E+03	-4.80E-01	-1.42E+00										
3.00E+03	-4.77E-01	-1.43E+00										
3.05E+03	-4.73E-01	-1.45E+00										
3.11E+03	-4.70E-01	-1.46E+00										
3.16E+03	-4.67E-01	-1.48E+00										
3.21E+03	-4.64E-01	-1.49E+00										
3.26E+03	-4.61E-01	-1.50E+00										
3.32E+03	-4.58E-01	-1.52E+00										
3.37E+03	-4.54E-01	-1.53E+00										
3.42E+03	-4.51E-01	-1.54E+00										
3.47E+03	-4.48E-01	-1.56E+00										
3.53E+03	-4.45E-01	-1.57E+00										
3.58E+03	-4.42E-01	-1.58E+00										
3.63E+03	-4.39E-01	-1.59E+00										
3.68E+03	-4.36E-01	-1.60E+00										
3.73E+03	-4.33E-01	-1.62E+00										
3.78E+03	-4.29E-01	-1.62E+00										
3.83E+03	-4.27E-01	-1.64E+00										
3.89E+03	-4.23E-01	-1.65E+00										
3.94E+03	-4.20E-01	-1.66E+00										
3.99E+03	-4.17E-01	-1.67E+00										
4.04E+03	-4.14E-01	-1.67E+00										
4.10E+03	-4.11E-01	-1.68E+00										
4.15E+03	-4.07E-01	-1.69E+00										
4.20E+03	-4.04E-01	-1.70E+00										
4.25E+03	-4.01E-01	-1.70E+00										
4.30E+03	-3.98E-01	-1.71E+00										
4.35E+03	-3.94E-01	-1.72E+00										
4.41E+03	-3.91E-01	-1.72E+00										
4.46E+03	-3.88E-01	-1.73E+00										
4.51E+03	-3.84E-01	-1.73E+00										
4.56E+03	-3.80E-01	-1.74E+00										
4.61E+03	-3.77E-01	-1.74E+00										
4.66E+03	-3.74E-01	-1.74E+00										
4.72E+03	-3.70E-01	-1.75E+00										
4.77E+03	-3.67E-01	-1.75E+00										
4.82E+03	-3.63E-01	-1.75E+00										
4.87E+03	-3.59E-01	-1.75E+00										
4.93E+03	-3.56E-01	-1.75E+00										
4.98E+03	-3.52E-01	-1.75E+00										
5.03E+03	-3.48E-01	-1.75E+00										
5.08E+03	-3.45E-01	-1.75E+00										
5.13E+03	-3.41E-01	-1.75E+00										
5.18E+03	-3.38E-01	-1.75E+00										
5.23E+03	-3.34E-01	-1.75E+00										
5.28E+03	-3.30E-01	-1.74E+00										
5.33E+03	-3.26E-01	-1.74E+00										
5.39E+03	-3.22E-01	-1.73E+00										
5.44E+03	-3.18E-01	-1.73E+00										
5.49E+03	-3.14E-01	-1.72E+00										
5.54E+03	-3.10E-01	-1.72E+00										
5.59E+03	-3.06E-01	-1.71E+00										
5.64E+03	-3.01E-01	-1.70E+00										
5.69E+03	-2.97E-01	-1.69E+00										
5.74E+03	-2.93E-01	-1.68E+00										
5.79E+03	-2.89E-01	-1.67E+00										
5.85E+03	-2.84E-01	-1.66E+00										
5.90E+03	-2.80E-01	-1.65E+00										
5.95E+03	-2.75E-01	-1.64E+00										
6.00E+03	-2.70E-01	-1.62E+00										
6.05E+03	-2.66E-01	-1.61E+00										
6.10E+03	-2.60E-01	-1.59E+00										
6.15E+03	-2.55E-01	-1.57E+00										
6.19E+03	-2.51E-01	-1.56E+00										
0.00E+00	-8.07E-01	0.00E+00										
0.00E+00	-9.03E-01	0.00E+00										
0.00E+00	-9.15E-01	0.00E+00										
0.00E+00	-9.20E-01	0.00E+00										
0.00E+00	-9.24E-01	0.00E+00										
0.00E+00	-9.28E-01	0.00E+00										
5.75E+01	-9.27E-01	-5.33E-02										
1.08E+02	-8.11E-01	-8.80E-02										
1.59E+02	-7.75E-01	-1.23E-01										
2.10E+02	-7.51E-01	-1.58E-01										
2.62E+02	-7.35E-01	-1.93E-01										
3.15E+02	-7.20E-01	-2.26E-01										
3.66E+02	-7.07E-01	-2.59E-01										
4.17E+02	-6.95E-01	-2.90E-01										
4.68E+02	-6.84E-01	-3.20E-01										
5.18E+02	-6.75E-01	-3.50E-01										
5.70E+02	-6.68E-01	-3.81E-01										
6.25E+02	-6.59E-01	-4.12E-01										
6.78E+02	-6.53E-01	-4.43E-01										
7.29E+02	-6.45E-01	-4.70E-01										
7.79E+02	-6.39E-01	-4.98E-01										
8.30E+02	-6.33E-01	-5.26E-01										
8.81E+02	-6.28E-01	-5.53E-01										
9.33E+02	-6.22E-01	-5.81E-01										
9.84E+02	-6.17E-01	-6.07E-01										
1.04E+03	-6.12E-01	-6.34E-01										
1.09E+03	-6.07E-01	-6.60E-01										
1.14E+03	-6.03E-01	-6.87E-01										
1.19E+03	-5.98E-01	-7.12E-01										
1.24E+03	-5.93E-01	-7.37E-01										
1.29E+03	-5.89E-01	-7.62E-01										
1.35E+03	-5.85E-01	-7.88E-01										
1.40E+03	-5.81E-01	-8.11E-01										
1.45E+03	-5.77E-01	-8.36E-01										
1.50E+03	-5.73E-01	-8.60E-01										
1.55E+03	-5.69E-01	-8.83E-01										
1.60E+03	-5.65E-01	-9.06E-01										
1.65E+03	-5.61E-01	-9.29E-01										
1.70E+03	-5.58E-01	-9.50E-01										
1.76E+03	-5.54E-01	-9.73E-01										
1.81E+03	-5.51E-01	-9.95E-01										
1.86E+03	-5.47E-01	-1.02E+00										
1.91E+03	-5.44E-01	-1.04E+00										
1.97E+03	-5.40E-01	-1.06E+00										
2.02E+03	-5.37E-01	-1.08E+00										
2.07E+03	-5.33E-01	-1.10E+00										
2.12E+03	-5.30E-01	-1.12E+00										
2.17E+03	-5.27E-01	-1.14E+00										
2.22E+03	-5.24E-01	-1.16E+00										
2.27E+03	-5.20E-01	-1.18E+00										
2.33E+03	-5.17E-01	-1.20E+00										
2.38E+03	-5.14E-01	-1.22E+00										
2.43E+03	-5.11E-01	-1.24E+00										
2.48E+03	-5.08E-01	-1.26E+00										
2.53E+03	-5.05E-01	-1.28E+00										
2.58E+03	-5.01E-01	-1.29E+00										
2.63E+03	-4.99E-01	-1.31E+00										
2.69E+03	-4.95E-01	-1.33E+00										
2.74E+03	-4.92E-01	-1.35E+00										
2.79E+03	-4.89E-01	-1.37E+00										
2.84E+03	-4.86E-01	-1.38E+00										
2.89E+03	-4.83E-01	-1.40E+00										
2.95E+03	-4.80E-01	-1.41E+00										
3.00E+03	-4.77E-01	-1.43E+00										
3.05E+03	-4.74E-01	-1.44E+00										
3.10E+03	-4.70E-01	-1.46E+00										
3.15E+03	-4.68E-01	-1.47E+00										
3.20E+03	-4.64E-01	-1.49E+00										
3.25E+03	-4.61E-01	-1.50E+00										
3.30E+03	-4.58E-01	-1.51E+00										
3.35E+03	-4.55E-01	-1.53E+00										
3.41E+03	-4.52E-01	-1.54E+00										
3.46E+03	-4.49E-01	-1.55E+00										
3.51E+03	-4.46E-01	-1.57E+00										
3.56E+03	-4.43E-01	-1.58E+00										
3.62E+03	-4.40E-01	-1.59E+00										
3.67E+03	-4.36E-01	-1.60E+00										
3.72E+03	-4.33E-01	-1.61E+00										
3.77E+03	-4.30E-01	-1.62E+00										
3.82E+03	-4.27E-01	-1.63E+00										
3.87E+03	-4.24E-01	-1.64E+00										
3.92E+03	-4.21E-01	-1.65E+00										
3.97E+03	-4.18E-01	-1.66E+00										
4.03E+03	-4.15E-01	-1.67E+00										
4.08E+03	-4.12E-01	-1.68E+00										
4.13E+03	-4.08E-01	-1.69E+00										
4.18E+03	-4.05E-01	-1.69E+00										
4.23E+03	-4.02E-01	-1.70E+00										
4.28E+03	-3.99E-01	-1.71E+00										
4.33E+03	-3.96E-01	-1.71E+00										
4.38E+03	-3.92E-01	-1.72E+00										
4.43E+03	-3.89E-01	-1.72E+00										
4.48E+03	-3.86E-01	-1.73E+00										
4.54E+03	-3.82E-01	-1.73E+00										
4.59E+03	-3.79E-01	-1.74E+00										
4.64E+03	-3.75E-01	-1.74E+00										
4.70E+03	-3.72E-01	-1.75E+00										
4.75E+03	-3.68E-01	-1.75E+00										
4.80E+03	-3.65E-01	-1.75E+00										
4.85E+03	-3.61E-01	-1.75E+00										
4.90E+03	-3.58E-01	-1.75E+00										
4.95E+03	-3.54E-01	-1.75E+00										
5.00E+03	-3.50E-01	-1.75E+00										
5.05E+03	-3.47E-01	-1.75E+00										
5.10E+03	-3.43E-01	-1.75E+00										
5.15E+03	-3.39E-01	-1.75E+00										
5.20E+03	-3.36E-01	-1.75E+00										
5.26E+03	-3.32E-01	-1.74E+00										
5.31E+03	-3.28E-01	-1.74E+00										
5.36E+03	-3.24E-01	-1.74E+00										
5.41E+03	-3.20E-01	-1.73E+00										
5.46E+03	-3.16E-01	-1.73E+00										
5.51E+03	-3.12E-01	-1.72E+00										
5.57E+03	-3.08E-01	-1.71E+00										
5.62E+03	-3.04E-01	-1.70E+00										
5.67E+03	-2.99E-01	-1.70E+00										
5.72E+03	-2.95E-01	-1.69E+00										
5.77E+03	-2.91E-01	-1.68E+00										
5.83E+03	-2.86E-01	-1.67E+00										
5.88E+03	-2.81E-01	-1.65E+00										
5.93E+03	-2.77E-01	-1.64E+00										
5.98E+03	-2.72E-01	-1.63E+00										
6.03E+03	-2.67E-01	-1.61E+00										
6.09E+03	-2.62E-01	-1.59E+00										
6.14E+03	-2.57E-01	-1.58E+00										
6.18E+03	-2.52E-01	-1.55E+00										
0.00E+00	-8.07E-01	0.00E+00										
0.00E+00	-9.03E-01	0.00E+00										
0.00E+00	-9.15E-01	0.00E+00										
0.00E+00	-9.21E-01	0.00E+00										
0.00E+00	-9.24E-01	0.00E+00										
0.00E+00	-9.27E-01	0.00E+00										
5.14E+01	-9.27E-01	-4.76E-02										
1.02E+02	-8.27E-01	-8.42E-02										
1.53E+02	-7.78E-01	-1.19E-01										
2.03E+02	-7.54E-01	-1.53E-01										
2.56E+02	-7.36E-01	-1.89E-01										
3.10E+02	-7.21E-01	-2.24E-01										
3.60E+02	-7.07E-01	-2.55E-01										
4.11E+02	-6.96E-01	-2.86E-01										
4.61E+02	-6.86E-01	-3.16E-01										
5.16E+02	-6.77E-01	-3.49E-01										
5.69E+02	-6.68E-01	-3.80E-01										
6.22E+02	-6.60E-01	-4.11E-01										
6.78E+02	-6.53E-01	-4.43E-01										
7.28E+02	-6.45E-01	-4.70E-01										
7.81E+02	-6.39E-01	-4.99E-01										
8.31E+02	-6.33E-01	-5.26E-01										
8.83E+02	-6.27E-01	-5.54E-01										
9.35E+02	-6.22E-01	-5.81E-01										
9.85E+02	-6.17E-01	-6.08E-01										
1.04E+03	-6.12E-01	-6.35E-01										
1.09E+03	-6.07E-01	-6.61E-01										
1.14E+03	-6.02E-01	-6.86E-01										
1.19E+03	-5.98E-01	-7.11E-01										
1.24E+03	-5.93E-01	-7.36E-01										
1.29E+03	-5.89E-01	-7.61E-01										
1.34E+03	-5.85E-01	-7.85E-01										
1.40E+03	-5.81E-01	-8.11E-01										
1.45E+03	-5.77E-01	-8.34E-01										
1.50E+03	-5.73E-01	-8.57E-01										
1.55E+03	-5.69E-01	-8.81E-01										
1.60E+03	-5.65E-01	-9.04E-01										
1.65E+03	-5.61E-01	-9.27E-01										
1.70E+03	-5.58E-01	-9.50E-01										
1.75E+03	-5.54E-01	-9.73E-01										
1.80E+03	-5.51E-01	-9.94E-01										
1.86E+03	-5.47E-01	-1.02E+00										
1.91E+03	-5.44E-01	-1.04E+00										
1.96E+03	-5.40E-01	-1.06E+00										
2.01E+03	-5.37E-01	-1.08E+00										
2.06E+03	-5.33E-01	-1.10E+00										
2.12E+03	-5.30E-01	-1.12E+00										
2.17E+03	-5.27E-01	-1.14E+00										
2.22E+03	-5.24E-01	-1.16E+00										
2.27E+03	-5.20E-01	-1.18E+00										
2.32E+03	-5.17E-01	-1.20E+00										
2.37E+03	-5.14E-01	-1.22E+00										
2.42E+03	-5.11E-01	-1.24E+00										
2.47E+03	-5.08E-01	-1.25E+00										
2.52E+03	-5.05E-01	-1.27E+00										
2.58E+03	-5.01E-01	-1.29E+00										
2.63E+03	-4.98E-01	-1.31E+00										
2.68E+03	-4.95E-01	-1.33E+00										
2.73E+03	-4.92E-01	-1.34E+00										
2.78E+03	-4.89E-01	-1.36E+00										
2.84E+03	-4.86E-01	-1.38E+00										
2.89E+03	-4.83E-01	-1.39E+00										
2.94E+03	-4.80E-01	-1.41E+00										
2.99E+03	-4.77E-01	-1.42E+00										
3.04E+03	-4.73E-01	-1.44E+00										
3.09E+03	-4.70E-01	-1.45E+00										
3.14E+03	-4.67E-01	-1.47E+00										
3.19E+03	-4.65E-01	-1.48E+00										
3.24E+03	-4.61E-01	-1.50E+00										
3.29E+03	-4.58E-01	-1.51E+00										
3.35E+03	-4.55E-01	-1.52E+00										
3.40E+03	-4.52E-01	-1.54E+00										
3.45E+03	-4.49E-01	-1.55E+00										
3.50E+03	-4.46E-01	-1.56E+00										
3.55E+03	-4.43E-01	-1.57E+00										
3.60E+03	-4.40E-01	-1.59E+00										
3.66E+03	-4.37E-01	-1.60E+00										
3.71E+03	-4.34E-01	-1.61E+00										
3.76E+03	-4.30E-01	-1.62E+00										
3.81E+03	-4.27E-01	-1.63E+00										
3.86E+03	-4.24E-01	-1.64E+00										
3.91E+03	-4.21E-01	-1.65E+00										
3.97E+03	-4.18E-01	-1.66E+00										
4.02E+03	-4.15E-01	-1.67E+00										
4.07E+03	-4.11E-01	-1.67E+00										
4.12E+03	-4.08E-01	-1.68E+00										
4.17E+03	-4.05E-01	-1.69E+00										
4.23E+03	-4.02E-01	-1.70E+00										
4.28E+03	-3.99E-01	-1.71E+00										
4.33E+03	-3.95E-01	-1.71E+00										
4.38E+03	-3.92E-01	-1.72E+00										
4.43E+03	-3.88E-01	-1.72E+00										
4.49E+03	-3.85E-01	-1.73E+00										
4.54E+03	-3.82E-01	-1.73E+00										
4.59E+03	-3.78E-01	-1.74E+00										
4.64E+03	-3.74E-01	-1.74E+00										
4.69E+03	-3.71E-01	-1.74E+00										
4.75E+03	-3.68E-01	-1.75E+00										
4.80E+03	-3.64E-01	-1.75E+00										
4.85E+03	-3.61E-01	-1.75E+00										
4.90E+03	-3.57E-01	-1.75E+00										
4.95E+03	-3.54E-01	-1.75E+00										
5.00E+03	-3.50E-01	-1.75E+00										
5.05E+03	-3.46E-01	-1.75E+00										
5.11E+03	-3.43E-01	-1.75E+00										
5.16E+03	-3.39E-01	-1.75E+00										
5.21E+03	-3.35E-01	-1.74E+00										
5.26E+03	-3.31E-01	-1.74E+00										
5.31E+03	-3.27E-01	-1.74E+00										
5.36E+03	-3.23E-01	-1.73E+00										
5.41E+03	-3.19E-01	-1.73E+00										
5.46E+03	-3.16E-01	-1.72E+00										
5.51E+03	-3.11E-01	-1.72E+00										
5.56E+03	-3.07E-01	-1.71E+00										
5.62E+03	-3.03E-01	-1.70E+00										
5.67E+03	-2.99E-01	-1.69E+00										
5.72E+03	-2.95E-01	-1.69E+00										
5.77E+03	-2.91E-01	-1.68E+00										
5.82E+03	-2.86E-01	-1.66E+00										
5.87E+03	-2.81E-01	-1.65E+00										
5.92E+03	-2.76E-01	-1.64E+00										
5.98E+03	-2.72E-01	-1.62E+00										
6.03E+03	-2.66E-01	-1.61E+00										
6.08E+03	-2.61E-01	-1.59E+00										
6.14E+03	-2.56E-01	-1.57E+00										
6.18E+03	-2.51E-01	-1.55E+00										
0.00E+00	-8.07E-01	0.00E+00										
0.00E+00	-9.03E-01	0.00E+00										
0.00E+00	-9.15E-01	0.00E+00										
0.00E+00	-9.21E-01	0.00E+00										
0.00E+00	-9.24E-01	0.00E+00										
0.00E+00	-9.27E-01	0.00E+00										
5.03E+01	-9.28E-01	-4.67E-02										
1.01E+02	-8.19E-01	-8.25E-02										
1.52E+02	-7.79E-01	-1.18E-01										
2.02E+02	-7.55E-01	-1.53E-01										
2.54E+02	-7.37E-01	-1.87E-01										
3.04E+02	-7.21E-01	-2.20E-01										
3.58E+02	-7.08E-01	-2.54E-01										
4.10E+02	-6.96E-01	-2.85E-01										
4.61E+02	-6.85E-01	-3.16E-01										
5.12E+02	-6.77E-01	-3.47E-01										
5.65E+02	-6.69E-01	-3.78E-01										
6.16E+02	-6.60E-01	-4.06E-01										
6.67E+02	-6.54E-01	-4.37E-01										
7.18E+02	-6.46E-01	-4.64E-01										
7.69E+02	-6.40E-01	-4.92E-01										
8.20E+02	-6.34E-01	-5.20E-01										
8.73E+02	-6.28E-01	-5.48E-01										
9.23E+02	-6.23E-01	-5.75E-01										
9.73E+02	-6.18E-01	-6.01E-01										
1.02E+03	-6.13E-01	-6.28E-01										
1.08E+03	-6.08E-01	-6.56E-01										
1.13E+03	-6.03E-01	-6.81E-01										
1.18E+03	-5.98E-01	-7.07E-01										
1.23E+03	-5.94E-01	-7.33E-01										
1.28E+03	-5.90E-01	-7.57E-01										
1.34E+03	-5.86E-01	-7.82E-01										
1.39E+03	-5.82E-01	-8.06E-01										
1.44E+03	-5.77E-01	-8.30E-01										
1.49E+03	-5.73E-01	-8.54E-01										
1.54E+03	-5.69E-01	-8.77E-01										
1.59E+03	-5.66E-01	-9.01E-01										
1.64E+03	-5.62E-01	-9.24E-01										
1.70E+03	-5.58E-01	-9.48E-01										
1.75E+03	-5.54E-01	-9.71E-01										
1.80E+03	-5.51E-01	-9.93E-01										
1.86E+03	-5.47E-01	-1.02E+00										
1.91E+03	-5.44E-01	-1.04E+00										
1.96E+03	-5.40E-01	-1.06E+00										
2.01E+03	-5.37E-01	-1.08E+00										
2.07E+03	-5.33E-01	-1.10E+00										
2.12E+03	-5.30E-01	-1.12E+00										
2.17E+03	-5.26E-01	-1.14E+00										
2.23E+03	-5.23E-01	-1.16E+00										
2.28E+03	-5.20E-01	-1.18E+00										
2.33E+03	-5.17E-01	-1.20E+00										
2.38E+03	-5.13E-01	-1.22E+00										
2.43E+03	-5.10E-01	-1.24E+00										
2.48E+03	-5.07E-01	-1.26E+00										
2.53E+03	-5.04E-01	-1.28E+00										
2.59E+03	-5.01E-01	-1.29E+00										
2.64E+03	-4.98E-01	-1.31E+00										
2.69E+03	-4.95E-01	-1.33E+00										
2.74E+03	-4.91E-01	-1.35E+00										
2.79E+03	-4.88E-01	-1.36E+00										
2.84E+03	-4.85E-01	-1.38E+00										
2.89E+03	-4.82E-01	-1.40E+00										
2.94E+03	-4.79E-01	-1.41E+00										
3.00E+03	-4.76E-01	-1.43E+00										
3.05E+03	-4.73E-01	-1.44E+00										
3.10E+03	-4.70E-01	-1.46E+00										
3.15E+03	-4.67E-01	-1.47E+00										
3.20E+03	-4.64E-01	-1.48E+00										
3.25E+03	-4.61E-01	-1.50E+00										
3.30E+03	-4.58E-01	-1.51E+00										
3.36E+03	-4.55E-01	-1.53E+00										
3.41E+03	-4.51E-01	-1.54E+00										
3.47E+03	-4.48E-01	-1.55E+00										
3.52E+03	-4.45E-01	-1.56E+00										
3.57E+03	-4.42E-01	-1.58E+00										
3.62E+03	-4.39E-01	-1.59E+00										
3.67E+03	-4.36E-01	-1.60E+00										
3.72E+03	-4.33E-01	-1.61E+00										
3.77E+03	-4.29E-01	-1.62E+00										
3.83E+03	-4.26E-01	-1.63E+00										
3.88E+03	-4.23E-01	-1.64E+00										
3.93E+03	-4.20E-01	-1.65E+00										
3.99E+03	-4.17E-01	-1.66E+00										
4.04E+03	-4.13E-01	-1.67E+00										
4.09E+03	-4.10E-01	-1.68E+00										
4.14E+03	-4.07E-01	-1.69E+00										
4.20E+03	-4.04E-01	-1.69E+00										
4.25E+03	-4.00E-01	-1.70E+00										
4.30E+03	-3.97E-01	-1.71E+00										
4.35E+03	-3.93E-01	-1.71E+00										
4.41E+03	-3.90E-01	-1.72E+00										
4.46E+03	-3.87E-01	-1.72E+00										
4.51E+03	-3.83E-01	-1.73E+00										
4.57E+03	-3.80E-01	-1.73E+00										
4.62E+03	-3.77E-01	-1.74E+00										
4.67E+03	-3.73E-01	-1.74E+00										
4.72E+03	-3.69E-01	-1.74E+00										
4.77E+03	-3.66E-01	-1.75E+00										
4.82E+03	-3.62E-01	-1.75E+00										
4.87E+03	-3.59E-01	-1.75E+00										
4.92E+03	-3.55E-01	-1.75E+00										
4.98E+03	-3.52E-01	-1.75E+00										
5.03E+03	-3.48E-01	-1.75E+00										
5.08E+03	-3.45E-01	-1.75E+00										
5.13E+03	-3.41E-01	-1.75E+00										
5.18E+03	-3.37E-01	-1.75E+00										
5.24E+03	-3.33E-01	-1.74E+00										
5.29E+03	-3.29E-01	-1.74E+00										
5.34E+03	-3.25E-01	-1.74E+00										
5.40E+03	-3.21E-01	-1.73E+00										
5.45E+03	-3.17E-01	-1.72E+00										
5.50E+03	-3.13E-01	-1.72E+00										
5.55E+03	-3.09E-01	-1.71E+00										
5.60E+03	-3.04E-01	-1.70E+00										
5.65E+03	-3.00E-01	-1.70E+00										
5.70E+03	-2.96E-01	-1.69E+00										
5.76E+03	-2.91E-01	-1.68E+00										
5.81E+03	-2.87E-01	-1.67E+00										
5.86E+03	-2.82E-01	-1.65E+00										
5.91E+03	-2.78E-01	-1.64E+00										
5.96E+03	-2.73E-01	-1.63E+00										
6.01E+03	-2.68E-01	-1.61E+00										
6.06E+03	-2.63E-01	-1.60E+00										
6.12E+03	-2.58E-01	-1.58E+00										
6.17E+03	-2.53E-01	-1.56E+00										
6.17E+03	-2.51E-01	-1.55E+00										
0.00E+00	-8.07E-01	0.00E+00										
0.00E+00	-9.03E-01	0.00E+00										
0.00E+00	-9.14E-01	0.00E+00										
0.00E+00	-9.20E-01	0.00E+00										
0.00E+00	-9.24E-01	0.00E+00										
0.00E+00	-9.27E-01	0.00E+00										
5.39E+01	-9.27E-01	-5.00E-02										
1.04E+02	-8.14E-01	-8.49E-02										
1.59E+02	-7.78E-01	-1.24E-01										
2.10E+02	-7.53E-01	-1.58E-01										
2.62E+02	-7.34E-01	-1.92E-01										
3.17E+02	-7.19E-01	-2.28E-01										
3.70E+02	-7.05E-01	-2.61E-01										
4.22E+02	-6.93E-01	-2.92E-01										
4.72E+02	-6.84E-01	-3.23E-01										
5.22E+02	-6.75E-01	-3.53E-01										
5.76E+02	-6.67E-01	-3.84E-01										
6.27E+02	-6.59E-01	-4.13E-01										
6.78E+02	-6.52E-01	-4.42E-01										
7.29E+02	-6.45E-01	-4.70E-01										
7.81E+02	-6.39E-01	-4.99E-01										
8.31E+02	-6.33E-01	-5.26E-01										
8.82E+02	-6.28E-01	-5.53E-01										
9.35E+02	-6.22E-01	-5.82E-01										
9.88E+02	-6.17E-01	-6.09E-01										
1.04E+03	-6.11E-01	-6.37E-01										
1.09E+03	-6.07E-01	-6.63E-01										
1.14E+03	-6.02E-01	-6.88E-01										
1.19E+03	-5.97E-01	-7.13E-01										
1.25E+03	-5.93E-01	-7.40E-01										
1.30E+03	-5.89E-01	-7.66E-01										
1.35E+03	-5.85E-01	-7.90E-01										
1.40E+03	-5.80E-01	-8.14E-01										
1.45E+03	-5.76E-01	-8.38E-01										
1.51E+03	-5.72E-01	-8.62E-01										
1.56E+03	-5.69E-01	-8.85E-01										
1.61E+03	-5.65E-01	-9.08E-01										
1.66E+03	-5.61E-01	-9.31E-01										
1.71E+03	-5.58E-01	-9.53E-01										
1.76E+03	-5.54E-01	-9.75E-01										
1.81E+03	-5.50E-01	-9.97E-01										
1.86E+03	-5.47E-01	-1.02E+00										
1.91E+03	-5.44E-01	-1.04E+00										
1.97E+03	-5.40E-01	-1.06E+00										
2.02E+03	-5.37E-01	-1.08E+00										
2.07E+03	-5.33E-01	-1.10E+00										
2.12E+03	-5.30E-01	-1.12E+00										
2.17E+03	-5.27E-01	-1.14E+00										
2.22E+03	-5.24E-01	-1.16E+00										
2.27E+03	-5.20E-01	-1.18E+00										
2.32E+03	-5.17E-01	-1.20E+00										
2.37E+03	-5.14E-01	-1.22E+00										
2.43E+03	-5.11E-01	-1.24E+00										
2.48E+03	-5.08E-01	-1.26E+00										
2.53E+03	-5.04E-01	-1.28E+00										
2.58E+03	-5.02E-01	-1.29E+00										
2.63E+03	-4.99E-01	-1.31E+00										
2.68E+03	-4.95E-01	-1.33E+00										
2.73E+03	-4.92E-01	-1.35E+00										
2.79E+03	-4.89E-01	-1.36E+00										
2.84E+03	-4.86E-01	-1.38E+00										
2.89E+03	-4.83E-01	-1.40E+00										
2.94E+03	-4.80E-01	-1.41E+00										
3.00E+03	-4.77E-01	-1.43E+00										
3.05E+03	-4.74E-01	-1.44E+00										
3.10E+03	-4.70E-01	-1.46E+00										
3.16E+03	-4.67E-01	-1.48E+00										
3.21E+03	-4.64E-01	-1.49E+00										
3.26E+03	-4.61E-01	-1.50E+00										
3.32E+03	-4.58E-01	-1.52E+00										
3.37E+03	-4.55E-01	-1.53E+00										
3.42E+03	-4.51E-01	-1.54E+00										
3.47E+03	-4.48E-01	-1.56E+00										
3.52E+03	-4.45E-01	-1.57E+00										
3.57E+03	-4.42E-01	-1.58E+00										
3.63E+03	-4.39E-01	-1.59E+00										
3.68E+03	-4.36E-01	-1.60E+00										
3.73E+03	-4.32E-01	-1.61E+00										
3.79E+03	-4.29E-01	-1.63E+00										
3.84E+03	-4.26E-01	-1.64E+00										
3.90E+03	-4.23E-01	-1.65E+00										
3.95E+03	-4.19E-01	-1.66E+00										
4.00E+03	-4.16E-01	-1.67E+00										
4.05E+03	-4.13E-01	-1.67E+00										
4.10E+03	-4.09E-01	-1.68E+00										
4.15E+03	-4.07E-01	-1.69E+00										
4.21E+03	-4.03E-01	-1.70E+00										
4.26E+03	-4.00E-01	-1.70E+00										
4.31E+03	-3.97E-01	-1.71E+00										
4.36E+03	-3.94E-01	-1.72E+00										
4.41E+03	-3.90E-01	-1.72E+00										
4.46E+03	-3.87E-01	-1.73E+00										
4.51E+03	-3.84E-01	-1.73E+00										
4.57E+03	-3.80E-01	-1.74E+00										
4.62E+03	-3.77E-01	-1.74E+00										
4.67E+03	-3.73E-01	-1.74E+00										
4.72E+03	-3.70E-01	-1.75E+00										
4.77E+03	-3.67E-01	-1.75E+00										
4.82E+03	-3.63E-01	-1.75E+00										
4.87E+03	-3.59E-01	-1.75E+00										
4.92E+03	-3.56E-01	-1.75E+00										
4.97E+03	-3.52E-01	-1.75E+00										
5.03E+03	-3.48E-01	-1.75E+00										
5.08E+03	-3.45E-01	-1.75E+00										
5.13E+03	-3.41E-01	-1.75E+00										
5.19E+03	-3.37E-01	-1.75E+00										
5.24E+03	-3.33E-01	-1.75E+00										
5.29E+03	-3.29E-01	-1.74E+00										
5.34E+03	-3.25E-01	-1.74E+00										
5.39E+03	-3.22E-01	-1.74E+00										
5.45E+03	-3.18E-01	-1.73E+00										
5.50E+03	-3.13E-01	-1.72E+00										
5.55E+03	-3.09E-01	-1.71E+00										
5.60E+03	-3.05E-01	-1.71E+00										
5.65E+03	-3.00E-01	-1.70E+00										
5.71E+03	-2.96E-01	-1.69E+00										
5.76E+03	-2.92E-01	-1.68E+00										
5.81E+03	-2.87E-01	-1.67E+00										
5.86E+03	-2.83E-01	-1.66E+00										
5.91E+03	-2.78E-01	-1.65E+00										
5.96E+03	-2.74E-01	-1.63E+00										
6.02E+03	-2.69E-01	-1.62E+00										
6.07E+03	-2.63E-01	-1.60E+00										
6.12E+03	-2.58E-01	-1.58E+00										
6.18E+03	-2.53E-01	-1.56E+00										
6.18E+03	-2.51E-01	-1.56E+00										
0.00E+00	-8.07E-01	0.00E+00										
0.00E+00	-9.03E-01	0.00E+00										
0.00E+00	-9.14E-01	0.00E+00										
0.00E+00	-9.20E-01	0.00E+00										
0.00E+00	-9.24E-01	0.00E+00										
0.00E+00	-9.27E-01	0.00E+00										
5.29E+01	-9.27E-01	-4.90E-02										
1.04E+02	-8.17E-01	-8.48E-02										
1.54E+02	-7.79E-01	-1.20E-01										
2.06E+02	-7.53E-01	-1.55E-01										
2.57E+02	-7.35E-01	-1.89E-01										
3.07E+02	-7.21E-01	-2.21E-01										
3.58E+02	-7.07E-01	-2.54E-01										
4.09E+02	-6.96E-01	-2.84E-01										
4.60E+02	-6.86E-01	-3.15E-01										
5.10E+02	-6.77E-01	-3.45E-01										
5.61E+02	-6.69E-01	-3.75E-01										
6.12E+02	-6.61E-01	-4.05E-01										
6.64E+02	-6.54E-01	-4.34E-01										
7.14E+02	-6.47E-01	-4.62E-01										
7.67E+02	-6.41E-01	-4.92E-01										
8.18E+02	-6.35E-01	-5.19E-01										
8.69E+02	-6.29E-01	-5.46E-01										
9.23E+02	-6.23E-01	-5.75E-01										
9.78E+02	-6.18E-01	-6.05E-01										
1.03E+03	-6.13E-01	-6.31E-01										
1.08E+03	-6.08E-01	-6.58E-01										
1.13E+03	-6.03E-01	-6.84E-01										
1.18E+03	-5.99E-01	-7.09E-01										
1.23E+03	-5.94E-01	-7.34E-01										
1.29E+03	-5.90E-01	-7.58E-01										
1.34E+03	-5.86E-01	-7.82E-01										
1.39E+03	-5.82E-01	-8.07E-01										
1.44E+03	-5.78E-01	-8.31E-01										
1.49E+03	-5.74E-01	-8.57E-01										
1.54E+03	-5.70E-01	-8.80E-01										
1.60E+03	-5.66E-01	-9.03E-01										
1.65E+03	-5.62E-01	-9.27E-01										
1.70E+03	-5.59E-01	-9.49E-01										
1.75E+03	-5.55E-01	-9.72E-01										
1.81E+03	-5.52E-01	-9.97E-01										
1.86E+03	-5.48E-01	-1.02E+00										
1.91E+03	-5.44E-01	-1.04E+00										
1.96E+03	-5.41E-01	-1.06E+00										
2.01E+03	-5.38E-01	-1.08E+00										
2.06E+03	-5.34E-01	-1.10E+00										
2.12E+03	-5.31E-01	-1.12E+00										
2.17E+03	-5.28E-01	-1.14E+00										
2.22E+03	-5.24E-01	-1.16E+00										
2.27E+03	-5.21E-01	-1.18E+00										
2.32E+03	-5.18E-01	-1.20E+00										
2.38E+03	-5.15E-01	-1.22E+00										
2.43E+03	-5.12E-01	-1.24E+00										
2.48E+03	-5.08E-01	-1.26E+00										
2.53E+03	-5.05E-01	-1.28E+00										
2.58E+03	-5.02E-01	-1.30E+00										
2.63E+03	-4.99E-01	-1.31E+00										
2.68E+03	-4.96E-01	-1.33E+00										
2.73E+03	-4.93E-01	-1.35E+00										
2.79E+03	-4.90E-01	-1.36E+00										
2.84E+03	-4.87E-01	-1.38E+00										
2.89E+03	-4.83E-01	-1.40E+00										
2.94E+03	-4.80E-01	-1.41E+00										
2.99E+03	-4.77E-01	-1.43E+00										
3.05E+03	-4.74E-01	-1.44E+00										
3.10E+03	-4.71E-01	-1.46E+00										
3.15E+03	-4.68E-01	-1.47E+00										
3.20E+03	-4.65E-01	-1.49E+00										
3.25E+03	-4.62E-01	-1.50E+00										
3.30E+03	-4.59E-01	-1.52E+00										
3.35E+03	-4.56E-01	-1.53E+00										
3.41E+03	-4.53E-01	-1.54E+00										
3.46E+03	-4.49E-01	-1.55E+00										
3.51E+03	-4.47E-01	-1.57E+00										
3.56E+03	-4.44E-01	-1.58E+00										
3.61E+03	-4.41E-01	-1.59E+00										
3.66E+03	-4.38E-01	-1.60E+00										
3.71E+03	-4.34E-01	-1.61E+00										
3.77E+03	-4.31E-01	-1.62E+00										
3.82E+03	-4.28E-01	-1.63E+00										
3.87E+03	-4.25E-01	-1.64E+00										
3.92E+03	-4.22E-01	-1.66E+00										
3.97E+03	-4.19E-01	-1.66E+00										
4.02E+03	-4.16E-01	-1.67E+00										
4.08E+03	-4.12E-01	-1.68E+00										
4.13E+03	-4.09E-01	-1.69E+00										
4.18E+03	-4.06E-01	-1.70E+00										
4.23E+03	-4.02E-01	-1.70E+00										
4.28E+03	-3.99E-01	-1.71E+00										
4.33E+03	-3.96E-01	-1.72E+00										
4.39E+03	-3.93E-01	-1.72E+00										
4.44E+03	-3.89E-01	-1.73E+00										
4.49E+03	-3.86E-01	-1.73E+00										
4.54E+03	-3.83E-01	-1.74E+00										
4.59E+03	-3.80E-01	-1.74E+00										
4.64E+03	-3.76E-01	-1.75E+00										
4.69E+03	-3.73E-01	-1.75E+00										
4.74E+03	-3.70E-01	-1.75E+00										
4.79E+03	-3.66E-01	-1.76E+00										
4.85E+03	-3.62E-01	-1.76E+00										
4.90E+03	-3.59E-01	-1.76E+00										
4.95E+03	-3.55E-01	-1.76E+00										
5.00E+03	-3.52E-01	-1.76E+00										
5.05E+03	-3.48E-01	-1.76E+00										
5.10E+03	-3.44E-01	-1.76E+00										
5.15E+03	-3.40E-01	-1.75E+00										
5.21E+03	-3.37E-01	-1.75E+00										
5.26E+03	-3.33E-01	-1.75E+00										
5.31E+03	-3.29E-01	-1.75E+00										
5.37E+03	-3.25E-01	-1.75E+00										
5.42E+03	-3.21E-01	-1.74E+00										
5.47E+03	-3.17E-01	-1.74E+00										
5.52E+03	-3.13E-01	-1.73E+00										
5.57E+03	-3.09E-01	-1.72E+00										
5.62E+03	-3.05E-01	-1.71E+00										
5.67E+03	-3.01E-01	-1.70E+00										
5.72E+03	-2.96E-01	-1.69E+00										
5.77E+03	-2.92E-01	-1.69E+00										
5.83E+03	-2.88E-01	-1.68E+00										
5.88E+03	-2.83E-01	-1.66E+00										
5.93E+03	-2.78E-01	-1.65E+00										
5.98E+03	-2.73E-01	-1.63E+00										
6.03E+03	-2.69E-01	-1.62E+00										
6.08E+03	-2.64E-01	-1.61E+00										
6.14E+03	-2.59E-01	-1.59E+00										
6.19E+03	-2.54E-01	-1.57E+00										
6.20E+03	-2.51E-01	-1.56E+00										
0.00E+00	-8.07E-01	0.00E+00										
0.00E+00	-9.03E-01	0.00E+00										
0.00E+00	-9.14E-01	0.00E+00										
0.00E+00	-9.20E-01	0.00E+00										
0.00E+00	-9.23E-01	0.00E+00										
0.00E+00	-9.27E-01	0.00E+00										
5.09E+01	-9.27E-01	-4.71E-02										
1.04E+02	-8.22E-01	-8.53E-02										
1.56E+02	-7.76E-01	-1.21E-01										
2.09E+02	-7.53E-01	-1.57E-01										
2.60E+02	-7.35E-01	-1.91E-01										
3.10E+02	-7.20E-01	-2.23E-01										
3.60E+02	-7.08E-01	-2.55E-01										
4.12E+02	-6.96E-01	-2.87E-01										
4.63E+02	-6.86E-01	-3.18E-01										
5.18E+02	-6.76E-01	-3.50E-01										
5.68E+02	-6.67E-01	-3.79E-01										
6.20E+02	-6.59E-01	-4.09E-01										
6.70E+02	-6.53E-01	-4.37E-01										
7.21E+02	-6.46E-01	-4.66E-01										
7.75E+02	-6.40E-01	-4.96E-01										
8.26E+02	-6.33E-01	-5.23E-01										
8.77E+02	-6.28E-01	-5.50E-01										
9.28E+02	-6.23E-01	-5.78E-01										
9.79E+02	-6.18E-01	-6.05E-01										
1.03E+03	-6.12E-01	-6.31E-01										
1.08E+03	-6.08E-01	-6.57E-01										
1.13E+03	-6.03E-01	-6.84E-01										
1.18E+03	-5.98E-01	-7.08E-01										
1.24E+03	-5.94E-01	-7.34E-01										
1.29E+03	-5.90E-01	-7.59E-01										
1.34E+03	-5.85E-01	-7.83E-01										
1.39E+03	-5.82E-01	-8.08E-01										
1.44E+03	-5.78E-01	-8.33E-01										
1.49E+03	-5.73E-01	-8.57E-01										
1.55E+03	-5.70E-01	-8.82E-01										
1.60E+03	-5.66E-01	-9.06E-01										
1.65E+03	-5.62E-01	-9.29E-01										
1.70E+03	-5.58E-01	-9.52E-01										
1.76E+03	-5.55E-01	-9.74E-01										
1.81E+03	-5.51E-01	-9.96E-01										
1.86E+03	-5.48E-01	-1.02E+00										
1.91E+03	-5.44E-01	-1.04E+00										
1.96E+03	-5.41E-01	-1.06E+00										
2.01E+03	-5.38E-01	-1.08E+00										
2.06E+03	-5.34E-01	-1.10E+00										
2.12E+03	-5.31E-01	-1.12E+00										
2.17E+03	-5.28E-01	-1.14E+00										
2.22E+03	-5.24E-01	-1.16E+00										
2.27E+03	-5.21E-01	-1.18E+00										
2.32E+03	-5.18E-01	-1.20E+00										
2.37E+03	-5.14E-01	-1.22E+00										
2.43E+03	-5.11E-01	-1.24E+00										
2.48E+03	-5.08E-01	-1.26E+00										
2.53E+03	-5.05E-01	-1.28E+00										
2.58E+03	-5.02E-01	-1.30E+00										
2.63E+03	-4.99E-01	-1.31E+00										
2.69E+03	-4.96E-01	-1.33E+00										
2.74E+03	-4.93E-01	-1.35E+00										
2.79E+03	-4.89E-01	-1.37E+00										
2.85E+03	-4.86E-01	-1.38E+00										
2.90E+03	-4.83E-01	-1.40E+00										
2.95E+03	-4.80E-01	-1.42E+00										
3.00E+03	-4.77E-01	-1.43E+00										
3.06E+03	-4.74E-01	-1.45E+00										
3.11E+03	-4.71E-01	-1.46E+00										
3.16E+03	-4.68E-01	-1.48E+00										
3.21E+03	-4.65E-01	-1.49E+00										
3.26E+03	-4.61E-01	-1.50E+00										
3.31E+03	-4.58E-01	-1.52E+00										
3.37E+03	-4.55E-01	-1.53E+00										
3.42E+03	-4.52E-01	-1.54E+00										
3.47E+03	-4.49E-01	-1.56E+00										
3.52E+03	-4.46E-01	-1.57E+00										
3.57E+03	-4.43E-01	-1.58E+00										
3.62E+03	-4.40E-01	-1.59E+00										
3.67E+03	-4.37E-01	-1.60E+00										
3.72E+03	-4.34E-01	-1.61E+00										
3.77E+03	-4.31E-01	-1.63E+00										
3.83E+03	-4.28E-01	-1.64E+00										
3.88E+03	-4.24E-01	-1.65E+00										
3.93E+03	-4.21E-01	-1.66E+00										
3.98E+03	-4.18E-01	-1.66E+00										
4.04E+03	-4.15E-01	-1.67E+00										
4.09E+03	-4.12E-01	-1.68E+00										
4.14E+03	-4.09E-01	-1.69E+00										
4.19E+03	-4.06E-01	-1.70E+00										
4.24E+03	-4.02E-01	-1.70E+00										
4.29E+03	-3.99E-01	-1.71E+00										
4.34E+03	-3.96E-01	-1.72E+00										
4.40E+03	-3.92E-01	-1.72E+00										
4.45E+03	-3.89E-01	-1.73E+00										
4.50E+03	-3.86E-01	-1.74E+00										
4.55E+03	-3.83E-01	-1.74E+00										
4.60E+03	-3.79E-01	-1.74E+00										
4.65E+03	-3.76E-01	-1.75E+00										
4.71E+03	-3.72E-01	-1.75E+00										
4.76E+03	-3.69E-01	-1.75E+00										
4.81E+03	-3.65E-01	-1.76E+00										
4.86E+03	-3.62E-01	-1.76E+00										
4.91E+03	-3.58E-01	-1.76E+00										
4.96E+03	-3.54E-01	-1.76E+00										
5.02E+03	-3.51E-01	-1.76E+00										
5.07E+03	-3.47E-01	-1.76E+00										
5.12E+03	-3.44E-01	-1.76E+00										
5.17E+03	-3.40E-01	-1.76E+00										
5.22E+03	-3.36E-01	-1.75E+00										
5.27E+03	-3.32E-01	-1.75E+00										
5.32E+03	-3.28E-01	-1.75E+00										
5.37E+03	-3.25E-01	-1.74E+00										
5.42E+03	-3.20E-01	-1.74E+00										
5.47E+03	-3.16E-01	-1.73E+00										
5.52E+03	-3.13E-01	-1.73E+00										
5.57E+03	-3.09E-01	-1.72E+00										
5.63E+03	-3.05E-01	-1.71E+00										
5.68E+03	-3.00E-01	-1.70E+00										
5.73E+03	-2.96E-01	-1.70E+00										
5.78E+03	-2.92E-01	-1.69E+00										
5.83E+03	-2.87E-01	-1.67E+00										
5.88E+03	-2.83E-01	-1.66E+00										
5.93E+03	-2.78E-01	-1.65E+00										
5.98E+03	-2.73E-01	-1.63E+00										
6.04E+03	-2.69E-01	-1.62E+00										
6.09E+03	-2.64E-01	-1.60E+00										
6.14E+03	-2.59E-01	-1.59E+00										
6.20E+03	-2.54E-01	-1.57E+00										
6.20E+03	-2.52E-01	-1.56E+00										
0.00E+00	-8.07E-01	0.00E+00										
0.00E+00	-9.03E-01	0.00E+00										
0.00E+00	-9.15E-01	0.00E+00										
0.00E+00	-9.20E-01	0.00E+00										
0.00E+00	-9.24E-01	0.00E+00										
0.00E+00	-9.27E-01	0.00E+00										
5.24E+01	-9.27E-01	-4.86E-02										
1.04E+02	-8.20E-01	-8.51E-02										
1.54E+02	-7.78E-01	-1.20E-01										
2.06E+02	-7.54E-01	-1.55E-01										
2.60E+02	-7.35E-01	-1.91E-01										
3.11E+02	-7.20E-01	-2.24E-01										
3.64E+02	-7.07E-01	-2.57E-01										
4.16E+02	-6.94E-01	-2.89E-01										
4.73E+02	-6.84E-01	-3.24E-01										
5.24E+02	-6.75E-01	-3.54E-01										
5.79E+02	-6.66E-01	-3.86E-01										
6.30E+02	-6.59E-01	-4.15E-01										
6.81E+02	-6.52E-01	-4.44E-01										
7.32E+02	-6.45E-01	-4.72E-01										
7.83E+02	-6.39E-01	-5.00E-01										
8.33E+02	-6.34E-01	-5.28E-01										
8.84E+02	-6.28E-01	-5.55E-01										
9.37E+02	-6.23E-01	-5.83E-01										
9.90E+02	-6.17E-01	-6.11E-01										
1.04E+03	-6.12E-01	-6.38E-01										
1.09E+03	-6.07E-01	-6.64E-01										
1.15E+03	-6.02E-01	-6.90E-01										
1.20E+03	-5.98E-01	-7.16E-01										
1.25E+03	-5.93E-01	-7.40E-01										
1.30E+03	-5.89E-01	-7.65E-01										
1.35E+03	-5.86E-01	-7.90E-01										
1.40E+03	-5.81E-01	-8.13E-01										
1.45E+03	-5.77E-01	-8.38E-01										
1.50E+03	-5.73E-01	-8.62E-01										
1.56E+03	-5.70E-01	-8.87E-01										
1.61E+03	-5.66E-01	-9.12E-01										
1.66E+03	-5.62E-01	-9.34E-01										
1.72E+03	-5.58E-01	-9.59E-01										
1.77E+03	-5.54E-01	-9.82E-01										
1.82E+03	-5.51E-01	-1.00E+00										
1.87E+03	-5.48E-01	-1.03E+00										
1.93E+03	-5.44E-01	-1.05E+00										
1.98E+03	-5.40E-01	-1.07E+00										
2.04E+03	-5.37E-01	-1.09E+00										
2.09E+03	-5.33E-01	-1.11E+00										
2.14E+03	-5.30E-01	-1.13E+00										
2.19E+03	-5.27E-01	-1.15E+00										
2.24E+03	-5.24E-01	-1.17E+00										
2.29E+03	-5.21E-01	-1.19E+00										
2.35E+03	-5.17E-01	-1.21E+00										
2.40E+03	-5.15E-01	-1.23E+00										
2.45E+03	-5.11E-01	-1.25E+00										
2.50E+03	-5.08E-01	-1.27E+00										
2.55E+03	-5.05E-01	-1.29E+00										
2.60E+03	-5.02E-01	-1.31E+00										
2.65E+03	-4.99E-01	-1.32E+00										
2.71E+03	-4.96E-01	-1.34E+00										
2.76E+03	-4.92E-01	-1.36E+00										
2.81E+03	-4.89E-01	-1.38E+00										
2.86E+03	-4.86E-01	-1.39E+00										
2.91E+03	-4.83E-01	-1.41E+00										
2.96E+03	-4.80E-01	-1.42E+00										
3.01E+03	-4.77E-01	-1.44E+00										
3.07E+03	-4.74E-01	-1.45E+00										
3.12E+03	-4.71E-01	-1.47E+00										
3.17E+03	-4.68E-01	-1.48E+00										
3.22E+03	-4.65E-01	-1.50E+00										
3.27E+03	-4.62E-01	-1.51E+00										
3.32E+03	-4.59E-01	-1.52E+00										
3.37E+03	-4.56E-01	-1.54E+00										
3.43E+03	-4.53E-01	-1.55E+00										
3.48E+03	-4.49E-01	-1.57E+00										
3.53E+03	-4.46E-01	-1.58E+00										
3.59E+03	-4.43E-01	-1.59E+00										
3.64E+03	-4.40E-01	-1.60E+00										
3.69E+03	-4.37E-01	-1.61E+00										
3.74E+03	-4.34E-01	-1.62E+00										
3.79E+03	-4.31E-01	-1.64E+00										
3.84E+03	-4.28E-01	-1.64E+00										
3.90E+03	-4.25E-01	-1.65E+00										
3.95E+03	-4.21E-01	-1.66E+00										
4.00E+03	-4.18E-01	-1.67E+00										
4.05E+03	-4.15E-01	-1.68E+00										
4.10E+03	-4.12E-01	-1.69E+00										
4.16E+03	-4.09E-01	-1.70E+00										
4.21E+03	-4.06E-01	-1.71E+00										
4.26E+03	-4.02E-01	-1.71E+00										
4.31E+03	-3.99E-01	-1.72E+00										
4.36E+03	-3.96E-01	-1.73E+00										
4.41E+03	-3.93E-01	-1.73E+00										
4.46E+03	-3.89E-01	-1.74E+00										
4.52E+03	-3.86E-01	-1.74E+00										
4.57E+03	-3.82E-01	-1.75E+00										
4.62E+03	-3.79E-01	-1.75E+00										
4.67E+03	-3.76E-01	-1.76E+00										
4.72E+03	-3.72E-01	-1.76E+00										
4.78E+03	-3.69E-01	-1.76E+00										
4.83E+03	-3.65E-01	-1.76E+00										
4.88E+03	-3.61E-01	-1.76E+00										
4.93E+03	-3.58E-01	-1.77E+00										
4.98E+03	-3.54E-01	-1.77E+00										
5.04E+03	-3.51E-01	-1.77E+00										
5.09E+03	-3.47E-01	-1.76E+00										
5.14E+03	-3.43E-01	-1.76E+00										
5.19E+03	-3.39E-01	-1.76E+00										
5.24E+03	-3.36E-01	-1.76E+00										
5.29E+03	-3.32E-01	-1.76E+00										
5.34E+03	-3.29E-01	-1.76E+00										
5.40E+03	-3.25E-01	-1.75E+00										
5.45E+03	-3.20E-01	-1.74E+00										
5.50E+03	-3.17E-01	-1.74E+00										
5.55E+03	-3.12E-01	-1.73E+00										
5.60E+03	-3.08E-01	-1.73E+00										
5.65E+03	-3.04E-01	-1.72E+00										
5.71E+03	-2.99E-01	-1.71E+00										
5.76E+03	-2.96E-01	-1.70E+00										
5.81E+03	-2.91E-01	-1.69E+00										
5.86E+03	-2.87E-01	-1.68E+00										
5.91E+03	-2.82E-01	-1.67E+00										
5.96E+03	-2.78E-01	-1.66E+00										
6.01E+03	-2.73E-01	-1.64E+00										
6.06E+03	-2.68E-01	-1.63E+00										
6.11E+03	-2.63E-01	-1.61E+00										
6.17E+03	-2.58E-01	-1.59E+00										
6.22E+03	-2.53E-01	-1.57E+00										
6.23E+03	-2.51E-01	-1.57E+00										
0.00E+00	-8.07E-01	0.00E+00										
0.00E+00	-9.03E-01	0.00E+00										
0.00E+00	-9.14E-01	0.00E+00										
0.00E+00	-9.20E-01	0.00E+00										
0.00E+00	-9.23E-01	0.00E+00										
0.00E+00	-9.27E-01	0.00E+00										
4.88E+01	-9.27E-01	-4.52E-02										
1.01E+02	-8.30E-01	-8.36E-02										
1.53E+02	-7.77E-01	-1.19E-01										
2.07E+02	-7.54E-01	-1.56E-01										
2.58E+02	-7.35E-01	-1.89E-01										
3.09E+02	-7.20E-01	-2.23E-01										
3.60E+02	-7.08E-01	-2.55E-01										
4.11E+02	-6.96E-01	-2.86E-01										
4.64E+02	-6.86E-01	-3.18E-01										
5.16E+02	-6.76E-01	-3.49E-01										
5.66E+02	-6.68E-01	-3.78E-01										
6.17E+02	-6.60E-01	-4.07E-01										
6.67E+02	-6.53E-01	-4.36E-01										
7.19E+02	-6.47E-01	-4.65E-01										
7.69E+02	-6.41E-01	-4.93E-01										
8.20E+02	-6.35E-01	-5.20E-01										
8.72E+02	-6.29E-01	-5.48E-01										
9.26E+02	-6.23E-01	-5.77E-01										
9.76E+02	-6.18E-01	-6.03E-01										
1.03E+03	-6.13E-01	-6.30E-01										
1.08E+03	-6.08E-01	-6.56E-01										
1.13E+03	-6.03E-01	-6.81E-01										
1.18E+03	-5.99E-01	-7.07E-01										
1.23E+03	-5.95E-01	-7.32E-01										
1.28E+03	-5.90E-01	-7.57E-01										
1.33E+03	-5.86E-01	-7.82E-01										
1.38E+03	-5.82E-01	-8.06E-01										
1.44E+03	-5.78E-01	-8.30E-01										
1.49E+03	-5.74E-01	-8.53E-01										
1.54E+03	-5.71E-01	-8.78E-01										
1.59E+03	-5.66E-01	-9.01E-01										
1.64E+03	-5.63E-01	-9.24E-01										
1.69E+03	-5.59E-01	-9.47E-01										
1.75E+03	-5.56E-01	-9.71E-01										
1.80E+03	-5.52E-01	-9.92E-01										
1.85E+03	-5.49E-01	-1.01E+00										
1.90E+03	-5.45E-01	-1.04E+00										
1.95E+03	-5.42E-01	-1.06E+00										
2.00E+03	-5.38E-01	-1.08E+00										
2.05E+03	-5.35E-01	-1.10E+00										
2.11E+03	-5.32E-01	-1.12E+00										
2.16E+03	-5.28E-01	-1.14E+00										
2.21E+03	-5.25E-01	-1.16E+00										
2.26E+03	-5.22E-01	-1.18E+00										
2.31E+03	-5.19E-01	-1.20E+00										
2.37E+03	-5.15E-01	-1.22E+00										
2.42E+03	-5.12E-01	-1.24E+00										
2.47E+03	-5.09E-01	-1.26E+00										
2.52E+03	-5.06E-01	-1.28E+00										
2.57E+03	-5.03E-01	-1.29E+00										
2.63E+03	-5.00E-01	-1.31E+00										
2.68E+03	-4.97E-01	-1.33E+00										
2.73E+03	-4.93E-01	-1.35E+00										
2.78E+03	-4.90E-01	-1.36E+00										
2.83E+03	-4.88E-01	-1.38E+00										
2.89E+03	-4.84E-01	-1.40E+00										
2.94E+03	-4.81E-01	-1.41E+00										
2.99E+03	-4.78E-01	-1.43E+00										
3.04E+03	-4.75E-01	-1.44E+00										
3.09E+03	-4.72E-01	-1.46E+00										
3.14E+03	-4.69E-01	-1.47E+00										
3.20E+03	-4.66E-01	-1.49E+00										
3.25E+03	-4.63E-01	-1.50E+00										
3.30E+03	-4.60E-01	-1.52E+00										
3.35E+03	-4.57E-01	-1.53E+00										
3.40E+03	-4.54E-01	-1.54E+00										
3.45E+03	-4.51E-01	-1.56E+00										
3.50E+03	-4.48E-01	-1.57E+00										
3.55E+03	-4.45E-01	-1.58E+00										
3.60E+03	-4.42E-01	-1.59E+00										
3.66E+03	-4.39E-01	-1.60E+00										
3.71E+03	-4.35E-01	-1.61E+00										
3.76E+03	-4.32E-01	-1.63E+00										
3.81E+03	-4.29E-01	-1.64E+00										
3.86E+03	-4.26E-01	-1.65E+00										
3.92E+03	-4.23E-01	-1.66E+00										
3.97E+03	-4.20E-01	-1.67E+00										
4.02E+03	-4.16E-01	-1.67E+00										
4.07E+03	-4.13E-01	-1.68E+00										
4.12E+03	-4.10E-01	-1.69E+00										
4.18E+03	-4.07E-01	-1.70E+00										
4.23E+03	-4.04E-01	-1.71E+00										
4.28E+03	-4.01E-01	-1.71E+00										
4.33E+03	-3.97E-01	-1.72E+00										
4.38E+03	-3.94E-01	-1.72E+00										
4.43E+03	-3.90E-01	-1.73E+00										
4.48E+03	-3.87E-01	-1.74E+00										
4.53E+03	-3.84E-01	-1.74E+00										
4.58E+03	-3.81E-01	-1.74E+00										
4.64E+03	-3.77E-01	-1.75E+00										
4.69E+03	-3.74E-01	-1.75E+00										
4.74E+03	-3.70E-01	-1.76E+00										
4.79E+03	-3.67E-01	-1.76E+00										
4.85E+03	-3.64E-01	-1.76E+00										
4.90E+03	-3.59E-01	-1.76E+00										
4.95E+03	-3.56E-01	-1.76E+00										
5.00E+03	-3.53E-01	-1.76E+00										
5.05E+03	-3.49E-01	-1.76E+00										
5.10E+03	-3.45E-01	-1.76E+00										
5.15E+03	-3.41E-01	-1.76E+00										
5.20E+03	-3.37E-01	-1.76E+00										
5.26E+03	-3.34E-01	-1.76E+00										
5.31E+03	-3.30E-01	-1.75E+00										
5.36E+03	-3.26E-01	-1.75E+00										
5.41E+03	-3.22E-01	-1.74E+00										
5.46E+03	-3.18E-01	-1.74E+00										
5.52E+03	-3.14E-01	-1.73E+00										
5.57E+03	-3.10E-01	-1.72E+00										
5.62E+03	-3.05E-01	-1.71E+00										
5.67E+03	-3.01E-01	-1.71E+00										
5.72E+03	-2.97E-01	-1.70E+00										
5.77E+03	-2.92E-01	-1.69E+00										
5.83E+03	-2.88E-01	-1.68E+00										
5.88E+03	-2.83E-01	-1.67E+00										
5.93E+03	-2.79E-01	-1.65E+00										
5.98E+03	-2.74E-01	-1.64E+00										
6.04E+03	-2.69E-01	-1.63E+00										
6.09E+03	-2.64E-01	-1.61E+00										
6.14E+03	-2.59E-01	-1.59E+00										
6.19E+03	-2.54E-01	-1.57E+00										
6.21E+03	-2.51E-01	-1.56E+00										
0.00E+00	-8.07E-01	0.00E+00										
0.00E+00	-9.03E-01	0.00E+00										
0.00E+00	-9.14E-01	0.00E+00										
0.00E+00	-9.20E-01	0.00E+00										
0.00E+00	-9.24E-01	0.00E+00										
0.00E+00	-9.27E-01	0.00E+00										
4.73E+01	-9.27E-01	-4.38E-02										
9.92E+01	-8.26E-01	-8.20E-02										
1.52E+02	-7.79E-01	-1.18E-01										
2.02E+02	-7.54E-01	-1.52E-01										
2.54E+02	-7.38E-01	-1.88E-01										
3.05E+02	-7.21E-01	-2.20E-01										
3.56E+02	-7.09E-01	-2.52E-01										
4.07E+02	-6.97E-01	-2.83E-01										
4.59E+02	-6.86E-01	-3.15E-01										
5.10E+02	-6.77E-01	-3.45E-01										
5.64E+02	-6.68E-01	-3.77E-01										
6.16E+02	-6.60E-01	-4.06E-01										
6.70E+02	-6.53E-01	-4.38E-01										
7.22E+02	-6.46E-01	-4.67E-01										
7.73E+02	-6.40E-01	-4.94E-01										
8.26E+02	-6.34E-01	-5.23E-01										
8.76E+02	-6.28E-01	-5.50E-01										
9.27E+02	-6.22E-01	-5.77E-01										
9.78E+02	-6.18E-01	-6.04E-01										
1.03E+03	-6.12E-01	-6.31E-01										
1.09E+03	-6.07E-01	-6.59E-01										
1.14E+03	-6.03E-01	-6.85E-01										
1.19E+03	-5.98E-01	-7.11E-01										
1.24E+03	-5.93E-01	-7.36E-01										
1.29E+03	-5.89E-01	-7.61E-01										
1.34E+03	-5.85E-01	-7.86E-01										
1.40E+03	-5.81E-01	-8.11E-01										
1.45E+03	-5.77E-01	-8.35E-01										
1.50E+03	-5.73E-01	-8.58E-01										
1.55E+03	-5.69E-01	-8.82E-01										
1.60E+03	-5.65E-01	-9.04E-01										
1.65E+03	-5.62E-01	-9.27E-01										
1.70E+03	-5.59E-01	-9.50E-01										
1.75E+03	-5.55E-01	-9.71E-01										
1.80E+03	-5.51E-01	-9.95E-01										
1.86E+03	-5.48E-01	-1.02E+00										
1.91E+03	-5.44E-01	-1.04E+00										
1.96E+03	-5.41E-01	-1.06E+00										
2.01E+03	-5.38E-01	-1.08E+00										
2.06E+03	-5.34E-01	-1.10E+00										
2.11E+03	-5.31E-01	-1.12E+00										
2.16E+03	-5.28E-01	-1.14E+00										
2.22E+03	-5.24E-01	-1.16E+00										
2.27E+03	-5.21E-01	-1.18E+00										
2.32E+03	-5.18E-01	-1.20E+00										
2.37E+03	-5.15E-01	-1.22E+00										
2.42E+03	-5.11E-01	-1.24E+00										
2.48E+03	-5.08E-01	-1.26E+00										
2.53E+03	-5.05E-01	-1.28E+00										
2.58E+03	-5.02E-01	-1.30E+00										
2.64E+03	-4.99E-01	-1.32E+00										
2.69E+03	-4.96E-01	-1.33E+00										
2.74E+03	-4.93E-01	-1.35E+00										
2.79E+03	-4.89E-01	-1.36E+00										
2.84E+03	-4.86E-01	-1.38E+00										
2.89E+03	-4.83E-01	-1.40E+00										
2.94E+03	-4.81E-01	-1.41E+00										
2.99E+03	-4.77E-01	-1.43E+00										
3.04E+03	-4.74E-01	-1.44E+00										
3.10E+03	-4.71E-01	-1.46E+00										
3.15E+03	-4.68E-01	-1.47E+00										
3.20E+03	-4.65E-01	-1.49E+00										
3.25E+03	-4.62E-01	-1.50E+00										
3.30E+03	-4.59E-01	-1.52E+00										
3.35E+03	-4.56E-01	-1.53E+00										
3.40E+03	-4.53E-01	-1.54E+00										
3.46E+03	-4.50E-01	-1.56E+00										
3.51E+03	-4.47E-01	-1.57E+00										
3.56E+03	-4.44E-01	-1.58E+00										
3.61E+03	-4.41E-01	-1.59E+00										
3.66E+03	-4.37E-01	-1.60E+00										
3.72E+03	-4.35E-01	-1.61E+00										
3.77E+03	-4.32E-01	-1.63E+00										
3.82E+03	-4.28E-01	-1.64E+00										
3.87E+03	-4.25E-01	-1.65E+00										
3.92E+03	-4.22E-01	-1.66E+00										
3.97E+03	-4.19E-01	-1.67E+00										
4.02E+03	-4.16E-01	-1.67E+00										
4.07E+03	-4.13E-01	-1.68E+00										
4.13E+03	-4.10E-01	-1.69E+00										
4.18E+03	-4.06E-01	-1.70E+00										
4.23E+03	-4.04E-01	-1.71E+00										
4.28E+03	-4.00E-01	-1.71E+00										
4.34E+03	-3.97E-01	-1.72E+00										
4.39E+03	-3.93E-01	-1.73E+00										
4.44E+03	-3.90E-01	-1.73E+00										
4.49E+03	-3.87E-01	-1.74E+00										
4.54E+03	-3.84E-01	-1.74E+00										
4.59E+03	-3.80E-01	-1.74E+00										
4.64E+03	-3.77E-01	-1.75E+00										
4.70E+03	-3.73E-01	-1.75E+00										
4.75E+03	-3.70E-01	-1.76E+00										
4.80E+03	-3.66E-01	-1.76E+00										
4.85E+03	-3.63E-01	-1.76E+00										
4.90E+03	-3.60E-01	-1.76E+00										
4.96E+03	-3.55E-01	-1.76E+00										
5.01E+03	-3.52E-01	-1.76E+00										
5.07E+03	-3.48E-01	-1.76E+00										
5.12E+03	-3.44E-01	-1.76E+00										
5.17E+03	-3.41E-01	-1.76E+00										
5.22E+03	-3.37E-01	-1.76E+00										
5.27E+03	-3.33E-01	-1.75E+00										
5.32E+03	-3.29E-01	-1.75E+00										
5.37E+03	-3.25E-01	-1.75E+00										
5.42E+03	-3.21E-01	-1.74E+00										
5.48E+03	-3.17E-01	-1.74E+00										
5.53E+03	-3.13E-01	-1.73E+00										
5.58E+03	-3.09E-01	-1.73E+00										
5.63E+03	-3.05E-01	-1.72E+00										
5.68E+03	-3.01E-01	-1.71E+00										
5.73E+03	-2.97E-01	-1.70E+00										
5.78E+03	-2.92E-01	-1.69E+00										
5.83E+03	-2.88E-01	-1.68E+00										
5.89E+03	-2.83E-01	-1.67E+00										
5.94E+03	-2.79E-01	-1.65E+00										
5.99E+03	-2.74E-01	-1.64E+00										
6.05E+03	-2.69E-01	-1.63E+00										
6.10E+03	-2.63E-01	-1.61E+00										
6.15E+03	-2.59E-01	-1.59E+00										
6.20E+03	-2.54E-01	-1.57E+00										
6.21E+03	-2.51E-01	-1.56E+00										
0.00E+00	-8.07E-01	0.00E+00										
0.00E+00	-9.02E-01	0.00E+00										
0.00E+00	-9.14E-01	0.00E+00										
0.00E+00	-9.20E-01	0.00E+00										
0.00E+00	-9.23E-01	0.00E+00										
0.00E+00	-9.27E-01	0.00E+00										
4.78E+01	-9.27E-01	-4.43E-02										
9.92E+01	-8.27E-01	-8.20E-02										
1.50E+02	-7.78E-01	-1.16E-01										
2.01E+02	-7.56E-01	-1.52E-01										
2.52E+02	-7.38E-01	-1.86E-01										
3.02E+02	-7.22E-01	-2.18E-01										
3.53E+02	-7.09E-01	-2.50E-01										
4.05E+02	-6.98E-01	-2.82E-01										
4.55E+02	-6.87E-01	-3.13E-01										
5.07E+02	-6.77E-01	-3.43E-01										
5.57E+02	-6.70E-01	-3.73E-01										
6.10E+02	-6.61E-01	-4.04E-01										
6.64E+02	-6.54E-01	-4.35E-01										
7.16E+02	-6.47E-01	-4.63E-01										
7.66E+02	-6.41E-01	-4.91E-01										
8.17E+02	-6.35E-01	-5.19E-01										
8.69E+02	-6.29E-01	-5.47E-01										
9.19E+02	-6.24E-01	-5.74E-01										
9.71E+02	-6.19E-01	-6.01E-01										
1.02E+03	-6.14E-01	-6.28E-01										
1.07E+03	-6.09E-01	-6.54E-01										
1.12E+03	-6.04E-01	-6.80E-01										
1.18E+03	-6.00E-01	-7.05E-01										
1.23E+03	-5.96E-01	-7.31E-01										
1.28E+03	-5.91E-01	-7.56E-01										
1.33E+03	-5.87E-01	-7.81E-01										
1.38E+03	-5.83E-01	-8.05E-01										
1.43E+03	-5.79E-01	-8.29E-01										
1.49E+03	-5.75E-01	-8.54E-01										
1.54E+03	-5.71E-01	-8.77E-01										
1.59E+03	-5.67E-01	-9.00E-01										
1.64E+03	-5.64E-01	-9.24E-01										
1.69E+03	-5.60E-01	-9.46E-01										
1.74E+03	-5.56E-01	-9.69E-01										
1.79E+03	-5.53E-01	-9.91E-01										
1.84E+03	-5.50E-01	-1.01E+00										
1.90E+03	-5.46E-01	-1.03E+00										
1.95E+03	-5.43E-01	-1.06E+00										
2.00E+03	-5.40E-01	-1.08E+00										
2.05E+03	-5.36E-01	-1.10E+00										
2.10E+03	-5.33E-01	-1.12E+00										
2.15E+03	-5.29E-01	-1.14E+00										
2.20E+03	-5.26E-01	-1.16E+00										
2.25E+03	-5.23E-01	-1.18E+00										
2.30E+03	-5.20E-01	-1.20E+00										
2.35E+03	-5.17E-01	-1.22E+00										
2.41E+03	-5.14E-01	-1.24E+00										
2.46E+03	-5.10E-01	-1.25E+00										
2.51E+03	-5.07E-01	-1.27E+00										
2.56E+03	-5.04E-01	-1.29E+00										
2.61E+03	-5.01E-01	-1.31E+00										
2.67E+03	-4.98E-01	-1.33E+00										
2.72E+03	-4.95E-01	-1.34E+00										
2.77E+03	-4.92E-01	-1.36E+00										
2.82E+03	-4.89E-01	-1.38E+00										
2.88E+03	-4.85E-01	-1.40E+00										
2.93E+03	-4.82E-01	-1.41E+00										
2.98E+03	-4.79E-01	-1.43E+00										
3.04E+03	-4.76E-01	-1.44E+00										
3.09E+03	-4.73E-01	-1.46E+00										
3.14E+03	-4.70E-01	-1.48E+00										
3.19E+03	-4.67E-01	-1.49E+00										
3.24E+03	-4.64E-01	-1.50E+00										
3.29E+03	-4.61E-01	-1.52E+00										
3.35E+03	-4.57E-01	-1.53E+00										
3.40E+03	-4.54E-01	-1.55E+00										
3.45E+03	-4.51E-01	-1.56E+00										
3.51E+03	-4.48E-01	-1.57E+00										
3.56E+03	-4.45E-01	-1.58E+00										
3.61E+03	-4.42E-01	-1.59E+00										
3.66E+03	-4.39E-01	-1.60E+00										
3.71E+03	-4.36E-01	-1.62E+00										
3.76E+03	-4.33E-01	-1.63E+00										
3.81E+03	-4.30E-01	-1.64E+00										
3.86E+03	-4.27E-01	-1.65E+00										
3.91E+03	-4.23E-01	-1.66E+00										
3.96E+03	-4.21E-01	-1.67E+00										
4.01E+03	-4.17E-01	-1.68E+00										
4.06E+03	-4.15E-01	-1.69E+00										
4.12E+03	-4.11E-01	-1.69E+00										
4.17E+03	-4.08E-01	-1.70E+00										
4.22E+03	-4.05E-01	-1.71E+00										
4.27E+03	-4.01E-01	-1.71E+00										
4.33E+03	-3.98E-01	-1.72E+00										
4.38E+03	-3.95E-01	-1.73E+00										
4.43E+03	-3.91E-01	-1.73E+00										
4.49E+03	-3.88E-01	-1.74E+00										
4.54E+03	-3.85E-01	-1.75E+00										
4.59E+03	-3.81E-01	-1.75E+00										
4.64E+03	-3.78E-01	-1.75E+00										
4.69E+03	-3.75E-01	-1.76E+00										
4.74E+03	-3.71E-01	-1.76E+00										
4.80E+03	-3.67E-01	-1.76E+00										
4.85E+03	-3.64E-01	-1.77E+00										
4.91E+03	-3.60E-01	-1.77E+00										
4.96E+03	-3.57E-01	-1.77E+00										
5.01E+03	-3.53E-01	-1.77E+00										
5.06E+03	-3.49E-01	-1.77E+00										
5.11E+03	-3.46E-01	-1.77E+00										
5.16E+03	-3.42E-01	-1.76E+00										
5.21E+03	-3.38E-01	-1.76E+00										
5.26E+03	-3.34E-01	-1.76E+00										
5.32E+03	-3.31E-01	-1.76E+00										
5.37E+03	-3.27E-01	-1.76E+00										
5.42E+03	-3.23E-01	-1.75E+00										
5.47E+03	-3.19E-01	-1.74E+00										
5.52E+03	-3.14E-01	-1.74E+00										
5.58E+03	-3.10E-01	-1.73E+00										
5.63E+03	-3.06E-01	-1.72E+00										
5.68E+03	-3.02E-01	-1.71E+00										
5.73E+03	-2.98E-01	-1.71E+00										
5.78E+03	-2.93E-01	-1.70E+00										
5.83E+03	-2.89E-01	-1.69E+00										
5.89E+03	-2.84E-01	-1.67E+00										
5.94E+03	-2.80E-01	-1.66E+00										
5.99E+03	-2.74E-01	-1.64E+00										
6.05E+03	-2.70E-01	-1.63E+00										
6.10E+03	-2.65E-01	-1.62E+00										
6.15E+03	-2.60E-01	-1.60E+00										
6.20E+03	-2.55E-01	-1.58E+00										
6.23E+03	-2.51E-01	-1.57E+00										
0.00E+00	-8.07E-01	0.00E+00										
0.00E+00	-9.03E-01	0.00E+00										
0.00E+00	-9.14E-01	0.00E+00										
0.00E+00	-9.20E-01	0.00E+00										
0.00E+00	-9.23E-01	0.00E+00										
0.00E+00	-9.27E-01	0.00E+00										
5.44E+01	-9.27E-01	-5.04E-02										
1.05E+02	-8.15E-01	-8.59E-02										
1.56E+02	-7.76E-01	-1.21E-01										
2.11E+02	-7.53E-01	-1.59E-01										
2.62E+02	-7.34E-01	-1.92E-01										
3.13E+02	-7.19E-01	-2.25E-01										
3.64E+02	-7.06E-01	-2.57E-01										
4.14E+02	-6.94E-01	-2.88E-01										
4.67E+02	-6.84E-01	-3.20E-01										
5.18E+02	-6.75E-01	-3.50E-01										
5.69E+02	-6.67E-01	-3.79E-01										
6.20E+02	-6.60E-01	-4.09E-01										
6.73E+02	-6.53E-01	-4.39E-01										
7.23E+02	-6.46E-01	-4.67E-01										
7.74E+02	-6.40E-01	-4.95E-01										
8.29E+02	-6.34E-01	-5.25E-01										
8.80E+02	-6.28E-01	-5.52E-01										
9.31E+02	-6.23E-01	-5.80E-01										
9.82E+02	-6.17E-01	-6.06E-01										
1.03E+03	-6.13E-01	-6.32E-01										
1.08E+03	-6.07E-01	-6.58E-01										
1.13E+03	-6.03E-01	-6.84E-01										
1.19E+03	-5.99E-01	-7.10E-01										
1.24E+03	-5.94E-01	-7.36E-01										
1.29E+03	-5.90E-01	-7.61E-01										
1.34E+03	-5.86E-01	-7.86E-01										
1.39E+03	-5.82E-01	-8.11E-01										
1.45E+03	-5.78E-01	-8.35E-01										
1.50E+03	-5.74E-01	-8.59E-01										
1.55E+03	-5.70E-01	-8.82E-01										
1.60E+03	-5.66E-01	-9.06E-01										
1.65E+03	-5.62E-01	-9.29E-01										
1.71E+03	-5.59E-01	-9.53E-01										
1.76E+03	-5.55E-01	-9.75E-01										
1.81E+03	-5.52E-01	-9.98E-01										
1.86E+03	-5.48E-01	-1.02E+00										
1.91E+03	-5.45E-01	-1.04E+00										
1.96E+03	-5.41E-01	-1.06E+00										
2.02E+03	-5.38E-01	-1.08E+00										
2.07E+03	-5.35E-01	-1.11E+00										
2.12E+03	-5.31E-01	-1.13E+00										
2.17E+03	-5.28E-01	-1.15E+00										
2.22E+03	-5.25E-01	-1.17E+00										
2.27E+03	-5.22E-01	-1.19E+00										
2.32E+03	-5.18E-01	-1.21E+00										
2.38E+03	-5.15E-01	-1.22E+00										
2.43E+03	-5.12E-01	-1.24E+00										
2.48E+03	-5.09E-01	-1.26E+00										
2.53E+03	-5.06E-01	-1.28E+00										
2.58E+03	-5.02E-01	-1.30E+00										
2.63E+03	-5.00E-01	-1.32E+00										
2.69E+03	-4.97E-01	-1.33E+00										
2.74E+03	-4.94E-01	-1.35E+00										
2.79E+03	-4.90E-01	-1.37E+00										
2.84E+03	-4.87E-01	-1.38E+00										
2.89E+03	-4.84E-01	-1.40E+00										
2.94E+03	-4.81E-01	-1.42E+00										
2.99E+03	-4.78E-01	-1.43E+00										
3.04E+03	-4.75E-01	-1.45E+00										
3.10E+03	-4.72E-01	-1.46E+00										
3.15E+03	-4.69E-01	-1.48E+00										
3.20E+03	-4.66E-01	-1.49E+00										
3.25E+03	-4.63E-01	-1.51E+00										
3.30E+03	-4.60E-01	-1.52E+00										
3.35E+03	-4.57E-01	-1.53E+00										
3.41E+03	-4.54E-01	-1.55E+00										
3.46E+03	-4.51E-01	-1.56E+00										
3.51E+03	-4.48E-01	-1.57E+00										
3.56E+03	-4.45E-01	-1.59E+00										
3.62E+03	-4.42E-01	-1.60E+00										
3.67E+03	-4.39E-01	-1.61E+00										
3.72E+03	-4.36E-01	-1.62E+00										
3.77E+03	-4.32E-01	-1.63E+00										
3.82E+03	-4.29E-01	-1.64E+00										
3.88E+03	-4.26E-01	-1.65E+00										
3.93E+03	-4.23E-01	-1.66E+00										
3.98E+03	-4.20E-01	-1.67E+00										
4.03E+03	-4.17E-01	-1.68E+00										
4.08E+03	-4.13E-01	-1.69E+00										
4.13E+03	-4.10E-01	-1.69E+00										
4.19E+03	-4.07E-01	-1.70E+00										
4.24E+03	-4.04E-01	-1.71E+00										
4.29E+03	-4.01E-01	-1.72E+00										
4.35E+03	-3.97E-01	-1.73E+00										
4.40E+03	-3.94E-01	-1.73E+00										
4.45E+03	-3.90E-01	-1.74E+00										
4.50E+03	-3.88E-01	-1.74E+00										
4.55E+03	-3.84E-01	-1.75E+00										
4.60E+03	-3.81E-01	-1.75E+00										
4.66E+03	-3.77E-01	-1.76E+00										
4.71E+03	-3.74E-01	-1.76E+00										
4.76E+03	-3.70E-01	-1.76E+00										
4.81E+03	-3.66E-01	-1.76E+00										
4.87E+03	-3.63E-01	-1.77E+00										
4.92E+03	-3.59E-01	-1.77E+00										
4.97E+03	-3.56E-01	-1.77E+00										
5.03E+03	-3.52E-01	-1.77E+00										
5.08E+03	-3.48E-01	-1.77E+00										
5.13E+03	-3.45E-01	-1.77E+00										
5.18E+03	-3.41E-01	-1.77E+00										
5.24E+03	-3.37E-01	-1.76E+00										
5.29E+03	-3.33E-01	-1.76E+00										
5.34E+03	-3.29E-01	-1.76E+00										
5.39E+03	-3.26E-01	-1.76E+00										
5.44E+03	-3.21E-01	-1.75E+00										
5.50E+03	-3.17E-01	-1.74E+00										
5.55E+03	-3.13E-01	-1.74E+00										
5.60E+03	-3.09E-01	-1.73E+00										
5.65E+03	-3.05E-01	-1.72E+00										
5.70E+03	-3.00E-01	-1.71E+00										
5.76E+03	-2.96E-01	-1.70E+00										
5.81E+03	-2.91E-01	-1.69E+00										
5.86E+03	-2.87E-01	-1.68E+00										
5.92E+03	-2.82E-01	-1.67E+00										
5.97E+03	-2.78E-01	-1.66E+00										
6.02E+03	-2.73E-01	-1.64E+00										
6.07E+03	-2.68E-01	-1.63E+00										
6.12E+03	-2.63E-01	-1.61E+00										
6.17E+03	-2.59E-01	-1.60E+00										
6.22E+03	-2.54E-01	-1.58E+00										
6.23E+03	-2.51E-01	-1.57E+00										
0.00E+00	-8.07E-01	0.00E+00										
0.00E+00	-9.03E-01	0.00E+00										
0.00E+00	-9.14E-01	0.00E+00										
0.00E+00	-9.20E-01	0.00E+00										
0.00E+00	-9.23E-01	0.00E+00										
0.00E+00	-9.27E-01	0.00E+00										
5.44E+01	-9.27E-01	-5.04E-02										
1.05E+02	-8.15E-01	-8.55E-02										
1.56E+02	-7.77E-01	-1.21E-01										
2.08E+02	-7.54E-01	-1.57E-01										
2.60E+02	-7.35E-01	-1.91E-01										
3.13E+02	-7.19E-01	-2.25E-01										
3.65E+02	-7.07E-01	-2.58E-01										
4.15E+02	-6.95E-01	-2.88E-01										
4.66E+02	-6.85E-01	-3.19E-01										
5.16E+02	-6.76E-01	-3.49E-01										
5.67E+02	-6.68E-01	-3.79E-01										
6.19E+02	-6.60E-01	-4.08E-01										
6.70E+02	-6.54E-01	-4.38E-01										
7.20E+02	-6.47E-01	-4.66E-01										
7.70E+02	-6.40E-01	-4.93E-01										
8.21E+02	-6.34E-01	-5.21E-01										
8.73E+02	-6.29E-01	-5.48E-01										
9.24E+02	-6.23E-01	-5.76E-01										
9.76E+02	-6.18E-01	-6.03E-01										
1.03E+03	-6.13E-01	-6.29E-01										
1.08E+03	-6.08E-01	-6.55E-01										
1.13E+03	-6.03E-01	-6.82E-01										
1.18E+03	-5.99E-01	-7.07E-01										
1.23E+03	-5.94E-01	-7.33E-01										
1.29E+03	-5.90E-01	-7.58E-01										
1.34E+03	-5.86E-01	-7.82E-01										
1.39E+03	-5.82E-01	-8.06E-01										
1.44E+03	-5.78E-01	-8.30E-01										
1.49E+03	-5.74E-01	-8.54E-01										
1.54E+03	-5.70E-01	-8.78E-01										
1.59E+03	-5.66E-01	-9.02E-01										
1.65E+03	-5.62E-01	-9.28E-01										
1.70E+03	-5.58E-01	-9.50E-01										
1.75E+03	-5.55E-01	-9.72E-01										
1.80E+03	-5.52E-01	-9.96E-01										
1.86E+03	-5.48E-01	-1.02E+00										
1.91E+03	-5.44E-01	-1.04E+00										
1.96E+03	-5.41E-01	-1.06E+00										
2.01E+03	-5.37E-01	-1.08E+00										
2.06E+03	-5.34E-01	-1.10E+00										
2.12E+03	-5.31E-01	-1.12E+00										
2.17E+03	-5.28E-01	-1.14E+00										
2.22E+03	-5.24E-01	-1.16E+00										
2.27E+03	-5.21E-01	-1.18E+00										
2.32E+03	-5.18E-01	-1.20E+00										
2.37E+03	-5.14E-01	-1.22E+00										
2.43E+03	-5.11E-01	-1.24E+00										
2.48E+03	-5.08E-01	-1.26E+00										
2.53E+03	-5.05E-01	-1.28E+00										
2.58E+03	-5.02E-01	-1.29E+00										
2.63E+03	-4.99E-01	-1.31E+00										
2.68E+03	-4.96E-01	-1.33E+00										
2.73E+03	-4.93E-01	-1.35E+00										
2.79E+03	-4.89E-01	-1.36E+00										
2.84E+03	-4.87E-01	-1.38E+00										
2.89E+03	-4.83E-01	-1.40E+00										
2.94E+03	-4.80E-01	-1.41E+00										
2.99E+03	-4.77E-01	-1.43E+00										
3.04E+03	-4.74E-01	-1.44E+00										
3.09E+03	-4.72E-01	-1.46E+00										
3.14E+03	-4.68E-01	-1.47E+00										
3.19E+03	-4.65E-01	-1.49E+00										
3.25E+03	-4.62E-01	-1.50E+00										
3.30E+03	-4.59E-01	-1.51E+00										
3.35E+03	-4.56E-01	-1.53E+00										
3.40E+03	-4.53E-01	-1.54E+00										
3.45E+03	-4.51E-01	-1.55E+00										
3.50E+03	-4.47E-01	-1.57E+00										
3.55E+03	-4.44E-01	-1.58E+00										
3.60E+03	-4.41E-01	-1.59E+00										
3.66E+03	-4.38E-01	-1.60E+00										
3.71E+03	-4.35E-01	-1.61E+00										
3.76E+03	-4.32E-01	-1.62E+00										
3.81E+03	-4.29E-01	-1.63E+00										
3.87E+03	-4.26E-01	-1.65E+00										
3.92E+03	-4.22E-01	-1.65E+00										
3.97E+03	-4.19E-01	-1.67E+00										
4.03E+03	-4.16E-01	-1.67E+00										
4.08E+03	-4.12E-01	-1.68E+00										
4.13E+03	-4.09E-01	-1.69E+00										
4.18E+03	-4.06E-01	-1.70E+00										
4.23E+03	-4.03E-01	-1.70E+00										
4.28E+03	-3.99E-01	-1.71E+00										
4.34E+03	-3.96E-01	-1.72E+00										
4.39E+03	-3.93E-01	-1.72E+00										
4.44E+03	-3.89E-01	-1.73E+00										
4.50E+03	-3.86E-01	-1.74E+00										
4.55E+03	-3.83E-01	-1.74E+00										
4.60E+03	-3.80E-01	-1.75E+00										
4.65E+03	-3.76E-01	-1.75E+00										
4.70E+03	-3.72E-01	-1.75E+00										
4.76E+03	-3.69E-01	-1.75E+00										
4.81E+03	-3.65E-01	-1.76E+00										
4.86E+03	-3.62E-01	-1.76E+00										
4.91E+03	-3.58E-01	-1.76E+00										
4.97E+03	-3.54E-01	-1.76E+00										
5.02E+03	-3.51E-01	-1.76E+00										
5.07E+03	-3.47E-01	-1.76E+00										
5.12E+03	-3.43E-01	-1.76E+00										
5.17E+03	-3.40E-01	-1.76E+00										
5.22E+03	-3.36E-01	-1.75E+00										
5.27E+03	-3.32E-01	-1.75E+00										
5.32E+03	-3.28E-01	-1.75E+00										
5.37E+03	-3.24E-01	-1.74E+00										
5.43E+03	-3.20E-01	-1.74E+00										
5.48E+03	-3.16E-01	-1.73E+00										
5.53E+03	-3.13E-01	-1.73E+00										
5.58E+03	-3.08E-01	-1.72E+00										
5.63E+03	-3.04E-01	-1.71E+00										
5.68E+03	-3.00E-01	-1.70E+00										
5.73E+03	-2.96E-01	-1.70E+00										
5.78E+03	-2.91E-01	-1.68E+00										
5.84E+03	-2.86E-01	-1.67E+00										
5.89E+03	-2.82E-01	-1.66E+00										
5.94E+03	-2.77E-01	-1.65E+00										
5.99E+03	-2.73E-01	-1.63E+00										
6.05E+03	-2.68E-01	-1.62E+00										
6.10E+03	-2.62E-01	-1.60E+00										
6.15E+03	-2.57E-01	-1.58E+00										
6.20E+03	-2.52E-01	-1.56E+00										
6.20E+03	-2.52E-01	-1.56E+00										
0.00E+00	-8.07E-01	0.00E+00										
0.00E+00	-9.03E-01	0.00E+00										
0.00E+00	-9.15E-01	0.00E+00										
0.00E+00	-9.20E-01	0.00E+00										
0.00E+00	-9.24E-01	0.00E+00										
0.00E+00	-9.27E-01	0.00E+00										
5.54E+01	-9.27E-01	-5.14E-02										
1.06E+02	-8.16E-01	-8.64E-02										
1.57E+02	-7.76E-01	-1.22E-01										
2.07E+02	-7.53E-01	-1.56E-01										
2.58E+02	-7.36E-01	-1.89E-01										
3.08E+02	-7.20E-01	-2.22E-01										
3.58E+02	-7.07E-01	-2.54E-01										
4.09E+02	-6.96E-01	-2.84E-01										
4.60E+02	-6.86E-01	-3.15E-01										
5.13E+02	-6.76E-01	-3.47E-01										
5.64E+02	-6.69E-01	-3.77E-01										
6.15E+02	-6.61E-01	-4.06E-01										
6.66E+02	-6.53E-01	-4.35E-01										
7.17E+02	-6.46E-01	-4.63E-01										
7.68E+02	-6.40E-01	-4.92E-01										
8.20E+02	-6.34E-01	-5.20E-01										
8.70E+02	-6.28E-01	-5.47E-01										
9.21E+02	-6.24E-01	-5.74E-01										
9.71E+02	-6.18E-01	-6.00E-01										
1.02E+03	-6.13E-01	-6.26E-01										
1.07E+03	-6.08E-01	-6.52E-01										
1.12E+03	-6.04E-01	-6.78E-01										
1.17E+03	-5.99E-01	-7.04E-01										
1.23E+03	-5.94E-01	-7.28E-01										
1.28E+03	-5.91E-01	-7.53E-01										
1.33E+03	-5.86E-01	-7.78E-01										
1.38E+03	-5.82E-01	-8.03E-01										
1.43E+03	-5.78E-01	-8.28E-01										
1.48E+03	-5.74E-01	-8.52E-01										
1.54E+03	-5.70E-01	-8.76E-01										
1.59E+03	-5.66E-01	-8.99E-01										
1.64E+03	-5.63E-01	-9.22E-01										
1.69E+03	-5.59E-01	-9.46E-01										
1.74E+03	-5.56E-01	-9.70E-01										
1.80E+03	-5.52E-01	-9.91E-01										
1.85E+03	-5.48E-01	-1.01E+00										
1.90E+03	-5.45E-01	-1.03E+00										
1.95E+03	-5.42E-01	-1.06E+00										
2.00E+03	-5.38E-01	-1.08E+00										
2.05E+03	-5.35E-01	-1.10E+00										
2.10E+03	-5.32E-01	-1.12E+00										
2.16E+03	-5.28E-01	-1.14E+00										
2.21E+03	-5.25E-01	-1.16E+00										
2.26E+03	-5.22E-01	-1.18E+00										
2.31E+03	-5.19E-01	-1.20E+00										
2.37E+03	-5.16E-01	-1.22E+00										
2.42E+03	-5.12E-01	-1.24E+00										
2.47E+03	-5.09E-01	-1.26E+00										
2.52E+03	-5.06E-01	-1.27E+00										
2.57E+03	-5.03E-01	-1.29E+00										
2.62E+03	-5.00E-01	-1.31E+00										
2.67E+03	-4.97E-01	-1.33E+00										
2.73E+03	-4.94E-01	-1.35E+00										
2.78E+03	-4.91E-01	-1.36E+00										
2.83E+03	-4.88E-01	-1.38E+00										
2.88E+03	-4.85E-01	-1.40E+00										
2.93E+03	-4.81E-01	-1.41E+00										
2.98E+03	-4.79E-01	-1.43E+00										
3.04E+03	-4.75E-01	-1.44E+00										
3.09E+03	-4.72E-01	-1.46E+00										
3.14E+03	-4.69E-01	-1.47E+00										
3.19E+03	-4.66E-01	-1.49E+00										
3.24E+03	-4.63E-01	-1.50E+00										
3.30E+03	-4.60E-01	-1.52E+00										
3.35E+03	-4.57E-01	-1.53E+00										
3.40E+03	-4.54E-01	-1.54E+00										
3.45E+03	-4.51E-01	-1.56E+00										
3.50E+03	-4.48E-01	-1.57E+00										
3.56E+03	-4.44E-01	-1.58E+00										
3.61E+03	-4.42E-01	-1.59E+00										
3.66E+03	-4.38E-01	-1.60E+00										
3.71E+03	-4.35E-01	-1.61E+00										
3.76E+03	-4.32E-01	-1.63E+00										
3.81E+03	-4.29E-01	-1.64E+00										
3.87E+03	-4.26E-01	-1.65E+00										
3.92E+03	-4.23E-01	-1.66E+00										
3.97E+03	-4.19E-01	-1.67E+00										
4.03E+03	-4.17E-01	-1.68E+00										
4.08E+03	-4.13E-01	-1.68E+00										
4.13E+03	-4.10E-01	-1.69E+00										
4.18E+03	-4.07E-01	-1.70E+00										
4.24E+03	-4.03E-01	-1.71E+00										
4.29E+03	-4.00E-01	-1.72E+00										
4.34E+03	-3.97E-01	-1.72E+00										
4.39E+03	-3.94E-01	-1.73E+00										
4.44E+03	-3.90E-01	-1.73E+00										
4.49E+03	-3.87E-01	-1.74E+00										
4.54E+03	-3.84E-01	-1.74E+00										
4.59E+03	-3.81E-01	-1.75E+00										
4.65E+03	-3.77E-01	-1.75E+00										
4.70E+03	-3.74E-01	-1.76E+00										
4.75E+03	-3.71E-01	-1.76E+00										
4.80E+03	-3.67E-01	-1.76E+00										
4.85E+03	-3.64E-01	-1.76E+00										
4.90E+03	-3.60E-01	-1.76E+00										
4.95E+03	-3.57E-01	-1.77E+00										
5.00E+03	-3.53E-01	-1.77E+00										
5.05E+03	-3.50E-01	-1.77E+00										
5.11E+03	-3.46E-01	-1.77E+00										
5.16E+03	-3.42E-01	-1.76E+00										
5.21E+03	-3.38E-01	-1.76E+00										
5.26E+03	-3.34E-01	-1.76E+00										
5.32E+03	-3.30E-01	-1.76E+00										
5.37E+03	-3.26E-01	-1.75E+00										
5.42E+03	-3.22E-01	-1.75E+00										
5.47E+03	-3.18E-01	-1.74E+00										
5.52E+03	-3.14E-01	-1.74E+00										
5.57E+03	-3.11E-01	-1.73E+00										
5.63E+03	-3.06E-01	-1.72E+00										
5.68E+03	-3.02E-01	-1.72E+00										
5.73E+03	-2.98E-01	-1.71E+00										
5.78E+03	-2.93E-01	-1.70E+00										
5.84E+03	-2.89E-01	-1.69E+00										
5.89E+03	-2.84E-01	-1.67E+00										
5.95E+03	-2.79E-01	-1.66E+00										
6.00E+03	-2.75E-01	-1.65E+00										
6.05E+03	-2.69E-01	-1.63E+00										
6.10E+03	-2.65E-01	-1.61E+00										
6.15E+03	-2.60E-01	-1.60E+00										
6.21E+03	-2.55E-01	-1.58E+00										
6.23E+03	-2.51E-01	-1.57E+00										
0.00E+00	-8.07E-01	0.00E+00										
0.00E+00	-9.02E-01	0.00E+00										
0.00E+00	-9.14E-01	0.00E+00										
0.00E+00	-9.20E-01	0.00E+00										
0.00E+00	-9.23E-01	0.00E+00										
0.00E+00	-9.27E-01	0.00E+00										
5.85E+01	-9.27E-01	-5.42E-02										
1.09E+02	-8.10E-01	-8.82E-02										
1.61E+02	-7.75E-01	-1.25E-01										
2.13E+02	-7.51E-01	-1.60E-01										
2.65E+02	-7.34E-01	-1.94E-01										
3.17E+02	-7.18E-01	-2.28E-01										
3.71E+02	-7.05E-01	-2.62E-01										
4.26E+02	-6.93E-01	-2.95E-01										
4.77E+02	-6.83E-01	-3.25E-01										
5.30E+02	-6.75E-01	-3.58E-01										
5.81E+02	-6.66E-01	-3.87E-01										
6.35E+02	-6.58E-01	-4.18E-01										
6.87E+02	-6.51E-01	-4.47E-01										
7.41E+02	-6.44E-01	-4.77E-01										
7.93E+02	-6.38E-01	-5.06E-01										
8.47E+02	-6.32E-01	-5.35E-01										
8.98E+02	-6.26E-01	-5.62E-01										
9.49E+02	-6.21E-01	-5.89E-01										
1.00E+03	-6.16E-01	-6.17E-01										
1.05E+03	-6.11E-01	-6.43E-01										
1.10E+03	-6.06E-01	-6.69E-01										
1.16E+03	-6.01E-01	-6.96E-01										
1.21E+03	-5.96E-01	-7.21E-01										
1.26E+03	-5.93E-01	-7.46E-01										
1.31E+03	-5.88E-01	-7.70E-01										
1.36E+03	-5.84E-01	-7.95E-01										
1.41E+03	-5.80E-01	-8.19E-01										
1.46E+03	-5.76E-01	-8.42E-01										
1.52E+03	-5.72E-01	-8.68E-01										
1.57E+03	-5.68E-01	-8.91E-01										
1.62E+03	-5.65E-01	-9.15E-01										
1.67E+03	-5.61E-01	-9.38E-01										
1.72E+03	-5.57E-01	-9.61E-01										
1.78E+03	-5.54E-01	-9.83E-01										
1.83E+03	-5.50E-01	-1.01E+00										
1.88E+03	-5.46E-01	-1.03E+00										
1.93E+03	-5.43E-01	-1.05E+00										
1.98E+03	-5.40E-01	-1.07E+00										
2.03E+03	-5.36E-01	-1.09E+00										
2.08E+03	-5.33E-01	-1.11E+00										
2.14E+03	-5.30E-01	-1.13E+00										
2.19E+03	-5.26E-01	-1.15E+00										
2.24E+03	-5.23E-01	-1.17E+00										
2.29E+03	-5.20E-01	-1.19E+00										
2.35E+03	-5.17E-01	-1.21E+00										
2.40E+03	-5.13E-01	-1.23E+00										
2.45E+03	-5.11E-01	-1.25E+00										
2.50E+03	-5.07E-01	-1.27E+00										
2.55E+03	-5.04E-01	-1.29E+00										
2.60E+03	-5.01E-01	-1.30E+00										
2.65E+03	-4.98E-01	-1.32E+00										
2.71E+03	-4.95E-01	-1.34E+00										
2.76E+03	-4.92E-01	-1.36E+00										
2.81E+03	-4.89E-01	-1.37E+00										
2.86E+03	-4.86E-01	-1.39E+00										
2.91E+03	-4.83E-01	-1.40E+00										
2.96E+03	-4.80E-01	-1.42E+00										
3.02E+03	-4.77E-01	-1.44E+00										
3.07E+03	-4.73E-01	-1.45E+00										
3.12E+03	-4.70E-01	-1.47E+00										
3.17E+03	-4.67E-01	-1.48E+00										
3.23E+03	-4.64E-01	-1.50E+00										
3.28E+03	-4.61E-01	-1.51E+00										
3.33E+03	-4.58E-01	-1.52E+00										
3.38E+03	-4.55E-01	-1.54E+00										
3.43E+03	-4.52E-01	-1.55E+00										
3.48E+03	-4.49E-01	-1.56E+00										
3.53E+03	-4.46E-01	-1.58E+00										
3.59E+03	-4.43E-01	-1.59E+00										
3.64E+03	-4.39E-01	-1.60E+00										
3.69E+03	-4.36E-01	-1.61E+00										
3.74E+03	-4.33E-01	-1.62E+00										
3.79E+03	-4.30E-01	-1.63E+00										
3.84E+03	-4.27E-01	-1.64E+00										
3.90E+03	-4.24E-01	-1.65E+00										
3.95E+03	-4.21E-01	-1.66E+00										
4.00E+03	-4.18E-01	-1.67E+00										
4.05E+03	-4.14E-01	-1.68E+00										
4.11E+03	-4.11E-01	-1.69E+00										
4.16E+03	-4.08E-01	-1.70E+00										
4.21E+03	-4.05E-01	-1.70E+00										
4.27E+03	-4.01E-01	-1.71E+00										
4.32E+03	-3.98E-01	-1.72E+00										
4.37E+03	-3.95E-01	-1.72E+00										
4.42E+03	-3.91E-01	-1.73E+00										
4.47E+03	-3.88E-01	-1.74E+00										
4.52E+03	-3.85E-01	-1.74E+00										
4.58E+03	-3.82E-01	-1.75E+00										
4.63E+03	-3.78E-01	-1.75E+00										
4.68E+03	-3.75E-01	-1.75E+00										
4.73E+03	-3.71E-01	-1.75E+00										
4.78E+03	-3.67E-01	-1.76E+00										
4.84E+03	-3.64E-01	-1.76E+00										
4.89E+03	-3.60E-01	-1.76E+00										
4.94E+03	-3.57E-01	-1.76E+00										
5.00E+03	-3.53E-01	-1.77E+00										
5.05E+03	-3.49E-01	-1.76E+00										
5.10E+03	-3.45E-01	-1.76E+00										
5.15E+03	-3.42E-01	-1.76E+00										
5.20E+03	-3.38E-01	-1.76E+00										
5.25E+03	-3.34E-01	-1.76E+00										
5.31E+03	-3.31E-01	-1.75E+00										
5.36E+03	-3.27E-01	-1.75E+00										
5.41E+03	-3.23E-01	-1.75E+00										
5.46E+03	-3.19E-01	-1.74E+00										
5.51E+03	-3.15E-01	-1.73E+00										
5.56E+03	-3.11E-01	-1.73E+00										
5.62E+03	-3.06E-01	-1.72E+00										
5.67E+03	-3.02E-01	-1.71E+00										
5.72E+03	-2.98E-01	-1.70E+00										
5.77E+03	-2.94E-01	-1.70E+00										
5.82E+03	-2.89E-01	-1.68E+00										
5.87E+03	-2.85E-01	-1.67E+00										
5.92E+03	-2.81E-01	-1.66E+00										
5.97E+03	-2.75E-01	-1.64E+00										
6.02E+03	-2.71E-01	-1.63E+00										
6.08E+03	-2.66E-01	-1.62E+00										
6.13E+03	-2.61E-01	-1.60E+00										
6.18E+03	-2.56E-01	-1.58E+00										
6.22E+03	-2.51E-01	-1.56E+00										
0.00E+00	-8.07E-01	0.00E+00										
0.00E+00	-9.03E-01	0.00E+00										
0.00E+00	-9.14E-01	0.00E+00										
0.00E+00	-9.20E-01	0.00E+00										
0.00E+00	-9.23E-01	0.00E+00										
0.00E+00	-9.27E-01	0.00E+00										
5.29E+01	-9.27E-01	-4.90E-02										
1.05E+02	-8.16E-01	-8.55E-02										
1.56E+02	-7.75E-01	-1.21E-01										
2.07E+02	-7.54E-01	-1.56E-01										
2.58E+02	-7.37E-01	-1.90E-01										
3.08E+02	-7.21E-01	-2.22E-01										
3.59E+02	-7.07E-01	-2.54E-01										
4.10E+02	-6.95E-01	-2.85E-01										
4.61E+02	-6.86E-01	-3.16E-01										
5.12E+02	-6.77E-01	-3.47E-01										
5.68E+02	-6.68E-01	-3.80E-01										
6.21E+02	-6.60E-01	-4.10E-01										
6.74E+02	-6.53E-01	-4.40E-01										
7.25E+02	-6.45E-01	-4.68E-01										
7.76E+02	-6.39E-01	-4.96E-01										
8.28E+02	-6.33E-01	-5.24E-01										
8.80E+02	-6.28E-01	-5.53E-01										
9.33E+02	-6.22E-01	-5.80E-01										
9.85E+02	-6.17E-01	-6.08E-01										
1.04E+03	-6.12E-01	-6.34E-01										
1.09E+03	-6.07E-01	-6.59E-01										
1.14E+03	-6.03E-01	-6.85E-01										
1.19E+03	-5.98E-01	-7.11E-01										
1.24E+03	-5.93E-01	-7.36E-01										
1.29E+03	-5.89E-01	-7.61E-01										
1.34E+03	-5.85E-01	-7.86E-01										
1.39E+03	-5.81E-01	-8.09E-01										
1.45E+03	-5.77E-01	-8.34E-01										
1.50E+03	-5.73E-01	-8.57E-01										
1.55E+03	-5.69E-01	-8.81E-01										
1.60E+03	-5.65E-01	-9.05E-01										
1.65E+03	-5.62E-01	-9.28E-01										
1.70E+03	-5.58E-01	-9.51E-01										
1.76E+03	-5.54E-01	-9.74E-01										
1.81E+03	-5.51E-01	-9.96E-01										
1.86E+03	-5.47E-01	-1.02E+00										
1.91E+03	-5.44E-01	-1.04E+00										
1.96E+03	-5.40E-01	-1.06E+00										
2.01E+03	-5.37E-01	-1.08E+00										
2.06E+03	-5.34E-01	-1.10E+00										
2.12E+03	-5.30E-01	-1.12E+00										
2.17E+03	-5.27E-01	-1.14E+00										
2.22E+03	-5.24E-01	-1.16E+00										
2.27E+03	-5.21E-01	-1.18E+00										
2.32E+03	-5.18E-01	-1.20E+00										
2.37E+03	-5.14E-01	-1.22E+00										
2.43E+03	-5.11E-01	-1.24E+00										
2.48E+03	-5.08E-01	-1.26E+00										
2.53E+03	-5.05E-01	-1.28E+00										
2.58E+03	-5.02E-01	-1.29E+00										
2.63E+03	-4.99E-01	-1.31E+00										
2.68E+03	-4.96E-01	-1.33E+00										
2.73E+03	-4.93E-01	-1.35E+00										
2.78E+03	-4.89E-01	-1.36E+00										
2.83E+03	-4.86E-01	-1.38E+00										
2.89E+03	-4.84E-01	-1.40E+00										
2.94E+03	-4.80E-01	-1.41E+00										
2.99E+03	-4.77E-01	-1.43E+00										
3.05E+03	-4.74E-01	-1.44E+00										
3.10E+03	-4.71E-01	-1.46E+00										
3.15E+03	-4.68E-01	-1.47E+00										
3.21E+03	-4.64E-01	-1.49E+00										
3.26E+03	-4.61E-01	-1.50E+00										
3.31E+03	-4.58E-01	-1.52E+00										
3.36E+03	-4.55E-01	-1.53E+00										
3.41E+03	-4.52E-01	-1.54E+00										
3.46E+03	-4.49E-01	-1.56E+00										
3.52E+03	-4.46E-01	-1.57E+00										
3.57E+03	-4.43E-01	-1.58E+00										
3.62E+03	-4.40E-01	-1.59E+00										
3.67E+03	-4.37E-01	-1.60E+00										
3.72E+03	-4.34E-01	-1.61E+00										
3.78E+03	-4.30E-01	-1.63E+00										
3.83E+03	-4.27E-01	-1.64E+00										
3.88E+03	-4.24E-01	-1.65E+00										
3.94E+03	-4.20E-01	-1.65E+00										
3.99E+03	-4.17E-01	-1.66E+00										
4.04E+03	-4.14E-01	-1.67E+00										
4.10E+03	-4.11E-01	-1.68E+00										
4.15E+03	-4.07E-01	-1.69E+00										
4.20E+03	-4.04E-01	-1.70E+00										
4.25E+03	-4.01E-01	-1.70E+00										
4.30E+03	-3.98E-01	-1.71E+00										
4.35E+03	-3.95E-01	-1.72E+00										
4.41E+03	-3.91E-01	-1.72E+00										
4.46E+03	-3.88E-01	-1.73E+00										
4.51E+03	-3.85E-01	-1.73E+00										
4.56E+03	-3.81E-01	-1.74E+00										
4.61E+03	-3.78E-01	-1.74E+00										
4.66E+03	-3.74E-01	-1.75E+00										
4.71E+03	-3.71E-01	-1.75E+00										
4.77E+03	-3.68E-01	-1.75E+00										
4.82E+03	-3.64E-01	-1.75E+00										
4.87E+03	-3.61E-01	-1.76E+00										
4.92E+03	-3.57E-01	-1.76E+00										
4.97E+03	-3.54E-01	-1.76E+00										
5.02E+03	-3.50E-01	-1.76E+00										
5.07E+03	-3.46E-01	-1.76E+00										
5.13E+03	-3.42E-01	-1.76E+00										
5.18E+03	-3.39E-01	-1.75E+00										
5.23E+03	-3.35E-01	-1.75E+00										
5.28E+03	-3.31E-01	-1.75E+00										
5.33E+03	-3.27E-01	-1.74E+00										
5.38E+03	-3.23E-01	-1.74E+00										
5.43E+03	-3.19E-01	-1.74E+00										
5.49E+03	-3.15E-01	-1.73E+00										
5.54E+03	-3.11E-01	-1.72E+00										
5.59E+03	-3.08E-01	-1.72E+00										
5.64E+03	-3.03E-01	-1.71E+00										
5.69E+03	-2.98E-01	-1.70E+00										
5.74E+03	-2.94E-01	-1.69E+00										
5.79E+03	-2.90E-01	-1.68E+00										
5.84E+03	-2.86E-01	-1.67E+00										
5.90E+03	-2.80E-01	-1.65E+00										
5.95E+03	-2.76E-01	-1.64E+00										
6.00E+03	-2.71E-01	-1.63E+00										
6.05E+03	-2.66E-01	-1.61E+00										
6.10E+03	-2.62E-01	-1.60E+00										
6.15E+03	-2.57E-01	-1.58E+00										
6.20E+03	-2.52E-01	-1.56E+00										
6.20E+03	-2.52E-01	-1.56E+00										
0.00E+00	-8.07E-01	0.00E+00										
0.00E+00	-9.03E-01	0.00E+00										
0.00E+00	-9.14E-01	0.00E+00										
0.00E+00	-9.20E-01	0.00E+00										
0.00E+00	-9.23E-01	0.00E+00										
0.00E+00	-9.27E-01	0.00E+00										
4.58E+01	-9.27E-01	-4.24E-02										
9.72E+01	-8.27E-01	-8.04E-02										
1.50E+02	-7.79E-01	-1.17E-01										
2.00E+02	-7.56E-01	-1.51E-01										
2.55E+02	-7.36E-01	-1.88E-01										
3.06E+02	-7.22E-01	-2.21E-01										
3.59E+02	-7.07E-01	-2.54E-01										
4.10E+02	-6.96E-01	-2.85E-01										
4.61E+02	-6.86E-01	-3.16E-01										
5.13E+02	-6.76E-01	-3.47E-01										
5.64E+02	-6.67E-01	-3.76E-01										
6.15E+02	-6.60E-01	-4.06E-01										
6.67E+02	-6.53E-01	-4.36E-01										
7.19E+02	-6.46E-01	-4.65E-01										
7.69E+02	-6.40E-01	-4.92E-01										
8.21E+02	-6.34E-01	-5.20E-01										
8.73E+02	-6.29E-01	-5.49E-01										
9.25E+02	-6.22E-01	-5.76E-01										
9.76E+02	-6.18E-01	-6.03E-01										
1.03E+03	-6.12E-01	-6.30E-01										
1.08E+03	-6.08E-01	-6.56E-01										
1.13E+03	-6.03E-01	-6.83E-01										
1.18E+03	-5.98E-01	-7.08E-01										
1.24E+03	-5.94E-01	-7.34E-01										
1.29E+03	-5.89E-01	-7.60E-01										
1.34E+03	-5.85E-01	-7.84E-01										
1.40E+03	-5.81E-01	-8.11E-01										
1.45E+03	-5.77E-01	-8.35E-01										
1.50E+03	-5.73E-01	-8.58E-01										
1.55E+03	-5.69E-01	-8.83E-01										
1.61E+03	-5.65E-01	-9.07E-01										
1.66E+03	-5.61E-01	-9.32E-01										
1.71E+03	-5.57E-01	-9.55E-01										
1.77E+03	-5.53E-01	-9.77E-01										
1.82E+03	-5.50E-01	-9.98E-01										
1.87E+03	-5.46E-01	-1.02E+00										
1.93E+03	-5.43E-01	-1.04E+00										
1.98E+03	-5.39E-01	-1.07E+00										
2.04E+03	-5.35E-01	-1.09E+00										
2.09E+03	-5.32E-01	-1.11E+00										
2.14E+03	-5.29E-01	-1.13E+00										
2.19E+03	-5.25E-01	-1.15E+00										
2.24E+03	-5.22E-01	-1.17E+00										
2.29E+03	-5.19E-01	-1.19E+00										
2.35E+03	-5.16E-01	-1.21E+00										
2.40E+03	-5.12E-01	-1.23E+00										
2.45E+03	-5.09E-01	-1.25E+00										
2.50E+03	-5.06E-01	-1.27E+00										
2.55E+03	-5.03E-01	-1.28E+00										
2.60E+03	-5.00E-01	-1.30E+00										
2.65E+03	-4.97E-01	-1.32E+00										
2.70E+03	-4.94E-01	-1.33E+00										
2.76E+03	-4.90E-01	-1.35E+00										
2.81E+03	-4.87E-01	-1.37E+00										
2.86E+03	-4.84E-01	-1.39E+00										
2.91E+03	-4.81E-01	-1.40E+00										
2.96E+03	-4.78E-01	-1.42E+00										
3.02E+03	-4.75E-01	-1.43E+00										
3.07E+03	-4.72E-01	-1.45E+00										
3.12E+03	-4.69E-01	-1.46E+00										
3.17E+03	-4.66E-01	-1.48E+00										
3.22E+03	-4.63E-01	-1.49E+00										
3.28E+03	-4.60E-01	-1.51E+00										
3.33E+03	-4.57E-01	-1.52E+00										
3.38E+03	-4.54E-01	-1.53E+00										
3.43E+03	-4.50E-01	-1.54E+00										
3.48E+03	-4.48E-01	-1.56E+00										
3.53E+03	-4.45E-01	-1.57E+00										
3.58E+03	-4.41E-01	-1.58E+00										
3.63E+03	-4.38E-01	-1.59E+00										
3.69E+03	-4.35E-01	-1.60E+00										
3.74E+03	-4.32E-01	-1.61E+00										
3.79E+03	-4.29E-01	-1.63E+00										
3.84E+03	-4.26E-01	-1.64E+00										
3.89E+03	-4.23E-01	-1.64E+00										
3.94E+03	-4.19E-01	-1.65E+00										
3.99E+03	-4.17E-01	-1.66E+00										
4.04E+03	-4.13E-01	-1.67E+00										
4.09E+03	-4.10E-01	-1.68E+00										
4.15E+03	-4.07E-01	-1.69E+00										
4.20E+03	-4.04E-01	-1.70E+00										
4.25E+03	-4.01E-01	-1.70E+00										
4.30E+03	-3.97E-01	-1.71E+00										
4.35E+03	-3.94E-01	-1.72E+00										
4.40E+03	-3.91E-01	-1.72E+00										
4.46E+03	-3.88E-01	-1.73E+00										
4.51E+03	-3.84E-01	-1.73E+00										
4.56E+03	-3.81E-01	-1.74E+00										
4.61E+03	-3.78E-01	-1.74E+00										
4.66E+03	-3.74E-01	-1.75E+00										
4.71E+03	-3.71E-01	-1.75E+00										
4.77E+03	-3.67E-01	-1.75E+00										
4.82E+03	-3.64E-01	-1.76E+00										
4.88E+03	-3.60E-01	-1.75E+00										
4.93E+03	-3.56E-01	-1.75E+00										
4.98E+03	-3.53E-01	-1.76E+00										
5.03E+03	-3.49E-01	-1.76E+00										
5.08E+03	-3.45E-01	-1.76E+00										
5.13E+03	-3.42E-01	-1.76E+00										
5.19E+03	-3.38E-01	-1.76E+00										
5.24E+03	-3.34E-01	-1.75E+00										
5.29E+03	-3.30E-01	-1.75E+00										
5.35E+03	-3.27E-01	-1.75E+00										
5.40E+03	-3.22E-01	-1.74E+00										
5.45E+03	-3.17E-01	-1.73E+00										
5.50E+03	-3.14E-01	-1.73E+00										
5.56E+03	-3.10E-01	-1.72E+00										
5.61E+03	-3.06E-01	-1.71E+00										
5.66E+03	-3.01E-01	-1.70E+00										
5.71E+03	-2.96E-01	-1.69E+00										
5.76E+03	-2.92E-01	-1.68E+00										
5.81E+03	-2.88E-01	-1.67E+00										
5.86E+03	-2.84E-01	-1.66E+00										
5.91E+03	-2.79E-01	-1.65E+00										
5.97E+03	-2.74E-01	-1.63E+00										
6.02E+03	-2.69E-01	-1.62E+00										
6.07E+03	-2.64E-01	-1.60E+00										
6.12E+03	-2.59E-01	-1.59E+00										
6.18E+03	-2.54E-01	-1.57E+00										
6.19E+03	-2.51E-01	-1.56E+00										
0.00E+00	-8.07E-01	0.00E+00										
0.00E+00	-9.03E-01	0.00E+00										
0.00E+00	-9.15E-01	0.00E+00										
0.00E+00	-9.20E-01	0.00E+00										
0.00E+00	-9.24E-01	0.00E+00										
0.00E+00	-9.27E-01	0.00E+00										
4.32E+01	-9.27E-01	-4.01E-02										
9.36E+01	-8.33E-01	-7.80E-02										
1.44E+02	-7.83E-01	-1.13E-01										
1.95E+02	-7.58E-01	-1.48E-01										
2.47E+02	-7.39E-01	-1.83E-01										
2.98E+02	-7.23E-01	-2.16E-01										
3.49E+02	-7.09E-01	-2.47E-01										
4.00E+02	-6.98E-01	-2.79E-01										
4.52E+02	-6.87E-01	-3.10E-01										
5.05E+02	-6.78E-01	-3.42E-01										
5.55E+02	-6.69E-01	-3.72E-01										
6.06E+02	-6.61E-01	-4.01E-01										
6.57E+02	-6.54E-01	-4.30E-01										
7.08E+02	-6.48E-01	-4.59E-01										
7.59E+02	-6.41E-01	-4.86E-01										
8.10E+02	-6.35E-01	-5.14E-01										
8.60E+02	-6.29E-01	-5.42E-01										
9.11E+02	-6.24E-01	-5.68E-01										
9.61E+02	-6.18E-01	-5.94E-01										
1.01E+03	-6.14E-01	-6.21E-01										
1.06E+03	-6.09E-01	-6.48E-01										
1.12E+03	-6.04E-01	-6.73E-01										
1.17E+03	-6.00E-01	-6.99E-01										
1.22E+03	-5.95E-01	-7.24E-01										
1.27E+03	-5.91E-01	-7.49E-01										
1.32E+03	-5.86E-01	-7.73E-01										
1.37E+03	-5.82E-01	-7.97E-01										
1.42E+03	-5.78E-01	-8.22E-01										
1.47E+03	-5.74E-01	-8.45E-01										
1.52E+03	-5.70E-01	-8.69E-01										
1.58E+03	-5.66E-01	-8.97E-01										
1.63E+03	-5.62E-01	-9.19E-01										
1.68E+03	-5.59E-01	-9.41E-01										
1.74E+03	-5.55E-01	-9.63E-01										
1.79E+03	-5.51E-01	-9.85E-01										
1.84E+03	-5.48E-01	-1.01E+00										
1.89E+03	-5.44E-01	-1.03E+00										
1.94E+03	-5.41E-01	-1.05E+00										
1.99E+03	-5.38E-01	-1.07E+00										
2.04E+03	-5.35E-01	-1.09E+00										
2.09E+03	-5.31E-01	-1.11E+00										
2.15E+03	-5.28E-01	-1.13E+00										
2.20E+03	-5.24E-01	-1.15E+00										
2.25E+03	-5.21E-01	-1.17E+00										
2.31E+03	-5.18E-01	-1.19E+00										
2.36E+03	-5.14E-01	-1.21E+00										
2.41E+03	-5.11E-01	-1.23E+00										
2.47E+03	-5.08E-01	-1.25E+00										
2.52E+03	-5.04E-01	-1.27E+00										
2.57E+03	-5.01E-01	-1.29E+00										
2.62E+03	-4.98E-01	-1.31E+00										
2.68E+03	-4.95E-01	-1.32E+00										
2.73E+03	-4.92E-01	-1.34E+00										
2.78E+03	-4.89E-01	-1.36E+00										
2.83E+03	-4.85E-01	-1.37E+00										
2.88E+03	-4.82E-01	-1.39E+00										
2.93E+03	-4.79E-01	-1.41E+00										
2.99E+03	-4.76E-01	-1.42E+00										
3.04E+03	-4.73E-01	-1.44E+00										
3.09E+03	-4.70E-01	-1.45E+00										
3.14E+03	-4.67E-01	-1.47E+00										
3.19E+03	-4.64E-01	-1.48E+00										
3.24E+03	-4.61E-01	-1.49E+00										
3.29E+03	-4.58E-01	-1.51E+00										
3.34E+03	-4.55E-01	-1.52E+00										
3.39E+03	-4.52E-01	-1.53E+00										
3.44E+03	-4.49E-01	-1.55E+00										
3.49E+03	-4.46E-01	-1.56E+00										
3.55E+03	-4.43E-01	-1.57E+00										
3.60E+03	-4.40E-01	-1.58E+00										
3.65E+03	-4.36E-01	-1.59E+00										
3.70E+03	-4.33E-01	-1.60E+00										
3.75E+03	-4.30E-01	-1.62E+00										
3.81E+03	-4.27E-01	-1.63E+00										
3.86E+03	-4.24E-01	-1.64E+00										
3.91E+03	-4.21E-01	-1.65E+00										
3.96E+03	-4.17E-01	-1.65E+00										
4.01E+03	-4.14E-01	-1.66E+00										
4.07E+03	-4.11E-01	-1.67E+00										
4.12E+03	-4.08E-01	-1.68E+00										
4.17E+03	-4.04E-01	-1.69E+00										
4.22E+03	-4.01E-01	-1.69E+00										
4.27E+03	-3.98E-01	-1.70E+00										
4.33E+03	-3.95E-01	-1.71E+00										
4.38E+03	-3.92E-01	-1.71E+00										
4.43E+03	-3.88E-01	-1.72E+00										
4.48E+03	-3.85E-01	-1.72E+00										
4.53E+03	-3.82E-01	-1.73E+00										
4.58E+03	-3.78E-01	-1.73E+00										
4.63E+03	-3.75E-01	-1.74E+00										
4.68E+03	-3.71E-01	-1.74E+00										
4.74E+03	-3.68E-01	-1.74E+00										
4.79E+03	-3.64E-01	-1.74E+00										
4.84E+03	-3.61E-01	-1.75E+00										
4.89E+03	-3.57E-01	-1.75E+00										
4.94E+03	-3.54E-01	-1.75E+00										
4.99E+03	-3.50E-01	-1.75E+00										
5.05E+03	-3.46E-01	-1.75E+00										
5.10E+03	-3.42E-01	-1.74E+00										
5.15E+03	-3.38E-01	-1.74E+00										
5.20E+03	-3.35E-01	-1.74E+00										
5.25E+03	-3.31E-01	-1.74E+00										
5.30E+03	-3.27E-01	-1.74E+00										
5.36E+03	-3.23E-01	-1.73E+00										
5.41E+03	-3.19E-01	-1.73E+00										
5.46E+03	-3.15E-01	-1.72E+00										
5.51E+03	-3.11E-01	-1.71E+00										
5.56E+03	-3.07E-01	-1.71E+00										
5.61E+03	-3.02E-01	-1.70E+00										
5.66E+03	-2.98E-01	-1.69E+00										
5.72E+03	-2.94E-01	-1.68E+00										
5.77E+03	-2.90E-01	-1.67E+00										
5.82E+03	-2.85E-01	-1.66E+00										
5.87E+03	-2.80E-01	-1.65E+00										
5.92E+03	-2.76E-01	-1.64E+00										
5.97E+03	-2.72E-01	-1.62E+00										
6.03E+03	-2.67E-01	-1.61E+00										
6.08E+03	-2.62E-01	-1.59E+00										
6.13E+03	-2.57E-01	-1.57E+00										
6.18E+03	-2.51E-01	-1.55E+00										
6.17E+03	-2.51E-01	-1.55E+00										
0.00E+00	-8.06E-01	0.00E+00										
0.00E+00	-9.03E-01	0.00E+00										
0.00E+00	-9.15E-01	0.00E+00										
0.00E+00	-9.20E-01	0.00E+00										
0.00E+00	-9.23E-01	0.00E+00										
0.00E+00	-9.27E-01	0.00E+00										
4.98E+01	-9.27E-01	-4.62E-02										
1.02E+02	-8.21E-01	-8.39E-02										
1.53E+02	-7.79E-01	-1.19E-01										
2.04E+02	-7.55E-01	-1.54E-01										
2.55E+02	-7.36E-01	-1.87E-01										
3.05E+02	-7.21E-01	-2.20E-01										
3.57E+02	-7.08E-01	-2.53E-01										
4.08E+02	-6.97E-01	-2.84E-01										
4.59E+02	-6.85E-01	-3.15E-01										
5.11E+02	-6.77E-01	-3.46E-01										
5.62E+02	-6.68E-01	-3.75E-01										
6.16E+02	-6.60E-01	-4.07E-01										
6.67E+02	-6.53E-01	-4.36E-01										
7.19E+02	-6.46E-01	-4.65E-01										
7.71E+02	-6.40E-01	-4.93E-01										
8.22E+02	-6.33E-01	-5.20E-01										
8.73E+02	-6.28E-01	-5.48E-01										
9.25E+02	-6.23E-01	-5.76E-01										
9.76E+02	-6.17E-01	-6.02E-01										
1.03E+03	-6.12E-01	-6.28E-01										
1.08E+03	-6.08E-01	-6.54E-01										
1.13E+03	-6.02E-01	-6.80E-01										
1.18E+03	-5.98E-01	-7.06E-01										
1.23E+03	-5.93E-01	-7.31E-01										
1.28E+03	-5.89E-01	-7.55E-01										
1.33E+03	-5.85E-01	-7.80E-01										
1.39E+03	-5.81E-01	-8.05E-01										
1.44E+03	-5.77E-01	-8.29E-01										
1.49E+03	-5.73E-01	-8.52E-01										
1.54E+03	-5.69E-01	-8.76E-01										
1.59E+03	-5.65E-01	-8.98E-01										
1.64E+03	-5.61E-01	-9.22E-01										
1.69E+03	-5.58E-01	-9.44E-01										
1.74E+03	-5.54E-01	-9.66E-01										
1.80E+03	-5.51E-01	-9.89E-01										
1.85E+03	-5.47E-01	-1.01E+00										
1.90E+03	-5.44E-01	-1.03E+00										
1.95E+03	-5.40E-01	-1.05E+00										
2.00E+03	-5.37E-01	-1.07E+00										
2.05E+03	-5.34E-01	-1.09E+00										
2.10E+03	-5.30E-01	-1.12E+00										
2.15E+03	-5.27E-01	-1.13E+00										
2.21E+03	-5.23E-01	-1.15E+00										
2.26E+03	-5.20E-01	-1.18E+00										
2.31E+03	-5.17E-01	-1.19E+00										
2.36E+03	-5.14E-01	-1.21E+00										
2.41E+03	-5.11E-01	-1.23E+00										
2.46E+03	-5.07E-01	-1.25E+00										
2.51E+03	-5.04E-01	-1.27E+00										
2.56E+03	-5.01E-01	-1.29E+00										
2.62E+03	-4.98E-01	-1.30E+00										
2.67E+03	-4.95E-01	-1.32E+00										
2.72E+03	-4.92E-01	-1.34E+00										
2.77E+03	-4.89E-01	-1.36E+00										
2.83E+03	-4.85E-01	-1.37E+00										
2.88E+03	-4.82E-01	-1.39E+00										
2.93E+03	-4.79E-01	-1.40E+00										
2.98E+03	-4.76E-01	-1.42E+00										
3.03E+03	-4.73E-01	-1.43E+00										
3.08E+03	-4.70E-01	-1.45E+00										
3.13E+03	-4.67E-01	-1.46E+00										
3.18E+03	-4.64E-01	-1.48E+00										
3.24E+03	-4.61E-01	-1.49E+00										
3.29E+03	-4.58E-01	-1.50E+00										
3.34E+03	-4.55E-01	-1.52E+00										
3.39E+03	-4.52E-01	-1.53E+00										
3.44E+03	-4.49E-01	-1.54E+00										
3.49E+03	-4.46E-01	-1.56E+00										
3.54E+03	-4.42E-01	-1.57E+00										
3.60E+03	-4.39E-01	-1.58E+00										
3.66E+03	-4.36E-01	-1.59E+00										
3.71E+03	-4.33E-01	-1.60E+00										
3.76E+03	-4.30E-01	-1.62E+00										
3.81E+03	-4.27E-01	-1.62E+00										
3.86E+03	-4.23E-01	-1.63E+00										
3.91E+03	-4.20E-01	-1.64E+00										
3.97E+03	-4.17E-01	-1.65E+00										
4.02E+03	-4.14E-01	-1.66E+00										
4.08E+03	-4.11E-01	-1.67E+00										
4.13E+03	-4.07E-01	-1.68E+00										
4.18E+03	-4.04E-01	-1.69E+00										
4.23E+03	-4.01E-01	-1.69E+00										
4.28E+03	-3.97E-01	-1.70E+00										
4.33E+03	-3.94E-01	-1.71E+00										
4.38E+03	-3.91E-01	-1.71E+00										
4.43E+03	-3.87E-01	-1.72E+00										
4.48E+03	-3.84E-01	-1.72E+00										
4.54E+03	-3.81E-01	-1.73E+00										
4.59E+03	-3.77E-01	-1.73E+00										
4.64E+03	-3.74E-01	-1.73E+00										
4.69E+03	-3.70E-01	-1.74E+00										
4.74E+03	-3.67E-01	-1.74E+00										
4.79E+03	-3.64E-01	-1.74E+00										
4.85E+03	-3.60E-01	-1.75E+00										
4.90E+03	-3.56E-01	-1.75E+00										
4.95E+03	-3.53E-01	-1.75E+00										
5.01E+03	-3.49E-01	-1.75E+00										
5.06E+03	-3.45E-01	-1.75E+00										
5.11E+03	-3.41E-01	-1.74E+00										
5.16E+03	-3.38E-01	-1.74E+00										
5.21E+03	-3.34E-01	-1.74E+00										
5.26E+03	-3.30E-01	-1.74E+00										
5.32E+03	-3.26E-01	-1.73E+00										
5.37E+03	-3.22E-01	-1.73E+00										
5.42E+03	-3.18E-01	-1.73E+00										
5.47E+03	-3.14E-01	-1.72E+00										
5.53E+03	-3.10E-01	-1.71E+00										
5.58E+03	-3.06E-01	-1.70E+00										
5.63E+03	-3.01E-01	-1.70E+00										
5.68E+03	-2.97E-01	-1.69E+00										
5.73E+03	-2.93E-01	-1.68E+00										
5.78E+03	-2.89E-01	-1.67E+00										
5.83E+03	-2.84E-01	-1.66E+00										
5.88E+03	-2.79E-01	-1.64E+00										
5.94E+03	-2.75E-01	-1.63E+00										
5.99E+03	-2.70E-01	-1.62E+00										
6.04E+03	-2.65E-01	-1.60E+00										
6.09E+03	-2.60E-01	-1.59E+00										
6.14E+03	-2.56E-01	-1.57E+00										
6.17E+03	-2.51E-01	-1.55E+00										
0.00E+00	-8.06E-01	0.00E+00										
0.00E+00	-9.03E-01	0.00E+00										
0.00E+00	-9.15E-01	0.00E+00										
0.00E+00	-9.20E-01	0.00E+00										
0.00E+00	-9.24E-01	0.00E+00										
0.00E+00	-9.27E-01	0.00E+00										
5.19E+01	-9.27E-01	-4.81E-02										
1.02E+02	-8.18E-01	-8.37E-02										
1.53E+02	-7.77E-01	-1.19E-01										
2.03E+02	-7.55E-01	-1.53E-01										
2.56E+02	-7.35E-01	-1.88E-01										
3.06E+02	-7.20E-01	-2.20E-01										
3.57E+02	-7.07E-01	-2.52E-01										
4.09E+02	-6.96E-01	-2.85E-01										
4.62E+02	-6.86E-01	-3.17E-01										
5.14E+02	-6.76E-01	-3.47E-01										
5.65E+02	-6.68E-01	-3.77E-01										
6.16E+02	-6.60E-01	-4.06E-01										
6.66E+02	-6.53E-01	-4.35E-01										
7.19E+02	-6.46E-01	-4.65E-01										
7.71E+02	-6.39E-01	-4.93E-01										
8.22E+02	-6.33E-01	-5.21E-01										
8.73E+02	-6.28E-01	-5.48E-01										
9.25E+02	-6.23E-01	-5.76E-01										
9.76E+02	-6.17E-01	-6.02E-01										
1.03E+03	-6.12E-01	-6.28E-01										
1.08E+03	-6.07E-01	-6.54E-01										
1.13E+03	-6.02E-01	-6.80E-01										
1.18E+03	-5.98E-01	-7.05E-01										
1.23E+03	-5.94E-01	-7.30E-01										
1.28E+03	-5.89E-01	-7.54E-01										
1.33E+03	-5.85E-01	-7.79E-01										
1.38E+03	-5.81E-01	-8.03E-01										
1.44E+03	-5.77E-01	-8.28E-01										
1.49E+03	-5.73E-01	-8.52E-01										
1.54E+03	-5.69E-01	-8.75E-01										
1.59E+03	-5.65E-01	-8.97E-01										
1.64E+03	-5.62E-01	-9.21E-01										
1.70E+03	-5.58E-01	-9.46E-01										
1.75E+03	-5.54E-01	-9.68E-01										
1.80E+03	-5.51E-01	-9.89E-01										
1.85E+03	-5.47E-01	-1.01E+00										
1.90E+03	-5.43E-01	-1.03E+00										
1.95E+03	-5.40E-01	-1.06E+00										
2.01E+03	-5.37E-01	-1.08E+00										
2.06E+03	-5.33E-01	-1.10E+00										
2.11E+03	-5.30E-01	-1.12E+00										
2.16E+03	-5.27E-01	-1.14E+00										
2.21E+03	-5.24E-01	-1.16E+00										
2.26E+03	-5.20E-01	-1.18E+00										
2.31E+03	-5.17E-01	-1.20E+00										
2.36E+03	-5.14E-01	-1.22E+00										
2.42E+03	-5.11E-01	-1.23E+00										
2.47E+03	-5.08E-01	-1.25E+00										
2.52E+03	-5.04E-01	-1.27E+00										
2.57E+03	-5.01E-01	-1.29E+00										
2.62E+03	-4.98E-01	-1.31E+00										
2.68E+03	-4.95E-01	-1.32E+00										
2.73E+03	-4.92E-01	-1.34E+00										
2.78E+03	-4.88E-01	-1.36E+00										
2.83E+03	-4.85E-01	-1.38E+00										
2.89E+03	-4.82E-01	-1.39E+00										
2.94E+03	-4.79E-01	-1.41E+00										
2.99E+03	-4.76E-01	-1.42E+00										
3.04E+03	-4.73E-01	-1.44E+00										
3.10E+03	-4.70E-01	-1.45E+00										
3.15E+03	-4.66E-01	-1.47E+00										
3.20E+03	-4.64E-01	-1.48E+00										
3.25E+03	-4.61E-01	-1.50E+00										
3.30E+03	-4.58E-01	-1.51E+00										
3.35E+03	-4.54E-01	-1.52E+00										
3.40E+03	-4.52E-01	-1.54E+00										
3.46E+03	-4.48E-01	-1.55E+00										
3.51E+03	-4.45E-01	-1.56E+00										
3.56E+03	-4.42E-01	-1.57E+00										
3.61E+03	-4.39E-01	-1.58E+00										
3.66E+03	-4.36E-01	-1.60E+00										
3.71E+03	-4.33E-01	-1.61E+00										
3.77E+03	-4.29E-01	-1.62E+00										
3.82E+03	-4.26E-01	-1.63E+00										
3.87E+03	-4.23E-01	-1.64E+00										
3.93E+03	-4.20E-01	-1.65E+00										
3.98E+03	-4.16E-01	-1.66E+00										
4.03E+03	-4.13E-01	-1.67E+00										
4.08E+03	-4.10E-01	-1.68E+00										
4.13E+03	-4.07E-01	-1.68E+00										
4.19E+03	-4.04E-01	-1.69E+00										
4.24E+03	-4.00E-01	-1.70E+00										
4.29E+03	-3.97E-01	-1.70E+00										
4.34E+03	-3.94E-01	-1.71E+00										
4.39E+03	-3.91E-01	-1.72E+00										
4.44E+03	-3.87E-01	-1.72E+00										
4.50E+03	-3.84E-01	-1.73E+00										
4.55E+03	-3.81E-01	-1.73E+00										
4.60E+03	-3.77E-01	-1.73E+00										
4.65E+03	-3.74E-01	-1.74E+00										
4.71E+03	-3.71E-01	-1.74E+00										
4.76E+03	-3.67E-01	-1.75E+00										
4.81E+03	-3.63E-01	-1.75E+00										
4.86E+03	-3.60E-01	-1.75E+00										
4.91E+03	-3.56E-01	-1.75E+00										
4.96E+03	-3.53E-01	-1.75E+00										
5.02E+03	-3.49E-01	-1.75E+00										
5.07E+03	-3.45E-01	-1.75E+00										
5.12E+03	-3.42E-01	-1.75E+00										
5.17E+03	-3.38E-01	-1.75E+00										
5.22E+03	-3.34E-01	-1.74E+00										
5.27E+03	-3.30E-01	-1.74E+00										
5.33E+03	-3.26E-01	-1.74E+00										
5.38E+03	-3.22E-01	-1.73E+00										
5.43E+03	-3.18E-01	-1.73E+00										
5.48E+03	-3.14E-01	-1.72E+00										
5.54E+03	-3.10E-01	-1.72E+00										
5.59E+03	-3.06E-01	-1.71E+00										
5.64E+03	-3.02E-01	-1.70E+00										
5.69E+03	-2.97E-01	-1.69E+00										
5.74E+03	-2.93E-01	-1.68E+00										
5.79E+03	-2.89E-01	-1.67E+00										
5.84E+03	-2.84E-01	-1.66E+00										
5.89E+03	-2.80E-01	-1.65E+00										
5.95E+03	-2.75E-01	-1.64E+00										
6.00E+03	-2.70E-01	-1.62E+00										
6.05E+03	-2.65E-01	-1.61E+00										
6.10E+03	-2.61E-01	-1.59E+00										
6.15E+03	-2.55E-01	-1.57E+00										
6.19E+03	-2.51E-01	-1.56E+00										
0.00E+00	-8.06E-01	0.00E+00										
0.00E+00	-9.03E-01	0.00E+00										
0.00E+00	-9.14E-01	0.00E+00										
0.00E+00	-9.20E-01	0.00E+00										
0.00E+00	-9.24E-01	0.00E+00										
0.00E+00	-9.27E-01	0.00E+00										
4.83E+01	-9.27E-01	-4.48E-02										
1.01E+02	-8.28E-01	-8.38E-02										
1.52E+02	-7.79E-01	-1.19E-01										
2.03E+02	-7.55E-01	-1.53E-01										
2.54E+02	-7.37E-01	-1.87E-01										
3.06E+02	-7.21E-01	-2.21E-01										
3.57E+02	-7.07E-01	-2.53E-01										
4.09E+02	-6.96E-01	-2.84E-01										
4.61E+02	-6.85E-01	-3.16E-01										
5.12E+02	-6.76E-01	-3.46E-01										
5.62E+02	-6.68E-01	-3.76E-01										
6.15E+02	-6.60E-01	-4.06E-01										
6.69E+02	-6.53E-01	-4.37E-01										
7.23E+02	-6.46E-01	-4.67E-01										
7.75E+02	-6.39E-01	-4.95E-01										
8.25E+02	-6.33E-01	-5.23E-01										
8.79E+02	-6.28E-01	-5.52E-01										
9.30E+02	-6.23E-01	-5.79E-01										
9.82E+02	-6.17E-01	-6.06E-01										
1.04E+03	-6.12E-01	-6.34E-01										
1.09E+03	-6.07E-01	-6.60E-01										
1.14E+03	-6.03E-01	-6.87E-01										
1.19E+03	-5.98E-01	-7.14E-01										
1.25E+03	-5.94E-01	-7.40E-01										
1.30E+03	-5.89E-01	-7.65E-01										
1.35E+03	-5.85E-01	-7.90E-01										
1.40E+03	-5.81E-01	-8.14E-01										
1.45E+03	-5.77E-01	-8.39E-01										
1.51E+03	-5.73E-01	-8.65E-01										
1.56E+03	-5.70E-01	-8.88E-01										
1.61E+03	-5.65E-01	-9.12E-01										
1.67E+03	-5.62E-01	-9.36E-01										
1.72E+03	-5.58E-01	-9.59E-01										
1.77E+03	-5.54E-01	-9.81E-01										
1.82E+03	-5.51E-01	-1.00E+00										
1.87E+03	-5.48E-01	-1.03E+00										
1.92E+03	-5.44E-01	-1.05E+00										
1.97E+03	-5.41E-01	-1.07E+00										
2.03E+03	-5.38E-01	-1.09E+00										
2.08E+03	-5.34E-01	-1.11E+00										
2.13E+03	-5.31E-01	-1.13E+00										
2.19E+03	-5.27E-01	-1.15E+00										
2.24E+03	-5.24E-01	-1.17E+00										
2.29E+03	-5.21E-01	-1.19E+00										
2.35E+03	-5.18E-01	-1.21E+00										
2.40E+03	-5.14E-01	-1.23E+00										
2.45E+03	-5.11E-01	-1.25E+00										
2.50E+03	-5.08E-01	-1.27E+00										
2.55E+03	-5.05E-01	-1.29E+00										
2.60E+03	-5.02E-01	-1.30E+00										
2.65E+03	-4.99E-01	-1.32E+00										
2.70E+03	-4.96E-01	-1.34E+00										
2.76E+03	-4.93E-01	-1.36E+00										
2.81E+03	-4.90E-01	-1.38E+00										
2.86E+03	-4.86E-01	-1.39E+00										
2.91E+03	-4.83E-01	-1.41E+00										
2.96E+03	-4.80E-01	-1.42E+00										
3.02E+03	-4.77E-01	-1.44E+00										
3.07E+03	-4.74E-01	-1.46E+00										
3.12E+03	-4.71E-01	-1.47E+00										
3.17E+03	-4.68E-01	-1.48E+00										
3.23E+03	-4.65E-01	-1.50E+00										
3.28E+03	-4.62E-01	-1.51E+00										
3.33E+03	-4.59E-01	-1.53E+00										
3.38E+03	-4.55E-01	-1.54E+00										
3.43E+03	-4.52E-01	-1.55E+00										
3.48E+03	-4.50E-01	-1.57E+00										
3.53E+03	-4.47E-01	-1.58E+00										
3.58E+03	-4.44E-01	-1.59E+00										
3.64E+03	-4.41E-01	-1.60E+00										
3.69E+03	-4.38E-01	-1.61E+00										
3.74E+03	-4.35E-01	-1.62E+00										
3.79E+03	-4.31E-01	-1.63E+00										
3.84E+03	-4.28E-01	-1.64E+00										
3.89E+03	-4.25E-01	-1.65E+00										
3.94E+03	-4.22E-01	-1.66E+00										
4.00E+03	-4.19E-01	-1.67E+00										
4.05E+03	-4.15E-01	-1.68E+00										
4.10E+03	-4.12E-01	-1.69E+00										
4.15E+03	-4.09E-01	-1.70E+00										
4.21E+03	-4.06E-01	-1.71E+00										
4.26E+03	-4.03E-01	-1.71E+00										
4.31E+03	-3.99E-01	-1.72E+00										
4.36E+03	-3.96E-01	-1.73E+00										
4.41E+03	-3.93E-01	-1.73E+00										
4.47E+03	-3.89E-01	-1.74E+00										
4.52E+03	-3.86E-01	-1.75E+00										
4.57E+03	-3.83E-01	-1.75E+00										
4.62E+03	-3.79E-01	-1.75E+00										
4.67E+03	-3.76E-01	-1.75E+00										
4.72E+03	-3.72E-01	-1.76E+00										
4.77E+03	-3.69E-01	-1.76E+00										
4.82E+03	-3.66E-01	-1.76E+00										
4.88E+03	-3.62E-01	-1.77E+00										
4.93E+03	-3.58E-01	-1.77E+00										
4.98E+03	-3.55E-01	-1.77E+00										
5.03E+03	-3.51E-01	-1.77E+00										
5.08E+03	-3.48E-01	-1.77E+00										
5.14E+03	-3.44E-01	-1.77E+00										
5.19E+03	-3.40E-01	-1.76E+00										
5.24E+03	-3.36E-01	-1.76E+00										
5.29E+03	-3.32E-01	-1.76E+00										
5.34E+03	-3.29E-01	-1.76E+00										
5.39E+03	-3.25E-01	-1.75E+00										
5.45E+03	-3.21E-01	-1.75E+00										
5.50E+03	-3.16E-01	-1.74E+00										
5.56E+03	-3.13E-01	-1.74E+00										
5.61E+03	-3.08E-01	-1.73E+00										
5.66E+03	-3.04E-01	-1.72E+00										
5.71E+03	-3.00E-01	-1.71E+00										
5.76E+03	-2.95E-01	-1.70E+00										
5.81E+03	-2.91E-01	-1.69E+00										
5.87E+03	-2.86E-01	-1.68E+00										
5.92E+03	-2.81E-01	-1.67E+00										
5.97E+03	-2.77E-01	-1.65E+00										
6.02E+03	-2.72E-01	-1.64E+00										
6.08E+03	-2.67E-01	-1.62E+00										
6.13E+03	-2.62E-01	-1.61E+00										
6.18E+03	-2.57E-01	-1.59E+00										
6.23E+03	-2.52E-01	-1.57E+00										
6.23E+03	-2.51E-01	-1.56E+00										
0.00E+00	-8.07E-01	0.00E+00										
0.00E+00	-9.02E-01	0.00E+00										
0.00E+00	-9.14E-01	0.00E+00										
0.00E+00	-9.20E-01	0.00E+00										
0.00E+00	-9.23E-01	0.00E+00										
0.00E+00	-9.26E-01	0.00E+00										
5.54E+01	-9.27E-01	-5.14E-02										
1.09E+02	-8.12E-01	-8.89E-02										
1.64E+02	-7.73E-01	-1.27E-01										
2.14E+02	-7.50E-01	-1.61E-01										
2.66E+02	-7.32E-01	-1.95E-01										
3.19E+02	-7.17E-01	-2.29E-01										
3.70E+02	-7.05E-01	-2.60E-01										
4.23E+02	-6.93E-01	-2.93E-01										
4.73E+02	-6.83E-01	-3.23E-01										
5.25E+02	-6.74E-01	-3.54E-01										
5.75E+02	-6.66E-01	-3.83E-01										
6.29E+02	-6.58E-01	-4.14E-01										
6.80E+02	-6.51E-01	-4.43E-01										
7.30E+02	-6.45E-01	-4.71E-01										
7.81E+02	-6.39E-01	-4.99E-01										
8.32E+02	-6.33E-01	-5.26E-01										
8.82E+02	-6.28E-01	-5.54E-01										
9.35E+02	-6.22E-01	-5.81E-01										
9.86E+02	-6.17E-01	-6.08E-01										
1.04E+03	-6.12E-01	-6.35E-01										
1.09E+03	-6.07E-01	-6.61E-01										
1.14E+03	-6.02E-01	-6.87E-01										
1.19E+03	-5.98E-01	-7.13E-01										
1.24E+03	-5.93E-01	-7.38E-01										
1.30E+03	-5.89E-01	-7.63E-01										
1.35E+03	-5.85E-01	-7.88E-01										
1.40E+03	-5.81E-01	-8.11E-01										
1.45E+03	-5.77E-01	-8.35E-01										
1.50E+03	-5.73E-01	-8.58E-01										
1.55E+03	-5.69E-01	-8.81E-01										
1.60E+03	-5.65E-01	-9.06E-01										
1.65E+03	-5.62E-01	-9.29E-01										
1.70E+03	-5.58E-01	-9.50E-01										
1.76E+03	-5.55E-01	-9.74E-01										
1.81E+03	-5.51E-01	-9.96E-01										
1.86E+03	-5.47E-01	-1.02E+00										
1.91E+03	-5.44E-01	-1.04E+00										
1.96E+03	-5.41E-01	-1.06E+00										
2.01E+03	-5.37E-01	-1.08E+00										
2.06E+03	-5.34E-01	-1.10E+00										
2.12E+03	-5.31E-01	-1.12E+00										
2.17E+03	-5.27E-01	-1.14E+00										
2.22E+03	-5.24E-01	-1.16E+00										
2.27E+03	-5.21E-01	-1.18E+00										
2.33E+03	-5.17E-01	-1.21E+00										
2.38E+03	-5.14E-01	-1.22E+00										
2.43E+03	-5.11E-01	-1.24E+00										
2.48E+03	-5.08E-01	-1.26E+00										
2.54E+03	-5.04E-01	-1.28E+00										
2.59E+03	-5.01E-01	-1.30E+00										
2.64E+03	-4.98E-01	-1.32E+00										
2.69E+03	-4.95E-01	-1.33E+00										
2.74E+03	-4.92E-01	-1.35E+00										
2.80E+03	-4.89E-01	-1.37E+00										
2.85E+03	-4.86E-01	-1.38E+00										
2.90E+03	-4.82E-01	-1.40E+00										
2.95E+03	-4.79E-01	-1.41E+00										
3.00E+03	-4.76E-01	-1.43E+00										
3.05E+03	-4.73E-01	-1.45E+00										
3.10E+03	-4.70E-01	-1.46E+00										
3.15E+03	-4.67E-01	-1.47E+00										
3.20E+03	-4.64E-01	-1.49E+00										
3.26E+03	-4.61E-01	-1.50E+00										
3.31E+03	-4.58E-01	-1.52E+00										
3.36E+03	-4.55E-01	-1.53E+00										
3.41E+03	-4.52E-01	-1.54E+00										
3.46E+03	-4.49E-01	-1.55E+00										
3.51E+03	-4.46E-01	-1.57E+00										
3.56E+03	-4.43E-01	-1.58E+00										
3.62E+03	-4.40E-01	-1.59E+00										
3.67E+03	-4.37E-01	-1.60E+00										
3.72E+03	-4.34E-01	-1.61E+00										
3.77E+03	-4.31E-01	-1.62E+00										
3.82E+03	-4.27E-01	-1.63E+00										
3.87E+03	-4.25E-01	-1.64E+00										
3.92E+03	-4.21E-01	-1.65E+00										
3.98E+03	-4.18E-01	-1.66E+00										
4.03E+03	-4.15E-01	-1.67E+00										
4.09E+03	-4.12E-01	-1.68E+00										
4.14E+03	-4.08E-01	-1.69E+00										
4.19E+03	-4.05E-01	-1.70E+00										
4.24E+03	-4.02E-01	-1.70E+00										
4.29E+03	-3.99E-01	-1.71E+00										
4.34E+03	-3.95E-01	-1.72E+00										
4.40E+03	-3.92E-01	-1.72E+00										
4.45E+03	-3.89E-01	-1.73E+00										
4.50E+03	-3.85E-01	-1.73E+00										
4.55E+03	-3.82E-01	-1.74E+00										
4.60E+03	-3.78E-01	-1.74E+00										
4.66E+03	-3.75E-01	-1.75E+00										
4.71E+03	-3.71E-01	-1.75E+00										
4.76E+03	-3.68E-01	-1.75E+00										
4.81E+03	-3.64E-01	-1.75E+00										
4.87E+03	-3.61E-01	-1.76E+00										
4.92E+03	-3.57E-01	-1.76E+00										
4.97E+03	-3.54E-01	-1.76E+00										
5.02E+03	-3.50E-01	-1.76E+00										
5.07E+03	-3.46E-01	-1.76E+00										
5.12E+03	-3.43E-01	-1.75E+00										
5.18E+03	-3.39E-01	-1.75E+00										
5.23E+03	-3.35E-01	-1.75E+00										
5.28E+03	-3.31E-01	-1.75E+00										
5.33E+03	-3.27E-01	-1.74E+00										
5.38E+03	-3.23E-01	-1.74E+00										
5.43E+03	-3.19E-01	-1.73E+00										
5.49E+03	-3.15E-01	-1.73E+00										
5.54E+03	-3.11E-01	-1.72E+00										
5.59E+03	-3.07E-01	-1.72E+00										
5.64E+03	-3.02E-01	-1.71E+00										
5.69E+03	-2.98E-01	-1.70E+00										
5.75E+03	-2.94E-01	-1.69E+00										
5.80E+03	-2.89E-01	-1.68E+00										
5.85E+03	-2.85E-01	-1.67E+00										
5.90E+03	-2.81E-01	-1.65E+00										
5.95E+03	-2.76E-01	-1.64E+00										
6.00E+03	-2.71E-01	-1.63E+00										
6.05E+03	-2.67E-01	-1.61E+00										
6.10E+03	-2.61E-01	-1.59E+00										
6.15E+03	-2.56E-01	-1.58E+00										
6.19E+03	-2.52E-01	-1.56E+00										
0.00E+00	-8.06E-01	0.00E+00										
0.00E+00	-9.03E-01	0.00E+00										
0.00E+00	-9.14E-01	0.00E+00										
0.00E+00	-9.20E-01	0.00E+00										
0.00E+00	-9.23E-01	0.00E+00										
0.00E+00	-9.27E-01	0.00E+00										
4.63E+01	-9.27E-01	-4.29E-02										
9.72E+01	-8.28E-01	-8.05E-02										
1.48E+02	-7.80E-01	-1.15E-01										
1.98E+02	-7.56E-01	-1.50E-01										
2.48E+02	-7.37E-01	-1.83E-01										
2.99E+02	-7.23E-01	-2.16E-01										
3.51E+02	-7.10E-01	-2.49E-01										
4.01E+02	-6.98E-01	-2.80E-01										
4.55E+02	-6.86E-01	-3.12E-01										
5.07E+02	-6.77E-01	-3.43E-01										
5.59E+02	-6.69E-01	-3.74E-01										
6.09E+02	-6.61E-01	-4.03E-01										
6.60E+02	-6.53E-01	-4.31E-01										
7.14E+02	-6.47E-01	-4.62E-01										
7.68E+02	-6.40E-01	-4.92E-01										
8.19E+02	-6.34E-01	-5.19E-01										
8.72E+02	-6.28E-01	-5.48E-01										
9.22E+02	-6.23E-01	-5.75E-01										
9.72E+02	-6.18E-01	-6.01E-01										
1.02E+03	-6.13E-01	-6.28E-01										
1.08E+03	-6.08E-01	-6.55E-01										
1.13E+03	-6.03E-01	-6.80E-01										
1.18E+03	-5.99E-01	-7.05E-01										
1.23E+03	-5.94E-01	-7.30E-01										
1.28E+03	-5.90E-01	-7.56E-01										
1.33E+03	-5.86E-01	-7.82E-01										
1.38E+03	-5.82E-01	-8.06E-01										
1.44E+03	-5.78E-01	-8.30E-01										
1.49E+03	-5.74E-01	-8.55E-01										
1.55E+03	-5.70E-01	-8.82E-01										
1.60E+03	-5.66E-01	-9.04E-01										
1.65E+03	-5.62E-01	-9.27E-01										
1.70E+03	-5.59E-01	-9.49E-01										
1.75E+03	-5.55E-01	-9.72E-01										
1.81E+03	-5.52E-01	-9.97E-01										
1.86E+03	-5.48E-01	-1.02E+00										
1.91E+03	-5.45E-01	-1.04E+00										
1.96E+03	-5.42E-01	-1.06E+00										
2.01E+03	-5.38E-01	-1.08E+00										
2.06E+03	-5.35E-01	-1.10E+00										
2.11E+03	-5.32E-01	-1.12E+00										
2.16E+03	-5.28E-01	-1.14E+00										
2.21E+03	-5.25E-01	-1.16E+00										
2.27E+03	-5.22E-01	-1.18E+00										
2.32E+03	-5.19E-01	-1.20E+00										
2.37E+03	-5.16E-01	-1.22E+00										
2.42E+03	-5.13E-01	-1.24E+00										
2.47E+03	-5.10E-01	-1.26E+00										
2.52E+03	-5.07E-01	-1.28E+00										
2.58E+03	-5.03E-01	-1.30E+00										
2.63E+03	-5.01E-01	-1.31E+00										
2.68E+03	-4.97E-01	-1.33E+00										
2.73E+03	-4.94E-01	-1.35E+00										
2.78E+03	-4.91E-01	-1.37E+00										
2.83E+03	-4.88E-01	-1.38E+00										
2.88E+03	-4.85E-01	-1.40E+00										
2.93E+03	-4.82E-01	-1.41E+00										
2.98E+03	-4.79E-01	-1.43E+00										
3.04E+03	-4.76E-01	-1.44E+00										
3.09E+03	-4.73E-01	-1.46E+00										
3.14E+03	-4.69E-01	-1.47E+00										
3.19E+03	-4.67E-01	-1.49E+00										
3.24E+03	-4.64E-01	-1.50E+00										
3.30E+03	-4.61E-01	-1.52E+00										
3.35E+03	-4.57E-01	-1.53E+00										
3.40E+03	-4.54E-01	-1.54E+00										
3.45E+03	-4.51E-01	-1.56E+00										
3.50E+03	-4.48E-01	-1.57E+00										
3.56E+03	-4.45E-01	-1.58E+00										
3.61E+03	-4.42E-01	-1.59E+00										
3.66E+03	-4.39E-01	-1.61E+00										
3.71E+03	-4.35E-01	-1.62E+00										
3.76E+03	-4.32E-01	-1.63E+00										
3.81E+03	-4.29E-01	-1.64E+00										
3.87E+03	-4.26E-01	-1.65E+00										
3.92E+03	-4.23E-01	-1.66E+00										
3.97E+03	-4.20E-01	-1.67E+00										
4.03E+03	-4.16E-01	-1.68E+00										
4.08E+03	-4.13E-01	-1.68E+00										
4.13E+03	-4.10E-01	-1.69E+00										
4.18E+03	-4.07E-01	-1.70E+00										
4.23E+03	-4.04E-01	-1.71E+00										
4.28E+03	-4.01E-01	-1.72E+00										
4.34E+03	-3.97E-01	-1.72E+00										
4.39E+03	-3.94E-01	-1.73E+00										
4.44E+03	-3.91E-01	-1.73E+00										
4.49E+03	-3.87E-01	-1.74E+00										
4.55E+03	-3.84E-01	-1.74E+00										
4.60E+03	-3.81E-01	-1.75E+00										
4.65E+03	-3.77E-01	-1.75E+00										
4.70E+03	-3.74E-01	-1.76E+00										
4.75E+03	-3.70E-01	-1.76E+00										
4.81E+03	-3.66E-01	-1.76E+00										
4.86E+03	-3.63E-01	-1.76E+00										
4.91E+03	-3.59E-01	-1.76E+00										
4.96E+03	-3.56E-01	-1.77E+00										
5.02E+03	-3.52E-01	-1.76E+00										
5.07E+03	-3.48E-01	-1.77E+00										
5.12E+03	-3.45E-01	-1.76E+00										
5.17E+03	-3.41E-01	-1.76E+00										
5.22E+03	-3.37E-01	-1.76E+00										
5.27E+03	-3.34E-01	-1.76E+00										
5.32E+03	-3.29E-01	-1.75E+00										
5.37E+03	-3.26E-01	-1.75E+00										
5.43E+03	-3.22E-01	-1.75E+00										
5.48E+03	-3.18E-01	-1.74E+00										
5.53E+03	-3.14E-01	-1.73E+00										
5.58E+03	-3.09E-01	-1.73E+00										
5.64E+03	-3.05E-01	-1.72E+00										
5.69E+03	-3.01E-01	-1.71E+00										
5.75E+03	-2.96E-01	-1.70E+00										
5.80E+03	-2.92E-01	-1.69E+00										
5.85E+03	-2.87E-01	-1.68E+00										
5.90E+03	-2.82E-01	-1.67E+00										
5.95E+03	-2.77E-01	-1.65E+00										
6.01E+03	-2.73E-01	-1.64E+00										
6.06E+03	-2.68E-01	-1.63E+00										
6.11E+03	-2.63E-01	-1.61E+00										
6.16E+03	-2.58E-01	-1.59E+00										
6.22E+03	-2.53E-01	-1.57E+00										
6.21E+03	-2.51E-01	-1.56E+00										
0.00E+00	-8.07E-01	0.00E+00										
0.00E+00	-9.02E-01	0.00E+00										
0.00E+00	-9.14E-01	0.00E+00										
0.00E+00	-9.20E-01	0.00E+00										
0.00E+00	-9.23E-01	0.00E+00										
0.00E+00	-9.26E-01	0.00E+00										
5.39E+01	-9.26E-01	-4.99E-02										
1.06E+02	-8.19E-01	-8.66E-02										
1.57E+02	-7.75E-01	-1.21E-01										
2.07E+02	-7.52E-01	-1.56E-01										
2.58E+02	-7.35E-01	-1.89E-01										
3.11E+02	-7.20E-01	-2.23E-01										
3.61E+02	-7.06E-01	-2.55E-01										
4.11E+02	-6.95E-01	-2.86E-01										
4.65E+02	-6.86E-01	-3.19E-01										
5.15E+02	-6.76E-01	-3.49E-01										
5.66E+02	-6.68E-01	-3.78E-01										
6.19E+02	-6.60E-01	-4.08E-01										
6.71E+02	-6.53E-01	-4.38E-01										
7.22E+02	-6.46E-01	-4.66E-01										
7.72E+02	-6.40E-01	-4.94E-01										
8.23E+02	-6.34E-01	-5.22E-01										
8.74E+02	-6.28E-01	-5.49E-01										
9.24E+02	-6.23E-01	-5.76E-01										
9.76E+02	-6.18E-01	-6.03E-01										
1.03E+03	-6.13E-01	-6.31E-01										
1.08E+03	-6.08E-01	-6.57E-01										
1.13E+03	-6.03E-01	-6.83E-01										
1.18E+03	-5.99E-01	-7.08E-01										
1.23E+03	-5.94E-01	-7.33E-01										
1.28E+03	-5.90E-01	-7.58E-01										
1.33E+03	-5.86E-01	-7.82E-01										
1.39E+03	-5.82E-01	-8.06E-01										
1.44E+03	-5.78E-01	-8.30E-01										
1.49E+03	-5.74E-01	-8.54E-01										
1.54E+03	-5.70E-01	-8.77E-01										
1.59E+03	-5.66E-01	-8.99E-01										
1.64E+03	-5.63E-01	-9.22E-01										
1.69E+03	-5.59E-01	-9.45E-01										
1.74E+03	-5.56E-01	-9.69E-01										
1.79E+03	-5.52E-01	-9.90E-01										
1.85E+03	-5.48E-01	-1.01E+00										
1.90E+03	-5.45E-01	-1.03E+00										
1.95E+03	-5.42E-01	-1.05E+00										
2.00E+03	-5.38E-01	-1.08E+00										
2.05E+03	-5.35E-01	-1.10E+00										
2.10E+03	-5.32E-01	-1.12E+00										
2.15E+03	-5.28E-01	-1.14E+00										
2.20E+03	-5.25E-01	-1.16E+00										
2.26E+03	-5.22E-01	-1.18E+00										
2.31E+03	-5.19E-01	-1.20E+00										
2.36E+03	-5.16E-01	-1.22E+00										
2.41E+03	-5.12E-01	-1.23E+00										
2.46E+03	-5.09E-01	-1.25E+00										
2.51E+03	-5.06E-01	-1.27E+00										
2.56E+03	-5.03E-01	-1.29E+00										
2.61E+03	-5.00E-01	-1.31E+00										
2.66E+03	-4.97E-01	-1.32E+00										
2.72E+03	-4.94E-01	-1.34E+00										
2.77E+03	-4.91E-01	-1.36E+00										
2.82E+03	-4.88E-01	-1.37E+00										
2.87E+03	-4.84E-01	-1.39E+00										
2.92E+03	-4.81E-01	-1.41E+00										
2.97E+03	-4.78E-01	-1.42E+00										
3.03E+03	-4.75E-01	-1.44E+00										
3.08E+03	-4.72E-01	-1.45E+00										
3.13E+03	-4.69E-01	-1.47E+00										
3.18E+03	-4.66E-01	-1.48E+00										
3.23E+03	-4.63E-01	-1.50E+00										
3.29E+03	-4.60E-01	-1.51E+00										
3.34E+03	-4.57E-01	-1.52E+00										
3.39E+03	-4.54E-01	-1.54E+00										
3.44E+03	-4.51E-01	-1.55E+00										
3.49E+03	-4.47E-01	-1.56E+00										
3.55E+03	-4.44E-01	-1.58E+00										
3.60E+03	-4.41E-01	-1.59E+00										
3.65E+03	-4.38E-01	-1.60E+00										
3.70E+03	-4.35E-01	-1.61E+00										
3.76E+03	-4.32E-01	-1.62E+00										
3.81E+03	-4.28E-01	-1.63E+00										
3.86E+03	-4.25E-01	-1.64E+00										
3.91E+03	-4.22E-01	-1.65E+00										
3.96E+03	-4.19E-01	-1.66E+00										
4.02E+03	-4.16E-01	-1.67E+00										
4.07E+03	-4.13E-01	-1.68E+00										
4.12E+03	-4.09E-01	-1.69E+00										
4.17E+03	-4.06E-01	-1.70E+00										
4.23E+03	-4.03E-01	-1.70E+00										
4.28E+03	-3.99E-01	-1.71E+00										
4.34E+03	-3.96E-01	-1.72E+00										
4.39E+03	-3.93E-01	-1.72E+00										
4.44E+03	-3.89E-01	-1.73E+00										
4.49E+03	-3.86E-01	-1.73E+00										
4.54E+03	-3.83E-01	-1.74E+00										
4.60E+03	-3.79E-01	-1.74E+00										
4.65E+03	-3.76E-01	-1.75E+00										
4.70E+03	-3.72E-01	-1.75E+00										
4.75E+03	-3.69E-01	-1.75E+00										
4.80E+03	-3.65E-01	-1.75E+00										
4.86E+03	-3.62E-01	-1.76E+00										
4.91E+03	-3.58E-01	-1.76E+00										
4.96E+03	-3.54E-01	-1.76E+00										
5.01E+03	-3.51E-01	-1.76E+00										
5.06E+03	-3.47E-01	-1.76E+00										
5.11E+03	-3.44E-01	-1.76E+00										
5.16E+03	-3.40E-01	-1.75E+00										
5.21E+03	-3.36E-01	-1.75E+00										
5.27E+03	-3.32E-01	-1.75E+00										
5.32E+03	-3.28E-01	-1.75E+00										
5.37E+03	-3.25E-01	-1.74E+00										
5.42E+03	-3.20E-01	-1.74E+00										
5.47E+03	-3.17E-01	-1.73E+00										
5.53E+03	-3.13E-01	-1.73E+00										
5.58E+03	-3.08E-01	-1.72E+00										
5.63E+03	-3.04E-01	-1.71E+00										
5.68E+03	-2.99E-01	-1.70E+00										
5.74E+03	-2.95E-01	-1.70E+00										
5.79E+03	-2.90E-01	-1.68E+00										
5.85E+03	-2.86E-01	-1.67E+00										
5.90E+03	-2.81E-01	-1.66E+00										
5.95E+03	-2.76E-01	-1.64E+00										
6.00E+03	-2.71E-01	-1.63E+00										
6.05E+03	-2.66E-01	-1.61E+00										
6.10E+03	-2.61E-01	-1.60E+00										
6.15E+03	-2.57E-01	-1.58E+00										
6.19E+03	-2.51E-01	-1.56E+00										
0.00E+00	-8.07E-01	0.00E+00										
0.00E+00	-9.03E-01	0.00E+00										
0.00E+00	-9.14E-01	0.00E+00										
0.00E+00	-9.20E-01	0.00E+00										
0.00E+00	-9.23E-01	0.00E+00										
0.00E+00	-9.27E-01	0.00E+00										
3.61E+01	-9.27E-01	-3.35E-02										
8.65E+01	-8.62E-01	-7.45E-02										
1.39E+02	-7.87E-01	-1.10E-01										
1.90E+02	-7.60E-01	-1.44E-01										
2.40E+02	-7.41E-01	-1.78E-01										
2.91E+02	-7.25E-01	-2.11E-01										
3.44E+02	-7.11E-01	-2.45E-01										
3.96E+02	-6.99E-01	-2.77E-01										
4.46E+02	-6.88E-01	-3.07E-01										
4.97E+02	-6.79E-01	-3.38E-01										
5.48E+02	-6.70E-01	-3.67E-01										
5.98E+02	-6.63E-01	-3.96E-01										
6.53E+02	-6.55E-01	-4.27E-01										
7.03E+02	-6.48E-01	-4.55E-01										
7.54E+02	-6.42E-01	-4.84E-01										
8.05E+02	-6.36E-01	-5.12E-01										
8.56E+02	-6.30E-01	-5.39E-01										
9.08E+02	-6.24E-01	-5.66E-01										
9.62E+02	-6.19E-01	-5.96E-01										
1.01E+03	-6.14E-01	-6.22E-01										
1.06E+03	-6.09E-01	-6.48E-01										
1.12E+03	-6.04E-01	-6.73E-01										
1.17E+03	-5.99E-01	-6.99E-01										
1.22E+03	-5.95E-01	-7.24E-01										
1.27E+03	-5.91E-01	-7.49E-01										
1.32E+03	-5.86E-01	-7.74E-01										
1.37E+03	-5.83E-01	-7.98E-01										
1.42E+03	-5.78E-01	-8.22E-01										
1.47E+03	-5.74E-01	-8.45E-01										
1.52E+03	-5.70E-01	-8.68E-01										
1.57E+03	-5.67E-01	-8.92E-01										
1.62E+03	-5.63E-01	-9.14E-01										
1.67E+03	-5.60E-01	-9.37E-01										
1.72E+03	-5.56E-01	-9.59E-01										
1.77E+03	-5.52E-01	-9.81E-01										
1.83E+03	-5.49E-01	-1.00E+00										
1.88E+03	-5.46E-01	-1.02E+00										
1.93E+03	-5.42E-01	-1.05E+00										
1.99E+03	-5.38E-01	-1.07E+00										
2.04E+03	-5.35E-01	-1.09E+00										
2.09E+03	-5.31E-01	-1.11E+00										
2.14E+03	-5.28E-01	-1.13E+00										
2.20E+03	-5.25E-01	-1.15E+00										
2.25E+03	-5.22E-01	-1.17E+00										
2.30E+03	-5.18E-01	-1.19E+00										
2.35E+03	-5.15E-01	-1.21E+00										
2.40E+03	-5.12E-01	-1.23E+00										
2.45E+03	-5.09E-01	-1.25E+00										
2.51E+03	-5.06E-01	-1.27E+00										
2.56E+03	-5.02E-01	-1.29E+00										
2.61E+03	-4.99E-01	-1.30E+00										
2.66E+03	-4.96E-01	-1.32E+00										
2.72E+03	-4.93E-01	-1.34E+00										
2.77E+03	-4.90E-01	-1.36E+00										
2.82E+03	-4.87E-01	-1.37E+00										
2.87E+03	-4.84E-01	-1.39E+00										
2.92E+03	-4.80E-01	-1.40E+00										
2.97E+03	-4.78E-01	-1.42E+00										
3.02E+03	-4.74E-01	-1.43E+00										
3.07E+03	-4.71E-01	-1.45E+00										
3.12E+03	-4.69E-01	-1.46E+00										
3.17E+03	-4.66E-01	-1.48E+00										
3.22E+03	-4.62E-01	-1.49E+00										
3.28E+03	-4.60E-01	-1.51E+00										
3.33E+03	-4.57E-01	-1.52E+00										
3.38E+03	-4.53E-01	-1.53E+00										
3.43E+03	-4.51E-01	-1.55E+00										
3.48E+03	-4.48E-01	-1.56E+00										
3.53E+03	-4.45E-01	-1.57E+00										
3.58E+03	-4.42E-01	-1.58E+00										
3.63E+03	-4.39E-01	-1.59E+00										
3.68E+03	-4.36E-01	-1.60E+00										
3.73E+03	-4.32E-01	-1.61E+00										
3.78E+03	-4.30E-01	-1.63E+00										
3.84E+03	-4.26E-01	-1.64E+00										
3.89E+03	-4.24E-01	-1.65E+00										
3.94E+03	-4.20E-01	-1.66E+00										
3.99E+03	-4.17E-01	-1.67E+00										
4.04E+03	-4.14E-01	-1.67E+00										
4.09E+03	-4.11E-01	-1.68E+00										
4.15E+03	-4.08E-01	-1.69E+00										
4.20E+03	-4.04E-01	-1.70E+00										
4.25E+03	-4.01E-01	-1.71E+00										
4.30E+03	-3.98E-01	-1.71E+00										
4.35E+03	-3.95E-01	-1.72E+00										
4.40E+03	-3.92E-01	-1.72E+00										
4.45E+03	-3.89E-01	-1.73E+00										
4.50E+03	-3.85E-01	-1.73E+00										
4.56E+03	-3.82E-01	-1.74E+00										
4.61E+03	-3.78E-01	-1.74E+00										
4.66E+03	-3.76E-01	-1.75E+00										
4.71E+03	-3.72E-01	-1.75E+00										
4.77E+03	-3.68E-01	-1.75E+00										
4.82E+03	-3.65E-01	-1.76E+00										
4.87E+03	-3.61E-01	-1.76E+00										
4.92E+03	-3.58E-01	-1.76E+00										
4.97E+03	-3.54E-01	-1.76E+00										
5.03E+03	-3.51E-01	-1.76E+00										
5.08E+03	-3.47E-01	-1.76E+00										
5.13E+03	-3.43E-01	-1.76E+00										
5.18E+03	-3.39E-01	-1.76E+00										
5.23E+03	-3.35E-01	-1.75E+00										
5.28E+03	-3.32E-01	-1.76E+00										
5.34E+03	-3.28E-01	-1.75E+00										
5.39E+03	-3.24E-01	-1.75E+00										
5.45E+03	-3.20E-01	-1.74E+00										
5.50E+03	-3.16E-01	-1.74E+00										
5.55E+03	-3.11E-01	-1.73E+00										
5.60E+03	-3.07E-01	-1.72E+00										
5.65E+03	-3.04E-01	-1.72E+00										
5.70E+03	-2.99E-01	-1.70E+00										
5.75E+03	-2.95E-01	-1.70E+00										
5.80E+03	-2.90E-01	-1.68E+00										
5.85E+03	-2.87E-01	-1.68E+00										
5.91E+03	-2.81E-01	-1.66E+00										
5.96E+03	-2.77E-01	-1.65E+00										
6.01E+03	-2.73E-01	-1.64E+00										
6.06E+03	-2.67E-01	-1.62E+00										
6.11E+03	-2.63E-01	-1.61E+00										
6.16E+03	-2.58E-01	-1.59E+00										
6.22E+03	-2.53E-01	-1.57E+00										
6.22E+03	-2.51E-01	-1.56E+00										
0.00E+00	-8.07E-01	0.00E+00										
0.00E+00	-9.02E-01	0.00E+00										
0.00E+00	-9.14E-01	0.00E+00										
0.00E+00	-9.19E-01	0.00E+00										
0.00E+00	-9.23E-01	0.00E+00										
0.00E+00	-9.26E-01	0.00E+00										
5.03E+01	-9.26E-01	-4.66E-02										
1.02E+02	-8.20E-01	-8.34E-02										
1.54E+02	-7.79E-01	-1.20E-01										
2.07E+02	-7.53E-01	-1.56E-01										
2.60E+02	-7.35E-01	-1.91E-01										
3.11E+02	-7.20E-01	-2.24E-01										
3.61E+02	-7.06E-01	-2.55E-01										
4.13E+02	-6.96E-01	-2.88E-01										
4.64E+02	-6.85E-01	-3.18E-01										
5.14E+02	-6.76E-01	-3.47E-01										
5.65E+02	-6.68E-01	-3.77E-01										
6.16E+02	-6.60E-01	-4.06E-01										
6.68E+02	-6.53E-01	-4.36E-01										
7.18E+02	-6.46E-01	-4.64E-01										
7.69E+02	-6.40E-01	-4.92E-01										
8.21E+02	-6.34E-01	-5.20E-01										
8.72E+02	-6.28E-01	-5.48E-01										
9.23E+02	-6.23E-01	-5.74E-01										
9.75E+02	-6.18E-01	-6.02E-01										
1.04E+03	-6.12E-01	-6.34E-01										
1.09E+03	-6.07E-01	-6.59E-01										
1.14E+03	-6.02E-01	-6.85E-01										
1.19E+03	-5.98E-01	-7.10E-01										
1.24E+03	-5.93E-01	-7.35E-01										
1.29E+03	-5.89E-01	-7.60E-01										
1.34E+03	-5.85E-01	-7.85E-01										
1.39E+03	-5.81E-01	-8.09E-01										
1.44E+03	-5.77E-01	-8.34E-01										
1.49E+03	-5.73E-01	-8.56E-01										
1.54E+03	-5.70E-01	-8.81E-01										
1.60E+03	-5.66E-01	-9.04E-01										
1.65E+03	-5.63E-01	-9.26E-01										
1.70E+03	-5.59E-01	-9.51E-01										
1.75E+03	-5.55E-01	-9.74E-01										
1.81E+03	-5.51E-01	-9.97E-01										
1.86E+03	-5.48E-01	-1.02E+00										
1.92E+03	-5.44E-01	-1.04E+00										
1.97E+03	-5.40E-01	-1.06E+00										
2.02E+03	-5.37E-01	-1.08E+00										
2.07E+03	-5.34E-01	-1.10E+00										
2.12E+03	-5.31E-01	-1.13E+00										
2.17E+03	-5.27E-01	-1.15E+00										
2.23E+03	-5.24E-01	-1.17E+00										
2.28E+03	-5.20E-01	-1.19E+00										
2.33E+03	-5.17E-01	-1.21E+00										
2.38E+03	-5.14E-01	-1.22E+00										
2.43E+03	-5.11E-01	-1.24E+00										
2.48E+03	-5.08E-01	-1.26E+00										
2.54E+03	-5.05E-01	-1.28E+00										
2.59E+03	-5.02E-01	-1.30E+00										
2.64E+03	-4.98E-01	-1.32E+00										
2.69E+03	-4.95E-01	-1.33E+00										
2.74E+03	-4.93E-01	-1.35E+00										
2.80E+03	-4.89E-01	-1.37E+00										
2.85E+03	-4.86E-01	-1.39E+00										
2.90E+03	-4.83E-01	-1.40E+00										
2.95E+03	-4.80E-01	-1.42E+00										
3.00E+03	-4.77E-01	-1.43E+00										
3.05E+03	-4.74E-01	-1.45E+00										
3.11E+03	-4.71E-01	-1.46E+00										
3.16E+03	-4.67E-01	-1.48E+00										
3.21E+03	-4.64E-01	-1.49E+00										
3.26E+03	-4.61E-01	-1.50E+00										
3.31E+03	-4.58E-01	-1.52E+00										
3.37E+03	-4.55E-01	-1.53E+00										
3.42E+03	-4.52E-01	-1.55E+00										
3.47E+03	-4.49E-01	-1.56E+00										
3.52E+03	-4.46E-01	-1.57E+00										
3.57E+03	-4.43E-01	-1.58E+00										
3.63E+03	-4.40E-01	-1.59E+00										
3.68E+03	-4.37E-01	-1.61E+00										
3.73E+03	-4.33E-01	-1.62E+00										
3.78E+03	-4.30E-01	-1.63E+00										
3.83E+03	-4.27E-01	-1.64E+00										
3.88E+03	-4.25E-01	-1.65E+00										
3.93E+03	-4.21E-01	-1.66E+00										
3.99E+03	-4.18E-01	-1.67E+00										
4.04E+03	-4.15E-01	-1.68E+00										
4.09E+03	-4.12E-01	-1.68E+00										
4.15E+03	-4.08E-01	-1.69E+00										
4.20E+03	-4.05E-01	-1.70E+00										
4.25E+03	-4.02E-01	-1.71E+00										
4.30E+03	-3.99E-01	-1.72E+00										
4.35E+03	-3.95E-01	-1.72E+00										
4.40E+03	-3.92E-01	-1.73E+00										
4.45E+03	-3.89E-01	-1.73E+00										
4.50E+03	-3.86E-01	-1.74E+00										
4.56E+03	-3.82E-01	-1.74E+00										
4.61E+03	-3.79E-01	-1.75E+00										
4.66E+03	-3.76E-01	-1.75E+00										
4.71E+03	-3.72E-01	-1.75E+00										
4.76E+03	-3.69E-01	-1.75E+00										
4.81E+03	-3.65E-01	-1.76E+00										
4.86E+03	-3.62E-01	-1.76E+00										
4.91E+03	-3.58E-01	-1.76E+00										
4.97E+03	-3.55E-01	-1.76E+00										
5.02E+03	-3.51E-01	-1.76E+00										
5.07E+03	-3.47E-01	-1.76E+00										
5.12E+03	-3.44E-01	-1.76E+00										
5.17E+03	-3.40E-01	-1.76E+00										
5.22E+03	-3.36E-01	-1.75E+00										
5.27E+03	-3.32E-01	-1.75E+00										
5.33E+03	-3.28E-01	-1.75E+00										
5.38E+03	-3.25E-01	-1.75E+00										
5.43E+03	-3.21E-01	-1.74E+00										
5.48E+03	-3.17E-01	-1.73E+00										
5.53E+03	-3.12E-01	-1.73E+00										
5.58E+03	-3.08E-01	-1.72E+00										
5.63E+03	-3.04E-01	-1.71E+00										
5.69E+03	-3.00E-01	-1.71E+00										
5.74E+03	-2.95E-01	-1.69E+00										
5.79E+03	-2.91E-01	-1.69E+00										
5.84E+03	-2.87E-01	-1.67E+00										
5.90E+03	-2.82E-01	-1.67E+00										
5.95E+03	-2.77E-01	-1.65E+00										
6.00E+03	-2.72E-01	-1.63E+00										
6.05E+03	-2.68E-01	-1.62E+00										
6.10E+03	-2.63E-01	-1.60E+00										
6.15E+03	-2.58E-01	-1.59E+00										
6.20E+03	-2.53E-01	-1.57E+00										
6.21E+03	-2.52E-01	-1.56E+00										
0.00E+00	-8.06E-01	0.00E+00										
0.00E+00	-9.02E-01	0.00E+00										
0.00E+00	-9.14E-01	0.00E+00										
0.00E+00	-9.20E-01	0.00E+00										
0.00E+00	-9.23E-01	0.00E+00										
0.00E+00	-9.27E-01	0.00E+00										
4.37E+01	-9.27E-01	-4.05E-02										
9.57E+01	-8.30E-01	-7.94E-02										
1.46E+02	-7.80E-01	-1.14E-01										
1.96E+02	-7.56E-01	-1.49E-01										
2.47E+02	-7.38E-01	-1.82E-01										
2.98E+02	-7.23E-01	-2.15E-01										
3.49E+02	-7.10E-01	-2.48E-01										
4.00E+02	-6.97E-01	-2.79E-01										
4.52E+02	-6.87E-01	-3.11E-01										
5.03E+02	-6.78E-01	-3.41E-01										
5.53E+02	-6.69E-01	-3.70E-01										
6.04E+02	-6.62E-01	-3.99E-01										
6.58E+02	-6.54E-01	-4.30E-01										
7.10E+02	-6.47E-01	-4.59E-01										
7.60E+02	-6.41E-01	-4.87E-01										
8.11E+02	-6.35E-01	-5.14E-01										
8.61E+02	-6.30E-01	-5.42E-01										
9.11E+02	-6.24E-01	-5.68E-01										
9.62E+02	-6.19E-01	-5.95E-01										
1.01E+03	-6.13E-01	-6.22E-01										
1.07E+03	-6.09E-01	-6.49E-01										
1.12E+03	-6.04E-01	-6.75E-01										
1.17E+03	-5.99E-01	-7.01E-01										
1.22E+03	-5.95E-01	-7.26E-01										
1.27E+03	-5.90E-01	-7.52E-01										
1.33E+03	-5.86E-01	-7.78E-01										
1.38E+03	-5.82E-01	-8.02E-01										
1.43E+03	-5.78E-01	-8.26E-01										
1.48E+03	-5.74E-01	-8.49E-01										
1.53E+03	-5.70E-01	-8.73E-01										
1.58E+03	-5.66E-01	-8.96E-01										
1.63E+03	-5.63E-01	-9.19E-01										
1.69E+03	-5.59E-01	-9.43E-01										
1.74E+03	-5.55E-01	-9.65E-01										
1.79E+03	-5.51E-01	-9.87E-01										
1.84E+03	-5.48E-01	-1.01E+00										
1.89E+03	-5.45E-01	-1.03E+00										
1.94E+03	-5.41E-01	-1.05E+00										
1.99E+03	-5.38E-01	-1.07E+00										
2.04E+03	-5.34E-01	-1.09E+00										
2.10E+03	-5.31E-01	-1.12E+00										
2.15E+03	-5.27E-01	-1.14E+00										
2.21E+03	-5.24E-01	-1.16E+00										
2.26E+03	-5.21E-01	-1.18E+00										
2.31E+03	-5.18E-01	-1.20E+00										
2.36E+03	-5.14E-01	-1.22E+00										
2.41E+03	-5.11E-01	-1.23E+00										
2.46E+03	-5.08E-01	-1.25E+00										
2.52E+03	-5.05E-01	-1.27E+00										
2.57E+03	-5.02E-01	-1.29E+00										
2.62E+03	-4.99E-01	-1.31E+00										
2.68E+03	-4.95E-01	-1.33E+00										
2.73E+03	-4.92E-01	-1.34E+00										
2.78E+03	-4.89E-01	-1.36E+00										
2.83E+03	-4.86E-01	-1.38E+00										
2.88E+03	-4.83E-01	-1.39E+00										
2.93E+03	-4.80E-01	-1.41E+00										
2.99E+03	-4.77E-01	-1.42E+00										
3.04E+03	-4.74E-01	-1.44E+00										
3.09E+03	-4.70E-01	-1.45E+00										
3.14E+03	-4.68E-01	-1.47E+00										
3.19E+03	-4.64E-01	-1.48E+00										
3.24E+03	-4.61E-01	-1.50E+00										
3.29E+03	-4.58E-01	-1.51E+00										
3.34E+03	-4.55E-01	-1.52E+00										
3.39E+03	-4.52E-01	-1.54E+00										
3.45E+03	-4.49E-01	-1.55E+00										
3.50E+03	-4.47E-01	-1.56E+00										
3.55E+03	-4.43E-01	-1.58E+00										
3.60E+03	-4.40E-01	-1.59E+00										
3.66E+03	-4.37E-01	-1.60E+00										
3.71E+03	-4.34E-01	-1.61E+00										
3.76E+03	-4.31E-01	-1.62E+00										
3.81E+03	-4.28E-01	-1.63E+00										
3.86E+03	-4.24E-01	-1.64E+00										
3.92E+03	-4.21E-01	-1.65E+00										
3.97E+03	-4.18E-01	-1.66E+00										
4.02E+03	-4.15E-01	-1.67E+00										
4.07E+03	-4.12E-01	-1.68E+00										
4.12E+03	-4.09E-01	-1.68E+00										
4.17E+03	-4.06E-01	-1.69E+00										
4.22E+03	-4.03E-01	-1.70E+00										
4.27E+03	-3.99E-01	-1.71E+00										
4.32E+03	-3.96E-01	-1.71E+00										
4.37E+03	-3.93E-01	-1.72E+00										
4.43E+03	-3.90E-01	-1.72E+00										
4.48E+03	-3.86E-01	-1.73E+00										
4.53E+03	-3.83E-01	-1.73E+00										
4.58E+03	-3.80E-01	-1.74E+00										
4.63E+03	-3.76E-01	-1.74E+00										
4.68E+03	-3.73E-01	-1.74E+00										
4.73E+03	-3.69E-01	-1.75E+00										
4.78E+03	-3.66E-01	-1.75E+00										
4.83E+03	-3.62E-01	-1.75E+00										
4.88E+03	-3.59E-01	-1.75E+00										
4.94E+03	-3.55E-01	-1.75E+00										
4.99E+03	-3.52E-01	-1.75E+00										
5.04E+03	-3.48E-01	-1.75E+00										
5.09E+03	-3.44E-01	-1.75E+00										
5.14E+03	-3.41E-01	-1.75E+00										
5.19E+03	-3.37E-01	-1.75E+00										
5.24E+03	-3.34E-01	-1.75E+00										
5.29E+03	-3.30E-01	-1.74E+00										
5.34E+03	-3.26E-01	-1.74E+00										
5.40E+03	-3.22E-01	-1.74E+00										
5.45E+03	-3.18E-01	-1.73E+00										
5.50E+03	-3.14E-01	-1.72E+00										
5.55E+03	-3.10E-01	-1.72E+00										
5.61E+03	-3.05E-01	-1.71E+00										
5.66E+03	-3.01E-01	-1.70E+00										
5.71E+03	-2.96E-01	-1.69E+00										
5.76E+03	-2.91E-01	-1.68E+00										
5.82E+03	-2.88E-01	-1.67E+00										
5.87E+03	-2.83E-01	-1.66E+00										
5.92E+03	-2.78E-01	-1.65E+00										
5.97E+03	-2.73E-01	-1.63E+00										
6.02E+03	-2.69E-01	-1.62E+00										
6.07E+03	-2.64E-01	-1.60E+00										
6.12E+03	-2.59E-01	-1.59E+00										
6.18E+03	-2.54E-01	-1.57E+00										
6.20E+03	-2.51E-01	-1.56E+00										
0.00E+00	-8.06E-01	0.00E+00										
0.00E+00	-9.03E-01	0.00E+00										
0.00E+00	-9.14E-01	0.00E+00										
0.00E+00	-9.20E-01	0.00E+00										
0.00E+00	-9.23E-01	0.00E+00										
0.00E+00	-9.27E-01	0.00E+00										
4.63E+01	-9.27E-01	-4.29E-02										
9.92E+01	-8.31E-01	-8.24E-02										
1.53E+02	-7.80E-01	-1.20E-01										
2.04E+02	-7.54E-01	-1.54E-01										
2.56E+02	-7.35E-01	-1.88E-01										
3.08E+02	-7.21E-01	-2.22E-01										
3.60E+02	-7.07E-01	-2.54E-01										
4.10E+02	-6.95E-01	-2.85E-01										
4.62E+02	-6.85E-01	-3.16E-01										
5.14E+02	-6.76E-01	-3.47E-01										
5.65E+02	-6.67E-01	-3.77E-01										
6.16E+02	-6.60E-01	-4.06E-01										
6.66E+02	-6.53E-01	-4.35E-01										
7.17E+02	-6.46E-01	-4.63E-01										
7.67E+02	-6.40E-01	-4.91E-01										
8.19E+02	-6.34E-01	-5.19E-01										
8.71E+02	-6.28E-01	-5.47E-01										
9.00E+02	-6.24E-01	-5.61E-01										
