I/mA	Ewe/V	P/W						Current density	Voltage	Power Density		
0.00E+00	-9.12E-01	0.00E+00			60.532288	-0.96381617	-0.058341999	12.1064576	0.96381617	11.6683998	0.060532288	0.96381617
0.00E+00	-9.12E-01	0.00E+00			111.45061	-0.85685796	-0.095497347	22.290122	0.85685796	19.0994694	0.11145061	0.85685796
0.00E+00	-9.12E-01	0.00E+00			162.87814	-0.82569838	-0.13448822	32.575628	0.82569838	26.897644	0.16287814	0.82569838
0.00E+00	-9.12E-01	0.00E+00			213.28728	-0.8062619	-0.17196541	42.657456	0.8062619	34.393082	0.21328728	0.8062619
0.00E+00	-9.13E-01	0.00E+00			264.20563	-0.79255319	-0.20939702	52.841126	0.79255319	41.879404	0.26420563	0.79255319
0.00E+00	-9.14E-01	0.00E+00			314.61475	-0.780792	-0.24564868	62.92295	0.780792	49.129736	0.31461475	0.780792
4.63E+01	-9.14E-01	-4.23E-02			368.07901	-0.77065367	-0.28366143	73.615802	0.77065367	56.732286	0.36807901	0.77065367
9.67E+01	-7.98E-01	-7.72E-02			418.99731	-0.76059175	-0.31868589	83.799462	0.76059175	63.737178	0.41899731	0.76059175
1.48E+02	-7.28E-01	-1.07E-01			469.40649	-0.7520954	-0.35303846	93.881298	0.7520954	70.607692	0.46940649	0.7520954
2.01E+02	-6.88E-01	-1.38E-01			520.83398	-0.74443918	-0.38772923	104.166796	0.74443918	77.545846	0.52083398	0.74443918
2.51E+02	-6.58E-01	-1.65E-01			572.26154	-0.73800486	-0.42233181	114.452308	0.73800486	84.466362	0.57226154	0.73800486
3.01E+02	-6.35E-01	-1.91E-01			624.19824	-0.72979498	-0.45553675	124.839648	0.72979498	91.10735	0.62419824	0.72979498
3.52E+02	-6.16E-01	-2.17E-01			677.66248	-0.72332245	-0.49016848	135.532496	0.72332245	98.033696	0.67766248	0.72332245
4.03E+02	-6.00E-01	-2.42E-01			728.58075	-0.71669728	-0.52217185	145.71615	0.71669728	104.43437	0.72858075	0.71669728
4.55E+02	-5.86E-01	-2.67E-01			779.49908	-0.71016747	-0.55357492	155.899816	0.71016747	110.714984	0.77949908	0.71016747
5.05E+02	-5.73E-01	-2.89E-01			830.41736	-0.70419145	-0.58477283	166.083472	0.70419145	116.954566	0.83041736	0.70419145
5.57E+02	-5.60E-01	-3.12E-01			880.82654	-0.69880724	-0.61552799	176.165308	0.69880724	123.105598	0.88082654	0.69880724
6.08E+02	-5.50E-01	-3.35E-01			932.76324	-0.69319391	-0.64658582	186.552648	0.69319391	129.317164	0.93276324	0.69319391
6.60E+02	-5.39E-01	-3.56E-01			985.20911	-0.68796247	-0.67778689	197.041822	0.68796247	135.557378	0.98520911	0.68796247
7.17E+02	-5.30E-01	-3.80E-01			1038.1642	-0.68275017	-0.70880675	207.63284	0.68275017	141.76135	1.0381642	0.68275017
7.69E+02	-5.20E-01	-4.00E-01			1089.0826	-0.67738503	-0.7377283	217.81652	0.67738503	147.54566	1.0890826	0.67738503
8.20E+02	-5.12E-01	-4.20E-01			1139.4918	-0.67287916	-0.76674032	227.89836	0.67287916	153.348064	1.1394918	0.67287916
8.70E+02	-5.04E-01	-4.38E-01			1192.4468	-0.66827774	-0.79688561	238.48936	0.66827774	159.377122	1.1924468	0.66827774
9.21E+02	-4.95E-01	-4.56E-01			1243.3651	-0.66325635	-0.82466978	248.67302	0.66325635	164.933956	1.2433651	0.66325635
9.71E+02	-4.88E-01	-4.73E-01			1295.811	-0.65896046	-0.85388821	259.1622	0.65896046	170.777642	1.295811	0.65896046
1.02E+03	-4.80E-01	-4.91E-01			1346.2201	-0.65441632	-0.88098842	269.24402	0.65441632	176.197684	1.3462201	0.65441632
1.07E+03	-4.73E-01	-5.08E-01			1399.1752	-0.6499486	-0.90939194	279.83504	0.6499486	181.878388	1.3991752	0.6499486
1.12E+03	-4.66E-01	-5.23E-01			1449.5842	-0.64611095	-0.93659222	289.91684	0.64611095	187.318444	1.4495842	0.64611095
1.17E+03	-4.59E-01	-5.39E-01			1502.5393	-0.64173865	-0.96423757	300.50786	0.64173865	192.847514	1.5025393	0.64173865
1.23E+03	-4.52E-01	-5.53E-01			1553.4578	-0.63759553	-0.99047774	310.69156	0.63759553	198.095548	1.5534578	0.63759553
1.28E+03	-4.45E-01	-5.68E-01			1604.3761	-0.63347149	-1.0163265	320.87522	0.63347149	203.2653	1.6043761	0.63347149
1.33E+03	-4.37E-01	-5.81E-01			1655.8036	-0.62976748	-1.0427712	331.16072	0.62976748	208.55424	1.6558036	0.62976748
1.38E+03	-4.31E-01	-5.94E-01			1708.2494	-0.62550974	-1.0685266	341.64988	0.62550974	213.70532	1.7082494	0.62550974
1.43E+03	-4.24E-01	-6.07E-01			1759.6769	-0.62190121	-1.0943452	351.93538	0.62190121	218.86904	1.7596769	0.62190121
1.48E+03	-4.17E-01	-6.17E-01			1810.5953	-0.61812079	-1.1191666	362.11906	0.61812079	223.83332	1.8105953	0.61812079
1.53E+03	-4.09E-01	-6.27E-01			1861.5134	-0.61445498	-1.1438162	372.30268	0.61445498	228.76324	1.8615134	0.61445498
1.58E+03	-4.01E-01	-6.35E-01			1913.9595	-0.61088461	-1.1692084	382.7919	0.61088461	233.84168	1.9139595	0.61088461
1.64E+03	-3.93E-01	-6.44E-01			1965.387	-0.60710424	-1.1931947	393.0774	0.60710424	238.63894	1.965387	0.60710424
1.69E+03	-3.86E-01	-6.52E-01			2019.3605	-0.60351479	-1.2187139	403.8721	0.60351479	243.74278	2.0193605	0.60351479
1.74E+03	-3.80E-01	-6.61E-01			2069.7695	-0.59977257	-1.2413909	413.9539	0.59977257	248.27818	2.0697695	0.59977257
1.79E+03	-3.73E-01	-6.68E-01			2120.688	-0.59639311	-1.2647637	424.1376	0.59639311	252.95274	2.120688	0.59639311
1.85E+03	-3.66E-01	-6.76E-01			2171.0972	-0.59310913	-1.2876976	434.21944	0.59310913	257.53952	2.1710972	0.59310913
1.90E+03	-3.59E-01	-6.81E-01			2225.5798	-0.5897488	-1.312533	445.11596	0.5897488	262.5066	2.2255798	0.5897488
1.95E+03	-3.52E-01	-6.85E-01			2278.5349	-0.58640754	-1.3361501	455.70698	0.58640754	267.23002	2.2785349	0.58640754
2.00E+03	-3.44E-01	-6.88E-01			2329.4531	-0.583009	-1.3580922	465.89062	0.583009	271.61844	2.3294531	0.583009
2.05E+03	-3.36E-01	-6.89E-01			2381.3896	-0.57940048	-1.3797783	476.27792	0.57940048	275.95566	2.3813896	0.57940048
2.10E+03	-3.29E-01	-6.91E-01			2432.3081	-0.57651746	-1.4022681	486.46162	0.57651746	280.45362	2.4323081	0.57651746
2.15E+03	-3.22E-01	-6.93E-01			2484.2449	-0.57329077	-1.4241947	496.84898	0.57329077	284.83894	2.4842449	0.57329077
2.20E+03	-3.15E-01	-6.93E-01			2535.6724	-0.57000679	-1.4453504	507.13448	0.57000679	289.07008	2.5356724	0.57000679
2.26E+03	-3.09E-01	-6.96E-01			2588.1182	-0.56685644	-1.4670914	517.62364	0.56685644	293.41828	2.5881182	0.56685644
2.31E+03	-3.03E-01	-6.99E-01			2640.0549	-0.563878	-1.4886689	528.01098	0.563878	297.73378	2.6400549	0.563878
2.36E+03	-2.97E-01	-7.00E-01			2692.5007	-0.56051761	-1.509194	538.50014	0.56051761	301.8388	2.6925007	0.56051761
2.41E+03	-2.90E-01	-6.99E-01			2744.4375	-0.55763459	-1.5303932	548.8875	0.55763459	306.07864	2.7444375	0.55763459
2.46E+03	-2.82E-01	-6.95E-01			2794.8467	-0.55448431	-1.5496986	558.96934	0.55448431	309.93972	2.7948467	0.55448431
2.52E+03	-2.73E-01	-6.86E-01			2849.3293	-0.55144852	-1.5712584	569.86586	0.55144852	314.25168	2.8493293	0.55144852
2.57E+03	-2.63E-01	-6.74E-01			2899.7383	-0.54831731	-1.5899767	579.94766	0.54831731	317.99534	2.8997383	0.54831731
2.62E+03	-2.52E-01	-6.61E-01			2952.1841	-0.54526246	-1.6097151	590.43682	0.54526246	321.94302	2.9521841	0.54526246
2.61E+03	-2.52E-01	-6.56E-01			3007.176	-0.54232216	-1.6308582	601.4352	0.54232216	326.17164	3.007176	0.54232216
0.00E+00	-7.59E-01	0.00E+00			3062.168	-0.53921002	-1.6511517	612.4336	0.53921002	330.23034	3.062168	0.53921002
0.00E+00	-8.97E-01	0.00E+00			3112.5769	-0.53609788	-1.6686459	622.51538	0.53609788	333.72918	3.1125769	0.53609788
0.00E+00	-9.11E-01	0.00E+00			3163.4951	-0.5333485	-1.6872454	632.69902	0.5333485	337.44908	3.1634951	0.5333485
0.00E+00	-9.18E-01	0.00E+00			3213.9043	-0.53050363	-1.7049879	642.78086	0.53050363	340.99758	3.2139043	0.53050363
0.00E+00	-9.23E-01	0.00E+00			3265.3318	-0.52763975	-1.7229189	653.06636	0.52763975	344.58378	3.2653318	0.52763975
0.00E+00	-9.28E-01	0.00E+00			3317.2686	-0.5247758	-1.7408223	663.45372	0.5247758	348.16446	3.3172686	0.5247758
4.17E+01	-9.28E-01	-3.87E-02			3367.6777	-0.52200735	-1.7579526	673.53554	0.52200735	351.59052	3.3676777	0.52200735
9.26E+01	-8.49E-01	-7.87E-02			3418.5959	-0.51929617	-1.7752638	683.71918	0.51929617	355.05276	3.4185959	0.51929617
1.43E+02	-7.85E-01	-1.12E-01			3470.5327	-0.51633674	-1.7919636	694.10654	0.51633674	358.39272	3.4705327	0.51633674
1.96E+02	-7.57E-01	-1.48E-01			3520.9419	-0.51370192	-1.8087146	704.18838	0.51370192	361.74292	3.5209419	0.51370192
2.46E+02	-7.35E-01	-1.81E-01			3573.3879	-0.5111053	-1.8263775	714.67758	0.5111053	365.2755	3.5733879	0.5111053
2.98E+02	-7.17E-01	-2.14E-01			3626.3425	-0.50820321	-1.8429189	725.2685	0.50820321	368.58378	3.6263425	0.50820321
3.48E+02	-7.02E-01	-2.44E-01			3679.2981	-0.50566387	-1.8604882	735.85962	0.50566387	372.09764	3.6792981	0.50566387
4.00E+02	-6.88E-01	-2.75E-01			3731.2344	-0.502819	-1.8761356	746.24688	0.502819	375.22712	3.7312344	0.502819
4.53E+02	-6.75E-01	-3.06E-01			3782.1526	-0.50031787	-1.8922786	756.43052	0.50031787	378.45572	3.7821526	0.50031787
5.04E+02	-6.64E-01	-3.34E-01			3835.6172	-0.49743479	-1.9079695	767.12344	0.49743479	381.5939	3.8356172	0.49743479
5.56E+02	-6.54E-01	-3.63E-01			3888.0632	-0.49483818	-1.9239621	777.61264	0.49483818	384.79242	3.8880632	0.49483818
6.08E+02	-6.44E-01	-3.91E-01			3939.9998	-0.49195516	-1.9383032	787.99996	0.49195516	387.66064	3.9399998	0.49195516
6.59E+02	-6.36E-01	-4.19E-01			3990.4089	-0.48939672	-1.952893	798.08178	0.48939672	390.5786	3.9904089	0.48939672
7.09E+02	-6.27E-01	-4.45E-01			4043.873	-0.48659006	-1.9677085	808.7746	0.48659006	393.5417	4.043873	0.48659006
7.64E+02	-6.19E-01	-4.73E-01			4094.2825	-0.48426074	-1.9827002	818.8565	0.48426074	396.54004	4.0942825	0.48426074
8.14E+02	-6.10E-01	-4.97E-01			4144.6919	-0.48156863	-1.9959536	828.93838	0.48156863	399.19072	4.1446919	0.48156863
8.67E+02	-6.02E-01	-5.22E-01			4195.1011	-0.47904837	-2.0096564	839.02022	0.47904837	401.93128	4.1951011	0.47904837
9.18E+02	-5.95E-01	-5.46E-01			4253.1479	-0.4763563	-2.0260139	850.62958	0.4763563	405.20278	4.2531479	0.4763563
9.70E+02	-5.87E-01	-5.70E-01			4304.0659	-0.47381693	-2.0393393	860.81318	0.47381693	407.86786	4.3040659	0.47381693
1.02E+03	-5.80E-01	-5.92E-01			4354.9844	-0.47091481	-2.0508265	870.99688	0.47091481	410.1653	4.3549844	0.47091481
1.07E+03	-5.73E-01	-6.16E-01			4405.3936	-0.46875733	-2.0650606	881.07872	0.46875733	413.01212	4.4053936	0.46875733
1.13E+03	-5.67E-01	-6.39E-01			4457.3306	-0.46629435	-2.078428	891.46612	0.46629435	415.6856	4.4573306	0.46629435
1.18E+03	-5.60E-01	-6.60E-01			4507.7393	-0.46358317	-2.0897121	901.54786	0.46358317	417.94242	4.5077393	0.46358317
1.23E+03	-5.55E-01	-6.82E-01			4558.1484	-0.46121565	-2.1022894	911.62968	0.46121565	420.45788	4.5581484	0.46121565
1.28E+03	-5.49E-01	-7.02E-01			4611.1035	-0.45859993	-2.1146517	922.2207	0.45859993	422.93034	4.6111035	0.45859993
1.33E+03	-5.43E-01	-7.23E-01			4661.5127	-0.45617512	-2.126466	932.30254	0.45617512	425.2932	4.6615127	0.45617512
1.39E+03	-5.38E-01	-7.46E-01			4714.9766	-0.45373124	-2.1393321	942.99532	0.45373124	427.86642	4.7149766	0.45373124
1.44E+03	-5.33E-01	-7.65E-01			4766.9136	-0.45084822	-2.1491544	953.38272	0.45084822	429.83088	4.7669136	0.45084822
1.49E+03	-5.28E-01	-7.86E-01			4818.3413	-0.44853798	-2.1612091	963.66826	0.44853798	432.24182	4.8183413	0.44853798
1.54E+03	-5.22E-01	-8.05E-01			4870.7871	-0.4458459	-2.1716204	974.15742	0.4458459	434.32408	4.8707871	0.4458459
1.59E+03	-5.18E-01	-8.25E-01			4921.1963	-0.44347838	-2.1824441	984.23926	0.44347838	436.48882	4.9211963	0.44347838
1.64E+03	-5.13E-01	-8.43E-01			4975.1699	-0.44111085	-2.1946015	995.03398	0.44111085	438.9203	4.9751699	0.44111085
1.70E+03	-5.07E-01	-8.61E-01			5026.5972	-0.43872425	-2.2052901	1005.31944	0.43872425	441.05802	5.0265972	0.43872425
1.75E+03	-5.02E-01	-8.78E-01			5078.5337	-0.43603218	-2.2144041	1015.70674	0.43603218	442.88082	5.0785337	0.43603218
1.80E+03	-4.97E-01	-8.94E-01			5130.4702	-0.43351191	-2.2241199	1026.09404	0.43351191	444.82398	5.1304702	0.43351191
1.85E+03	-4.93E-01	-9.11E-01			5184.9526	-0.43095347	-2.2344732	1036.99052	0.43095347	446.89464	5.1849526	0.43095347
1.90E+03	-4.87E-01	-9.26E-01			5235.3623	-0.42854777	-2.2436028	1047.07246	0.42854777	448.72056	5.2353623	0.42854777
1.95E+03	-4.82E-01	-9.42E-01			5285.771	-0.42608479	-2.2521865	1057.1542	0.42608479	450.4373	5.285771	0.42608479
2.00E+03	-4.77E-01	-9.56E-01			5336.1807	-0.42373636	-2.2611339	1067.23614	0.42373636	452.22678	5.3361807	0.42373636
2.06E+03	-4.72E-01	-9.71E-01			5391.6816	-0.421197	-2.2709601	1078.33632	0.421197	454.19202	5.3916816	0.421197
2.11E+03	-4.67E-01	-9.84E-01			5443.6182	-0.4185431	-2.2783887	1088.72364	0.4185431	455.67774	5.4436182	0.4185431
2.16E+03	-4.62E-01	-9.98E-01			5495.5547	-0.41609922	-2.286696	1099.11094	0.41609922	457.3392	5.4955547	0.41609922
2.21E+03	-4.57E-01	-1.01E+00			5550.5464	-0.41367441	-2.296119	1110.10928	0.41367441	459.2238	5.5505464	0.41367441
2.26E+03	-4.52E-01	-1.02E+00			5600.9556	-0.41128781	-2.3036048	1120.19112	0.41128781	460.72096	5.6009556	0.41128781
2.31E+03	-4.48E-01	-1.04E+00			5653.4019	-0.40893939	-2.3118987	1130.68038	0.40893939	462.37974	5.6534019	0.40893939
2.36E+03	-4.43E-01	-1.05E+00			5706.8662	-0.40596092	-2.3167646	1141.37324	0.40596092	463.35292	5.7068662	0.40596092
2.42E+03	-4.38E-01	-1.06E+00			5759.3115	-0.4037843	-2.3255196	1151.8623	0.4037843	465.10392	5.7593115	0.4037843
2.47E+03	-4.34E-01	-1.07E+00			5809.7212	-0.40113041	-2.3304558	1161.94424	0.40113041	466.09116	5.8097212	0.40113041
2.52E+03	-4.30E-01	-1.08E+00			5862.6763	-0.3987247	-2.3375938	1172.53526	0.3987247	467.51876	5.8626763	0.3987247
2.57E+03	-4.25E-01	-1.09E+00			5913.5942	-0.39610898	-2.3424277	1182.71884	0.39610898	468.48554	5.9135942	0.39610898
2.62E+03	-4.21E-01	-1.10E+00			5965.022	-0.39387512	-2.3494737	1193.0044	0.39387512	469.89474	5.965022	0.39387512
2.67E+03	-4.17E-01	-1.11E+00			6016.9585	-0.39118302	-2.3537319	1203.3917	0.39118302	470.74638	6.0169585	0.39118302
2.72E+03	-4.12E-01	-1.12E+00			6067.3682	-0.38879642	-2.3589711	1213.47364	0.38879642	471.79422	6.0673682	0.38879642
2.78E+03	-4.08E-01	-1.13E+00			6120.832	-0.38658166	-2.3662014	1224.1664	0.38658166	473.24028	6.120832	0.38658166
2.83E+03	-4.03E-01	-1.14E+00			6172.2593	-0.38392773	-2.3697016	1234.45186	0.38392773	473.94032	6.1722593	0.38392773
2.88E+03	-3.98E-01	-1.15E+00			6223.1777	-0.38119745	-2.3722596	1244.63554	0.38119745	474.45192	6.2231777	0.38119745
2.93E+03	-3.93E-01	-1.15E+00			6275.1143	-0.37894452	-2.3779202	1255.02286	0.37894452	475.58404	6.2751143	0.37894452
2.98E+03	-3.88E-01	-1.16E+00			6328.0693	-0.37638605	-2.3817971	1265.61386	0.37638605	476.35942	6.3280693	0.37638605
3.03E+03	-3.84E-01	-1.16E+00			6378.9878	-0.37394217	-2.3853724	1275.79756	0.37394217	477.07448	6.3789878	0.37394217
3.08E+03	-3.79E-01	-1.17E+00			6430.4146	-0.37128827	-2.3875375	1286.08292	0.37128827	477.5075	6.4304146	0.37128827
3.13E+03	-3.75E-01	-1.17E+00			6481.3335	-0.36872983	-2.3898611	1296.2667	0.36872983	477.97222	6.4813335	0.36872983
3.19E+03	-3.70E-01	-1.18E+00			6532.252	-0.3663623	-2.3931708	1306.4504	0.3663623	478.63416	6.532252	0.3663623
3.24E+03	-3.66E-01	-1.18E+00			6585.7163	-0.3636893	-2.3951545	1317.14326	0.3636893	479.0309	6.5857163	0.3636893
3.29E+03	-3.61E-01	-1.19E+00			6637.1436	-0.36126453	-2.3977644	1327.42872	0.36126453	479.55288	6.6371436	0.36126453
3.34E+03	-3.58E-01	-1.19E+00			6688.5708	-0.35845786	-2.3975708	1337.71416	0.35845786	479.51416	6.6885708	0.35845786
3.39E+03	-3.54E-01	-1.20E+00			6744.0723	-0.35614762	-2.4018853	1348.81446	0.35614762	480.37706	6.7440723	0.35614762
3.44E+03	-3.50E-01	-1.20E+00			6797.0269	-0.35332188	-2.4015384	1359.40538	0.35332188	480.30768	6.7970269	0.35332188
3.49E+03	-3.45E-01	-1.21E+00			6847.9453	-0.35091618	-2.4030547	1369.58906	0.35091618	480.61094	6.8479453	0.35091618
3.54E+03	-3.41E-01	-1.21E+00			6900.9004	-0.3482241	-2.40306	1380.18008	0.3482241	480.612	6.9009004	0.3482241
3.60E+03	-3.36E-01	-1.21E+00			6951.8188	-0.34570384	-2.4032705	1390.36376	0.34570384	480.6541	6.9518188	0.34570384
3.65E+03	-3.32E-01	-1.21E+00			7003.7554	-0.34297356	-2.4021029	1400.75108	0.34297356	480.42058	7.0037554	0.34297356
3.70E+03	-3.27E-01	-1.21E+00			7054.6743	-0.34051058	-2.4021912	1410.93486	0.34051058	480.43824	7.0546743	0.34051058
3.75E+03	-3.22E-01	-1.21E+00			7111.7021	-0.33795214	-2.403415	1422.34042	0.33795214	480.683	7.1117021	0.33795214
3.80E+03	-3.18E-01	-1.21E+00			7164.1484	-0.33503091	-2.4002111	1432.82968	0.33503091	480.04222	7.1641484	0.33503091
3.85E+03	-3.13E-01	-1.21E+00			7215.0669	-0.33256793	-2.3994999	1443.01338	0.33256793	479.89998	7.2150669	0.33256793
3.90E+03	-3.09E-01	-1.21E+00			7265.9849	-0.32997131	-2.3975666	1453.19698	0.32997131	479.51332	7.2659849	0.32997131
3.95E+03	-3.04E-01	-1.20E+00			7319.4487	-0.32731742	-2.3957829	1463.88974	0.32731742	479.15658	7.3194487	0.32731742
4.01E+03	-3.00E-01	-1.20E+00			7372.4048	-0.32456803	-2.3928468	1474.48096	0.32456803	478.56936	7.3724048	0.32456803
4.06E+03	-2.95E-01	-1.20E+00			7423.8315	-0.32204777	-2.3908284	1484.7663	0.32204777	478.16568	7.4238315	0.32204777
4.11E+03	-2.91E-01	-1.19E+00			7474.2407	-0.31939387	-2.3872266	1494.84814	0.31939387	477.44532	7.4742407	0.31939387
4.16E+03	-2.86E-01	-1.19E+00			7525.1592	-0.31656814	-2.3822255	1505.03184	0.31656814	476.4451	7.5251592	0.31656814
4.22E+03	-2.81E-01	-1.18E+00			7575.5688	-0.31395242	-2.3783681	1515.11376	0.31395242	475.67362	7.5755688	0.31395242
4.27E+03	-2.75E-01	-1.18E+00			7625.9775	-0.31147033	-2.3752658	1525.1955	0.31147033	475.05316	7.6259775	0.31147033
4.32E+03	-2.70E-01	-1.17E+00			7678.9326	-0.30870187	-2.3705008	1535.78652	0.30870187	474.10016	7.6789326	0.30870187
4.37E+03	-2.65E-01	-1.16E+00			7730.8691	-0.30578065	-2.3639503	1546.17382	0.30578065	472.79006	7.7308691	0.30578065
4.42E+03	-2.60E-01	-1.15E+00			7781.2783	-0.30316493	-2.3590107	1556.25566	0.30316493	471.80214	7.7812783	0.30316493
4.47E+03	-2.55E-01	-1.14E+00			7834.2334	-0.30053011	-2.354423	1566.84668	0.30053011	470.8846	7.8342334	0.30053011
4.51E+03	-2.51E-01	-1.13E+00			7885.1519	-0.29778075	-2.3480465	1577.03038	0.29778075	469.6093	7.8851519	0.29778075
0.00E+00	-8.09E-01	0.00E+00			7935.561	-0.29487863	-2.3400273	1587.1122	0.29487863	468.00546	7.935561	0.29487863
0.00E+00	-9.19E-01	0.00E+00			7987.4976	-0.29212925	-2.3333817	1597.49952	0.29212925	466.67634	7.9874976	0.29212925
0.00E+00	-9.31E-01	0.00E+00			8037.9067	-0.28932261	-2.3255482	1607.58134	0.28932261	465.10964	8.0379067	0.28932261
0.00E+00	-9.38E-01	0.00E+00			8089.8438	-0.28664961	-2.3189507	1617.96876	0.28664961	463.79014	8.0898438	0.28664961
0.00E+00	-9.42E-01	0.00E+00			8140.2524	-0.28367111	-2.3091545	1628.05048	0.28367111	461.8309	8.1402524	0.28367111
0.00E+00	-9.46E-01	0.00E+00			8194.7354	-0.28099811	-2.302705	1638.94708	0.28099811	460.541	8.1947354	0.28099811
5.24E+01	-9.45E-01	-4.95E-02			8247.1807	-0.27824876	-2.2947679	1649.43614	0.27824876	458.95358	8.2471807	0.27824876
1.04E+02	-8.44E-01	-8.76E-02			8298.1006	-0.27530846	-2.2845373	1659.62012	0.27530846	456.90746	8.2981006	0.27530846
1.55E+02	-7.98E-01	-1.23E-01			8348.5088	-0.27210084	-2.2716362	1669.70176	0.27210084	454.32724	8.3485088	0.27210084
2.06E+02	-7.73E-01	-1.59E-01			8398.918	-0.26916054	-2.2606573	1679.7836	0.26916054	452.13146	8.398918	0.26916054
2.56E+02	-7.55E-01	-1.93E-01			8449.8369	-0.26646847	-2.251615	1689.96738	0.26646847	450.323	8.4498369	0.26646847
3.06E+02	-7.39E-01	-2.26E-01			8500.7549	-0.26356634	-2.2405128	1700.15098	0.26356634	448.10256	8.5007549	0.26356634
3.58E+02	-7.25E-01	-2.60E-01			8552.1826	-0.26051149	-2.2279418	1710.43652	0.26051149	445.58836	8.5521826	0.26051149
4.08E+02	-7.14E-01	-2.91E-01			8603.1006	-0.25743753	-2.214761	1720.62012	0.25743753	442.9522	8.6031006	0.25743753
4.60E+02	-7.02E-01	-3.23E-01			8654.0195	-0.25468814	-2.2040761	1730.8039	0.25468814	440.81522	8.6540195	0.25468814
5.13E+02	-6.91E-01	-3.54E-01			8710.0293	-0.25182423	-2.1933963	1742.00586	0.25182423	438.67926	8.7100293	0.25182423
5.66E+02	-6.82E-01	-3.86E-01			8701.8818	-0.25144237	-2.1880219	1740.37636	0.25144237	437.60438	8.7018818	0.25144237
6.18E+02	-6.72E-01	-4.15E-01										
6.69E+02	-6.63E-01	-4.44E-01										
7.23E+02	-6.55E-01	-4.74E-01										
7.74E+02	-6.48E-01	-5.01E-01										
8.26E+02	-6.40E-01	-5.29E-01										
8.77E+02	-6.33E-01	-5.55E-01										
9.27E+02	-6.26E-01	-5.80E-01										
9.79E+02	-6.20E-01	-6.06E-01										
1.03E+03	-6.13E-01	-6.31E-01										
1.08E+03	-6.07E-01	-6.56E-01										
1.13E+03	-6.01E-01	-6.80E-01										
1.18E+03	-5.95E-01	-7.03E-01										
1.23E+03	-5.88E-01	-7.25E-01										
1.28E+03	-5.83E-01	-7.49E-01										
1.34E+03	-5.78E-01	-7.72E-01										
1.39E+03	-5.72E-01	-7.93E-01										
1.44E+03	-5.67E-01	-8.16E-01										
1.49E+03	-5.62E-01	-8.37E-01										
1.54E+03	-5.56E-01	-8.58E-01										
1.59E+03	-5.52E-01	-8.80E-01										
1.65E+03	-5.47E-01	-9.00E-01										
1.70E+03	-5.42E-01	-9.19E-01										
1.75E+03	-5.38E-01	-9.40E-01										
1.80E+03	-5.33E-01	-9.58E-01										
1.85E+03	-5.29E-01	-9.77E-01										
1.90E+03	-5.24E-01	-9.95E-01										
1.95E+03	-5.20E-01	-1.01E+00										
2.00E+03	-5.15E-01	-1.03E+00										
2.06E+03	-5.11E-01	-1.05E+00										
2.11E+03	-5.06E-01	-1.07E+00										
2.16E+03	-5.02E-01	-1.08E+00										
2.21E+03	-4.98E-01	-1.10E+00										
2.26E+03	-4.94E-01	-1.12E+00										
2.32E+03	-4.89E-01	-1.13E+00										
2.37E+03	-4.85E-01	-1.15E+00										
2.42E+03	-4.81E-01	-1.16E+00										
2.47E+03	-4.77E-01	-1.18E+00										
2.52E+03	-4.73E-01	-1.19E+00										
2.57E+03	-4.68E-01	-1.20E+00										
2.62E+03	-4.65E-01	-1.22E+00										
2.68E+03	-4.61E-01	-1.23E+00										
2.73E+03	-4.56E-01	-1.24E+00										
2.78E+03	-4.52E-01	-1.26E+00										
2.83E+03	-4.49E-01	-1.27E+00										
2.88E+03	-4.44E-01	-1.28E+00										
2.93E+03	-4.41E-01	-1.29E+00										
2.99E+03	-4.36E-01	-1.30E+00										
3.04E+03	-4.32E-01	-1.31E+00										
3.09E+03	-4.29E-01	-1.32E+00										
3.14E+03	-4.25E-01	-1.33E+00										
3.20E+03	-4.20E-01	-1.34E+00										
3.25E+03	-4.16E-01	-1.35E+00										
3.30E+03	-4.13E-01	-1.36E+00										
3.35E+03	-4.08E-01	-1.37E+00										
3.40E+03	-4.05E-01	-1.38E+00										
3.45E+03	-4.01E-01	-1.38E+00										
3.50E+03	-3.97E-01	-1.39E+00										
3.56E+03	-3.93E-01	-1.40E+00										
3.61E+03	-3.89E-01	-1.40E+00										
3.66E+03	-3.86E-01	-1.41E+00										
3.71E+03	-3.82E-01	-1.42E+00										
3.76E+03	-3.78E-01	-1.42E+00										
3.81E+03	-3.74E-01	-1.43E+00										
3.86E+03	-3.71E-01	-1.43E+00										
3.91E+03	-3.67E-01	-1.44E+00										
3.96E+03	-3.63E-01	-1.44E+00										
4.01E+03	-3.60E-01	-1.44E+00										
4.07E+03	-3.56E-01	-1.45E+00										
4.12E+03	-3.53E-01	-1.45E+00										
4.17E+03	-3.48E-01	-1.45E+00										
4.22E+03	-3.45E-01	-1.46E+00										
4.27E+03	-3.41E-01	-1.46E+00										
4.32E+03	-3.37E-01	-1.46E+00										
4.38E+03	-3.33E-01	-1.46E+00										
4.43E+03	-3.30E-01	-1.46E+00										
4.48E+03	-3.26E-01	-1.46E+00										
4.53E+03	-3.22E-01	-1.46E+00										
4.58E+03	-3.18E-01	-1.46E+00										
4.63E+03	-3.14E-01	-1.46E+00										
4.68E+03	-3.11E-01	-1.46E+00										
4.73E+03	-3.07E-01	-1.45E+00										
4.78E+03	-3.03E-01	-1.45E+00										
4.84E+03	-2.99E-01	-1.45E+00										
4.89E+03	-2.95E-01	-1.44E+00										
4.94E+03	-2.91E-01	-1.44E+00										
4.99E+03	-2.88E-01	-1.44E+00										
5.04E+03	-2.84E-01	-1.43E+00										
5.10E+03	-2.80E-01	-1.43E+00										
5.15E+03	-2.76E-01	-1.42E+00										
5.20E+03	-2.71E-01	-1.41E+00										
5.25E+03	-2.67E-01	-1.40E+00										
5.31E+03	-2.63E-01	-1.40E+00										
5.36E+03	-2.59E-01	-1.39E+00										
5.41E+03	-2.54E-01	-1.38E+00										
5.44E+03	-2.51E-01	-1.37E+00										
0.00E+00	-8.24E-01	0.00E+00										
0.00E+00	-9.26E-01	0.00E+00										
0.00E+00	-9.38E-01	0.00E+00										
0.00E+00	-9.44E-01	0.00E+00										
0.00E+00	-9.48E-01	0.00E+00										
0.00E+00	-9.52E-01	0.00E+00										
4.98E+01	-9.52E-01	-4.74E-02										
1.00E+02	-8.47E-01	-8.50E-02										
1.51E+02	-8.05E-01	-1.21E-01										
2.05E+02	-7.82E-01	-1.60E-01										
2.55E+02	-7.63E-01	-1.94E-01										
3.06E+02	-7.47E-01	-2.29E-01										
3.57E+02	-7.35E-01	-2.63E-01										
4.08E+02	-7.23E-01	-2.95E-01										
4.60E+02	-7.12E-01	-3.28E-01										
5.11E+02	-7.01E-01	-3.58E-01										
5.63E+02	-6.92E-01	-3.90E-01										
6.17E+02	-6.83E-01	-4.22E-01										
6.67E+02	-6.75E-01	-4.50E-01										
7.20E+02	-6.66E-01	-4.80E-01										
7.71E+02	-6.59E-01	-5.08E-01										
8.22E+02	-6.52E-01	-5.36E-01										
8.75E+02	-6.45E-01	-5.65E-01										
9.28E+02	-6.38E-01	-5.92E-01										
9.78E+02	-6.32E-01	-6.18E-01										
1.03E+03	-6.25E-01	-6.45E-01										
1.08E+03	-6.19E-01	-6.70E-01										
1.13E+03	-6.14E-01	-6.95E-01										
1.18E+03	-6.08E-01	-7.19E-01										
1.23E+03	-6.03E-01	-7.45E-01										
1.29E+03	-5.97E-01	-7.68E-01										
1.34E+03	-5.92E-01	-7.93E-01										
1.39E+03	-5.87E-01	-8.16E-01										
1.44E+03	-5.82E-01	-8.38E-01										
1.49E+03	-5.77E-01	-8.61E-01										
1.55E+03	-5.72E-01	-8.84E-01										
1.60E+03	-5.67E-01	-9.07E-01										
1.65E+03	-5.62E-01	-9.27E-01										
1.70E+03	-5.58E-01	-9.49E-01										
1.75E+03	-5.53E-01	-9.69E-01										
1.80E+03	-5.48E-01	-9.90E-01										
1.86E+03	-5.44E-01	-1.01E+00										
1.91E+03	-5.39E-01	-1.03E+00										
1.96E+03	-5.35E-01	-1.05E+00										
2.01E+03	-5.31E-01	-1.07E+00										
2.06E+03	-5.27E-01	-1.09E+00										
2.11E+03	-5.22E-01	-1.10E+00										
2.17E+03	-5.19E-01	-1.12E+00										
2.22E+03	-5.15E-01	-1.14E+00										
2.27E+03	-5.10E-01	-1.16E+00										
2.32E+03	-5.06E-01	-1.18E+00										
2.37E+03	-5.02E-01	-1.19E+00										
2.42E+03	-4.99E-01	-1.21E+00										
2.47E+03	-4.95E-01	-1.22E+00										
2.52E+03	-4.91E-01	-1.24E+00										
2.58E+03	-4.87E-01	-1.26E+00										
2.63E+03	-4.83E-01	-1.27E+00										
2.68E+03	-4.80E-01	-1.29E+00										
2.73E+03	-4.76E-01	-1.30E+00										
2.78E+03	-4.72E-01	-1.31E+00										
2.83E+03	-4.69E-01	-1.33E+00										
2.89E+03	-4.65E-01	-1.34E+00										
2.94E+03	-4.62E-01	-1.36E+00										
2.99E+03	-4.58E-01	-1.37E+00										
3.04E+03	-4.54E-01	-1.38E+00										
3.09E+03	-4.51E-01	-1.39E+00										
3.15E+03	-4.47E-01	-1.41E+00										
3.20E+03	-4.43E-01	-1.42E+00										
3.25E+03	-4.40E-01	-1.43E+00										
3.30E+03	-4.36E-01	-1.44E+00										
3.36E+03	-4.33E-01	-1.45E+00										
3.41E+03	-4.29E-01	-1.46E+00										
3.46E+03	-4.26E-01	-1.47E+00										
3.51E+03	-4.22E-01	-1.48E+00										
3.56E+03	-4.19E-01	-1.49E+00										
3.61E+03	-4.15E-01	-1.50E+00										
3.66E+03	-4.12E-01	-1.51E+00										
3.71E+03	-4.08E-01	-1.52E+00										
3.77E+03	-4.05E-01	-1.53E+00										
3.82E+03	-4.02E-01	-1.53E+00										
3.87E+03	-3.98E-01	-1.54E+00										
3.92E+03	-3.95E-01	-1.55E+00										
3.98E+03	-3.92E-01	-1.56E+00										
4.03E+03	-3.88E-01	-1.56E+00										
4.08E+03	-3.85E-01	-1.57E+00										
4.13E+03	-3.82E-01	-1.58E+00										
4.18E+03	-3.79E-01	-1.58E+00										
4.23E+03	-3.75E-01	-1.59E+00										
4.29E+03	-3.72E-01	-1.59E+00										
4.34E+03	-3.69E-01	-1.60E+00										
4.39E+03	-3.65E-01	-1.60E+00										
4.44E+03	-3.62E-01	-1.61E+00										
4.49E+03	-3.59E-01	-1.61E+00										
4.54E+03	-3.55E-01	-1.61E+00										
4.59E+03	-3.52E-01	-1.62E+00										
4.64E+03	-3.48E-01	-1.62E+00										
4.69E+03	-3.45E-01	-1.62E+00										
4.75E+03	-3.41E-01	-1.62E+00										
4.80E+03	-3.38E-01	-1.62E+00										
4.85E+03	-3.35E-01	-1.62E+00										
4.90E+03	-3.31E-01	-1.62E+00										
4.95E+03	-3.28E-01	-1.62E+00										
5.00E+03	-3.25E-01	-1.62E+00										
5.05E+03	-3.21E-01	-1.62E+00										
5.10E+03	-3.18E-01	-1.62E+00										
5.15E+03	-3.14E-01	-1.62E+00										
5.21E+03	-3.11E-01	-1.62E+00										
5.26E+03	-3.07E-01	-1.61E+00										
5.31E+03	-3.04E-01	-1.61E+00										
5.36E+03	-3.01E-01	-1.61E+00										
5.41E+03	-2.97E-01	-1.61E+00										
5.47E+03	-2.93E-01	-1.60E+00										
5.52E+03	-2.90E-01	-1.60E+00										
5.57E+03	-2.86E-01	-1.59E+00										
5.62E+03	-2.82E-01	-1.59E+00										
5.67E+03	-2.79E-01	-1.58E+00										
5.72E+03	-2.75E-01	-1.57E+00										
5.77E+03	-2.71E-01	-1.57E+00										
5.83E+03	-2.68E-01	-1.56E+00										
5.88E+03	-2.64E-01	-1.55E+00										
5.93E+03	-2.60E-01	-1.54E+00										
5.98E+03	-2.56E-01	-1.53E+00										
6.04E+03	-2.52E-01	-1.52E+00										
6.05E+03	-2.51E-01	-1.52E+00										
0.00E+00	-8.31E-01	0.00E+00										
0.00E+00	-9.29E-01	0.00E+00										
0.00E+00	-9.41E-01	0.00E+00										
0.00E+00	-9.47E-01	0.00E+00										
0.00E+00	-9.51E-01	0.00E+00										
0.00E+00	-9.55E-01	0.00E+00										
4.73E+01	-9.55E-01	-4.52E-02										
9.77E+01	-8.59E-01	-8.39E-02										
1.48E+02	-8.10E-01	-1.20E-01										
2.00E+02	-7.85E-01	-1.57E-01										
2.52E+02	-7.67E-01	-1.93E-01										
3.02E+02	-7.51E-01	-2.27E-01										
3.55E+02	-7.38E-01	-2.62E-01										
4.06E+02	-7.27E-01	-2.95E-01										
4.56E+02	-7.16E-01	-3.27E-01										
5.09E+02	-7.06E-01	-3.59E-01										
5.60E+02	-6.96E-01	-3.90E-01										
6.10E+02	-6.88E-01	-4.20E-01										
6.61E+02	-6.80E-01	-4.50E-01										
7.13E+02	-6.72E-01	-4.79E-01										
7.64E+02	-6.65E-01	-5.08E-01										
8.17E+02	-6.58E-01	-5.38E-01										
8.69E+02	-6.51E-01	-5.66E-01										
9.20E+02	-6.45E-01	-5.93E-01										
9.70E+02	-6.39E-01	-6.20E-01										
1.02E+03	-6.33E-01	-6.46E-01										
1.07E+03	-6.27E-01	-6.72E-01										
1.12E+03	-6.21E-01	-6.97E-01										
1.17E+03	-6.16E-01	-7.23E-01										
1.23E+03	-6.10E-01	-7.47E-01										
1.28E+03	-6.05E-01	-7.72E-01										
1.33E+03	-5.99E-01	-7.97E-01										
1.38E+03	-5.94E-01	-8.21E-01										
1.44E+03	-5.89E-01	-8.46E-01										
1.49E+03	-5.84E-01	-8.69E-01										
1.54E+03	-5.80E-01	-8.92E-01										
1.59E+03	-5.75E-01	-9.14E-01										
1.64E+03	-5.70E-01	-9.35E-01										
1.69E+03	-5.66E-01	-9.56E-01										
1.74E+03	-5.62E-01	-9.78E-01										
1.79E+03	-5.57E-01	-9.99E-01										
1.85E+03	-5.53E-01	-1.02E+00										
1.90E+03	-5.49E-01	-1.04E+00										
1.95E+03	-5.45E-01	-1.06E+00										
2.00E+03	-5.40E-01	-1.08E+00										
2.05E+03	-5.36E-01	-1.10E+00										
2.10E+03	-5.32E-01	-1.12E+00										
2.15E+03	-5.28E-01	-1.14E+00										
2.21E+03	-5.24E-01	-1.16E+00										
2.26E+03	-5.20E-01	-1.18E+00										
2.31E+03	-5.16E-01	-1.19E+00										
2.36E+03	-5.12E-01	-1.21E+00										
2.41E+03	-5.08E-01	-1.23E+00										
2.47E+03	-5.05E-01	-1.24E+00										
2.52E+03	-5.01E-01	-1.26E+00										
2.57E+03	-4.97E-01	-1.28E+00										
2.62E+03	-4.93E-01	-1.29E+00										
2.67E+03	-4.90E-01	-1.31E+00										
2.72E+03	-4.86E-01	-1.32E+00										
2.77E+03	-4.83E-01	-1.34E+00										
2.83E+03	-4.79E-01	-1.35E+00										
2.88E+03	-4.75E-01	-1.37E+00										
2.93E+03	-4.72E-01	-1.38E+00										
2.98E+03	-4.69E-01	-1.40E+00										
3.03E+03	-4.65E-01	-1.41E+00										
3.08E+03	-4.62E-01	-1.42E+00										
3.13E+03	-4.59E-01	-1.44E+00										
3.18E+03	-4.55E-01	-1.45E+00										
3.23E+03	-4.52E-01	-1.46E+00										
3.29E+03	-4.49E-01	-1.48E+00										
3.34E+03	-4.45E-01	-1.49E+00										
3.39E+03	-4.42E-01	-1.50E+00										
3.44E+03	-4.39E-01	-1.51E+00										
3.49E+03	-4.36E-01	-1.52E+00										
3.55E+03	-4.32E-01	-1.53E+00										
3.60E+03	-4.29E-01	-1.54E+00										
3.65E+03	-4.26E-01	-1.55E+00										
3.70E+03	-4.22E-01	-1.56E+00										
3.75E+03	-4.20E-01	-1.57E+00										
3.80E+03	-4.16E-01	-1.58E+00										
3.85E+03	-4.13E-01	-1.59E+00										
3.90E+03	-4.10E-01	-1.60E+00										
3.95E+03	-4.07E-01	-1.61E+00										
4.01E+03	-4.04E-01	-1.62E+00										
4.06E+03	-4.01E-01	-1.63E+00										
4.11E+03	-3.98E-01	-1.64E+00										
4.16E+03	-3.94E-01	-1.64E+00										
4.21E+03	-3.91E-01	-1.65E+00										
4.26E+03	-3.88E-01	-1.66E+00										
4.31E+03	-3.85E-01	-1.66E+00										
4.37E+03	-3.82E-01	-1.67E+00										
4.42E+03	-3.78E-01	-1.67E+00										
4.47E+03	-3.75E-01	-1.68E+00										
4.52E+03	-3.72E-01	-1.68E+00										
4.57E+03	-3.69E-01	-1.69E+00										
4.62E+03	-3.66E-01	-1.69E+00										
4.67E+03	-3.63E-01	-1.70E+00										
4.73E+03	-3.60E-01	-1.70E+00										
4.78E+03	-3.57E-01	-1.70E+00										
4.83E+03	-3.53E-01	-1.71E+00										
4.88E+03	-3.50E-01	-1.71E+00										
4.93E+03	-3.47E-01	-1.71E+00										
4.98E+03	-3.44E-01	-1.71E+00										
5.04E+03	-3.41E-01	-1.72E+00										
5.09E+03	-3.37E-01	-1.72E+00										
5.14E+03	-3.34E-01	-1.72E+00										
5.19E+03	-3.31E-01	-1.72E+00										
5.24E+03	-3.28E-01	-1.72E+00										
5.29E+03	-3.25E-01	-1.72E+00										
5.34E+03	-3.22E-01	-1.72E+00										
5.40E+03	-3.18E-01	-1.72E+00										
5.45E+03	-3.15E-01	-1.72E+00										
5.50E+03	-3.12E-01	-1.72E+00										
5.55E+03	-3.09E-01	-1.71E+00										
5.60E+03	-3.05E-01	-1.71E+00										
5.65E+03	-3.02E-01	-1.71E+00										
5.71E+03	-2.99E-01	-1.70E+00										
5.76E+03	-2.95E-01	-1.70E+00										
5.81E+03	-2.92E-01	-1.70E+00										
5.86E+03	-2.89E-01	-1.69E+00										
5.91E+03	-2.85E-01	-1.69E+00										
5.97E+03	-2.82E-01	-1.68E+00										
6.02E+03	-2.78E-01	-1.67E+00										
6.07E+03	-2.75E-01	-1.67E+00										
6.12E+03	-2.72E-01	-1.66E+00										
6.17E+03	-2.68E-01	-1.65E+00										
6.22E+03	-2.65E-01	-1.65E+00										
6.27E+03	-2.61E-01	-1.64E+00										
6.33E+03	-2.57E-01	-1.63E+00										
6.38E+03	-2.54E-01	-1.62E+00										
6.41E+03	-2.51E-01	-1.61E+00										
0.00E+00	-8.35E-01	0.00E+00										
0.00E+00	-9.32E-01	0.00E+00										
0.00E+00	-9.44E-01	0.00E+00										
0.00E+00	-9.49E-01	0.00E+00										
0.00E+00	-9.53E-01	0.00E+00										
0.00E+00	-9.57E-01	0.00E+00										
5.14E+01	-9.57E-01	-4.92E-02										
1.02E+02	-8.57E-01	-8.76E-02										
1.53E+02	-8.10E-01	-1.24E-01										
2.04E+02	-7.85E-01	-1.60E-01										
2.55E+02	-7.67E-01	-1.96E-01										
3.05E+02	-7.53E-01	-2.30E-01										
3.57E+02	-7.40E-01	-2.64E-01										
4.10E+02	-7.29E-01	-2.99E-01										
4.63E+02	-7.17E-01	-3.32E-01										
5.13E+02	-7.07E-01	-3.63E-01										
5.64E+02	-6.99E-01	-3.94E-01										
6.15E+02	-6.90E-01	-4.24E-01										
6.66E+02	-6.83E-01	-4.55E-01										
7.19E+02	-6.75E-01	-4.85E-01										
7.71E+02	-6.68E-01	-5.15E-01										
8.21E+02	-6.60E-01	-5.42E-01										
8.72E+02	-6.54E-01	-5.70E-01										
9.23E+02	-6.48E-01	-5.98E-01										
9.75E+02	-6.42E-01	-6.26E-01										
1.03E+03	-6.36E-01	-6.52E-01										
1.08E+03	-6.30E-01	-6.80E-01										
1.13E+03	-6.24E-01	-7.07E-01										
1.18E+03	-6.18E-01	-7.32E-01										
1.24E+03	-6.13E-01	-7.57E-01										
1.29E+03	-6.07E-01	-7.81E-01										
1.34E+03	-6.03E-01	-8.05E-01										
1.39E+03	-5.97E-01	-8.28E-01										
1.44E+03	-5.93E-01	-8.52E-01										
1.49E+03	-5.88E-01	-8.75E-01										
1.54E+03	-5.83E-01	-8.98E-01										
1.59E+03	-5.79E-01	-9.20E-01										
1.64E+03	-5.74E-01	-9.42E-01										
1.69E+03	-5.69E-01	-9.63E-01										
1.74E+03	-5.65E-01	-9.85E-01										
1.80E+03	-5.61E-01	-1.01E+00										
1.85E+03	-5.56E-01	-1.03E+00										
1.90E+03	-5.52E-01	-1.05E+00										
1.95E+03	-5.48E-01	-1.07E+00										
2.00E+03	-5.44E-01	-1.09E+00										
2.05E+03	-5.40E-01	-1.11E+00										
2.10E+03	-5.36E-01	-1.13E+00										
2.15E+03	-5.32E-01	-1.15E+00										
2.21E+03	-5.28E-01	-1.16E+00										
2.26E+03	-5.24E-01	-1.18E+00										
2.31E+03	-5.20E-01	-1.20E+00										
2.36E+03	-5.16E-01	-1.22E+00										
2.41E+03	-5.13E-01	-1.24E+00										
2.46E+03	-5.09E-01	-1.25E+00										
2.52E+03	-5.05E-01	-1.27E+00										
2.57E+03	-5.01E-01	-1.29E+00										
2.62E+03	-4.98E-01	-1.30E+00										
2.67E+03	-4.94E-01	-1.32E+00										
2.72E+03	-4.91E-01	-1.34E+00										
2.77E+03	-4.87E-01	-1.35E+00										
2.82E+03	-4.84E-01	-1.37E+00										
2.88E+03	-4.80E-01	-1.38E+00										
2.93E+03	-4.77E-01	-1.40E+00										
2.98E+03	-4.73E-01	-1.41E+00										
3.03E+03	-4.71E-01	-1.43E+00										
3.08E+03	-4.67E-01	-1.44E+00										
3.13E+03	-4.63E-01	-1.45E+00										
3.19E+03	-4.60E-01	-1.47E+00										
3.24E+03	-4.56E-01	-1.48E+00										
3.29E+03	-4.54E-01	-1.49E+00										
3.34E+03	-4.50E-01	-1.50E+00										
3.39E+03	-4.47E-01	-1.52E+00										
3.44E+03	-4.44E-01	-1.53E+00										
3.50E+03	-4.40E-01	-1.54E+00										
3.55E+03	-4.37E-01	-1.55E+00										
3.60E+03	-4.34E-01	-1.56E+00										
3.65E+03	-4.31E-01	-1.57E+00										
3.70E+03	-4.28E-01	-1.58E+00										
3.76E+03	-4.24E-01	-1.59E+00										
3.81E+03	-4.22E-01	-1.61E+00										
3.86E+03	-4.18E-01	-1.62E+00										
3.91E+03	-4.15E-01	-1.62E+00										
3.96E+03	-4.12E-01	-1.63E+00										
4.01E+03	-4.09E-01	-1.64E+00										
4.07E+03	-4.06E-01	-1.65E+00										
4.12E+03	-4.03E-01	-1.66E+00										
4.18E+03	-4.00E-01	-1.67E+00										
4.23E+03	-3.97E-01	-1.68E+00										
4.28E+03	-3.94E-01	-1.68E+00										
4.33E+03	-3.91E-01	-1.69E+00										
4.38E+03	-3.88E-01	-1.70E+00										
4.43E+03	-3.85E-01	-1.71E+00										
4.48E+03	-3.82E-01	-1.71E+00										
4.54E+03	-3.79E-01	-1.72E+00										
4.59E+03	-3.76E-01	-1.72E+00										
4.64E+03	-3.73E-01	-1.73E+00										
4.69E+03	-3.70E-01	-1.73E+00										
4.74E+03	-3.66E-01	-1.74E+00										
4.79E+03	-3.63E-01	-1.74E+00										
4.84E+03	-3.60E-01	-1.74E+00										
4.89E+03	-3.57E-01	-1.75E+00										
4.95E+03	-3.54E-01	-1.75E+00										
5.00E+03	-3.51E-01	-1.76E+00										
5.05E+03	-3.48E-01	-1.76E+00										
5.10E+03	-3.45E-01	-1.76E+00										
5.15E+03	-3.42E-01	-1.76E+00										
5.20E+03	-3.39E-01	-1.76E+00										
5.26E+03	-3.36E-01	-1.77E+00										
5.31E+03	-3.33E-01	-1.77E+00										
5.36E+03	-3.30E-01	-1.77E+00										
5.41E+03	-3.27E-01	-1.77E+00										
5.47E+03	-3.24E-01	-1.77E+00										
5.52E+03	-3.21E-01	-1.77E+00										
5.57E+03	-3.18E-01	-1.77E+00										
5.62E+03	-3.15E-01	-1.77E+00										
5.67E+03	-3.11E-01	-1.77E+00										
5.72E+03	-3.08E-01	-1.76E+00										
5.77E+03	-3.05E-01	-1.76E+00										
5.83E+03	-3.02E-01	-1.76E+00										
5.88E+03	-2.99E-01	-1.76E+00										
5.93E+03	-2.96E-01	-1.75E+00										
5.98E+03	-2.92E-01	-1.75E+00										
6.03E+03	-2.89E-01	-1.74E+00										
6.08E+03	-2.86E-01	-1.74E+00										
6.13E+03	-2.83E-01	-1.74E+00										
6.19E+03	-2.79E-01	-1.73E+00										
6.24E+03	-2.76E-01	-1.72E+00										
6.29E+03	-2.73E-01	-1.72E+00										
6.34E+03	-2.70E-01	-1.71E+00										
6.39E+03	-2.66E-01	-1.70E+00										
6.44E+03	-2.63E-01	-1.69E+00										
6.49E+03	-2.60E-01	-1.69E+00										
6.55E+03	-2.57E-01	-1.68E+00										
6.60E+03	-2.53E-01	-1.67E+00										
6.61E+03	-2.51E-01	-1.66E+00										
0.00E+00	-8.38E-01	0.00E+00										
0.00E+00	-9.35E-01	0.00E+00										
0.00E+00	-9.46E-01	0.00E+00										
0.00E+00	-9.52E-01	0.00E+00										
0.00E+00	-9.56E-01	0.00E+00										
0.00E+00	-9.59E-01	0.00E+00										
4.83E+01	-9.59E-01	-4.64E-02										
9.87E+01	-8.61E-01	-8.50E-02										
1.49E+02	-8.13E-01	-1.21E-01										
2.00E+02	-7.88E-01	-1.57E-01										
2.50E+02	-7.71E-01	-1.93E-01										
3.00E+02	-7.56E-01	-2.27E-01										
3.51E+02	-7.43E-01	-2.61E-01										
4.02E+02	-7.31E-01	-2.94E-01										
4.54E+02	-7.21E-01	-3.27E-01										
5.05E+02	-7.11E-01	-3.59E-01										
5.55E+02	-7.02E-01	-3.90E-01										
6.07E+02	-6.94E-01	-4.21E-01										
6.58E+02	-6.86E-01	-4.51E-01										
7.08E+02	-6.78E-01	-4.80E-01										
7.59E+02	-6.71E-01	-5.09E-01										
8.10E+02	-6.64E-01	-5.38E-01										
8.62E+02	-6.58E-01	-5.67E-01										
9.13E+02	-6.51E-01	-5.94E-01										
9.63E+02	-6.45E-01	-6.21E-01										
1.02E+03	-6.39E-01	-6.49E-01										
1.07E+03	-6.33E-01	-6.75E-01										
1.12E+03	-6.28E-01	-7.01E-01										
1.17E+03	-6.22E-01	-7.29E-01										
1.22E+03	-6.16E-01	-7.53E-01										
1.28E+03	-6.11E-01	-7.80E-01										
1.33E+03	-6.06E-01	-8.04E-01										
1.38E+03	-6.00E-01	-8.28E-01										
1.43E+03	-5.96E-01	-8.52E-01										
1.48E+03	-5.91E-01	-8.77E-01										
1.53E+03	-5.86E-01	-8.99E-01										
1.59E+03	-5.81E-01	-9.21E-01										
1.64E+03	-5.77E-01	-9.44E-01										
1.69E+03	-5.72E-01	-9.65E-01										
1.74E+03	-5.68E-01	-9.87E-01										
1.79E+03	-5.63E-01	-1.01E+00										
1.84E+03	-5.59E-01	-1.03E+00										
1.89E+03	-5.55E-01	-1.05E+00										
1.94E+03	-5.51E-01	-1.07E+00										
1.99E+03	-5.46E-01	-1.09E+00										
2.05E+03	-5.43E-01	-1.11E+00										
2.10E+03	-5.39E-01	-1.13E+00										
2.15E+03	-5.35E-01	-1.15E+00										
2.20E+03	-5.31E-01	-1.17E+00										
2.25E+03	-5.27E-01	-1.19E+00										
2.30E+03	-5.23E-01	-1.20E+00										
2.35E+03	-5.19E-01	-1.22E+00										
2.41E+03	-5.15E-01	-1.24E+00										
2.46E+03	-5.11E-01	-1.26E+00										
2.51E+03	-5.08E-01	-1.27E+00										
2.56E+03	-5.04E-01	-1.29E+00										
2.62E+03	-5.00E-01	-1.31E+00										
2.67E+03	-4.97E-01	-1.32E+00										
2.72E+03	-4.93E-01	-1.34E+00										
2.77E+03	-4.90E-01	-1.36E+00										
2.82E+03	-4.86E-01	-1.37E+00										
2.87E+03	-4.83E-01	-1.39E+00										
2.93E+03	-4.80E-01	-1.40E+00										
2.98E+03	-4.75E-01	-1.42E+00										
3.03E+03	-4.72E-01	-1.43E+00										
3.08E+03	-4.69E-01	-1.45E+00										
3.14E+03	-4.65E-01	-1.46E+00										
3.19E+03	-4.62E-01	-1.47E+00										
3.24E+03	-4.59E-01	-1.49E+00										
3.29E+03	-4.55E-01	-1.50E+00										
3.34E+03	-4.52E-01	-1.51E+00										
3.39E+03	-4.49E-01	-1.52E+00										
3.44E+03	-4.46E-01	-1.53E+00										
3.49E+03	-4.43E-01	-1.55E+00										
3.54E+03	-4.40E-01	-1.56E+00										
3.60E+03	-4.36E-01	-1.57E+00										
3.65E+03	-4.33E-01	-1.58E+00										
3.70E+03	-4.30E-01	-1.59E+00										
3.76E+03	-4.27E-01	-1.60E+00										
3.81E+03	-4.24E-01	-1.61E+00										
3.86E+03	-4.21E-01	-1.62E+00										
3.91E+03	-4.17E-01	-1.63E+00										
3.97E+03	-4.14E-01	-1.64E+00										
4.02E+03	-4.11E-01	-1.65E+00										
4.07E+03	-4.08E-01	-1.66E+00										
4.12E+03	-4.05E-01	-1.67E+00										
4.17E+03	-4.02E-01	-1.68E+00										
4.23E+03	-3.99E-01	-1.69E+00										
4.28E+03	-3.96E-01	-1.69E+00										
4.33E+03	-3.93E-01	-1.70E+00										
4.38E+03	-3.90E-01	-1.71E+00										
4.43E+03	-3.87E-01	-1.72E+00										
4.48E+03	-3.84E-01	-1.72E+00										
4.54E+03	-3.81E-01	-1.73E+00										
4.59E+03	-3.78E-01	-1.74E+00										
4.64E+03	-3.75E-01	-1.74E+00										
4.69E+03	-3.73E-01	-1.75E+00										
4.74E+03	-3.70E-01	-1.75E+00										
4.79E+03	-3.67E-01	-1.76E+00										
4.84E+03	-3.64E-01	-1.76E+00										
4.90E+03	-3.61E-01	-1.77E+00										
4.95E+03	-3.58E-01	-1.77E+00										
5.00E+03	-3.55E-01	-1.77E+00										
5.05E+03	-3.52E-01	-1.78E+00										
5.10E+03	-3.49E-01	-1.78E+00										
5.16E+03	-3.46E-01	-1.79E+00										
5.21E+03	-3.43E-01	-1.79E+00										
5.26E+03	-3.40E-01	-1.79E+00										
5.31E+03	-3.37E-01	-1.79E+00										
5.36E+03	-3.34E-01	-1.79E+00										
5.42E+03	-3.31E-01	-1.79E+00										
5.47E+03	-3.28E-01	-1.80E+00										
5.52E+03	-3.25E-01	-1.80E+00										
5.58E+03	-3.22E-01	-1.80E+00										
5.63E+03	-3.19E-01	-1.80E+00										
5.68E+03	-3.16E-01	-1.80E+00										
5.74E+03	-3.13E-01	-1.79E+00										
5.79E+03	-3.10E-01	-1.79E+00										
5.84E+03	-3.07E-01	-1.79E+00										
5.89E+03	-3.04E-01	-1.79E+00										
5.94E+03	-3.01E-01	-1.79E+00										
5.99E+03	-2.98E-01	-1.78E+00										
6.05E+03	-2.95E-01	-1.78E+00										
6.10E+03	-2.92E-01	-1.78E+00										
6.15E+03	-2.89E-01	-1.78E+00										
6.20E+03	-2.85E-01	-1.77E+00										
6.25E+03	-2.83E-01	-1.77E+00										
6.30E+03	-2.79E-01	-1.76E+00										
6.35E+03	-2.76E-01	-1.76E+00										
6.40E+03	-2.73E-01	-1.75E+00										
6.45E+03	-2.70E-01	-1.74E+00										
6.51E+03	-2.67E-01	-1.74E+00										
6.56E+03	-2.64E-01	-1.73E+00										
6.61E+03	-2.61E-01	-1.72E+00										
6.66E+03	-2.58E-01	-1.72E+00										
6.72E+03	-2.54E-01	-1.71E+00										
6.75E+03	-2.52E-01	-1.70E+00										
0.00E+00	-8.41E-01	0.00E+00										
0.00E+00	-9.37E-01	0.00E+00										
0.00E+00	-9.49E-01	0.00E+00										
0.00E+00	-9.54E-01	0.00E+00										
0.00E+00	-9.58E-01	0.00E+00										
0.00E+00	-9.62E-01	0.00E+00										
5.49E+01	-9.62E-01	-5.28E-02										
1.08E+02	-8.52E-01	-9.23E-02										
1.59E+02	-8.09E-01	-1.29E-01										
2.10E+02	-7.86E-01	-1.65E-01										
2.61E+02	-7.68E-01	-2.00E-01										
3.13E+02	-7.54E-01	-2.36E-01										
3.65E+02	-7.41E-01	-2.70E-01										
4.16E+02	-7.29E-01	-3.04E-01										
4.68E+02	-7.19E-01	-3.36E-01										
5.20E+02	-7.09E-01	-3.69E-01										
5.70E+02	-7.01E-01	-4.00E-01										
6.23E+02	-6.92E-01	-4.31E-01										
6.75E+02	-6.84E-01	-4.62E-01										
7.28E+02	-6.76E-01	-4.92E-01										
7.78E+02	-6.69E-01	-5.20E-01										
8.30E+02	-6.62E-01	-5.50E-01										
8.81E+02	-6.56E-01	-5.78E-01										
9.32E+02	-6.50E-01	-6.05E-01										
9.85E+02	-6.43E-01	-6.33E-01										
1.04E+03	-6.37E-01	-6.62E-01										
1.09E+03	-6.31E-01	-6.87E-01										
1.14E+03	-6.25E-01	-7.13E-01										
1.19E+03	-6.20E-01	-7.38E-01										
1.24E+03	-6.15E-01	-7.64E-01										
1.29E+03	-6.09E-01	-7.88E-01										
1.34E+03	-6.04E-01	-8.12E-01										
1.39E+03	-6.00E-01	-8.36E-01										
1.45E+03	-5.95E-01	-8.60E-01										
1.50E+03	-5.90E-01	-8.82E-01										
1.55E+03	-5.85E-01	-9.05E-01										
1.60E+03	-5.81E-01	-9.28E-01										
1.65E+03	-5.76E-01	-9.51E-01										
1.70E+03	-5.71E-01	-9.73E-01										
1.76E+03	-5.67E-01	-9.96E-01										
1.81E+03	-5.62E-01	-1.02E+00										
1.86E+03	-5.58E-01	-1.04E+00										
1.91E+03	-5.54E-01	-1.06E+00										
1.96E+03	-5.49E-01	-1.08E+00										
2.02E+03	-5.45E-01	-1.10E+00										
2.07E+03	-5.41E-01	-1.12E+00										
2.12E+03	-5.37E-01	-1.14E+00										
2.17E+03	-5.33E-01	-1.16E+00										
2.22E+03	-5.29E-01	-1.18E+00										
2.27E+03	-5.26E-01	-1.19E+00										
2.32E+03	-5.22E-01	-1.21E+00										
2.37E+03	-5.18E-01	-1.23E+00										
2.43E+03	-5.14E-01	-1.25E+00										
2.48E+03	-5.10E-01	-1.27E+00										
2.53E+03	-5.07E-01	-1.28E+00										
2.58E+03	-5.03E-01	-1.30E+00										
2.63E+03	-5.00E-01	-1.32E+00										
2.69E+03	-4.96E-01	-1.33E+00										
2.74E+03	-4.93E-01	-1.35E+00										
2.79E+03	-4.89E-01	-1.37E+00										
2.84E+03	-4.86E-01	-1.38E+00										
2.90E+03	-4.82E-01	-1.40E+00										
2.95E+03	-4.79E-01	-1.41E+00										
3.00E+03	-4.75E-01	-1.42E+00										
3.05E+03	-4.72E-01	-1.44E+00										
3.10E+03	-4.69E-01	-1.45E+00										
3.15E+03	-4.66E-01	-1.47E+00										
3.20E+03	-4.63E-01	-1.48E+00										
3.25E+03	-4.59E-01	-1.49E+00										
3.30E+03	-4.56E-01	-1.51E+00										
3.35E+03	-4.53E-01	-1.52E+00										
3.41E+03	-4.50E-01	-1.53E+00										
3.46E+03	-4.47E-01	-1.54E+00										
3.51E+03	-4.44E-01	-1.56E+00										
3.56E+03	-4.41E-01	-1.57E+00										
3.61E+03	-4.38E-01	-1.58E+00										
3.67E+03	-4.34E-01	-1.59E+00										
3.72E+03	-4.31E-01	-1.60E+00										
3.77E+03	-4.28E-01	-1.61E+00										
3.82E+03	-4.25E-01	-1.63E+00										
3.87E+03	-4.22E-01	-1.63E+00										
3.92E+03	-4.19E-01	-1.65E+00										
3.97E+03	-4.17E-01	-1.66E+00										
4.02E+03	-4.14E-01	-1.67E+00										
4.08E+03	-4.11E-01	-1.68E+00										
4.13E+03	-4.08E-01	-1.69E+00										
4.18E+03	-4.05E-01	-1.69E+00										
4.23E+03	-4.02E-01	-1.70E+00										
4.28E+03	-3.99E-01	-1.71E+00										
4.34E+03	-3.96E-01	-1.72E+00										
4.39E+03	-3.93E-01	-1.73E+00										
4.44E+03	-3.91E-01	-1.73E+00										
4.49E+03	-3.88E-01	-1.74E+00										
4.54E+03	-3.85E-01	-1.75E+00										
4.59E+03	-3.82E-01	-1.75E+00										
4.65E+03	-3.79E-01	-1.76E+00										
4.70E+03	-3.76E-01	-1.77E+00										
4.75E+03	-3.73E-01	-1.77E+00										
4.81E+03	-3.70E-01	-1.78E+00										
4.86E+03	-3.68E-01	-1.79E+00										
4.91E+03	-3.65E-01	-1.79E+00										
4.96E+03	-3.62E-01	-1.80E+00										
5.01E+03	-3.59E-01	-1.80E+00										
5.06E+03	-3.56E-01	-1.80E+00										
5.11E+03	-3.54E-01	-1.81E+00										
5.17E+03	-3.51E-01	-1.81E+00										
5.22E+03	-3.48E-01	-1.82E+00										
5.27E+03	-3.45E-01	-1.82E+00										
5.32E+03	-3.42E-01	-1.82E+00										
5.37E+03	-3.40E-01	-1.82E+00										
5.42E+03	-3.37E-01	-1.83E+00										
5.47E+03	-3.34E-01	-1.83E+00										
5.52E+03	-3.31E-01	-1.83E+00										
5.57E+03	-3.29E-01	-1.83E+00										
5.63E+03	-3.26E-01	-1.83E+00										
5.68E+03	-3.23E-01	-1.83E+00										
5.73E+03	-3.20E-01	-1.83E+00										
5.78E+03	-3.17E-01	-1.83E+00										
5.83E+03	-3.15E-01	-1.83E+00										
5.89E+03	-3.12E-01	-1.83E+00										
5.94E+03	-3.09E-01	-1.84E+00										
5.99E+03	-3.06E-01	-1.83E+00										
6.04E+03	-3.03E-01	-1.83E+00										
6.09E+03	-3.00E-01	-1.83E+00										
6.15E+03	-2.97E-01	-1.83E+00										
6.20E+03	-2.94E-01	-1.82E+00										
6.25E+03	-2.92E-01	-1.82E+00										
6.30E+03	-2.89E-01	-1.82E+00										
6.35E+03	-2.86E-01	-1.82E+00										
6.40E+03	-2.83E-01	-1.81E+00										
6.45E+03	-2.80E-01	-1.81E+00										
6.50E+03	-2.77E-01	-1.80E+00										
6.55E+03	-2.74E-01	-1.80E+00										
6.60E+03	-2.72E-01	-1.79E+00										
6.66E+03	-2.69E-01	-1.79E+00										
6.71E+03	-2.66E-01	-1.78E+00										
6.76E+03	-2.62E-01	-1.77E+00										
6.81E+03	-2.59E-01	-1.77E+00										
6.86E+03	-2.57E-01	-1.76E+00										
6.91E+03	-2.53E-01	-1.75E+00										
6.95E+03	-2.51E-01	-1.75E+00										
0.00E+00	-8.43E-01	0.00E+00										
0.00E+00	-9.40E-01	0.00E+00										
0.00E+00	-9.51E-01	0.00E+00										
0.00E+00	-9.56E-01	0.00E+00										
0.00E+00	-9.60E-01	0.00E+00										
0.00E+00	-9.64E-01	0.00E+00										
4.98E+01	-9.64E-01	-4.80E-02										
1.04E+02	-8.62E-01	-8.95E-02										
1.54E+02	-8.13E-01	-1.25E-01										
2.07E+02	-7.90E-01	-1.64E-01										
2.59E+02	-7.71E-01	-1.99E-01										
3.10E+02	-7.56E-01	-2.34E-01										
3.63E+02	-7.44E-01	-2.70E-01										
4.14E+02	-7.31E-01	-3.03E-01										
4.69E+02	-7.21E-01	-3.38E-01										
5.20E+02	-7.09E-01	-3.69E-01										
5.71E+02	-7.00E-01	-3.99E-01										
6.22E+02	-6.91E-01	-4.30E-01										
6.73E+02	-6.83E-01	-4.60E-01										
7.26E+02	-6.75E-01	-4.90E-01										
7.79E+02	-6.68E-01	-5.20E-01										
8.30E+02	-6.61E-01	-5.49E-01										
8.82E+02	-6.54E-01	-5.77E-01										
9.33E+02	-6.47E-01	-6.04E-01										
9.84E+02	-6.41E-01	-6.31E-01										
1.03E+03	-6.35E-01	-6.57E-01										
1.08E+03	-6.30E-01	-6.83E-01										
1.14E+03	-6.24E-01	-7.08E-01										
1.19E+03	-6.19E-01	-7.34E-01										
1.24E+03	-6.14E-01	-7.60E-01										
1.29E+03	-6.08E-01	-7.87E-01										
1.34E+03	-6.03E-01	-8.11E-01										
1.40E+03	-5.98E-01	-8.35E-01										
1.45E+03	-5.94E-01	-8.59E-01										
1.50E+03	-5.90E-01	-8.82E-01										
1.55E+03	-5.85E-01	-9.05E-01										
1.60E+03	-5.81E-01	-9.28E-01										
1.65E+03	-5.77E-01	-9.51E-01										
1.70E+03	-5.72E-01	-9.72E-01										
1.75E+03	-5.68E-01	-9.94E-01										
1.80E+03	-5.64E-01	-1.02E+00										
1.85E+03	-5.59E-01	-1.04E+00										
1.91E+03	-5.55E-01	-1.06E+00										
1.96E+03	-5.51E-01	-1.08E+00										
2.01E+03	-5.46E-01	-1.10E+00										
2.06E+03	-5.42E-01	-1.12E+00										
2.11E+03	-5.38E-01	-1.14E+00										
2.16E+03	-5.35E-01	-1.16E+00										
2.21E+03	-5.31E-01	-1.18E+00										
2.26E+03	-5.27E-01	-1.19E+00										
2.32E+03	-5.23E-01	-1.21E+00										
2.37E+03	-5.19E-01	-1.23E+00										
2.42E+03	-5.15E-01	-1.25E+00										
2.47E+03	-5.12E-01	-1.27E+00										
2.52E+03	-5.08E-01	-1.28E+00										
2.57E+03	-5.04E-01	-1.30E+00										
2.63E+03	-5.01E-01	-1.31E+00										
2.68E+03	-4.97E-01	-1.33E+00										
2.73E+03	-4.94E-01	-1.35E+00										
2.78E+03	-4.91E-01	-1.37E+00										
2.83E+03	-4.86E-01	-1.38E+00										
2.88E+03	-4.83E-01	-1.39E+00										
2.94E+03	-4.79E-01	-1.41E+00										
2.99E+03	-4.76E-01	-1.42E+00										
3.04E+03	-4.72E-01	-1.44E+00										
3.09E+03	-4.69E-01	-1.45E+00										
3.14E+03	-4.66E-01	-1.46E+00										
3.19E+03	-4.62E-01	-1.48E+00										
3.24E+03	-4.59E-01	-1.49E+00										
3.29E+03	-4.56E-01	-1.50E+00										
3.34E+03	-4.53E-01	-1.51E+00										
3.39E+03	-4.50E-01	-1.53E+00										
3.45E+03	-4.46E-01	-1.54E+00										
3.50E+03	-4.43E-01	-1.55E+00										
3.55E+03	-4.40E-01	-1.56E+00										
3.60E+03	-4.36E-01	-1.57E+00										
3.65E+03	-4.34E-01	-1.58E+00										
3.70E+03	-4.30E-01	-1.59E+00										
3.75E+03	-4.27E-01	-1.60E+00										
3.80E+03	-4.24E-01	-1.61E+00										
3.85E+03	-4.21E-01	-1.62E+00										
3.91E+03	-4.18E-01	-1.63E+00										
3.96E+03	-4.15E-01	-1.64E+00										
4.01E+03	-4.12E-01	-1.65E+00										
4.06E+03	-4.09E-01	-1.66E+00										
4.11E+03	-4.06E-01	-1.67E+00										
4.16E+03	-4.03E-01	-1.68E+00										
4.21E+03	-4.00E-01	-1.68E+00										
4.26E+03	-3.97E-01	-1.69E+00										
4.31E+03	-3.94E-01	-1.70E+00										
4.37E+03	-3.91E-01	-1.71E+00										
4.42E+03	-3.88E-01	-1.71E+00										
4.47E+03	-3.85E-01	-1.72E+00										
4.52E+03	-3.82E-01	-1.73E+00										
4.57E+03	-3.79E-01	-1.73E+00										
4.62E+03	-3.76E-01	-1.74E+00										
4.67E+03	-3.73E-01	-1.74E+00										
4.73E+03	-3.70E-01	-1.75E+00										
4.78E+03	-3.66E-01	-1.75E+00										
4.83E+03	-3.63E-01	-1.75E+00										
4.88E+03	-3.60E-01	-1.76E+00										
4.93E+03	-3.57E-01	-1.76E+00										
4.98E+03	-3.54E-01	-1.77E+00										
5.04E+03	-3.51E-01	-1.77E+00										
5.09E+03	-3.48E-01	-1.77E+00										
5.14E+03	-3.45E-01	-1.78E+00										
5.19E+03	-3.42E-01	-1.78E+00										
5.25E+03	-3.39E-01	-1.78E+00										
5.30E+03	-3.36E-01	-1.78E+00										
5.35E+03	-3.33E-01	-1.78E+00										
5.40E+03	-3.30E-01	-1.78E+00										
5.45E+03	-3.27E-01	-1.78E+00										
5.50E+03	-3.24E-01	-1.78E+00										
5.55E+03	-3.21E-01	-1.78E+00										
5.61E+03	-3.19E-01	-1.79E+00										
5.66E+03	-3.15E-01	-1.78E+00										
5.71E+03	-3.12E-01	-1.78E+00										
5.76E+03	-3.10E-01	-1.78E+00										
5.82E+03	-3.06E-01	-1.78E+00										
5.87E+03	-3.03E-01	-1.78E+00										
5.93E+03	-3.00E-01	-1.78E+00										
5.98E+03	-2.96E-01	-1.77E+00										
6.03E+03	-2.93E-01	-1.77E+00										
6.08E+03	-2.90E-01	-1.76E+00										
6.13E+03	-2.87E-01	-1.76E+00										
6.18E+03	-2.84E-01	-1.76E+00										
6.24E+03	-2.81E-01	-1.75E+00										
6.29E+03	-2.78E-01	-1.75E+00										
6.34E+03	-2.75E-01	-1.74E+00										
6.40E+03	-2.71E-01	-1.73E+00										
6.45E+03	-2.68E-01	-1.73E+00										
6.50E+03	-2.65E-01	-1.72E+00										
6.55E+03	-2.62E-01	-1.72E+00										
6.60E+03	-2.59E-01	-1.71E+00										
6.65E+03	-2.56E-01	-1.70E+00										
6.70E+03	-2.53E-01	-1.69E+00										
6.72E+03	-2.52E-01	-1.69E+00										
0.00E+00	-8.43E-01	0.00E+00										
0.00E+00	-9.41E-01	0.00E+00										
0.00E+00	-9.52E-01	0.00E+00										
0.00E+00	-9.58E-01	0.00E+00										
0.00E+00	-9.61E-01	0.00E+00										
0.00E+00	-9.65E-01	0.00E+00										
5.09E+01	-9.65E-01	-4.91E-02										
1.03E+02	-8.61E-01	-8.85E-02										
1.55E+02	-8.13E-01	-1.26E-01										
2.05E+02	-7.87E-01	-1.61E-01										
2.57E+02	-7.69E-01	-1.98E-01										
3.07E+02	-7.55E-01	-2.32E-01										
3.59E+02	-7.42E-01	-2.66E-01										
4.09E+02	-7.31E-01	-2.99E-01										
4.60E+02	-7.20E-01	-3.31E-01										
5.13E+02	-7.11E-01	-3.65E-01										
5.66E+02	-7.02E-01	-3.97E-01										
6.19E+02	-6.94E-01	-4.30E-01										
6.70E+02	-6.86E-01	-4.59E-01										
7.20E+02	-6.78E-01	-4.89E-01										
7.71E+02	-6.72E-01	-5.18E-01										
8.21E+02	-6.65E-01	-5.46E-01										
8.72E+02	-6.59E-01	-5.74E-01										
9.22E+02	-6.52E-01	-6.02E-01										
9.73E+02	-6.46E-01	-6.29E-01										
1.03E+03	-6.40E-01	-6.57E-01										
1.08E+03	-6.35E-01	-6.85E-01										
1.13E+03	-6.29E-01	-7.11E-01										
1.18E+03	-6.24E-01	-7.37E-01										
1.23E+03	-6.18E-01	-7.61E-01										
1.28E+03	-6.13E-01	-7.86E-01										
1.33E+03	-6.08E-01	-8.12E-01										
1.39E+03	-6.03E-01	-8.36E-01										
1.44E+03	-5.98E-01	-8.60E-01										
1.49E+03	-5.94E-01	-8.83E-01										
1.54E+03	-5.89E-01	-9.08E-01										
1.59E+03	-5.84E-01	-9.31E-01										
1.65E+03	-5.80E-01	-9.55E-01										
1.70E+03	-5.75E-01	-9.76E-01										
1.75E+03	-5.71E-01	-9.98E-01										
1.80E+03	-5.66E-01	-1.02E+00										
1.85E+03	-5.62E-01	-1.04E+00										
1.90E+03	-5.58E-01	-1.06E+00										
1.95E+03	-5.54E-01	-1.08E+00										
2.00E+03	-5.50E-01	-1.10E+00										
2.05E+03	-5.47E-01	-1.12E+00										
2.11E+03	-5.42E-01	-1.14E+00										
2.16E+03	-5.38E-01	-1.16E+00										
2.21E+03	-5.34E-01	-1.18E+00										
2.26E+03	-5.30E-01	-1.20E+00										
2.31E+03	-5.27E-01	-1.22E+00										
2.37E+03	-5.23E-01	-1.24E+00										
2.42E+03	-5.19E-01	-1.25E+00										
2.47E+03	-5.15E-01	-1.27E+00										
2.52E+03	-5.12E-01	-1.29E+00										
2.57E+03	-5.08E-01	-1.31E+00										
2.62E+03	-5.05E-01	-1.32E+00										
2.68E+03	-5.01E-01	-1.34E+00										
2.73E+03	-4.98E-01	-1.36E+00										
2.78E+03	-4.94E-01	-1.37E+00										
2.83E+03	-4.91E-01	-1.39E+00										
2.88E+03	-4.87E-01	-1.40E+00										
2.93E+03	-4.84E-01	-1.42E+00										
2.98E+03	-4.81E-01	-1.43E+00										
3.04E+03	-4.77E-01	-1.45E+00										
3.09E+03	-4.74E-01	-1.46E+00										
3.14E+03	-4.71E-01	-1.48E+00										
3.19E+03	-4.67E-01	-1.49E+00										
3.24E+03	-4.64E-01	-1.50E+00										
3.29E+03	-4.61E-01	-1.52E+00										
3.34E+03	-4.58E-01	-1.53E+00										
3.39E+03	-4.55E-01	-1.54E+00										
3.44E+03	-4.52E-01	-1.55E+00										
3.49E+03	-4.49E-01	-1.57E+00										
3.54E+03	-4.45E-01	-1.58E+00										
3.60E+03	-4.42E-01	-1.59E+00										
3.65E+03	-4.39E-01	-1.60E+00										
3.70E+03	-4.36E-01	-1.61E+00										
3.75E+03	-4.33E-01	-1.62E+00										
3.80E+03	-4.30E-01	-1.64E+00										
3.85E+03	-4.27E-01	-1.64E+00										
3.90E+03	-4.24E-01	-1.66E+00										
3.95E+03	-4.21E-01	-1.66E+00										
4.00E+03	-4.18E-01	-1.67E+00										
4.06E+03	-4.15E-01	-1.68E+00										
4.11E+03	-4.12E-01	-1.69E+00										
4.16E+03	-4.09E-01	-1.70E+00										
4.21E+03	-4.06E-01	-1.71E+00										
4.26E+03	-4.03E-01	-1.72E+00										
4.31E+03	-4.00E-01	-1.72E+00										
4.37E+03	-3.97E-01	-1.73E+00										
4.42E+03	-3.94E-01	-1.74E+00										
4.47E+03	-3.91E-01	-1.75E+00										
4.52E+03	-3.88E-01	-1.75E+00										
4.57E+03	-3.85E-01	-1.76E+00										
4.62E+03	-3.82E-01	-1.77E+00										
4.68E+03	-3.79E-01	-1.77E+00										
4.73E+03	-3.76E-01	-1.78E+00										
4.79E+03	-3.73E-01	-1.78E+00										
4.84E+03	-3.70E-01	-1.79E+00										
4.89E+03	-3.67E-01	-1.79E+00										
4.94E+03	-3.64E-01	-1.80E+00										
5.00E+03	-3.61E-01	-1.80E+00										
5.05E+03	-3.58E-01	-1.81E+00										
5.10E+03	-3.55E-01	-1.81E+00										
5.16E+03	-3.52E-01	-1.81E+00										
5.21E+03	-3.49E-01	-1.81E+00										
5.26E+03	-3.46E-01	-1.82E+00										
5.31E+03	-3.43E-01	-1.82E+00										
5.36E+03	-3.40E-01	-1.82E+00										
5.41E+03	-3.38E-01	-1.83E+00										
5.46E+03	-3.35E-01	-1.83E+00										
5.51E+03	-3.32E-01	-1.83E+00										
5.56E+03	-3.29E-01	-1.83E+00										
5.62E+03	-3.26E-01	-1.83E+00										
5.67E+03	-3.23E-01	-1.83E+00										
5.72E+03	-3.20E-01	-1.83E+00										
5.77E+03	-3.17E-01	-1.83E+00										
5.82E+03	-3.14E-01	-1.83E+00										
5.88E+03	-3.11E-01	-1.83E+00										
5.93E+03	-3.08E-01	-1.83E+00										
5.98E+03	-3.05E-01	-1.82E+00										
6.03E+03	-3.02E-01	-1.82E+00										
6.08E+03	-2.99E-01	-1.82E+00										
6.14E+03	-2.96E-01	-1.82E+00										
6.19E+03	-2.93E-01	-1.81E+00										
6.24E+03	-2.90E-01	-1.81E+00										
6.29E+03	-2.87E-01	-1.80E+00										
6.34E+03	-2.84E-01	-1.80E+00										
6.39E+03	-2.81E-01	-1.79E+00										
6.44E+03	-2.78E-01	-1.79E+00										
6.50E+03	-2.75E-01	-1.78E+00										
6.55E+03	-2.72E-01	-1.78E+00										
6.60E+03	-2.69E-01	-1.77E+00										
6.65E+03	-2.66E-01	-1.77E+00										
6.70E+03	-2.63E-01	-1.76E+00										
6.75E+03	-2.60E-01	-1.75E+00										
6.80E+03	-2.57E-01	-1.75E+00										
6.86E+03	-2.54E-01	-1.74E+00										
6.88E+03	-2.51E-01	-1.73E+00										
0.00E+00	-8.43E-01	0.00E+00										
0.00E+00	-9.41E-01	0.00E+00										
0.00E+00	-9.52E-01	0.00E+00										
0.00E+00	-9.57E-01	0.00E+00										
0.00E+00	-9.60E-01	0.00E+00										
0.00E+00	-9.64E-01	0.00E+00										
5.65E+01	-9.64E-01	-5.44E-02										
1.07E+02	-8.51E-01	-9.10E-02										
1.58E+02	-8.09E-01	-1.28E-01										
2.09E+02	-7.86E-01	-1.64E-01										
2.60E+02	-7.68E-01	-2.00E-01										
3.15E+02	-7.53E-01	-2.37E-01										
3.66E+02	-7.40E-01	-2.71E-01										
4.16E+02	-7.29E-01	-3.04E-01										
4.67E+02	-7.20E-01	-3.37E-01										
5.19E+02	-7.10E-01	-3.68E-01										
5.69E+02	-7.02E-01	-4.00E-01										
6.23E+02	-6.94E-01	-4.32E-01										
6.74E+02	-6.86E-01	-4.62E-01										
7.26E+02	-6.78E-01	-4.92E-01										
7.76E+02	-6.71E-01	-5.21E-01										
8.27E+02	-6.65E-01	-5.50E-01										
8.78E+02	-6.59E-01	-5.78E-01										
9.30E+02	-6.52E-01	-6.06E-01										
9.82E+02	-6.47E-01	-6.35E-01										
1.03E+03	-6.40E-01	-6.61E-01										
1.08E+03	-6.35E-01	-6.88E-01										
1.14E+03	-6.29E-01	-7.15E-01										
1.19E+03	-6.24E-01	-7.41E-01										
1.24E+03	-6.19E-01	-7.66E-01										
1.29E+03	-6.14E-01	-7.91E-01										
1.34E+03	-6.09E-01	-8.16E-01										
1.39E+03	-6.04E-01	-8.40E-01										
1.44E+03	-5.99E-01	-8.64E-01										
1.49E+03	-5.95E-01	-8.88E-01										
1.54E+03	-5.90E-01	-9.12E-01										
1.60E+03	-5.85E-01	-9.34E-01										
1.65E+03	-5.81E-01	-9.57E-01										
1.70E+03	-5.77E-01	-9.82E-01										
1.75E+03	-5.72E-01	-1.00E+00										
1.80E+03	-5.68E-01	-1.02E+00										
1.86E+03	-5.64E-01	-1.05E+00										
1.91E+03	-5.59E-01	-1.07E+00										
1.96E+03	-5.56E-01	-1.09E+00										
2.01E+03	-5.52E-01	-1.11E+00										
2.06E+03	-5.47E-01	-1.13E+00										
2.11E+03	-5.43E-01	-1.15E+00										
2.16E+03	-5.39E-01	-1.17E+00										
2.22E+03	-5.36E-01	-1.19E+00										
2.27E+03	-5.32E-01	-1.21E+00										
2.32E+03	-5.28E-01	-1.23E+00										
2.37E+03	-5.25E-01	-1.25E+00										
2.42E+03	-5.21E-01	-1.26E+00										
2.47E+03	-5.17E-01	-1.28E+00										
2.52E+03	-5.14E-01	-1.30E+00										
2.58E+03	-5.10E-01	-1.31E+00										
2.63E+03	-5.07E-01	-1.33E+00										
2.68E+03	-5.03E-01	-1.35E+00										
2.73E+03	-5.00E-01	-1.36E+00										
2.78E+03	-4.96E-01	-1.38E+00										
2.83E+03	-4.93E-01	-1.40E+00										
2.88E+03	-4.90E-01	-1.41E+00										
2.94E+03	-4.86E-01	-1.43E+00										
2.99E+03	-4.83E-01	-1.44E+00										
3.04E+03	-4.79E-01	-1.46E+00										
3.09E+03	-4.77E-01	-1.47E+00										
3.14E+03	-4.73E-01	-1.49E+00										
3.19E+03	-4.70E-01	-1.50E+00										
3.24E+03	-4.67E-01	-1.51E+00										
3.29E+03	-4.64E-01	-1.53E+00										
3.35E+03	-4.60E-01	-1.54E+00										
3.40E+03	-4.57E-01	-1.55E+00										
3.45E+03	-4.54E-01	-1.57E+00										
3.50E+03	-4.51E-01	-1.58E+00										
3.55E+03	-4.48E-01	-1.59E+00										
3.60E+03	-4.44E-01	-1.60E+00										
3.66E+03	-4.41E-01	-1.62E+00										
3.71E+03	-4.38E-01	-1.63E+00										
3.76E+03	-4.35E-01	-1.64E+00										
3.81E+03	-4.32E-01	-1.65E+00										
3.87E+03	-4.29E-01	-1.66E+00										
3.92E+03	-4.26E-01	-1.67E+00										
3.97E+03	-4.23E-01	-1.68E+00										
4.02E+03	-4.20E-01	-1.69E+00										
4.07E+03	-4.17E-01	-1.70E+00										
4.12E+03	-4.14E-01	-1.71E+00										
4.18E+03	-4.11E-01	-1.72E+00										
4.23E+03	-4.08E-01	-1.72E+00										
4.28E+03	-4.05E-01	-1.73E+00										
4.34E+03	-4.02E-01	-1.74E+00										
4.39E+03	-3.99E-01	-1.75E+00										
4.44E+03	-3.95E-01	-1.76E+00										
4.49E+03	-3.93E-01	-1.76E+00										
4.54E+03	-3.90E-01	-1.77E+00										
4.59E+03	-3.87E-01	-1.78E+00										
4.64E+03	-3.84E-01	-1.78E+00										
4.69E+03	-3.81E-01	-1.79E+00										
4.75E+03	-3.78E-01	-1.80E+00										
4.80E+03	-3.75E-01	-1.80E+00										
4.85E+03	-3.72E-01	-1.80E+00										
4.90E+03	-3.69E-01	-1.81E+00										
4.95E+03	-3.67E-01	-1.82E+00										
5.00E+03	-3.64E-01	-1.82E+00										
5.06E+03	-3.61E-01	-1.82E+00										
5.11E+03	-3.58E-01	-1.83E+00										
5.17E+03	-3.55E-01	-1.83E+00										
5.22E+03	-3.51E-01	-1.83E+00										
5.27E+03	-3.49E-01	-1.84E+00										
5.32E+03	-3.46E-01	-1.84E+00										
5.37E+03	-3.43E-01	-1.84E+00										
5.43E+03	-3.40E-01	-1.84E+00										
5.48E+03	-3.37E-01	-1.85E+00										
5.53E+03	-3.34E-01	-1.85E+00										
5.58E+03	-3.31E-01	-1.85E+00										
5.63E+03	-3.28E-01	-1.85E+00										
5.69E+03	-3.25E-01	-1.85E+00										
5.74E+03	-3.22E-01	-1.85E+00										
5.79E+03	-3.19E-01	-1.85E+00										
5.84E+03	-3.16E-01	-1.85E+00										
5.89E+03	-3.13E-01	-1.85E+00										
5.95E+03	-3.10E-01	-1.85E+00										
6.00E+03	-3.07E-01	-1.84E+00										
6.05E+03	-3.04E-01	-1.84E+00										
6.10E+03	-3.01E-01	-1.84E+00										
6.15E+03	-2.99E-01	-1.84E+00										
6.20E+03	-2.96E-01	-1.83E+00										
6.25E+03	-2.93E-01	-1.83E+00										
6.31E+03	-2.90E-01	-1.83E+00										
6.36E+03	-2.87E-01	-1.82E+00										
6.41E+03	-2.84E-01	-1.82E+00										
6.46E+03	-2.80E-01	-1.81E+00										
6.51E+03	-2.78E-01	-1.81E+00										
6.56E+03	-2.75E-01	-1.80E+00										
6.62E+03	-2.72E-01	-1.80E+00										
6.67E+03	-2.68E-01	-1.79E+00										
6.72E+03	-2.65E-01	-1.78E+00										
6.77E+03	-2.62E-01	-1.77E+00										
6.82E+03	-2.59E-01	-1.77E+00										
6.87E+03	-2.56E-01	-1.76E+00										
6.92E+03	-2.53E-01	-1.75E+00										
6.94E+03	-2.51E-01	-1.74E+00										
0.00E+00	-8.44E-01	0.00E+00										
0.00E+00	-9.41E-01	0.00E+00										
0.00E+00	-9.52E-01	0.00E+00										
0.00E+00	-9.57E-01	0.00E+00										
0.00E+00	-9.60E-01	0.00E+00										
0.00E+00	-9.64E-01	0.00E+00										
4.98E+01	-9.64E-01	-4.81E-02										
1.01E+02	-8.63E-01	-8.74E-02										
1.52E+02	-8.16E-01	-1.24E-01										
2.06E+02	-7.89E-01	-1.62E-01										
2.56E+02	-7.69E-01	-1.97E-01										
3.09E+02	-7.55E-01	-2.33E-01										
3.61E+02	-7.42E-01	-2.68E-01										
4.12E+02	-7.31E-01	-3.01E-01										
4.64E+02	-7.21E-01	-3.35E-01										
5.17E+02	-7.12E-01	-3.68E-01										
5.68E+02	-7.03E-01	-3.99E-01										
6.20E+02	-6.94E-01	-4.31E-01										
6.71E+02	-6.87E-01	-4.61E-01										
7.21E+02	-6.80E-01	-4.90E-01										
7.73E+02	-6.73E-01	-5.20E-01										
8.25E+02	-6.66E-01	-5.50E-01										
8.76E+02	-6.60E-01	-5.78E-01										
9.27E+02	-6.53E-01	-6.05E-01										
9.78E+02	-6.48E-01	-6.33E-01										
1.03E+03	-6.42E-01	-6.61E-01										
1.08E+03	-6.36E-01	-6.87E-01										
1.13E+03	-6.31E-01	-7.14E-01										
1.18E+03	-6.25E-01	-7.39E-01										
1.24E+03	-6.20E-01	-7.67E-01										
1.29E+03	-6.15E-01	-7.94E-01										
1.34E+03	-6.10E-01	-8.18E-01										
1.39E+03	-6.05E-01	-8.44E-01										
1.45E+03	-6.00E-01	-8.67E-01										
1.50E+03	-5.96E-01	-8.91E-01										
1.55E+03	-5.91E-01	-9.14E-01										
1.60E+03	-5.87E-01	-9.37E-01										
1.65E+03	-5.83E-01	-9.61E-01										
1.70E+03	-5.78E-01	-9.82E-01										
1.75E+03	-5.74E-01	-1.00E+00										
1.80E+03	-5.69E-01	-1.03E+00										
1.85E+03	-5.66E-01	-1.05E+00										
1.90E+03	-5.61E-01	-1.07E+00										
1.95E+03	-5.57E-01	-1.09E+00										
2.00E+03	-5.53E-01	-1.11E+00										
2.06E+03	-5.50E-01	-1.13E+00										
2.11E+03	-5.45E-01	-1.15E+00										
2.16E+03	-5.42E-01	-1.17E+00										
2.21E+03	-5.38E-01	-1.19E+00										
2.26E+03	-5.34E-01	-1.21E+00										
2.31E+03	-5.31E-01	-1.23E+00										
2.37E+03	-5.27E-01	-1.25E+00										
2.42E+03	-5.23E-01	-1.27E+00										
2.47E+03	-5.20E-01	-1.28E+00										
2.53E+03	-5.16E-01	-1.30E+00										
2.58E+03	-5.12E-01	-1.32E+00										
2.63E+03	-5.09E-01	-1.34E+00										
2.68E+03	-5.05E-01	-1.35E+00										
2.73E+03	-5.02E-01	-1.37E+00										
2.78E+03	-4.99E-01	-1.39E+00										
2.83E+03	-4.95E-01	-1.40E+00										
2.89E+03	-4.92E-01	-1.42E+00										
2.94E+03	-4.88E-01	-1.43E+00										
2.99E+03	-4.85E-01	-1.45E+00										
3.04E+03	-4.82E-01	-1.47E+00										
3.09E+03	-4.78E-01	-1.48E+00										
3.15E+03	-4.75E-01	-1.49E+00										
3.20E+03	-4.72E-01	-1.51E+00										
3.25E+03	-4.69E-01	-1.52E+00										
3.30E+03	-4.65E-01	-1.54E+00										
3.35E+03	-4.62E-01	-1.55E+00										
3.41E+03	-4.59E-01	-1.56E+00										
3.46E+03	-4.56E-01	-1.58E+00										
3.51E+03	-4.52E-01	-1.59E+00										
3.57E+03	-4.49E-01	-1.60E+00										
3.62E+03	-4.46E-01	-1.61E+00										
3.67E+03	-4.43E-01	-1.63E+00										
3.72E+03	-4.40E-01	-1.64E+00										
3.77E+03	-4.37E-01	-1.65E+00										
3.83E+03	-4.34E-01	-1.66E+00										
3.88E+03	-4.31E-01	-1.67E+00										
3.93E+03	-4.28E-01	-1.68E+00										
3.98E+03	-4.25E-01	-1.69E+00										
4.03E+03	-4.22E-01	-1.70E+00										
4.08E+03	-4.19E-01	-1.71E+00										
4.13E+03	-4.16E-01	-1.72E+00										
4.18E+03	-4.13E-01	-1.73E+00										
4.24E+03	-4.10E-01	-1.74E+00										
4.29E+03	-4.07E-01	-1.75E+00										
4.34E+03	-4.04E-01	-1.75E+00										
4.40E+03	-4.01E-01	-1.76E+00										
4.45E+03	-3.98E-01	-1.77E+00										
4.50E+03	-3.95E-01	-1.78E+00										
4.55E+03	-3.92E-01	-1.78E+00										
4.61E+03	-3.90E-01	-1.79E+00										
4.66E+03	-3.86E-01	-1.80E+00										
4.71E+03	-3.84E-01	-1.81E+00										
4.76E+03	-3.80E-01	-1.81E+00										
4.81E+03	-3.78E-01	-1.82E+00										
4.86E+03	-3.75E-01	-1.82E+00										
4.91E+03	-3.72E-01	-1.83E+00										
4.96E+03	-3.69E-01	-1.83E+00										
5.02E+03	-3.66E-01	-1.84E+00										
5.07E+03	-3.63E-01	-1.84E+00										
5.12E+03	-3.60E-01	-1.84E+00										
5.17E+03	-3.58E-01	-1.85E+00										
5.22E+03	-3.55E-01	-1.85E+00										
5.27E+03	-3.52E-01	-1.86E+00										
5.32E+03	-3.49E-01	-1.86E+00										
5.37E+03	-3.46E-01	-1.86E+00										
5.42E+03	-3.43E-01	-1.86E+00										
5.47E+03	-3.41E-01	-1.87E+00										
5.53E+03	-3.38E-01	-1.87E+00										
5.58E+03	-3.35E-01	-1.87E+00										
5.63E+03	-3.32E-01	-1.87E+00										
5.68E+03	-3.29E-01	-1.87E+00										
5.73E+03	-3.26E-01	-1.87E+00										
5.78E+03	-3.24E-01	-1.87E+00										
5.83E+03	-3.21E-01	-1.87E+00										
5.88E+03	-3.18E-01	-1.87E+00										
5.93E+03	-3.15E-01	-1.87E+00										
5.99E+03	-3.12E-01	-1.87E+00										
6.04E+03	-3.09E-01	-1.87E+00										
6.09E+03	-3.06E-01	-1.86E+00										
6.14E+03	-3.03E-01	-1.86E+00										
6.20E+03	-3.00E-01	-1.86E+00										
6.25E+03	-2.97E-01	-1.86E+00										
6.30E+03	-2.94E-01	-1.85E+00										
6.35E+03	-2.91E-01	-1.85E+00										
6.40E+03	-2.88E-01	-1.85E+00										
6.46E+03	-2.85E-01	-1.84E+00										
6.51E+03	-2.82E-01	-1.84E+00										
6.56E+03	-2.80E-01	-1.83E+00										
6.61E+03	-2.77E-01	-1.83E+00										
6.67E+03	-2.74E-01	-1.83E+00										
6.72E+03	-2.71E-01	-1.82E+00										
6.77E+03	-2.68E-01	-1.81E+00										
6.82E+03	-2.65E-01	-1.81E+00										
6.87E+03	-2.62E-01	-1.80E+00										
6.92E+03	-2.59E-01	-1.79E+00										
6.97E+03	-2.56E-01	-1.78E+00										
7.03E+03	-2.52E-01	-1.77E+00										
7.03E+03	-2.52E-01	-1.77E+00										
0.00E+00	-8.44E-01	0.00E+00										
0.00E+00	-9.41E-01	0.00E+00										
0.00E+00	-9.52E-01	0.00E+00										
0.00E+00	-9.57E-01	0.00E+00										
0.00E+00	-9.61E-01	0.00E+00										
0.00E+00	-9.64E-01	0.00E+00										
4.88E+01	-9.64E-01	-4.71E-02										
9.92E+01	-8.63E-01	-8.56E-02										
1.50E+02	-8.16E-01	-1.22E-01										
2.01E+02	-7.91E-01	-1.59E-01										
2.53E+02	-7.72E-01	-1.95E-01										
3.06E+02	-7.57E-01	-2.32E-01										
3.60E+02	-7.44E-01	-2.68E-01										
4.11E+02	-7.32E-01	-3.01E-01										
4.62E+02	-7.22E-01	-3.33E-01										
5.13E+02	-7.13E-01	-3.66E-01										
5.64E+02	-7.04E-01	-3.97E-01										
6.15E+02	-6.97E-01	-4.28E-01										
6.67E+02	-6.90E-01	-4.60E-01										
7.21E+02	-6.82E-01	-4.91E-01										
7.72E+02	-6.75E-01	-5.21E-01										
8.27E+02	-6.68E-01	-5.53E-01										
8.78E+02	-6.61E-01	-5.80E-01										
9.30E+02	-6.55E-01	-6.09E-01										
9.85E+02	-6.49E-01	-6.39E-01										
1.04E+03	-6.43E-01	-6.66E-01										
1.09E+03	-6.38E-01	-6.93E-01										
1.14E+03	-6.33E-01	-7.19E-01										
1.19E+03	-6.28E-01	-7.45E-01										
1.24E+03	-6.22E-01	-7.72E-01										
1.29E+03	-6.17E-01	-7.97E-01										
1.35E+03	-6.12E-01	-8.23E-01										
1.40E+03	-6.07E-01	-8.47E-01										
1.45E+03	-6.03E-01	-8.72E-01										
1.50E+03	-5.98E-01	-8.96E-01										
1.55E+03	-5.93E-01	-9.18E-01										
1.60E+03	-5.89E-01	-9.41E-01										
1.65E+03	-5.85E-01	-9.64E-01										
1.70E+03	-5.80E-01	-9.88E-01										
1.76E+03	-5.76E-01	-1.01E+00										
1.81E+03	-5.71E-01	-1.04E+00										
1.86E+03	-5.67E-01	-1.06E+00										
1.92E+03	-5.63E-01	-1.08E+00										
1.97E+03	-5.59E-01	-1.10E+00										
2.02E+03	-5.55E-01	-1.12E+00										
2.07E+03	-5.51E-01	-1.14E+00										
2.12E+03	-5.47E-01	-1.16E+00										
2.18E+03	-5.43E-01	-1.18E+00										
2.23E+03	-5.40E-01	-1.20E+00										
2.28E+03	-5.36E-01	-1.22E+00										
2.33E+03	-5.32E-01	-1.24E+00										
2.38E+03	-5.28E-01	-1.26E+00										
2.44E+03	-5.25E-01	-1.28E+00										
2.49E+03	-5.21E-01	-1.30E+00										
2.54E+03	-5.18E-01	-1.31E+00										
2.59E+03	-5.14E-01	-1.33E+00										
2.65E+03	-5.11E-01	-1.35E+00										
2.70E+03	-5.07E-01	-1.37E+00										
2.75E+03	-5.04E-01	-1.38E+00										
2.80E+03	-5.00E-01	-1.40E+00										
2.85E+03	-4.97E-01	-1.42E+00										
2.91E+03	-4.94E-01	-1.43E+00										
2.96E+03	-4.90E-01	-1.45E+00										
3.01E+03	-4.87E-01	-1.47E+00										
3.06E+03	-4.84E-01	-1.48E+00										
3.12E+03	-4.80E-01	-1.50E+00										
3.17E+03	-4.77E-01	-1.51E+00										
3.22E+03	-4.74E-01	-1.52E+00										
3.27E+03	-4.71E-01	-1.54E+00										
3.32E+03	-4.68E-01	-1.55E+00										
3.37E+03	-4.65E-01	-1.56E+00										
3.42E+03	-4.62E-01	-1.58E+00										
3.47E+03	-4.59E-01	-1.59E+00										
3.52E+03	-4.55E-01	-1.60E+00										
3.57E+03	-4.52E-01	-1.62E+00										
3.63E+03	-4.49E-01	-1.63E+00										
3.68E+03	-4.46E-01	-1.64E+00										
3.73E+03	-4.43E-01	-1.65E+00										
3.78E+03	-4.40E-01	-1.66E+00										
3.83E+03	-4.37E-01	-1.67E+00										
3.88E+03	-4.34E-01	-1.68E+00										
3.93E+03	-4.31E-01	-1.70E+00										
3.98E+03	-4.28E-01	-1.71E+00										
4.03E+03	-4.26E-01	-1.72E+00										
4.08E+03	-4.22E-01	-1.72E+00										
4.14E+03	-4.20E-01	-1.74E+00										
4.19E+03	-4.17E-01	-1.75E+00										
4.24E+03	-4.14E-01	-1.75E+00										
4.29E+03	-4.11E-01	-1.76E+00										
4.34E+03	-4.08E-01	-1.77E+00										
4.39E+03	-4.05E-01	-1.78E+00										
4.45E+03	-4.02E-01	-1.79E+00										
4.50E+03	-3.99E-01	-1.79E+00										
4.55E+03	-3.96E-01	-1.80E+00										
4.60E+03	-3.93E-01	-1.81E+00										
4.65E+03	-3.90E-01	-1.82E+00										
4.70E+03	-3.88E-01	-1.82E+00										
4.75E+03	-3.85E-01	-1.83E+00										
4.80E+03	-3.82E-01	-1.83E+00										
4.86E+03	-3.79E-01	-1.84E+00										
4.91E+03	-3.76E-01	-1.85E+00										
4.96E+03	-3.73E-01	-1.85E+00										
5.01E+03	-3.70E-01	-1.86E+00										
5.06E+03	-3.67E-01	-1.86E+00										
5.12E+03	-3.65E-01	-1.86E+00										
5.17E+03	-3.62E-01	-1.87E+00										
5.22E+03	-3.59E-01	-1.87E+00										
5.27E+03	-3.56E-01	-1.88E+00										
5.32E+03	-3.53E-01	-1.88E+00										
5.37E+03	-3.50E-01	-1.88E+00										
5.42E+03	-3.48E-01	-1.88E+00										
5.47E+03	-3.45E-01	-1.89E+00										
5.53E+03	-3.42E-01	-1.89E+00										
5.58E+03	-3.39E-01	-1.89E+00										
5.64E+03	-3.36E-01	-1.89E+00										
5.69E+03	-3.33E-01	-1.89E+00										
5.74E+03	-3.30E-01	-1.89E+00										
5.79E+03	-3.27E-01	-1.89E+00										
5.84E+03	-3.24E-01	-1.89E+00										
5.90E+03	-3.21E-01	-1.89E+00										
5.95E+03	-3.18E-01	-1.89E+00										
6.00E+03	-3.15E-01	-1.89E+00										
6.05E+03	-3.13E-01	-1.89E+00										
6.10E+03	-3.09E-01	-1.89E+00										
6.15E+03	-3.07E-01	-1.89E+00										
6.20E+03	-3.03E-01	-1.88E+00										
6.26E+03	-3.01E-01	-1.88E+00										
6.31E+03	-2.98E-01	-1.88E+00										
6.36E+03	-2.95E-01	-1.87E+00										
6.41E+03	-2.92E-01	-1.87E+00										
6.46E+03	-2.89E-01	-1.87E+00										
6.51E+03	-2.86E-01	-1.86E+00										
6.56E+03	-2.83E-01	-1.86E+00										
6.62E+03	-2.80E-01	-1.85E+00										
6.67E+03	-2.77E-01	-1.85E+00										
6.72E+03	-2.74E-01	-1.84E+00										
6.77E+03	-2.71E-01	-1.83E+00										
6.82E+03	-2.68E-01	-1.83E+00										
6.88E+03	-2.65E-01	-1.82E+00										
6.93E+03	-2.62E-01	-1.81E+00										
6.98E+03	-2.59E-01	-1.81E+00										
7.03E+03	-2.55E-01	-1.80E+00										
7.08E+03	-2.52E-01	-1.79E+00										
7.09E+03	-2.51E-01	-1.78E+00										
0.00E+00	-8.45E-01	0.00E+00										
0.00E+00	-9.42E-01	0.00E+00										
0.00E+00	-9.52E-01	0.00E+00										
0.00E+00	-9.58E-01	0.00E+00										
0.00E+00	-9.61E-01	0.00E+00										
0.00E+00	-9.64E-01	0.00E+00										
4.98E+01	-9.64E-01	-4.81E-02										
1.00E+02	-8.63E-01	-8.65E-02										
1.51E+02	-8.15E-01	-1.23E-01										
2.01E+02	-7.93E-01	-1.59E-01										
2.54E+02	-7.73E-01	-1.96E-01										
3.05E+02	-7.58E-01	-2.32E-01										
3.58E+02	-7.45E-01	-2.67E-01										
4.09E+02	-7.35E-01	-3.00E-01										
4.59E+02	-7.24E-01	-3.33E-01										
5.10E+02	-7.15E-01	-3.65E-01										
5.60E+02	-7.07E-01	-3.96E-01										
6.10E+02	-6.99E-01	-4.27E-01										
6.61E+02	-6.91E-01	-4.57E-01										
7.12E+02	-6.85E-01	-4.88E-01										
7.64E+02	-6.77E-01	-5.17E-01										
8.14E+02	-6.71E-01	-5.46E-01										
8.66E+02	-6.64E-01	-5.75E-01										
9.17E+02	-6.58E-01	-6.04E-01										
9.69E+02	-6.53E-01	-6.33E-01										
1.02E+03	-6.47E-01	-6.59E-01										
1.07E+03	-6.41E-01	-6.87E-01										
1.12E+03	-6.36E-01	-7.14E-01										
1.18E+03	-6.30E-01	-7.42E-01										
1.23E+03	-6.25E-01	-7.67E-01										
1.28E+03	-6.20E-01	-7.93E-01										
1.33E+03	-6.16E-01	-8.19E-01										
1.38E+03	-6.10E-01	-8.43E-01										
1.43E+03	-6.06E-01	-8.68E-01										
1.48E+03	-6.01E-01	-8.92E-01										
1.53E+03	-5.97E-01	-9.15E-01										
1.58E+03	-5.92E-01	-9.38E-01										
1.63E+03	-5.88E-01	-9.61E-01										
1.69E+03	-5.84E-01	-9.84E-01										
1.74E+03	-5.80E-01	-1.01E+00										
1.79E+03	-5.75E-01	-1.03E+00										
1.84E+03	-5.71E-01	-1.05E+00										
1.89E+03	-5.67E-01	-1.07E+00										
1.94E+03	-5.63E-01	-1.09E+00										
1.99E+03	-5.59E-01	-1.12E+00										
2.05E+03	-5.55E-01	-1.14E+00										
2.10E+03	-5.51E-01	-1.16E+00										
2.15E+03	-5.48E-01	-1.18E+00										
2.20E+03	-5.44E-01	-1.20E+00										
2.25E+03	-5.40E-01	-1.22E+00										
2.30E+03	-5.36E-01	-1.24E+00										
2.35E+03	-5.33E-01	-1.25E+00										
2.40E+03	-5.29E-01	-1.27E+00										
2.45E+03	-5.26E-01	-1.29E+00										
2.51E+03	-5.22E-01	-1.31E+00										
2.56E+03	-5.19E-01	-1.33E+00										
2.61E+03	-5.15E-01	-1.34E+00										
2.66E+03	-5.12E-01	-1.36E+00										
2.71E+03	-5.09E-01	-1.38E+00										
2.76E+03	-5.06E-01	-1.40E+00										
2.81E+03	-5.02E-01	-1.41E+00										
2.87E+03	-4.99E-01	-1.43E+00										
2.92E+03	-4.96E-01	-1.45E+00										
2.97E+03	-4.92E-01	-1.46E+00										
3.02E+03	-4.89E-01	-1.48E+00										
3.07E+03	-4.86E-01	-1.49E+00										
3.13E+03	-4.82E-01	-1.51E+00										
3.18E+03	-4.79E-01	-1.52E+00										
3.23E+03	-4.76E-01	-1.54E+00										
3.28E+03	-4.73E-01	-1.55E+00										
3.33E+03	-4.70E-01	-1.56E+00										
3.38E+03	-4.67E-01	-1.58E+00										
3.43E+03	-4.64E-01	-1.59E+00										
3.48E+03	-4.61E-01	-1.60E+00										
3.54E+03	-4.58E-01	-1.62E+00										
3.59E+03	-4.54E-01	-1.63E+00										
3.64E+03	-4.51E-01	-1.64E+00										
3.69E+03	-4.48E-01	-1.65E+00										
3.74E+03	-4.45E-01	-1.67E+00										
3.79E+03	-4.42E-01	-1.68E+00										
3.84E+03	-4.39E-01	-1.69E+00										
3.90E+03	-4.36E-01	-1.70E+00										
3.95E+03	-4.33E-01	-1.71E+00										
4.00E+03	-4.31E-01	-1.72E+00										
4.05E+03	-4.27E-01	-1.73E+00										
4.10E+03	-4.24E-01	-1.74E+00										
4.16E+03	-4.22E-01	-1.75E+00										
4.21E+03	-4.18E-01	-1.76E+00										
4.26E+03	-4.16E-01	-1.77E+00										
4.31E+03	-4.13E-01	-1.78E+00										
4.37E+03	-4.10E-01	-1.79E+00										
4.42E+03	-4.07E-01	-1.80E+00										
4.47E+03	-4.04E-01	-1.81E+00										
4.52E+03	-4.01E-01	-1.81E+00										
4.57E+03	-3.98E-01	-1.82E+00										
4.62E+03	-3.96E-01	-1.83E+00										
4.67E+03	-3.93E-01	-1.84E+00										
4.72E+03	-3.90E-01	-1.84E+00										
4.78E+03	-3.87E-01	-1.85E+00										
4.83E+03	-3.84E-01	-1.85E+00										
4.88E+03	-3.82E-01	-1.86E+00										
4.93E+03	-3.79E-01	-1.87E+00										
4.98E+03	-3.76E-01	-1.87E+00										
5.03E+03	-3.73E-01	-1.88E+00										
5.08E+03	-3.70E-01	-1.88E+00										
5.14E+03	-3.67E-01	-1.89E+00										
5.19E+03	-3.64E-01	-1.89E+00										
5.24E+03	-3.62E-01	-1.89E+00										
5.29E+03	-3.59E-01	-1.90E+00										
5.34E+03	-3.56E-01	-1.90E+00										
5.39E+03	-3.53E-01	-1.91E+00										
5.44E+03	-3.51E-01	-1.91E+00										
5.49E+03	-3.48E-01	-1.91E+00										
5.55E+03	-3.45E-01	-1.91E+00										
5.60E+03	-3.42E-01	-1.91E+00										
5.66E+03	-3.39E-01	-1.92E+00										
5.71E+03	-3.36E-01	-1.92E+00										
5.76E+03	-3.33E-01	-1.92E+00										
5.81E+03	-3.30E-01	-1.92E+00										
5.86E+03	-3.27E-01	-1.92E+00										
5.91E+03	-3.24E-01	-1.92E+00										
5.97E+03	-3.21E-01	-1.92E+00										
6.02E+03	-3.19E-01	-1.92E+00										
6.07E+03	-3.16E-01	-1.92E+00										
6.12E+03	-3.13E-01	-1.92E+00										
6.17E+03	-3.10E-01	-1.91E+00										
6.22E+03	-3.07E-01	-1.91E+00										
6.27E+03	-3.04E-01	-1.91E+00										
6.33E+03	-3.01E-01	-1.90E+00										
6.38E+03	-2.98E-01	-1.90E+00										
6.43E+03	-2.96E-01	-1.90E+00										
6.48E+03	-2.92E-01	-1.89E+00										
6.53E+03	-2.90E-01	-1.89E+00										
6.58E+03	-2.86E-01	-1.88E+00										
6.64E+03	-2.83E-01	-1.88E+00										
6.69E+03	-2.80E-01	-1.87E+00										
6.74E+03	-2.77E-01	-1.87E+00										
6.79E+03	-2.74E-01	-1.86E+00										
6.84E+03	-2.71E-01	-1.86E+00										
6.90E+03	-2.68E-01	-1.85E+00										
6.95E+03	-2.65E-01	-1.84E+00										
7.00E+03	-2.62E-01	-1.84E+00										
7.05E+03	-2.59E-01	-1.83E+00										
7.11E+03	-2.56E-01	-1.82E+00										
7.16E+03	-2.53E-01	-1.81E+00										
7.17E+03	-2.51E-01	-1.80E+00										
0.00E+00	-8.46E-01	0.00E+00										
0.00E+00	-9.42E-01	0.00E+00										
0.00E+00	-9.53E-01	0.00E+00										
0.00E+00	-9.58E-01	0.00E+00										
0.00E+00	-9.61E-01	0.00E+00										
0.00E+00	-9.65E-01	0.00E+00										
4.68E+01	-9.65E-01	-4.51E-02										
9.72E+01	-8.71E-01	-8.47E-02										
1.49E+02	-8.17E-01	-1.21E-01										
1.99E+02	-7.93E-01	-1.58E-01										
2.52E+02	-7.75E-01	-1.95E-01										
3.02E+02	-7.60E-01	-2.30E-01										
3.53E+02	-7.47E-01	-2.64E-01										
4.05E+02	-7.36E-01	-2.98E-01										
4.55E+02	-7.27E-01	-3.31E-01										
5.06E+02	-7.17E-01	-3.63E-01										
5.56E+02	-7.09E-01	-3.95E-01										
6.08E+02	-7.01E-01	-4.26E-01										
6.59E+02	-6.94E-01	-4.57E-01										
7.10E+02	-6.86E-01	-4.87E-01										
7.63E+02	-6.80E-01	-5.18E-01										
8.14E+02	-6.73E-01	-5.48E-01										
8.66E+02	-6.67E-01	-5.78E-01										
9.16E+02	-6.61E-01	-6.05E-01										
9.69E+02	-6.55E-01	-6.35E-01										
1.02E+03	-6.49E-01	-6.62E-01										
1.07E+03	-6.44E-01	-6.89E-01										
1.12E+03	-6.38E-01	-7.16E-01										
1.17E+03	-6.33E-01	-7.43E-01										
1.23E+03	-6.28E-01	-7.70E-01										
1.28E+03	-6.23E-01	-7.95E-01										
1.33E+03	-6.18E-01	-8.22E-01										
1.38E+03	-6.13E-01	-8.48E-01										
1.43E+03	-6.08E-01	-8.72E-01										
1.48E+03	-6.04E-01	-8.96E-01										
1.53E+03	-6.00E-01	-9.20E-01										
1.59E+03	-5.95E-01	-9.43E-01										
1.64E+03	-5.91E-01	-9.67E-01										
1.69E+03	-5.86E-01	-9.89E-01										
1.74E+03	-5.83E-01	-1.01E+00										
1.79E+03	-5.78E-01	-1.03E+00										
1.84E+03	-5.74E-01	-1.06E+00										
1.89E+03	-5.70E-01	-1.08E+00										
1.94E+03	-5.66E-01	-1.10E+00										
1.99E+03	-5.63E-01	-1.12E+00										
2.04E+03	-5.59E-01	-1.14E+00										
2.10E+03	-5.55E-01	-1.16E+00										
2.15E+03	-5.51E-01	-1.18E+00										
2.20E+03	-5.47E-01	-1.20E+00										
2.25E+03	-5.44E-01	-1.22E+00										
2.30E+03	-5.40E-01	-1.24E+00										
2.35E+03	-5.37E-01	-1.26E+00										
2.40E+03	-5.33E-01	-1.28E+00										
2.45E+03	-5.29E-01	-1.30E+00										
2.51E+03	-5.26E-01	-1.32E+00										
2.56E+03	-5.22E-01	-1.34E+00										
2.61E+03	-5.19E-01	-1.36E+00										
2.66E+03	-5.16E-01	-1.37E+00										
2.71E+03	-5.12E-01	-1.39E+00										
2.76E+03	-5.09E-01	-1.41E+00										
2.82E+03	-5.06E-01	-1.43E+00										
2.87E+03	-5.02E-01	-1.44E+00										
2.92E+03	-4.99E-01	-1.46E+00										
2.97E+03	-4.96E-01	-1.47E+00										
3.02E+03	-4.93E-01	-1.49E+00										
3.08E+03	-4.89E-01	-1.51E+00										
3.13E+03	-4.86E-01	-1.52E+00										
3.18E+03	-4.83E-01	-1.54E+00										
3.23E+03	-4.80E-01	-1.55E+00										
3.29E+03	-4.76E-01	-1.57E+00										
3.34E+03	-4.73E-01	-1.58E+00										
3.39E+03	-4.70E-01	-1.59E+00										
3.44E+03	-4.67E-01	-1.61E+00										
3.49E+03	-4.64E-01	-1.62E+00										
3.54E+03	-4.61E-01	-1.63E+00										
3.60E+03	-4.58E-01	-1.65E+00										
3.65E+03	-4.55E-01	-1.66E+00										
3.70E+03	-4.52E-01	-1.67E+00										
3.75E+03	-4.49E-01	-1.68E+00										
3.80E+03	-4.46E-01	-1.70E+00										
3.85E+03	-4.43E-01	-1.71E+00										
3.90E+03	-4.40E-01	-1.72E+00										
3.95E+03	-4.37E-01	-1.73E+00										
4.00E+03	-4.34E-01	-1.74E+00										
4.06E+03	-4.32E-01	-1.75E+00										
4.11E+03	-4.29E-01	-1.76E+00										
4.16E+03	-4.26E-01	-1.77E+00										
4.21E+03	-4.23E-01	-1.78E+00										
4.26E+03	-4.20E-01	-1.79E+00										
4.31E+03	-4.17E-01	-1.80E+00										
4.37E+03	-4.14E-01	-1.81E+00										
4.42E+03	-4.11E-01	-1.82E+00										
4.47E+03	-4.08E-01	-1.83E+00										
4.53E+03	-4.06E-01	-1.84E+00										
4.58E+03	-4.03E-01	-1.84E+00										
4.63E+03	-4.00E-01	-1.85E+00										
4.68E+03	-3.97E-01	-1.86E+00										
4.73E+03	-3.94E-01	-1.86E+00										
4.78E+03	-3.91E-01	-1.87E+00										
4.84E+03	-3.88E-01	-1.88E+00										
4.89E+03	-3.86E-01	-1.88E+00										
4.94E+03	-3.83E-01	-1.89E+00										
4.99E+03	-3.80E-01	-1.90E+00										
5.04E+03	-3.77E-01	-1.90E+00										
5.09E+03	-3.74E-01	-1.91E+00										
5.15E+03	-3.72E-01	-1.91E+00										
5.20E+03	-3.68E-01	-1.92E+00										
5.26E+03	-3.65E-01	-1.92E+00										
5.31E+03	-3.62E-01	-1.92E+00										
5.36E+03	-3.60E-01	-1.93E+00										
5.41E+03	-3.57E-01	-1.93E+00										
5.47E+03	-3.54E-01	-1.94E+00										
5.52E+03	-3.51E-01	-1.94E+00										
5.57E+03	-3.48E-01	-1.94E+00										
5.62E+03	-3.45E-01	-1.94E+00										
5.68E+03	-3.43E-01	-1.94E+00										
5.73E+03	-3.39E-01	-1.94E+00										
5.78E+03	-3.37E-01	-1.95E+00										
5.83E+03	-3.34E-01	-1.95E+00										
5.88E+03	-3.31E-01	-1.95E+00										
5.93E+03	-3.28E-01	-1.95E+00										
5.98E+03	-3.25E-01	-1.95E+00										
6.03E+03	-3.23E-01	-1.95E+00										
6.09E+03	-3.19E-01	-1.94E+00										
6.14E+03	-3.17E-01	-1.94E+00										
6.19E+03	-3.14E-01	-1.94E+00										
6.24E+03	-3.11E-01	-1.94E+00										
6.29E+03	-3.08E-01	-1.94E+00										
6.34E+03	-3.05E-01	-1.94E+00										
6.39E+03	-3.02E-01	-1.93E+00										
6.44E+03	-3.00E-01	-1.93E+00										
6.49E+03	-2.97E-01	-1.93E+00										
6.54E+03	-2.94E-01	-1.92E+00										
6.59E+03	-2.91E-01	-1.92E+00										
6.65E+03	-2.88E-01	-1.91E+00										
6.70E+03	-2.85E-01	-1.91E+00										
6.75E+03	-2.82E-01	-1.90E+00										
6.80E+03	-2.79E-01	-1.90E+00										
6.86E+03	-2.76E-01	-1.89E+00										
6.91E+03	-2.73E-01	-1.88E+00										
6.96E+03	-2.70E-01	-1.88E+00										
7.01E+03	-2.67E-01	-1.87E+00										
7.06E+03	-2.64E-01	-1.86E+00										
7.11E+03	-2.61E-01	-1.85E+00										
7.16E+03	-2.58E-01	-1.85E+00										
7.22E+03	-2.55E-01	-1.84E+00										
7.27E+03	-2.51E-01	-1.83E+00										
7.27E+03	-2.51E-01	-1.83E+00										
0.00E+00	-8.48E-01	0.00E+00										
0.00E+00	-9.43E-01	0.00E+00										
0.00E+00	-9.53E-01	0.00E+00										
0.00E+00	-9.58E-01	0.00E+00										
0.00E+00	-9.61E-01	0.00E+00										
0.00E+00	-9.65E-01	0.00E+00										
5.34E+01	-9.65E-01	-5.15E-02										
1.04E+02	-8.60E-01	-8.93E-02										
1.55E+02	-8.15E-01	-1.26E-01										
2.07E+02	-7.93E-01	-1.64E-01										
2.61E+02	-7.73E-01	-2.01E-01										
3.13E+02	-7.59E-01	-2.37E-01										
3.63E+02	-7.46E-01	-2.71E-01										
4.13E+02	-7.36E-01	-3.04E-01										
4.67E+02	-7.27E-01	-3.40E-01										
5.18E+02	-7.17E-01	-3.72E-01										
5.70E+02	-7.09E-01	-4.04E-01										
6.21E+02	-7.01E-01	-4.35E-01										
6.71E+02	-6.94E-01	-4.65E-01										
7.23E+02	-6.87E-01	-4.96E-01										
7.74E+02	-6.81E-01	-5.27E-01										
8.24E+02	-6.74E-01	-5.55E-01										
8.75E+02	-6.68E-01	-5.84E-01										
9.25E+02	-6.62E-01	-6.12E-01										
9.77E+02	-6.56E-01	-6.41E-01										
1.03E+03	-6.50E-01	-6.68E-01										
1.08E+03	-6.45E-01	-6.95E-01										
1.13E+03	-6.40E-01	-7.22E-01										
1.18E+03	-6.35E-01	-7.49E-01										
1.23E+03	-6.30E-01	-7.75E-01										
1.28E+03	-6.25E-01	-8.01E-01										
1.33E+03	-6.20E-01	-8.27E-01										
1.38E+03	-6.15E-01	-8.52E-01										
1.44E+03	-6.10E-01	-8.77E-01										
1.49E+03	-6.06E-01	-9.02E-01										
1.54E+03	-6.02E-01	-9.25E-01										
1.59E+03	-5.98E-01	-9.50E-01										
1.64E+03	-5.93E-01	-9.73E-01										
1.69E+03	-5.89E-01	-9.95E-01										
1.74E+03	-5.85E-01	-1.02E+00										
1.79E+03	-5.81E-01	-1.04E+00										
1.85E+03	-5.77E-01	-1.06E+00										
1.90E+03	-5.73E-01	-1.09E+00										
1.95E+03	-5.69E-01	-1.11E+00										
2.00E+03	-5.65E-01	-1.13E+00										
2.05E+03	-5.61E-01	-1.15E+00										
2.10E+03	-5.57E-01	-1.17E+00										
2.15E+03	-5.54E-01	-1.19E+00										
2.21E+03	-5.50E-01	-1.21E+00										
2.26E+03	-5.47E-01	-1.23E+00										
2.31E+03	-5.43E-01	-1.25E+00										
2.36E+03	-5.40E-01	-1.27E+00										
2.41E+03	-5.36E-01	-1.29E+00										
2.46E+03	-5.32E-01	-1.31E+00										
2.52E+03	-5.29E-01	-1.33E+00										
2.57E+03	-5.25E-01	-1.35E+00										
2.62E+03	-5.22E-01	-1.37E+00										
2.67E+03	-5.19E-01	-1.39E+00										
2.73E+03	-5.15E-01	-1.41E+00										
2.78E+03	-5.12E-01	-1.42E+00										
2.83E+03	-5.09E-01	-1.44E+00										
2.88E+03	-5.06E-01	-1.46E+00										
2.93E+03	-5.03E-01	-1.47E+00										
2.98E+03	-4.99E-01	-1.49E+00										
3.03E+03	-4.97E-01	-1.51E+00										
3.09E+03	-4.93E-01	-1.52E+00										
3.14E+03	-4.90E-01	-1.54E+00										
3.19E+03	-4.87E-01	-1.55E+00										
3.24E+03	-4.84E-01	-1.57E+00										
3.29E+03	-4.81E-01	-1.58E+00										
3.34E+03	-4.78E-01	-1.60E+00										
3.39E+03	-4.75E-01	-1.61E+00										
3.45E+03	-4.72E-01	-1.63E+00										
3.50E+03	-4.69E-01	-1.64E+00										
3.55E+03	-4.66E-01	-1.66E+00										
3.60E+03	-4.63E-01	-1.67E+00										
3.65E+03	-4.60E-01	-1.68E+00										
3.71E+03	-4.57E-01	-1.70E+00										
3.76E+03	-4.55E-01	-1.71E+00										
3.81E+03	-4.52E-01	-1.72E+00										
3.86E+03	-4.49E-01	-1.74E+00										
3.91E+03	-4.46E-01	-1.75E+00										
3.96E+03	-4.44E-01	-1.76E+00										
4.02E+03	-4.41E-01	-1.77E+00										
4.07E+03	-4.38E-01	-1.78E+00										
4.12E+03	-4.35E-01	-1.79E+00										
4.17E+03	-4.32E-01	-1.80E+00										
4.22E+03	-4.29E-01	-1.81E+00										
4.27E+03	-4.26E-01	-1.82E+00										
4.32E+03	-4.23E-01	-1.83E+00										
4.38E+03	-4.20E-01	-1.84E+00										
4.43E+03	-4.17E-01	-1.85E+00										
4.48E+03	-4.15E-01	-1.86E+00										
4.53E+03	-4.12E-01	-1.87E+00										
4.59E+03	-4.10E-01	-1.88E+00										
4.64E+03	-4.07E-01	-1.89E+00										
4.69E+03	-4.04E-01	-1.89E+00										
4.74E+03	-4.01E-01	-1.90E+00										
4.80E+03	-3.98E-01	-1.91E+00										
4.85E+03	-3.95E-01	-1.92E+00										
4.90E+03	-3.92E-01	-1.92E+00										
4.95E+03	-3.90E-01	-1.93E+00										
5.00E+03	-3.87E-01	-1.94E+00										
5.05E+03	-3.84E-01	-1.94E+00										
5.10E+03	-3.82E-01	-1.95E+00										
5.15E+03	-3.79E-01	-1.95E+00										
5.21E+03	-3.76E-01	-1.96E+00										
5.26E+03	-3.73E-01	-1.96E+00										
5.31E+03	-3.70E-01	-1.97E+00										
5.36E+03	-3.68E-01	-1.97E+00										
5.42E+03	-3.65E-01	-1.98E+00										
5.47E+03	-3.62E-01	-1.98E+00										
5.52E+03	-3.59E-01	-1.98E+00										
5.57E+03	-3.56E-01	-1.99E+00										
5.62E+03	-3.54E-01	-1.99E+00										
5.67E+03	-3.51E-01	-1.99E+00										
5.72E+03	-3.48E-01	-1.99E+00										
5.78E+03	-3.45E-01	-1.99E+00										
5.83E+03	-3.43E-01	-2.00E+00										
5.88E+03	-3.40E-01	-2.00E+00										
5.93E+03	-3.37E-01	-2.00E+00										
5.98E+03	-3.34E-01	-2.00E+00										
6.03E+03	-3.31E-01	-2.00E+00										
6.09E+03	-3.29E-01	-2.00E+00										
6.14E+03	-3.26E-01	-2.00E+00										
6.19E+03	-3.23E-01	-2.00E+00										
6.25E+03	-3.20E-01	-2.00E+00										
6.30E+03	-3.17E-01	-2.00E+00										
6.35E+03	-3.14E-01	-1.99E+00										
6.40E+03	-3.11E-01	-1.99E+00										
6.45E+03	-3.08E-01	-1.99E+00										
6.50E+03	-3.05E-01	-1.99E+00										
6.56E+03	-3.03E-01	-1.98E+00										
6.61E+03	-3.00E-01	-1.98E+00										
6.66E+03	-2.97E-01	-1.98E+00										
6.71E+03	-2.94E-01	-1.97E+00										
6.76E+03	-2.91E-01	-1.97E+00										
6.82E+03	-2.88E-01	-1.96E+00										
6.87E+03	-2.85E-01	-1.96E+00										
6.92E+03	-2.82E-01	-1.95E+00										
6.97E+03	-2.79E-01	-1.94E+00										
7.02E+03	-2.76E-01	-1.94E+00										
7.08E+03	-2.73E-01	-1.93E+00										
7.13E+03	-2.70E-01	-1.92E+00										
7.18E+03	-2.67E-01	-1.92E+00										
7.23E+03	-2.64E-01	-1.91E+00										
7.28E+03	-2.61E-01	-1.90E+00										
7.33E+03	-2.58E-01	-1.89E+00										
7.38E+03	-2.55E-01	-1.88E+00										
7.43E+03	-2.52E-01	-1.87E+00										
7.43E+03	-2.51E-01	-1.87E+00										
0.00E+00	-8.49E-01	0.00E+00										
0.00E+00	-9.43E-01	0.00E+00										
0.00E+00	-9.53E-01	0.00E+00										
0.00E+00	-9.58E-01	0.00E+00										
0.00E+00	-9.61E-01	0.00E+00										
0.00E+00	-9.65E-01	0.00E+00										
4.63E+01	-9.65E-01	-4.47E-02										
9.77E+01	-8.72E-01	-8.52E-02										
1.49E+02	-8.21E-01	-1.22E-01										
2.00E+02	-7.96E-01	-1.59E-01										
2.51E+02	-7.77E-01	-1.95E-01										
3.02E+02	-7.64E-01	-2.31E-01										
3.53E+02	-7.51E-01	-2.65E-01										
4.06E+02	-7.40E-01	-3.00E-01										
4.57E+02	-7.31E-01	-3.34E-01										
5.07E+02	-7.22E-01	-3.66E-01										
5.57E+02	-7.14E-01	-3.98E-01										
6.08E+02	-7.06E-01	-4.30E-01										
6.59E+02	-6.99E-01	-4.60E-01										
7.13E+02	-6.91E-01	-4.93E-01										
7.65E+02	-6.85E-01	-5.24E-01										
8.15E+02	-6.78E-01	-5.53E-01										
8.66E+02	-6.72E-01	-5.82E-01										
9.16E+02	-6.66E-01	-6.11E-01										
9.67E+02	-6.61E-01	-6.39E-01										
1.02E+03	-6.55E-01	-6.67E-01										
1.07E+03	-6.50E-01	-6.95E-01										
1.12E+03	-6.45E-01	-7.23E-01										
1.18E+03	-6.40E-01	-7.52E-01										
1.23E+03	-6.34E-01	-7.78E-01										
1.28E+03	-6.30E-01	-8.05E-01										
1.33E+03	-6.24E-01	-8.30E-01										
1.38E+03	-6.20E-01	-8.56E-01										
1.43E+03	-6.16E-01	-8.84E-01										
1.49E+03	-6.11E-01	-9.08E-01										
1.54E+03	-6.07E-01	-9.33E-01										
1.59E+03	-6.02E-01	-9.57E-01										
1.64E+03	-5.98E-01	-9.81E-01										
1.69E+03	-5.94E-01	-1.00E+00										
1.74E+03	-5.90E-01	-1.03E+00										
1.79E+03	-5.86E-01	-1.05E+00										
1.84E+03	-5.82E-01	-1.07E+00										
1.90E+03	-5.78E-01	-1.10E+00										
1.95E+03	-5.74E-01	-1.12E+00										
2.00E+03	-5.70E-01	-1.14E+00										
2.05E+03	-5.67E-01	-1.16E+00										
2.10E+03	-5.63E-01	-1.18E+00										
2.15E+03	-5.60E-01	-1.20E+00										
2.20E+03	-5.56E-01	-1.22E+00										
2.25E+03	-5.52E-01	-1.24E+00										
2.31E+03	-5.49E-01	-1.27E+00										
2.36E+03	-5.45E-01	-1.28E+00										
2.41E+03	-5.42E-01	-1.30E+00										
2.46E+03	-5.38E-01	-1.32E+00										
2.51E+03	-5.35E-01	-1.34E+00										
2.56E+03	-5.31E-01	-1.36E+00										
2.61E+03	-5.29E-01	-1.38E+00										
2.67E+03	-5.25E-01	-1.40E+00										
2.72E+03	-5.22E-01	-1.42E+00										
2.77E+03	-5.18E-01	-1.44E+00										
2.82E+03	-5.15E-01	-1.45E+00										
2.88E+03	-5.12E-01	-1.47E+00										
2.93E+03	-5.08E-01	-1.49E+00										
2.98E+03	-5.05E-01	-1.50E+00										
3.03E+03	-5.02E-01	-1.52E+00										
3.08E+03	-4.99E-01	-1.54E+00										
3.13E+03	-4.96E-01	-1.55E+00										
3.18E+03	-4.93E-01	-1.57E+00										
3.23E+03	-4.90E-01	-1.59E+00										
3.28E+03	-4.87E-01	-1.60E+00										
3.34E+03	-4.84E-01	-1.62E+00										
3.39E+03	-4.81E-01	-1.63E+00										
3.45E+03	-4.78E-01	-1.65E+00										
3.50E+03	-4.75E-01	-1.66E+00										
3.55E+03	-4.72E-01	-1.67E+00										
3.60E+03	-4.69E-01	-1.69E+00										
3.65E+03	-4.66E-01	-1.70E+00										
3.70E+03	-4.63E-01	-1.71E+00										
3.75E+03	-4.60E-01	-1.73E+00										
3.80E+03	-4.57E-01	-1.74E+00										
3.86E+03	-4.54E-01	-1.75E+00										
3.91E+03	-4.51E-01	-1.76E+00										
3.96E+03	-4.49E-01	-1.78E+00										
4.01E+03	-4.46E-01	-1.79E+00										
4.06E+03	-4.43E-01	-1.80E+00										
4.11E+03	-4.40E-01	-1.81E+00										
4.17E+03	-4.37E-01	-1.82E+00										
4.22E+03	-4.35E-01	-1.83E+00										
4.27E+03	-4.32E-01	-1.85E+00										
4.32E+03	-4.29E-01	-1.85E+00										
4.37E+03	-4.26E-01	-1.86E+00										
4.43E+03	-4.24E-01	-1.88E+00										
4.48E+03	-4.21E-01	-1.89E+00										
4.53E+03	-4.18E-01	-1.89E+00										
4.58E+03	-4.15E-01	-1.90E+00										
4.63E+03	-4.12E-01	-1.91E+00										
4.69E+03	-4.10E-01	-1.92E+00										
4.74E+03	-4.07E-01	-1.93E+00										
4.79E+03	-4.04E-01	-1.93E+00										
4.84E+03	-4.00E-01	-1.94E+00										
4.89E+03	-3.98E-01	-1.95E+00										
4.94E+03	-3.95E-01	-1.95E+00										
4.99E+03	-3.92E-01	-1.96E+00										
5.05E+03	-3.89E-01	-1.97E+00										
5.10E+03	-3.87E-01	-1.97E+00										
5.15E+03	-3.84E-01	-1.98E+00										
5.20E+03	-3.81E-01	-1.98E+00										
5.25E+03	-3.78E-01	-1.99E+00										
5.30E+03	-3.76E-01	-1.99E+00										
5.36E+03	-3.73E-01	-2.00E+00										
5.41E+03	-3.70E-01	-2.00E+00										
5.46E+03	-3.68E-01	-2.01E+00										
5.51E+03	-3.65E-01	-2.01E+00										
5.56E+03	-3.62E-01	-2.01E+00										
5.61E+03	-3.59E-01	-2.02E+00										
5.66E+03	-3.56E-01	-2.02E+00										
5.71E+03	-3.54E-01	-2.02E+00										
5.76E+03	-3.51E-01	-2.02E+00										
5.82E+03	-3.48E-01	-2.03E+00										
5.87E+03	-3.45E-01	-2.03E+00										
5.92E+03	-3.43E-01	-2.03E+00										
5.97E+03	-3.40E-01	-2.03E+00										
6.02E+03	-3.37E-01	-2.03E+00										
6.07E+03	-3.34E-01	-2.03E+00										
6.12E+03	-3.31E-01	-2.03E+00										
6.17E+03	-3.28E-01	-2.03E+00										
6.23E+03	-3.26E-01	-2.03E+00										
6.28E+03	-3.23E-01	-2.03E+00										
6.33E+03	-3.20E-01	-2.03E+00										
6.38E+03	-3.17E-01	-2.02E+00										
6.43E+03	-3.15E-01	-2.02E+00										
6.48E+03	-3.11E-01	-2.02E+00										
6.53E+03	-3.09E-01	-2.02E+00										
6.58E+03	-3.06E-01	-2.01E+00										
6.64E+03	-3.03E-01	-2.01E+00										
6.69E+03	-3.00E-01	-2.01E+00										
6.74E+03	-2.97E-01	-2.00E+00										
6.79E+03	-2.94E-01	-2.00E+00										
6.84E+03	-2.92E-01	-1.99E+00										
6.89E+03	-2.89E-01	-1.99E+00										
6.94E+03	-2.85E-01	-1.98E+00										
6.99E+03	-2.83E-01	-1.98E+00										
7.04E+03	-2.80E-01	-1.97E+00										
7.09E+03	-2.77E-01	-1.96E+00										
7.15E+03	-2.74E-01	-1.96E+00										
7.20E+03	-2.71E-01	-1.95E+00										
7.25E+03	-2.68E-01	-1.94E+00										
7.30E+03	-2.65E-01	-1.93E+00										
7.35E+03	-2.62E-01	-1.92E+00										
7.40E+03	-2.59E-01	-1.92E+00										
7.45E+03	-2.56E-01	-1.91E+00										
7.51E+03	-2.53E-01	-1.90E+00										
7.51E+03	-2.51E-01	-1.89E+00										
0.00E+00	-8.50E-01	0.00E+00										
0.00E+00	-9.43E-01	0.00E+00										
0.00E+00	-9.54E-01	0.00E+00										
0.00E+00	-9.59E-01	0.00E+00										
0.00E+00	-9.62E-01	0.00E+00										
0.00E+00	-9.65E-01	0.00E+00										
4.93E+01	-9.65E-01	-4.76E-02										
1.01E+02	-8.64E-01	-8.70E-02										
1.54E+02	-8.19E-01	-1.26E-01										
2.04E+02	-7.95E-01	-1.62E-01										
2.56E+02	-7.78E-01	-1.99E-01										
3.06E+02	-7.64E-01	-2.34E-01										
3.57E+02	-7.52E-01	-2.68E-01										
4.08E+02	-7.42E-01	-3.03E-01										
4.59E+02	-7.32E-01	-3.36E-01										
5.10E+02	-7.23E-01	-3.69E-01										
5.63E+02	-7.15E-01	-4.02E-01										
6.14E+02	-7.07E-01	-4.34E-01										
6.64E+02	-7.00E-01	-4.65E-01										
7.15E+02	-6.93E-01	-4.96E-01										
7.66E+02	-6.87E-01	-5.26E-01										
8.17E+02	-6.80E-01	-5.56E-01										
8.70E+02	-6.74E-01	-5.86E-01										
9.20E+02	-6.68E-01	-6.15E-01										
9.71E+02	-6.63E-01	-6.44E-01										
1.02E+03	-6.57E-01	-6.71E-01										
1.07E+03	-6.52E-01	-6.99E-01										
1.12E+03	-6.47E-01	-7.27E-01										
1.18E+03	-6.42E-01	-7.54E-01										
1.23E+03	-6.37E-01	-7.80E-01										
1.28E+03	-6.32E-01	-8.07E-01										
1.33E+03	-6.27E-01	-8.33E-01										
1.38E+03	-6.22E-01	-8.59E-01										
1.43E+03	-6.18E-01	-8.86E-01										
1.48E+03	-6.14E-01	-9.10E-01										
1.54E+03	-6.09E-01	-9.38E-01										
1.59E+03	-6.05E-01	-9.63E-01										
1.64E+03	-6.00E-01	-9.86E-01										
1.69E+03	-5.96E-01	-1.01E+00										
1.74E+03	-5.93E-01	-1.03E+00										
1.79E+03	-5.88E-01	-1.06E+00										
1.85E+03	-5.85E-01	-1.08E+00										
1.90E+03	-5.81E-01	-1.10E+00										
1.95E+03	-5.77E-01	-1.12E+00										
2.00E+03	-5.73E-01	-1.15E+00										
2.05E+03	-5.69E-01	-1.17E+00										
2.10E+03	-5.66E-01	-1.19E+00										
2.16E+03	-5.62E-01	-1.21E+00										
2.21E+03	-5.58E-01	-1.23E+00										
2.26E+03	-5.55E-01	-1.25E+00										
2.32E+03	-5.51E-01	-1.28E+00										
2.37E+03	-5.47E-01	-1.30E+00										
2.42E+03	-5.44E-01	-1.32E+00										
2.47E+03	-5.40E-01	-1.33E+00										
2.52E+03	-5.37E-01	-1.35E+00										
2.57E+03	-5.34E-01	-1.37E+00										
2.62E+03	-5.31E-01	-1.39E+00										
2.67E+03	-5.27E-01	-1.41E+00										
2.72E+03	-5.24E-01	-1.43E+00										
2.77E+03	-5.21E-01	-1.45E+00										
2.83E+03	-5.18E-01	-1.46E+00										
2.88E+03	-5.14E-01	-1.48E+00										
2.93E+03	-5.11E-01	-1.50E+00										
2.98E+03	-5.08E-01	-1.52E+00										
3.04E+03	-5.06E-01	-1.53E+00										
3.09E+03	-5.02E-01	-1.55E+00										
3.14E+03	-4.99E-01	-1.56E+00										
3.19E+03	-4.96E-01	-1.58E+00										
3.24E+03	-4.93E-01	-1.60E+00										
3.29E+03	-4.90E-01	-1.61E+00										
3.34E+03	-4.87E-01	-1.63E+00										
3.40E+03	-4.84E-01	-1.64E+00										
3.45E+03	-4.81E-01	-1.66E+00										
3.50E+03	-4.78E-01	-1.67E+00										
3.55E+03	-4.75E-01	-1.69E+00										
3.60E+03	-4.72E-01	-1.70E+00										
3.65E+03	-4.69E-01	-1.71E+00										
3.70E+03	-4.66E-01	-1.73E+00										
3.75E+03	-4.63E-01	-1.74E+00										
3.81E+03	-4.60E-01	-1.75E+00										
3.86E+03	-4.57E-01	-1.76E+00										
3.91E+03	-4.55E-01	-1.78E+00										
3.96E+03	-4.52E-01	-1.79E+00										
4.01E+03	-4.49E-01	-1.80E+00										
4.06E+03	-4.46E-01	-1.81E+00										
4.11E+03	-4.43E-01	-1.82E+00										
4.17E+03	-4.41E-01	-1.83E+00										
4.22E+03	-4.38E-01	-1.84E+00										
4.27E+03	-4.35E-01	-1.86E+00										
4.32E+03	-4.32E-01	-1.87E+00										
4.37E+03	-4.30E-01	-1.88E+00										
4.42E+03	-4.27E-01	-1.89E+00										
4.47E+03	-4.24E-01	-1.90E+00										
4.53E+03	-4.21E-01	-1.91E+00										
4.58E+03	-4.18E-01	-1.91E+00										
4.63E+03	-4.16E-01	-1.92E+00										
4.68E+03	-4.13E-01	-1.93E+00										
4.73E+03	-4.10E-01	-1.94E+00										
4.78E+03	-4.07E-01	-1.95E+00										
4.83E+03	-4.04E-01	-1.95E+00										
4.88E+03	-4.02E-01	-1.96E+00										
4.94E+03	-3.99E-01	-1.97E+00										
4.99E+03	-3.96E-01	-1.98E+00										
5.04E+03	-3.93E-01	-1.98E+00										
5.09E+03	-3.91E-01	-1.99E+00										
5.14E+03	-3.88E-01	-2.00E+00										
5.20E+03	-3.85E-01	-2.00E+00										
5.25E+03	-3.83E-01	-2.01E+00										
5.30E+03	-3.80E-01	-2.01E+00										
5.35E+03	-3.77E-01	-2.02E+00										
5.40E+03	-3.74E-01	-2.02E+00										
5.45E+03	-3.71E-01	-2.03E+00										
5.50E+03	-3.69E-01	-2.03E+00										
5.56E+03	-3.66E-01	-2.04E+00										
5.61E+03	-3.63E-01	-2.04E+00										
5.66E+03	-3.61E-01	-2.04E+00										
5.71E+03	-3.58E-01	-2.04E+00										
5.76E+03	-3.55E-01	-2.05E+00										
5.82E+03	-3.53E-01	-2.05E+00										
5.87E+03	-3.50E-01	-2.05E+00										
5.92E+03	-3.47E-01	-2.06E+00										
5.97E+03	-3.45E-01	-2.06E+00										
6.02E+03	-3.42E-01	-2.06E+00										
6.08E+03	-3.39E-01	-2.06E+00										
6.13E+03	-3.36E-01	-2.06E+00										
6.18E+03	-3.33E-01	-2.06E+00										
6.23E+03	-3.31E-01	-2.06E+00										
6.28E+03	-3.28E-01	-2.06E+00										
6.33E+03	-3.25E-01	-2.06E+00										
6.39E+03	-3.22E-01	-2.05E+00										
6.44E+03	-3.18E-01	-2.05E+00										
6.49E+03	-3.15E-01	-2.04E+00										
6.54E+03	-3.12E-01	-2.04E+00										
6.59E+03	-3.10E-01	-2.04E+00										
6.64E+03	-3.07E-01	-2.04E+00										
6.69E+03	-3.04E-01	-2.04E+00										
6.75E+03	-3.01E-01	-2.03E+00										
6.80E+03	-2.99E-01	-2.03E+00										
6.85E+03	-2.96E-01	-2.03E+00										
6.90E+03	-2.93E-01	-2.02E+00										
6.95E+03	-2.90E-01	-2.01E+00										
7.00E+03	-2.86E-01	-2.01E+00										
7.06E+03	-2.83E-01	-2.00E+00										
7.11E+03	-2.81E-01	-1.99E+00										
7.16E+03	-2.77E-01	-1.99E+00										
7.21E+03	-2.74E-01	-1.98E+00										
7.26E+03	-2.71E-01	-1.97E+00										
7.31E+03	-2.68E-01	-1.96E+00										
7.36E+03	-2.65E-01	-1.95E+00										
7.41E+03	-2.62E-01	-1.94E+00										
7.47E+03	-2.59E-01	-1.93E+00										
7.52E+03	-2.56E-01	-1.92E+00										
7.57E+03	-2.53E-01	-1.91E+00										
7.59E+03	-2.51E-01	-1.91E+00										
0.00E+00	-8.52E-01	0.00E+00										
0.00E+00	-9.44E-01	0.00E+00										
0.00E+00	-9.54E-01	0.00E+00										
0.00E+00	-9.59E-01	0.00E+00										
0.00E+00	-9.62E-01	0.00E+00										
0.00E+00	-9.65E-01	0.00E+00										
4.83E+01	-9.65E-01	-4.66E-02										
9.97E+01	-8.71E-01	-8.68E-02										
1.50E+02	-8.21E-01	-1.23E-01										
2.06E+02	-7.97E-01	-1.64E-01										
2.57E+02	-7.78E-01	-2.00E-01										
3.08E+02	-7.66E-01	-2.36E-01										
3.59E+02	-7.53E-01	-2.70E-01										
4.10E+02	-7.43E-01	-3.05E-01										
4.61E+02	-7.34E-01	-3.38E-01										
5.12E+02	-7.25E-01	-3.71E-01										
5.65E+02	-7.17E-01	-4.05E-01										
6.15E+02	-7.09E-01	-4.36E-01										
6.65E+02	-7.02E-01	-4.67E-01										
7.16E+02	-6.95E-01	-4.98E-01										
7.66E+02	-6.89E-01	-5.28E-01										
8.17E+02	-6.82E-01	-5.57E-01										
8.71E+02	-6.76E-01	-5.89E-01										
9.24E+02	-6.70E-01	-6.19E-01										
9.74E+02	-6.64E-01	-6.47E-01										
1.02E+03	-6.59E-01	-6.76E-01										
1.08E+03	-6.54E-01	-7.04E-01										
1.13E+03	-6.48E-01	-7.32E-01										
1.18E+03	-6.44E-01	-7.59E-01										
1.23E+03	-6.39E-01	-7.86E-01										
1.28E+03	-6.35E-01	-8.13E-01										
1.33E+03	-6.30E-01	-8.38E-01										
1.38E+03	-6.25E-01	-8.64E-01										
1.44E+03	-6.20E-01	-8.91E-01										
1.49E+03	-6.16E-01	-9.17E-01										
1.54E+03	-6.11E-01	-9.41E-01										
1.59E+03	-6.07E-01	-9.67E-01										
1.65E+03	-6.03E-01	-9.92E-01										
1.70E+03	-5.99E-01	-1.02E+00										
1.75E+03	-5.95E-01	-1.04E+00										
1.80E+03	-5.91E-01	-1.06E+00										
1.85E+03	-5.87E-01	-1.09E+00										
1.90E+03	-5.83E-01	-1.11E+00										
1.96E+03	-5.79E-01	-1.13E+00										
2.01E+03	-5.75E-01	-1.15E+00										
2.06E+03	-5.72E-01	-1.18E+00										
2.11E+03	-5.68E-01	-1.20E+00										
2.16E+03	-5.65E-01	-1.22E+00										
2.21E+03	-5.61E-01	-1.24E+00										
2.26E+03	-5.57E-01	-1.26E+00										
2.32E+03	-5.54E-01	-1.28E+00										
2.37E+03	-5.50E-01	-1.30E+00										
2.42E+03	-5.47E-01	-1.32E+00										
2.47E+03	-5.44E-01	-1.34E+00										
2.52E+03	-5.40E-01	-1.36E+00										
2.57E+03	-5.37E-01	-1.38E+00										
2.62E+03	-5.34E-01	-1.40E+00										
2.68E+03	-5.31E-01	-1.42E+00										
2.73E+03	-5.27E-01	-1.44E+00										
2.78E+03	-5.24E-01	-1.45E+00										
2.83E+03	-5.20E-01	-1.47E+00										
2.88E+03	-5.17E-01	-1.49E+00										
2.93E+03	-5.14E-01	-1.51E+00										
2.98E+03	-5.11E-01	-1.53E+00										
3.03E+03	-5.08E-01	-1.54E+00										
3.09E+03	-5.05E-01	-1.56E+00										
3.14E+03	-5.02E-01	-1.57E+00										
3.19E+03	-4.99E-01	-1.59E+00										
3.24E+03	-4.96E-01	-1.61E+00										
3.29E+03	-4.93E-01	-1.62E+00										
3.34E+03	-4.90E-01	-1.64E+00										
3.40E+03	-4.87E-01	-1.65E+00										
3.45E+03	-4.84E-01	-1.67E+00										
3.50E+03	-4.81E-01	-1.68E+00										
3.56E+03	-4.77E-01	-1.70E+00										
3.61E+03	-4.75E-01	-1.71E+00										
3.66E+03	-4.72E-01	-1.72E+00										
3.71E+03	-4.69E-01	-1.74E+00										
3.76E+03	-4.66E-01	-1.75E+00										
3.81E+03	-4.63E-01	-1.77E+00										
3.86E+03	-4.60E-01	-1.78E+00										
3.91E+03	-4.57E-01	-1.79E+00										
3.97E+03	-4.54E-01	-1.80E+00										
4.02E+03	-4.51E-01	-1.81E+00										
4.07E+03	-4.49E-01	-1.83E+00										
4.12E+03	-4.46E-01	-1.84E+00										
4.17E+03	-4.43E-01	-1.85E+00										
4.23E+03	-4.40E-01	-1.86E+00										
4.28E+03	-4.38E-01	-1.87E+00										
4.33E+03	-4.35E-01	-1.88E+00										
4.38E+03	-4.32E-01	-1.89E+00										
4.43E+03	-4.29E-01	-1.90E+00										
4.48E+03	-4.27E-01	-1.91E+00										
4.54E+03	-4.24E-01	-1.92E+00										
4.59E+03	-4.21E-01	-1.93E+00										
4.64E+03	-4.18E-01	-1.94E+00										
4.69E+03	-4.15E-01	-1.95E+00										
4.74E+03	-4.13E-01	-1.96E+00										
4.79E+03	-4.10E-01	-1.97E+00										
4.84E+03	-4.07E-01	-1.97E+00										
4.90E+03	-4.04E-01	-1.98E+00										
4.95E+03	-4.02E-01	-1.99E+00										
5.00E+03	-3.99E-01	-1.99E+00										
5.06E+03	-3.96E-01	-2.00E+00										
5.11E+03	-3.93E-01	-2.01E+00										
5.16E+03	-3.90E-01	-2.01E+00										
5.21E+03	-3.88E-01	-2.02E+00										
5.26E+03	-3.85E-01	-2.03E+00										
5.31E+03	-3.82E-01	-2.03E+00										
5.36E+03	-3.80E-01	-2.04E+00										
5.42E+03	-3.77E-01	-2.04E+00										
5.47E+03	-3.74E-01	-2.04E+00										
5.52E+03	-3.71E-01	-2.05E+00										
5.57E+03	-3.68E-01	-2.05E+00										
5.62E+03	-3.66E-01	-2.06E+00										
5.68E+03	-3.63E-01	-2.06E+00										
5.73E+03	-3.60E-01	-2.06E+00										
5.78E+03	-3.57E-01	-2.07E+00										
5.83E+03	-3.54E-01	-2.07E+00										
5.89E+03	-3.51E-01	-2.07E+00										
5.94E+03	-3.49E-01	-2.07E+00										
5.99E+03	-3.46E-01	-2.07E+00										
6.04E+03	-3.43E-01	-2.07E+00										
6.09E+03	-3.40E-01	-2.07E+00										
6.15E+03	-3.37E-01	-2.07E+00										
6.20E+03	-3.35E-01	-2.07E+00										
6.25E+03	-3.32E-01	-2.07E+00										
6.30E+03	-3.29E-01	-2.07E+00										
6.35E+03	-3.26E-01	-2.07E+00										
6.40E+03	-3.23E-01	-2.07E+00										
6.45E+03	-3.21E-01	-2.07E+00										
6.51E+03	-3.17E-01	-2.06E+00										
6.56E+03	-3.15E-01	-2.06E+00										
6.61E+03	-3.12E-01	-2.06E+00										
6.66E+03	-3.09E-01	-2.06E+00										
6.71E+03	-3.06E-01	-2.05E+00										
6.77E+03	-3.03E-01	-2.05E+00										
6.82E+03	-3.00E-01	-2.04E+00										
6.87E+03	-2.97E-01	-2.04E+00										
6.93E+03	-2.94E-01	-2.04E+00										
6.98E+03	-2.91E-01	-2.03E+00										
7.03E+03	-2.88E-01	-2.02E+00										
7.08E+03	-2.85E-01	-2.02E+00										
7.13E+03	-2.82E-01	-2.01E+00										
7.18E+03	-2.79E-01	-2.01E+00										
7.24E+03	-2.76E-01	-2.00E+00										
7.29E+03	-2.73E-01	-1.99E+00										
7.34E+03	-2.70E-01	-1.98E+00										
7.39E+03	-2.67E-01	-1.98E+00										
7.44E+03	-2.64E-01	-1.96E+00										
7.50E+03	-2.61E-01	-1.96E+00										
7.55E+03	-2.58E-01	-1.94E+00										
7.60E+03	-2.54E-01	-1.93E+00										
7.64E+03	-2.52E-01	-1.92E+00										
0.00E+00	-8.53E-01	0.00E+00										
0.00E+00	-9.45E-01	0.00E+00										
0.00E+00	-9.55E-01	0.00E+00										
0.00E+00	-9.59E-01	0.00E+00										
0.00E+00	-9.62E-01	0.00E+00										
0.00E+00	-9.65E-01	0.00E+00										
5.49E+01	-9.66E-01	-5.30E-02										
1.05E+02	-8.57E-01	-9.03E-02										
1.56E+02	-8.21E-01	-1.28E-01										
2.07E+02	-7.97E-01	-1.65E-01										
2.58E+02	-7.80E-01	-2.01E-01										
3.09E+02	-7.66E-01	-2.36E-01										
3.59E+02	-7.55E-01	-2.71E-01										
4.12E+02	-7.44E-01	-3.07E-01										
4.65E+02	-7.34E-01	-3.42E-01										
5.16E+02	-7.26E-01	-3.75E-01										
5.67E+02	-7.18E-01	-4.07E-01										
6.18E+02	-7.10E-01	-4.39E-01										
6.72E+02	-7.04E-01	-4.73E-01										
7.23E+02	-6.96E-01	-5.04E-01										
7.75E+02	-6.90E-01	-5.35E-01										
8.29E+02	-6.83E-01	-5.66E-01										
8.81E+02	-6.77E-01	-5.96E-01										
9.32E+02	-6.71E-01	-6.25E-01										
9.83E+02	-6.66E-01	-6.55E-01										
1.03E+03	-6.61E-01	-6.83E-01										
1.09E+03	-6.55E-01	-7.11E-01										
1.14E+03	-6.50E-01	-7.38E-01										
1.19E+03	-6.45E-01	-7.67E-01										
1.24E+03	-6.40E-01	-7.94E-01										
1.29E+03	-6.35E-01	-8.20E-01										
1.34E+03	-6.31E-01	-8.47E-01										
1.39E+03	-6.26E-01	-8.72E-01										
1.44E+03	-6.22E-01	-8.98E-01										
1.50E+03	-6.18E-01	-9.26E-01										
1.55E+03	-6.13E-01	-9.51E-01										
1.60E+03	-6.09E-01	-9.74E-01										
1.65E+03	-6.05E-01	-9.99E-01										
1.70E+03	-6.00E-01	-1.02E+00										
1.76E+03	-5.97E-01	-1.05E+00										
1.81E+03	-5.93E-01	-1.07E+00										
1.86E+03	-5.89E-01	-1.10E+00										
1.91E+03	-5.85E-01	-1.12E+00										
1.97E+03	-5.81E-01	-1.14E+00										
2.02E+03	-5.77E-01	-1.17E+00										
2.07E+03	-5.74E-01	-1.19E+00										
2.12E+03	-5.70E-01	-1.21E+00										
2.17E+03	-5.66E-01	-1.23E+00										
2.23E+03	-5.63E-01	-1.25E+00										
2.28E+03	-5.59E-01	-1.27E+00										
2.33E+03	-5.56E-01	-1.29E+00										
2.38E+03	-5.52E-01	-1.32E+00										
2.43E+03	-5.49E-01	-1.34E+00										
2.49E+03	-5.45E-01	-1.36E+00										
2.54E+03	-5.42E-01	-1.38E+00										
2.59E+03	-5.39E-01	-1.39E+00										
2.64E+03	-5.35E-01	-1.42E+00										
2.70E+03	-5.32E-01	-1.43E+00										
2.75E+03	-5.29E-01	-1.45E+00										
2.80E+03	-5.25E-01	-1.47E+00										
2.85E+03	-5.22E-01	-1.49E+00										
2.90E+03	-5.19E-01	-1.51E+00										
2.95E+03	-5.16E-01	-1.52E+00										
3.00E+03	-5.13E-01	-1.54E+00										
3.05E+03	-5.10E-01	-1.56E+00										
3.10E+03	-5.07E-01	-1.57E+00										
3.16E+03	-5.04E-01	-1.59E+00										
3.21E+03	-5.01E-01	-1.61E+00										
3.26E+03	-4.98E-01	-1.62E+00										
3.31E+03	-4.95E-01	-1.64E+00										
3.36E+03	-4.92E-01	-1.65E+00										
3.41E+03	-4.89E-01	-1.67E+00										
3.46E+03	-4.86E-01	-1.68E+00										
3.52E+03	-4.83E-01	-1.70E+00										
3.57E+03	-4.80E-01	-1.71E+00										
3.62E+03	-4.77E-01	-1.73E+00										
3.67E+03	-4.75E-01	-1.74E+00										
3.72E+03	-4.72E-01	-1.76E+00										
3.77E+03	-4.69E-01	-1.77E+00										
3.82E+03	-4.66E-01	-1.78E+00										
3.88E+03	-4.63E-01	-1.79E+00										
3.93E+03	-4.61E-01	-1.81E+00										
3.98E+03	-4.58E-01	-1.82E+00										
4.03E+03	-4.55E-01	-1.83E+00										
4.08E+03	-4.52E-01	-1.85E+00										
4.14E+03	-4.49E-01	-1.86E+00										
4.19E+03	-4.46E-01	-1.87E+00										
4.24E+03	-4.43E-01	-1.88E+00										
4.30E+03	-4.41E-01	-1.89E+00										
4.35E+03	-4.38E-01	-1.90E+00										
4.40E+03	-4.35E-01	-1.91E+00										
4.45E+03	-4.32E-01	-1.92E+00										
4.50E+03	-4.30E-01	-1.93E+00										
4.56E+03	-4.27E-01	-1.94E+00										
4.61E+03	-4.24E-01	-1.95E+00										
4.66E+03	-4.21E-01	-1.96E+00										
4.71E+03	-4.18E-01	-1.97E+00										
4.76E+03	-4.16E-01	-1.98E+00										
4.82E+03	-4.13E-01	-1.99E+00										
4.87E+03	-4.10E-01	-2.00E+00										
4.92E+03	-4.08E-01	-2.00E+00										
4.97E+03	-4.05E-01	-2.01E+00										
5.02E+03	-4.02E-01	-2.02E+00										
5.07E+03	-3.99E-01	-2.03E+00										
5.13E+03	-3.97E-01	-2.03E+00										
5.18E+03	-3.94E-01	-2.04E+00										
5.23E+03	-3.91E-01	-2.05E+00										
5.28E+03	-3.89E-01	-2.05E+00										
5.33E+03	-3.86E-01	-2.06E+00										
5.38E+03	-3.83E-01	-2.06E+00										
5.43E+03	-3.80E-01	-2.07E+00										
5.49E+03	-3.78E-01	-2.07E+00										
5.54E+03	-3.75E-01	-2.08E+00										
5.59E+03	-3.72E-01	-2.08E+00										
5.64E+03	-3.69E-01	-2.08E+00										
5.69E+03	-3.67E-01	-2.09E+00										
5.74E+03	-3.64E-01	-2.09E+00										
5.79E+03	-3.61E-01	-2.09E+00										
5.84E+03	-3.59E-01	-2.10E+00										
5.90E+03	-3.56E-01	-2.10E+00										
5.95E+03	-3.53E-01	-2.10E+00										
6.00E+03	-3.51E-01	-2.10E+00										
6.05E+03	-3.48E-01	-2.10E+00										
6.10E+03	-3.45E-01	-2.10E+00										
6.15E+03	-3.43E-01	-2.11E+00										
6.21E+03	-3.40E-01	-2.11E+00										
6.26E+03	-3.36E-01	-2.10E+00										
6.31E+03	-3.34E-01	-2.11E+00										
6.36E+03	-3.31E-01	-2.11E+00										
6.41E+03	-3.28E-01	-2.10E+00										
6.46E+03	-3.25E-01	-2.10E+00										
6.52E+03	-3.23E-01	-2.10E+00										
6.57E+03	-3.20E-01	-2.10E+00										
6.62E+03	-3.17E-01	-2.10E+00										
6.67E+03	-3.14E-01	-2.09E+00										
6.72E+03	-3.11E-01	-2.09E+00										
6.77E+03	-3.08E-01	-2.09E+00										
6.83E+03	-3.05E-01	-2.08E+00										
6.88E+03	-3.03E-01	-2.08E+00										
6.93E+03	-3.00E-01	-2.08E+00										
6.98E+03	-2.97E-01	-2.07E+00										
7.03E+03	-2.94E-01	-2.07E+00										
7.08E+03	-2.91E-01	-2.06E+00										
7.13E+03	-2.88E-01	-2.05E+00										
7.18E+03	-2.85E-01	-2.05E+00										
7.23E+03	-2.82E-01	-2.04E+00										
7.29E+03	-2.79E-01	-2.04E+00										
7.34E+03	-2.76E-01	-2.03E+00										
7.39E+03	-2.73E-01	-2.02E+00										
7.44E+03	-2.70E-01	-2.01E+00										
7.49E+03	-2.67E-01	-2.00E+00										
7.54E+03	-2.64E-01	-1.99E+00										
7.59E+03	-2.61E-01	-1.98E+00										
7.64E+03	-2.58E-01	-1.97E+00										
7.69E+03	-2.55E-01	-1.96E+00										
7.74E+03	-2.52E-01	-1.95E+00										
7.74E+03	-2.51E-01	-1.95E+00										
0.00E+00	-8.54E-01	0.00E+00										
0.00E+00	-9.45E-01	0.00E+00										
0.00E+00	-9.55E-01	0.00E+00										
0.00E+00	-9.60E-01	0.00E+00										
0.00E+00	-9.62E-01	0.00E+00										
0.00E+00	-9.65E-01	0.00E+00										
4.93E+01	-9.66E-01	-4.76E-02										
1.01E+02	-8.70E-01	-8.76E-02										
1.53E+02	-8.23E-01	-1.26E-01										
2.03E+02	-8.01E-01	-1.63E-01										
2.54E+02	-7.83E-01	-1.98E-01										
3.06E+02	-7.69E-01	-2.35E-01										
3.56E+02	-7.57E-01	-2.70E-01										
4.09E+02	-7.47E-01	-3.05E-01										
4.59E+02	-7.38E-01	-3.39E-01										
5.12E+02	-7.29E-01	-3.73E-01										
5.65E+02	-7.21E-01	-4.07E-01										
6.16E+02	-7.13E-01	-4.39E-01										
6.66E+02	-7.06E-01	-4.70E-01										
7.17E+02	-6.99E-01	-5.01E-01										
7.68E+02	-6.93E-01	-5.32E-01										
8.20E+02	-6.86E-01	-5.63E-01										
8.70E+02	-6.81E-01	-5.92E-01										
9.21E+02	-6.75E-01	-6.22E-01										
9.71E+02	-6.69E-01	-6.50E-01										
1.03E+03	-6.64E-01	-6.81E-01										
1.08E+03	-6.59E-01	-7.11E-01										
1.13E+03	-6.53E-01	-7.39E-01										
1.18E+03	-6.48E-01	-7.67E-01										
1.24E+03	-6.43E-01	-7.95E-01										
1.29E+03	-6.38E-01	-8.22E-01										
1.34E+03	-6.34E-01	-8.48E-01										
1.39E+03	-6.30E-01	-8.75E-01										
1.44E+03	-6.25E-01	-9.01E-01										
1.49E+03	-6.21E-01	-9.27E-01										
1.54E+03	-6.17E-01	-9.52E-01										
1.59E+03	-6.12E-01	-9.76E-01										
1.64E+03	-6.08E-01	-1.00E+00										
1.70E+03	-6.04E-01	-1.02E+00										
1.75E+03	-6.00E-01	-1.05E+00										
1.80E+03	-5.97E-01	-1.07E+00										
1.85E+03	-5.93E-01	-1.10E+00										
1.90E+03	-5.89E-01	-1.12E+00										
1.95E+03	-5.85E-01	-1.14E+00										
2.00E+03	-5.82E-01	-1.16E+00										
2.05E+03	-5.78E-01	-1.19E+00										
2.10E+03	-5.74E-01	-1.21E+00										
2.15E+03	-5.71E-01	-1.23E+00										
2.21E+03	-5.67E-01	-1.25E+00										
2.26E+03	-5.64E-01	-1.27E+00										
2.31E+03	-5.60E-01	-1.29E+00										
2.36E+03	-5.57E-01	-1.31E+00										
2.41E+03	-5.53E-01	-1.33E+00										
2.46E+03	-5.50E-01	-1.35E+00										
2.52E+03	-5.47E-01	-1.38E+00										
2.57E+03	-5.43E-01	-1.39E+00										
2.62E+03	-5.40E-01	-1.41E+00										
2.67E+03	-5.37E-01	-1.43E+00										
2.72E+03	-5.34E-01	-1.45E+00										
2.77E+03	-5.31E-01	-1.47E+00										
2.83E+03	-5.27E-01	-1.49E+00										
2.88E+03	-5.24E-01	-1.51E+00										
2.93E+03	-5.21E-01	-1.53E+00										
2.98E+03	-5.18E-01	-1.54E+00										
3.03E+03	-5.15E-01	-1.56E+00										
3.08E+03	-5.12E-01	-1.58E+00										
3.13E+03	-5.09E-01	-1.60E+00										
3.19E+03	-5.06E-01	-1.61E+00										
3.24E+03	-5.03E-01	-1.63E+00										
3.29E+03	-5.00E-01	-1.64E+00										
3.34E+03	-4.97E-01	-1.66E+00										
3.39E+03	-4.94E-01	-1.67E+00										
3.44E+03	-4.91E-01	-1.69E+00										
3.49E+03	-4.88E-01	-1.70E+00										
3.54E+03	-4.85E-01	-1.72E+00										
3.59E+03	-4.82E-01	-1.73E+00										
3.64E+03	-4.79E-01	-1.75E+00										
3.69E+03	-4.77E-01	-1.76E+00										
3.75E+03	-4.74E-01	-1.78E+00										
3.80E+03	-4.71E-01	-1.79E+00										
3.85E+03	-4.68E-01	-1.80E+00										
3.90E+03	-4.65E-01	-1.82E+00										
3.96E+03	-4.62E-01	-1.83E+00										
4.01E+03	-4.60E-01	-1.84E+00										
4.06E+03	-4.57E-01	-1.86E+00										
4.11E+03	-4.54E-01	-1.87E+00										
4.17E+03	-4.51E-01	-1.88E+00										
4.22E+03	-4.49E-01	-1.89E+00										
4.27E+03	-4.46E-01	-1.90E+00										
4.32E+03	-4.43E-01	-1.91E+00										
4.37E+03	-4.40E-01	-1.92E+00										
4.42E+03	-4.38E-01	-1.94E+00										
4.47E+03	-4.35E-01	-1.95E+00										
4.53E+03	-4.32E-01	-1.95E+00										
4.58E+03	-4.29E-01	-1.97E+00										
4.63E+03	-4.27E-01	-1.98E+00										
4.68E+03	-4.24E-01	-1.98E+00										
4.73E+03	-4.21E-01	-1.99E+00										
4.78E+03	-4.19E-01	-2.00E+00										
4.83E+03	-4.16E-01	-2.01E+00										
4.89E+03	-4.13E-01	-2.02E+00										
4.94E+03	-4.11E-01	-2.03E+00										
4.99E+03	-4.08E-01	-2.03E+00										
5.04E+03	-4.05E-01	-2.04E+00										
5.09E+03	-4.02E-01	-2.05E+00										
5.15E+03	-3.99E-01	-2.06E+00										
5.20E+03	-3.97E-01	-2.06E+00										
5.25E+03	-3.94E-01	-2.07E+00										
5.30E+03	-3.91E-01	-2.07E+00										
5.35E+03	-3.89E-01	-2.08E+00										
5.40E+03	-3.86E-01	-2.09E+00										
5.45E+03	-3.83E-01	-2.09E+00										
5.51E+03	-3.81E-01	-2.10E+00										
5.56E+03	-3.78E-01	-2.10E+00										
5.62E+03	-3.75E-01	-2.11E+00										
5.67E+03	-3.72E-01	-2.11E+00										
5.72E+03	-3.70E-01	-2.11E+00										
5.77E+03	-3.67E-01	-2.11E+00										
5.82E+03	-3.64E-01	-2.12E+00										
5.87E+03	-3.61E-01	-2.12E+00										
5.92E+03	-3.58E-01	-2.12E+00										
5.97E+03	-3.56E-01	-2.13E+00										
6.02E+03	-3.53E-01	-2.13E+00										
6.08E+03	-3.50E-01	-2.13E+00										
6.13E+03	-3.48E-01	-2.13E+00										
6.18E+03	-3.45E-01	-2.13E+00										
6.23E+03	-3.42E-01	-2.13E+00										
6.28E+03	-3.39E-01	-2.13E+00										
6.33E+03	-3.37E-01	-2.13E+00										
6.38E+03	-3.34E-01	-2.13E+00										
6.43E+03	-3.31E-01	-2.13E+00										
6.48E+03	-3.28E-01	-2.13E+00										
6.53E+03	-3.25E-01	-2.13E+00										
6.59E+03	-3.23E-01	-2.12E+00										
6.64E+03	-3.20E-01	-2.12E+00										
6.69E+03	-3.17E-01	-2.12E+00										
6.74E+03	-3.14E-01	-2.12E+00										
6.80E+03	-3.11E-01	-2.11E+00										
6.85E+03	-3.08E-01	-2.11E+00										
6.90E+03	-3.05E-01	-2.11E+00										
6.95E+03	-3.02E-01	-2.10E+00										
7.01E+03	-2.99E-01	-2.10E+00										
7.06E+03	-2.96E-01	-2.09E+00										
7.11E+03	-2.94E-01	-2.09E+00										
7.16E+03	-2.90E-01	-2.08E+00										
7.21E+03	-2.88E-01	-2.07E+00										
7.26E+03	-2.85E-01	-2.07E+00										
7.31E+03	-2.82E-01	-2.06E+00										
7.37E+03	-2.79E-01	-2.05E+00										
7.42E+03	-2.76E-01	-2.05E+00										
7.47E+03	-2.73E-01	-2.04E+00										
7.52E+03	-2.70E-01	-2.03E+00										
7.57E+03	-2.67E-01	-2.02E+00										
7.62E+03	-2.64E-01	-2.01E+00										
7.67E+03	-2.60E-01	-2.00E+00										
7.72E+03	-2.57E-01	-1.99E+00										
7.78E+03	-2.54E-01	-1.98E+00										
7.82E+03	-2.51E-01	-1.96E+00										
0.00E+00	-8.55E-01	0.00E+00										
0.00E+00	-9.45E-01	0.00E+00										
0.00E+00	-9.55E-01	0.00E+00										
0.00E+00	-9.60E-01	0.00E+00										
0.00E+00	-9.63E-01	0.00E+00										
0.00E+00	-9.66E-01	0.00E+00										
4.63E+01	-9.66E-01	-4.47E-02										
9.87E+01	-8.75E-01	-8.64E-02										
1.50E+02	-8.25E-01	-1.24E-01										
2.01E+02	-8.03E-01	-1.61E-01										
2.51E+02	-7.84E-01	-1.97E-01										
3.02E+02	-7.71E-01	-2.33E-01										
3.55E+02	-7.59E-01	-2.70E-01										
4.07E+02	-7.49E-01	-3.05E-01										
4.61E+02	-7.39E-01	-3.41E-01										
5.13E+02	-7.31E-01	-3.75E-01										
5.67E+02	-7.22E-01	-4.09E-01										
6.17E+02	-7.15E-01	-4.41E-01										
6.72E+02	-7.07E-01	-4.75E-01										
7.22E+02	-7.01E-01	-5.06E-01										
7.74E+02	-6.94E-01	-5.37E-01										
8.24E+02	-6.88E-01	-5.67E-01										
8.75E+02	-6.83E-01	-5.97E-01										
9.27E+02	-6.76E-01	-6.26E-01										
9.79E+02	-6.71E-01	-6.56E-01										
1.03E+03	-6.65E-01	-6.87E-01										
1.09E+03	-6.60E-01	-7.16E-01										
1.14E+03	-6.55E-01	-7.44E-01										
1.19E+03	-6.50E-01	-7.71E-01										
1.24E+03	-6.45E-01	-8.01E-01										
1.29E+03	-6.40E-01	-8.28E-01										
1.35E+03	-6.36E-01	-8.56E-01										
1.40E+03	-6.31E-01	-8.83E-01										
1.45E+03	-6.27E-01	-9.09E-01										
1.50E+03	-6.22E-01	-9.35E-01										
1.55E+03	-6.18E-01	-9.60E-01										
1.60E+03	-6.14E-01	-9.85E-01										
1.66E+03	-6.10E-01	-1.01E+00										
1.71E+03	-6.06E-01	-1.03E+00										
1.76E+03	-6.02E-01	-1.06E+00										
1.81E+03	-5.98E-01	-1.08E+00										
1.86E+03	-5.94E-01	-1.11E+00										
1.91E+03	-5.91E-01	-1.13E+00										
1.97E+03	-5.87E-01	-1.15E+00										
2.02E+03	-5.83E-01	-1.18E+00										
2.07E+03	-5.79E-01	-1.20E+00										
2.12E+03	-5.76E-01	-1.22E+00										
2.17E+03	-5.72E-01	-1.24E+00										
2.22E+03	-5.69E-01	-1.26E+00										
2.27E+03	-5.65E-01	-1.29E+00										
2.33E+03	-5.62E-01	-1.31E+00										
2.38E+03	-5.58E-01	-1.33E+00										
2.43E+03	-5.55E-01	-1.35E+00										
2.48E+03	-5.51E-01	-1.37E+00										
2.53E+03	-5.48E-01	-1.39E+00										
2.58E+03	-5.45E-01	-1.41E+00										
2.64E+03	-5.42E-01	-1.43E+00										
2.69E+03	-5.38E-01	-1.45E+00										
2.74E+03	-5.36E-01	-1.47E+00										
2.79E+03	-5.32E-01	-1.48E+00										
2.84E+03	-5.29E-01	-1.50E+00										
2.90E+03	-5.26E-01	-1.52E+00										
2.95E+03	-5.23E-01	-1.54E+00										
3.00E+03	-5.20E-01	-1.56E+00										
3.05E+03	-5.17E-01	-1.57E+00										
3.10E+03	-5.14E-01	-1.59E+00										
3.15E+03	-5.11E-01	-1.61E+00										
3.21E+03	-5.08E-01	-1.63E+00										
3.26E+03	-5.05E-01	-1.64E+00										
3.31E+03	-5.02E-01	-1.66E+00										
3.36E+03	-4.99E-01	-1.68E+00										
3.42E+03	-4.95E-01	-1.69E+00										
3.47E+03	-4.93E-01	-1.71E+00										
3.52E+03	-4.90E-01	-1.72E+00										
3.57E+03	-4.87E-01	-1.74E+00										
3.62E+03	-4.84E-01	-1.75E+00										
3.67E+03	-4.81E-01	-1.77E+00										
3.72E+03	-4.78E-01	-1.78E+00										
3.78E+03	-4.75E-01	-1.80E+00										
3.83E+03	-4.72E-01	-1.81E+00										
3.88E+03	-4.70E-01	-1.82E+00										
3.93E+03	-4.67E-01	-1.84E+00										
3.99E+03	-4.64E-01	-1.85E+00										
4.04E+03	-4.61E-01	-1.86E+00										
4.09E+03	-4.58E-01	-1.88E+00										
4.15E+03	-4.55E-01	-1.89E+00										
4.20E+03	-4.53E-01	-1.90E+00										
4.25E+03	-4.50E-01	-1.91E+00										
4.30E+03	-4.47E-01	-1.92E+00										
4.35E+03	-4.45E-01	-1.93E+00										
4.40E+03	-4.42E-01	-1.95E+00										
4.45E+03	-4.39E-01	-1.96E+00										
4.50E+03	-4.37E-01	-1.97E+00										
4.56E+03	-4.34E-01	-1.98E+00										
4.61E+03	-4.31E-01	-1.99E+00										
4.66E+03	-4.28E-01	-2.00E+00										
4.71E+03	-4.26E-01	-2.01E+00										
4.76E+03	-4.23E-01	-2.01E+00										
4.82E+03	-4.20E-01	-2.02E+00										
4.87E+03	-4.18E-01	-2.03E+00										
4.92E+03	-4.15E-01	-2.04E+00										
4.97E+03	-4.13E-01	-2.05E+00										
5.02E+03	-4.10E-01	-2.06E+00										
5.07E+03	-4.07E-01	-2.07E+00										
5.12E+03	-4.04E-01	-2.07E+00										
5.18E+03	-4.02E-01	-2.08E+00										
5.23E+03	-3.99E-01	-2.09E+00										
5.28E+03	-3.96E-01	-2.09E+00										
5.33E+03	-3.94E-01	-2.10E+00										
5.38E+03	-3.91E-01	-2.10E+00										
5.43E+03	-3.88E-01	-2.11E+00										
5.48E+03	-3.85E-01	-2.11E+00										
5.54E+03	-3.83E-01	-2.12E+00										
5.59E+03	-3.80E-01	-2.12E+00										
5.64E+03	-3.77E-01	-2.13E+00										
5.69E+03	-3.74E-01	-2.13E+00										
5.74E+03	-3.72E-01	-2.14E+00										
5.80E+03	-3.69E-01	-2.14E+00										
5.85E+03	-3.66E-01	-2.14E+00										
5.90E+03	-3.63E-01	-2.14E+00										
5.95E+03	-3.61E-01	-2.15E+00										
6.00E+03	-3.58E-01	-2.15E+00										
6.05E+03	-3.55E-01	-2.15E+00										
6.10E+03	-3.53E-01	-2.15E+00										
6.15E+03	-3.50E-01	-2.15E+00										
6.20E+03	-3.48E-01	-2.16E+00										
6.26E+03	-3.45E-01	-2.16E+00										
6.31E+03	-3.42E-01	-2.15E+00										
6.36E+03	-3.39E-01	-2.16E+00										
6.41E+03	-3.36E-01	-2.15E+00										
6.46E+03	-3.34E-01	-2.16E+00										
6.51E+03	-3.31E-01	-2.15E+00										
6.56E+03	-3.28E-01	-2.15E+00										
6.61E+03	-3.25E-01	-2.15E+00										
6.66E+03	-3.22E-01	-2.15E+00										
6.71E+03	-3.20E-01	-2.15E+00										
6.77E+03	-3.17E-01	-2.14E+00										
6.82E+03	-3.14E-01	-2.14E+00										
6.87E+03	-3.11E-01	-2.14E+00										
6.92E+03	-3.08E-01	-2.13E+00										
6.97E+03	-3.05E-01	-2.13E+00										
7.02E+03	-3.02E-01	-2.12E+00										
7.08E+03	-2.99E-01	-2.12E+00										
7.13E+03	-2.97E-01	-2.11E+00										
7.18E+03	-2.94E-01	-2.11E+00										
7.23E+03	-2.91E-01	-2.10E+00										
7.28E+03	-2.88E-01	-2.10E+00										
7.33E+03	-2.85E-01	-2.09E+00										
7.39E+03	-2.82E-01	-2.08E+00										
7.44E+03	-2.79E-01	-2.07E+00										
7.49E+03	-2.76E-01	-2.07E+00										
7.54E+03	-2.73E-01	-2.06E+00										
7.59E+03	-2.69E-01	-2.05E+00										
7.65E+03	-2.67E-01	-2.04E+00										
7.70E+03	-2.64E-01	-2.03E+00										
7.75E+03	-2.60E-01	-2.02E+00										
7.80E+03	-2.57E-01	-2.01E+00										
7.85E+03	-2.54E-01	-1.99E+00										
7.89E+03	-2.51E-01	-1.98E+00										
0.00E+00	-8.56E-01	0.00E+00										
0.00E+00	-9.46E-01	0.00E+00										
0.00E+00	-9.55E-01	0.00E+00										
0.00E+00	-9.60E-01	0.00E+00										
0.00E+00	-9.63E-01	0.00E+00										
0.00E+00	-9.66E-01	0.00E+00										
5.34E+01	-9.66E-01	-5.16E-02										
1.04E+02	-8.64E-01	-8.97E-02										
1.57E+02	-8.24E-01	-1.29E-01										
2.10E+02	-8.00E-01	-1.68E-01										
2.62E+02	-7.84E-01	-2.06E-01										
3.14E+02	-7.70E-01	-2.41E-01										
3.66E+02	-7.58E-01	-2.78E-01										
4.20E+02	-7.48E-01	-3.14E-01										
4.73E+02	-7.39E-01	-3.50E-01										
5.24E+02	-7.30E-01	-3.82E-01										
5.75E+02	-7.22E-01	-4.16E-01										
6.31E+02	-7.15E-01	-4.51E-01										
6.82E+02	-7.07E-01	-4.82E-01										
7.33E+02	-7.01E-01	-5.13E-01										
7.84E+02	-6.95E-01	-5.44E-01										
8.34E+02	-6.88E-01	-5.74E-01										
8.85E+02	-6.83E-01	-6.04E-01										
9.39E+02	-6.77E-01	-6.36E-01										
9.91E+02	-6.72E-01	-6.65E-01										
1.04E+03	-6.66E-01	-6.94E-01										
1.09E+03	-6.61E-01	-7.22E-01										
1.14E+03	-6.56E-01	-7.51E-01										
1.20E+03	-6.51E-01	-7.79E-01										
1.25E+03	-6.47E-01	-8.07E-01										
1.30E+03	-6.42E-01	-8.34E-01										
1.35E+03	-6.37E-01	-8.62E-01										
1.40E+03	-6.33E-01	-8.88E-01										
1.45E+03	-6.28E-01	-9.14E-01										
1.51E+03	-6.24E-01	-9.39E-01										
1.56E+03	-6.20E-01	-9.65E-01										
1.61E+03	-6.15E-01	-9.89E-01										
1.66E+03	-6.12E-01	-1.01E+00										
1.71E+03	-6.08E-01	-1.04E+00										
1.76E+03	-6.04E-01	-1.06E+00										
1.81E+03	-6.00E-01	-1.09E+00										
1.86E+03	-5.96E-01	-1.11E+00										
1.91E+03	-5.92E-01	-1.13E+00										
1.96E+03	-5.89E-01	-1.16E+00										
2.01E+03	-5.85E-01	-1.18E+00										
2.06E+03	-5.82E-01	-1.20E+00										
2.12E+03	-5.78E-01	-1.22E+00										
2.17E+03	-5.75E-01	-1.25E+00										
2.23E+03	-5.71E-01	-1.27E+00										
2.28E+03	-5.67E-01	-1.29E+00										
2.33E+03	-5.64E-01	-1.31E+00										
2.38E+03	-5.61E-01	-1.33E+00										
2.43E+03	-5.57E-01	-1.35E+00										
2.48E+03	-5.54E-01	-1.37E+00										
2.53E+03	-5.51E-01	-1.39E+00										
2.59E+03	-5.47E-01	-1.41E+00										
2.64E+03	-5.44E-01	-1.43E+00										
2.69E+03	-5.41E-01	-1.45E+00										
2.74E+03	-5.38E-01	-1.47E+00										
2.79E+03	-5.34E-01	-1.49E+00										
2.84E+03	-5.31E-01	-1.51E+00										
2.89E+03	-5.28E-01	-1.53E+00										
2.94E+03	-5.25E-01	-1.55E+00										
3.00E+03	-5.22E-01	-1.57E+00										
3.05E+03	-5.19E-01	-1.58E+00										
3.10E+03	-5.16E-01	-1.60E+00										
3.15E+03	-5.13E-01	-1.62E+00										
3.21E+03	-5.10E-01	-1.64E+00										
3.26E+03	-5.07E-01	-1.65E+00										
3.31E+03	-5.04E-01	-1.67E+00										
3.36E+03	-5.01E-01	-1.68E+00										
3.41E+03	-4.98E-01	-1.70E+00										
3.47E+03	-4.95E-01	-1.72E+00										
3.52E+03	-4.92E-01	-1.73E+00										
3.57E+03	-4.89E-01	-1.75E+00										
3.62E+03	-4.86E-01	-1.76E+00										
3.68E+03	-4.83E-01	-1.78E+00										
3.73E+03	-4.80E-01	-1.79E+00										
3.78E+03	-4.78E-01	-1.80E+00										
3.83E+03	-4.75E-01	-1.82E+00										
3.88E+03	-4.72E-01	-1.83E+00										
3.93E+03	-4.69E-01	-1.85E+00										
3.98E+03	-4.67E-01	-1.86E+00										
4.04E+03	-4.63E-01	-1.87E+00										
4.09E+03	-4.61E-01	-1.88E+00										
4.14E+03	-4.58E-01	-1.90E+00										
4.19E+03	-4.55E-01	-1.91E+00										
4.24E+03	-4.52E-01	-1.92E+00										
4.30E+03	-4.50E-01	-1.93E+00										
4.35E+03	-4.47E-01	-1.94E+00										
4.40E+03	-4.44E-01	-1.96E+00										
4.45E+03	-4.42E-01	-1.97E+00										
4.50E+03	-4.39E-01	-1.98E+00										
4.55E+03	-4.37E-01	-1.99E+00										
4.60E+03	-4.34E-01	-2.00E+00										
4.65E+03	-4.31E-01	-2.01E+00										
4.71E+03	-4.28E-01	-2.02E+00										
4.76E+03	-4.25E-01	-2.02E+00										
4.81E+03	-4.23E-01	-2.03E+00										
4.86E+03	-4.20E-01	-2.04E+00										
4.91E+03	-4.17E-01	-2.05E+00										
4.96E+03	-4.15E-01	-2.06E+00										
5.02E+03	-4.12E-01	-2.07E+00										
5.07E+03	-4.09E-01	-2.08E+00										
5.12E+03	-4.06E-01	-2.08E+00										
5.18E+03	-4.04E-01	-2.09E+00										
5.23E+03	-4.01E-01	-2.10E+00										
5.28E+03	-3.99E-01	-2.10E+00										
5.33E+03	-3.96E-01	-2.11E+00										
5.38E+03	-3.93E-01	-2.12E+00										
5.43E+03	-3.90E-01	-2.12E+00										
5.49E+03	-3.87E-01	-2.13E+00										
5.54E+03	-3.85E-01	-2.13E+00										
5.59E+03	-3.82E-01	-2.14E+00										
5.64E+03	-3.79E-01	-2.14E+00										
5.70E+03	-3.76E-01	-2.14E+00										
5.75E+03	-3.74E-01	-2.15E+00										
5.80E+03	-3.71E-01	-2.15E+00										
5.85E+03	-3.69E-01	-2.16E+00										
5.90E+03	-3.66E-01	-2.16E+00										
5.95E+03	-3.63E-01	-2.16E+00										
6.00E+03	-3.60E-01	-2.16E+00										
6.05E+03	-3.58E-01	-2.17E+00										
6.11E+03	-3.55E-01	-2.17E+00										
6.16E+03	-3.53E-01	-2.17E+00										
6.21E+03	-3.50E-01	-2.17E+00										
6.26E+03	-3.47E-01	-2.17E+00										
6.31E+03	-3.44E-01	-2.17E+00										
6.36E+03	-3.41E-01	-2.17E+00										
6.41E+03	-3.38E-01	-2.17E+00										
6.47E+03	-3.36E-01	-2.17E+00										
6.52E+03	-3.33E-01	-2.17E+00										
6.57E+03	-3.30E-01	-2.17E+00										
6.62E+03	-3.27E-01	-2.17E+00										
6.67E+03	-3.24E-01	-2.16E+00										
6.72E+03	-3.22E-01	-2.16E+00										
6.77E+03	-3.19E-01	-2.16E+00										
6.83E+03	-3.16E-01	-2.16E+00										
6.88E+03	-3.13E-01	-2.15E+00										
6.93E+03	-3.10E-01	-2.15E+00										
6.98E+03	-3.07E-01	-2.15E+00										
7.03E+03	-3.05E-01	-2.14E+00										
7.08E+03	-3.02E-01	-2.14E+00										
7.13E+03	-2.99E-01	-2.13E+00										
7.19E+03	-2.96E-01	-2.13E+00										
7.24E+03	-2.93E-01	-2.12E+00										
7.29E+03	-2.90E-01	-2.11E+00										
7.34E+03	-2.87E-01	-2.11E+00										
7.39E+03	-2.84E-01	-2.10E+00										
7.44E+03	-2.81E-01	-2.09E+00										
7.49E+03	-2.78E-01	-2.08E+00										
7.54E+03	-2.75E-01	-2.08E+00										
7.60E+03	-2.72E-01	-2.07E+00										
7.65E+03	-2.69E-01	-2.06E+00										
7.70E+03	-2.66E-01	-2.05E+00										
7.75E+03	-2.63E-01	-2.04E+00										
7.80E+03	-2.60E-01	-2.03E+00										
7.85E+03	-2.57E-01	-2.02E+00										
7.90E+03	-2.54E-01	-2.00E+00										
7.94E+03	-2.51E-01	-1.99E+00										
0.00E+00	-8.57E-01	0.00E+00										
0.00E+00	-9.46E-01	0.00E+00										
0.00E+00	-9.56E-01	0.00E+00										
0.00E+00	-9.60E-01	0.00E+00										
0.00E+00	-9.63E-01	0.00E+00										
0.00E+00	-9.66E-01	0.00E+00										
4.73E+01	-9.66E-01	-4.57E-02										
9.77E+01	-8.75E-01	-8.55E-02										
1.51E+02	-8.27E-01	-1.25E-01										
2.01E+02	-8.04E-01	-1.62E-01										
2.52E+02	-7.87E-01	-1.99E-01										
3.03E+02	-7.73E-01	-2.35E-01										
3.54E+02	-7.63E-01	-2.70E-01										
4.09E+02	-7.52E-01	-3.08E-01										
4.60E+02	-7.42E-01	-3.42E-01										
5.11E+02	-7.34E-01	-3.75E-01										
5.61E+02	-7.26E-01	-4.07E-01										
6.12E+02	-7.18E-01	-4.40E-01										
6.63E+02	-7.11E-01	-4.72E-01										
7.15E+02	-7.05E-01	-5.04E-01										
7.66E+02	-6.98E-01	-5.35E-01										
8.17E+02	-6.92E-01	-5.65E-01										
8.68E+02	-6.86E-01	-5.95E-01										
9.18E+02	-6.80E-01	-6.25E-01										
9.71E+02	-6.75E-01	-6.56E-01										
1.02E+03	-6.69E-01	-6.85E-01										
1.07E+03	-6.64E-01	-7.14E-01										
1.13E+03	-6.59E-01	-7.44E-01										
1.18E+03	-6.54E-01	-7.73E-01										
1.23E+03	-6.49E-01	-8.00E-01										
1.28E+03	-6.45E-01	-8.27E-01										
1.34E+03	-6.40E-01	-8.55E-01										
1.39E+03	-6.35E-01	-8.81E-01										
1.44E+03	-6.31E-01	-9.07E-01										
1.49E+03	-6.27E-01	-9.33E-01										
1.54E+03	-6.23E-01	-9.61E-01										
1.59E+03	-6.18E-01	-9.86E-01										
1.65E+03	-6.14E-01	-1.01E+00										
1.70E+03	-6.10E-01	-1.03E+00										
1.75E+03	-6.06E-01	-1.06E+00										
1.80E+03	-6.02E-01	-1.09E+00										
1.85E+03	-5.98E-01	-1.11E+00										
1.91E+03	-5.94E-01	-1.13E+00										
1.96E+03	-5.90E-01	-1.16E+00										
2.01E+03	-5.87E-01	-1.18E+00										
2.06E+03	-5.83E-01	-1.20E+00										
2.11E+03	-5.79E-01	-1.22E+00										
2.17E+03	-5.76E-01	-1.25E+00										
2.22E+03	-5.73E-01	-1.27E+00										
2.27E+03	-5.69E-01	-1.29E+00										
2.32E+03	-5.66E-01	-1.31E+00										
2.37E+03	-5.62E-01	-1.33E+00										
2.42E+03	-5.59E-01	-1.35E+00										
2.48E+03	-5.55E-01	-1.38E+00										
2.53E+03	-5.52E-01	-1.40E+00										
2.58E+03	-5.49E-01	-1.42E+00										
2.63E+03	-5.46E-01	-1.44E+00										
2.68E+03	-5.42E-01	-1.45E+00										
2.73E+03	-5.39E-01	-1.47E+00										
2.78E+03	-5.36E-01	-1.49E+00										
2.83E+03	-5.33E-01	-1.51E+00										
2.88E+03	-5.30E-01	-1.53E+00										
2.94E+03	-5.27E-01	-1.55E+00										
2.99E+03	-5.24E-01	-1.57E+00										
3.04E+03	-5.21E-01	-1.58E+00										
3.09E+03	-5.17E-01	-1.60E+00										
3.14E+03	-5.14E-01	-1.62E+00										
3.20E+03	-5.11E-01	-1.63E+00										
3.25E+03	-5.08E-01	-1.65E+00										
3.30E+03	-5.06E-01	-1.67E+00										
3.35E+03	-5.02E-01	-1.68E+00										
3.40E+03	-4.99E-01	-1.70E+00										
3.45E+03	-4.96E-01	-1.71E+00										
3.51E+03	-4.94E-01	-1.73E+00										
3.56E+03	-4.91E-01	-1.75E+00										
3.61E+03	-4.88E-01	-1.76E+00										
3.66E+03	-4.85E-01	-1.78E+00										
3.71E+03	-4.82E-01	-1.79E+00										
3.76E+03	-4.79E-01	-1.80E+00										
3.82E+03	-4.76E-01	-1.82E+00										
3.87E+03	-4.73E-01	-1.83E+00										
3.92E+03	-4.71E-01	-1.84E+00										
3.97E+03	-4.68E-01	-1.86E+00										
4.02E+03	-4.65E-01	-1.87E+00										
4.07E+03	-4.63E-01	-1.88E+00										
4.13E+03	-4.60E-01	-1.90E+00										
4.18E+03	-4.57E-01	-1.91E+00										
4.23E+03	-4.54E-01	-1.92E+00										
4.28E+03	-4.51E-01	-1.93E+00										
4.33E+03	-4.48E-01	-1.94E+00										
4.39E+03	-4.46E-01	-1.95E+00										
4.44E+03	-4.43E-01	-1.97E+00										
4.49E+03	-4.40E-01	-1.98E+00										
4.54E+03	-4.38E-01	-1.99E+00										
4.59E+03	-4.35E-01	-2.00E+00										
4.64E+03	-4.32E-01	-2.01E+00										
4.70E+03	-4.29E-01	-2.02E+00										
4.75E+03	-4.27E-01	-2.03E+00										
4.80E+03	-4.24E-01	-2.03E+00										
4.85E+03	-4.21E-01	-2.04E+00										
4.90E+03	-4.18E-01	-2.05E+00										
4.95E+03	-4.16E-01	-2.06E+00										
5.00E+03	-4.14E-01	-2.07E+00										
5.05E+03	-4.11E-01	-2.08E+00										
5.11E+03	-4.08E-01	-2.08E+00										
5.16E+03	-4.05E-01	-2.09E+00										
5.21E+03	-4.03E-01	-2.10E+00										
5.26E+03	-4.00E-01	-2.10E+00										
5.31E+03	-3.97E-01	-2.11E+00										
5.36E+03	-3.95E-01	-2.12E+00										
5.41E+03	-3.92E-01	-2.12E+00										
5.46E+03	-3.89E-01	-2.13E+00										
5.52E+03	-3.87E-01	-2.13E+00										
5.57E+03	-3.84E-01	-2.14E+00										
5.62E+03	-3.81E-01	-2.14E+00										
5.68E+03	-3.78E-01	-2.15E+00										
5.73E+03	-3.75E-01	-2.15E+00										
5.78E+03	-3.73E-01	-2.15E+00										
5.83E+03	-3.70E-01	-2.16E+00										
5.88E+03	-3.67E-01	-2.16E+00										
5.93E+03	-3.64E-01	-2.16E+00										
5.98E+03	-3.62E-01	-2.16E+00										
6.03E+03	-3.59E-01	-2.17E+00										
6.09E+03	-3.56E-01	-2.17E+00										
6.14E+03	-3.54E-01	-2.17E+00										
6.19E+03	-3.51E-01	-2.17E+00										
6.24E+03	-3.48E-01	-2.17E+00										
6.30E+03	-3.45E-01	-2.17E+00										
6.35E+03	-3.42E-01	-2.17E+00										
6.40E+03	-3.39E-01	-2.17E+00										
6.45E+03	-3.37E-01	-2.17E+00										
6.50E+03	-3.34E-01	-2.17E+00										
6.56E+03	-3.31E-01	-2.17E+00										
6.61E+03	-3.28E-01	-2.17E+00										
6.66E+03	-3.25E-01	-2.16E+00										
6.71E+03	-3.22E-01	-2.16E+00										
6.76E+03	-3.20E-01	-2.16E+00										
6.81E+03	-3.17E-01	-2.16E+00										
6.86E+03	-3.14E-01	-2.16E+00										
6.91E+03	-3.11E-01	-2.15E+00										
6.97E+03	-3.08E-01	-2.14E+00										
7.02E+03	-3.05E-01	-2.14E+00										
7.07E+03	-3.02E-01	-2.14E+00										
7.12E+03	-2.99E-01	-2.13E+00										
7.17E+03	-2.97E-01	-2.13E+00										
7.22E+03	-2.94E-01	-2.12E+00										
7.27E+03	-2.91E-01	-2.11E+00										
7.33E+03	-2.88E-01	-2.11E+00										
7.38E+03	-2.85E-01	-2.10E+00										
7.43E+03	-2.82E-01	-2.09E+00										
7.48E+03	-2.79E-01	-2.08E+00										
7.53E+03	-2.76E-01	-2.08E+00										
7.58E+03	-2.72E-01	-2.07E+00										
7.64E+03	-2.70E-01	-2.06E+00										
7.69E+03	-2.66E-01	-2.05E+00										
7.74E+03	-2.63E-01	-2.04E+00										
7.79E+03	-2.60E-01	-2.03E+00										
7.84E+03	-2.57E-01	-2.01E+00										
7.89E+03	-2.54E-01	-2.00E+00										
7.92E+03	-2.51E-01	-1.99E+00										
0.00E+00	-8.57E-01	0.00E+00										
0.00E+00	-9.46E-01	0.00E+00										
0.00E+00	-9.56E-01	0.00E+00										
0.00E+00	-9.61E-01	0.00E+00										
0.00E+00	-9.63E-01	0.00E+00										
0.00E+00	-9.66E-01	0.00E+00										
5.70E+01	-9.66E-01	-5.51E-02										
1.07E+02	-8.63E-01	-9.27E-02										
1.59E+02	-8.25E-01	-1.31E-01										
2.12E+02	-8.01E-01	-1.70E-01										
2.64E+02	-7.85E-01	-2.07E-01										
3.15E+02	-7.72E-01	-2.43E-01										
3.66E+02	-7.61E-01	-2.78E-01										
4.16E+02	-7.51E-01	-3.12E-01										
4.66E+02	-7.42E-01	-3.46E-01										
5.17E+02	-7.33E-01	-3.79E-01										
5.68E+02	-7.26E-01	-4.12E-01										
6.19E+02	-7.18E-01	-4.44E-01										
6.69E+02	-7.11E-01	-4.76E-01										
7.19E+02	-7.04E-01	-5.07E-01										
7.70E+02	-6.98E-01	-5.37E-01										
8.21E+02	-6.92E-01	-5.68E-01										
8.71E+02	-6.87E-01	-5.98E-01										
9.24E+02	-6.81E-01	-6.29E-01										
9.75E+02	-6.75E-01	-6.58E-01										
1.03E+03	-6.69E-01	-6.88E-01										
1.08E+03	-6.64E-01	-7.16E-01										
1.13E+03	-6.59E-01	-7.44E-01										
1.18E+03	-6.55E-01	-7.72E-01										
1.23E+03	-6.50E-01	-7.99E-01										
1.28E+03	-6.45E-01	-8.26E-01										
1.33E+03	-6.40E-01	-8.53E-01										
1.38E+03	-6.36E-01	-8.81E-01										
1.43E+03	-6.32E-01	-9.06E-01										
1.49E+03	-6.27E-01	-9.32E-01										
1.54E+03	-6.23E-01	-9.57E-01										
1.59E+03	-6.19E-01	-9.83E-01										
1.64E+03	-6.15E-01	-1.01E+00										
1.69E+03	-6.11E-01	-1.03E+00										
1.75E+03	-6.07E-01	-1.06E+00										
1.80E+03	-6.02E-01	-1.09E+00										
1.85E+03	-5.98E-01	-1.11E+00										
1.91E+03	-5.94E-01	-1.13E+00										
1.96E+03	-5.91E-01	-1.16E+00										
2.01E+03	-5.87E-01	-1.18E+00										
2.06E+03	-5.83E-01	-1.20E+00										
2.11E+03	-5.80E-01	-1.22E+00										
2.16E+03	-5.76E-01	-1.25E+00										
2.21E+03	-5.73E-01	-1.27E+00										
2.27E+03	-5.69E-01	-1.29E+00										
2.32E+03	-5.66E-01	-1.31E+00										
2.37E+03	-5.62E-01	-1.33E+00										
2.42E+03	-5.59E-01	-1.35E+00										
2.47E+03	-5.55E-01	-1.37E+00										
2.53E+03	-5.52E-01	-1.39E+00										
2.58E+03	-5.48E-01	-1.41E+00										
2.63E+03	-5.45E-01	-1.43E+00										
2.68E+03	-5.42E-01	-1.45E+00										
2.73E+03	-5.39E-01	-1.47E+00										
2.78E+03	-5.36E-01	-1.49E+00										
2.83E+03	-5.33E-01	-1.51E+00										
2.88E+03	-5.29E-01	-1.53E+00										
2.93E+03	-5.26E-01	-1.54E+00										
2.99E+03	-5.23E-01	-1.56E+00										
3.04E+03	-5.20E-01	-1.58E+00										
3.09E+03	-5.17E-01	-1.60E+00										
3.14E+03	-5.14E-01	-1.61E+00										
3.19E+03	-5.11E-01	-1.63E+00										
3.24E+03	-5.08E-01	-1.65E+00										
3.30E+03	-5.05E-01	-1.66E+00										
3.35E+03	-5.02E-01	-1.68E+00										
3.40E+03	-4.99E-01	-1.70E+00										
3.46E+03	-4.96E-01	-1.71E+00										
3.51E+03	-4.93E-01	-1.73E+00										
3.56E+03	-4.90E-01	-1.74E+00										
3.61E+03	-4.87E-01	-1.76E+00										
3.66E+03	-4.84E-01	-1.77E+00										
3.71E+03	-4.81E-01	-1.79E+00										
3.76E+03	-4.78E-01	-1.80E+00										
3.81E+03	-4.76E-01	-1.81E+00										
3.86E+03	-4.73E-01	-1.83E+00										
3.92E+03	-4.70E-01	-1.84E+00										
3.97E+03	-4.67E-01	-1.85E+00										
4.02E+03	-4.65E-01	-1.87E+00										
4.07E+03	-4.62E-01	-1.88E+00										
4.12E+03	-4.59E-01	-1.89E+00										
4.17E+03	-4.56E-01	-1.90E+00										
4.22E+03	-4.54E-01	-1.91E+00										
4.27E+03	-4.51E-01	-1.93E+00										
4.32E+03	-4.48E-01	-1.94E+00										
4.37E+03	-4.45E-01	-1.95E+00										
4.43E+03	-4.43E-01	-1.96E+00										
4.48E+03	-4.40E-01	-1.97E+00										
4.53E+03	-4.37E-01	-1.98E+00										
4.59E+03	-4.34E-01	-1.99E+00										
4.64E+03	-4.31E-01	-2.00E+00										
4.69E+03	-4.29E-01	-2.01E+00										
4.74E+03	-4.26E-01	-2.02E+00										
4.79E+03	-4.23E-01	-2.03E+00										
4.84E+03	-4.20E-01	-2.04E+00										
4.90E+03	-4.18E-01	-2.05E+00										
4.95E+03	-4.15E-01	-2.05E+00										
5.00E+03	-4.12E-01	-2.06E+00										
5.06E+03	-4.09E-01	-2.07E+00										
5.11E+03	-4.07E-01	-2.08E+00										
5.16E+03	-4.04E-01	-2.09E+00										
5.21E+03	-4.01E-01	-2.09E+00										
5.26E+03	-3.99E-01	-2.10E+00										
5.32E+03	-3.96E-01	-2.10E+00										
5.37E+03	-3.93E-01	-2.11E+00										
5.42E+03	-3.91E-01	-2.12E+00										
5.47E+03	-3.88E-01	-2.12E+00										
5.52E+03	-3.85E-01	-2.13E+00										
5.58E+03	-3.82E-01	-2.13E+00										
5.63E+03	-3.79E-01	-2.14E+00										
5.68E+03	-3.77E-01	-2.14E+00										
5.73E+03	-3.74E-01	-2.14E+00										
5.79E+03	-3.71E-01	-2.15E+00										
5.84E+03	-3.69E-01	-2.15E+00										
5.89E+03	-3.66E-01	-2.15E+00										
5.94E+03	-3.63E-01	-2.16E+00										
5.99E+03	-3.61E-01	-2.16E+00										
6.05E+03	-3.58E-01	-2.16E+00										
6.10E+03	-3.55E-01	-2.16E+00										
6.15E+03	-3.52E-01	-2.17E+00										
6.20E+03	-3.50E-01	-2.17E+00										
6.25E+03	-3.47E-01	-2.17E+00										
6.30E+03	-3.44E-01	-2.17E+00										
6.36E+03	-3.41E-01	-2.17E+00										
6.41E+03	-3.38E-01	-2.17E+00										
6.46E+03	-3.36E-01	-2.17E+00										
6.51E+03	-3.33E-01	-2.17E+00										
6.56E+03	-3.30E-01	-2.17E+00										
6.61E+03	-3.27E-01	-2.16E+00										
6.66E+03	-3.24E-01	-2.16E+00										
6.71E+03	-3.21E-01	-2.16E+00										
6.77E+03	-3.19E-01	-2.16E+00										
6.82E+03	-3.16E-01	-2.15E+00										
6.87E+03	-3.13E-01	-2.15E+00										
6.92E+03	-3.10E-01	-2.15E+00										
6.97E+03	-3.07E-01	-2.14E+00										
7.02E+03	-3.04E-01	-2.14E+00										
7.08E+03	-3.01E-01	-2.13E+00										
7.13E+03	-2.98E-01	-2.13E+00										
7.18E+03	-2.96E-01	-2.12E+00										
7.23E+03	-2.93E-01	-2.12E+00										
7.29E+03	-2.89E-01	-2.11E+00										
7.34E+03	-2.87E-01	-2.10E+00										
7.39E+03	-2.84E-01	-2.10E+00										
7.44E+03	-2.81E-01	-2.09E+00										
7.49E+03	-2.77E-01	-2.08E+00										
7.54E+03	-2.75E-01	-2.07E+00										
7.59E+03	-2.71E-01	-2.06E+00										
7.64E+03	-2.69E-01	-2.05E+00										
7.69E+03	-2.66E-01	-2.04E+00										
7.74E+03	-2.62E-01	-2.03E+00										
7.79E+03	-2.59E-01	-2.02E+00										
7.85E+03	-2.56E-01	-2.01E+00										
7.90E+03	-2.53E-01	-2.00E+00										
7.91E+03	-2.51E-01	-1.99E+00										
0.00E+00	-8.58E-01	0.00E+00										
0.00E+00	-9.47E-01	0.00E+00										
0.00E+00	-9.56E-01	0.00E+00										
0.00E+00	-9.61E-01	0.00E+00										
0.00E+00	-9.64E-01	0.00E+00										
0.00E+00	-9.67E-01	0.00E+00										
5.29E+01	-9.67E-01	-5.11E-02										
1.04E+02	-8.68E-01	-9.01E-02										
1.54E+02	-8.27E-01	-1.28E-01										
2.07E+02	-8.04E-01	-1.67E-01										
2.59E+02	-7.87E-01	-2.04E-01										
3.10E+02	-7.74E-01	-2.40E-01										
3.60E+02	-7.62E-01	-2.75E-01										
4.13E+02	-7.52E-01	-3.11E-01										
4.63E+02	-7.43E-01	-3.44E-01										
5.14E+02	-7.35E-01	-3.77E-01										
5.64E+02	-7.27E-01	-4.10E-01										
6.16E+02	-7.19E-01	-4.43E-01										
6.71E+02	-7.12E-01	-4.77E-01										
7.23E+02	-7.05E-01	-5.10E-01										
7.73E+02	-6.98E-01	-5.40E-01										
8.24E+02	-6.92E-01	-5.70E-01										
8.75E+02	-6.87E-01	-6.01E-01										
9.25E+02	-6.81E-01	-6.30E-01										
9.77E+02	-6.75E-01	-6.60E-01										
1.03E+03	-6.70E-01	-6.89E-01										
1.08E+03	-6.65E-01	-7.18E-01										
1.13E+03	-6.60E-01	-7.46E-01										
1.18E+03	-6.55E-01	-7.73E-01										
1.23E+03	-6.50E-01	-8.01E-01										
1.28E+03	-6.46E-01	-8.28E-01										
1.34E+03	-6.41E-01	-8.56E-01										
1.39E+03	-6.36E-01	-8.84E-01										
1.44E+03	-6.32E-01	-9.11E-01										
1.49E+03	-6.27E-01	-9.36E-01										
1.54E+03	-6.23E-01	-9.62E-01										
1.59E+03	-6.19E-01	-9.87E-01										
1.65E+03	-6.15E-01	-1.01E+00										
1.70E+03	-6.11E-01	-1.04E+00										
1.75E+03	-6.07E-01	-1.06E+00										
1.80E+03	-6.03E-01	-1.08E+00										
1.85E+03	-5.99E-01	-1.11E+00										
1.90E+03	-5.95E-01	-1.13E+00										
1.96E+03	-5.91E-01	-1.16E+00										
2.01E+03	-5.87E-01	-1.18E+00										
2.06E+03	-5.84E-01	-1.20E+00										
2.11E+03	-5.80E-01	-1.22E+00										
2.16E+03	-5.77E-01	-1.25E+00										
2.21E+03	-5.73E-01	-1.27E+00										
2.27E+03	-5.70E-01	-1.29E+00										
2.32E+03	-5.66E-01	-1.31E+00										
2.37E+03	-5.63E-01	-1.33E+00										
2.42E+03	-5.59E-01	-1.35E+00										
2.47E+03	-5.56E-01	-1.37E+00										
2.52E+03	-5.53E-01	-1.39E+00										
2.58E+03	-5.49E-01	-1.41E+00										
2.63E+03	-5.46E-01	-1.44E+00										
2.68E+03	-5.43E-01	-1.45E+00										
2.73E+03	-5.40E-01	-1.47E+00										
2.78E+03	-5.36E-01	-1.49E+00										
2.83E+03	-5.33E-01	-1.51E+00										
2.88E+03	-5.30E-01	-1.53E+00										
2.94E+03	-5.27E-01	-1.55E+00										
2.99E+03	-5.24E-01	-1.57E+00										
3.04E+03	-5.20E-01	-1.58E+00										
3.10E+03	-5.17E-01	-1.60E+00										
3.15E+03	-5.14E-01	-1.62E+00										
3.20E+03	-5.11E-01	-1.64E+00										
3.25E+03	-5.08E-01	-1.65E+00										
3.30E+03	-5.05E-01	-1.67E+00										
3.35E+03	-5.02E-01	-1.68E+00										
3.40E+03	-4.99E-01	-1.70E+00										
3.46E+03	-4.96E-01	-1.71E+00										
3.51E+03	-4.94E-01	-1.73E+00										
3.56E+03	-4.91E-01	-1.74E+00										
3.61E+03	-4.88E-01	-1.76E+00										
3.66E+03	-4.85E-01	-1.78E+00										
3.71E+03	-4.82E-01	-1.79E+00										
3.76E+03	-4.79E-01	-1.80E+00										
3.82E+03	-4.76E-01	-1.82E+00										
3.87E+03	-4.73E-01	-1.83E+00										
3.92E+03	-4.70E-01	-1.84E+00										
3.97E+03	-4.68E-01	-1.86E+00										
4.02E+03	-4.65E-01	-1.87E+00										
4.07E+03	-4.62E-01	-1.88E+00										
4.12E+03	-4.60E-01	-1.90E+00										
4.18E+03	-4.57E-01	-1.91E+00										
4.23E+03	-4.54E-01	-1.92E+00										
4.28E+03	-4.51E-01	-1.93E+00										
4.33E+03	-4.49E-01	-1.94E+00										
4.38E+03	-4.46E-01	-1.95E+00										
4.43E+03	-4.43E-01	-1.96E+00										
4.48E+03	-4.40E-01	-1.97E+00										
4.53E+03	-4.38E-01	-1.98E+00										
4.59E+03	-4.35E-01	-1.99E+00										
4.64E+03	-4.32E-01	-2.01E+00										
4.69E+03	-4.29E-01	-2.01E+00										
4.74E+03	-4.27E-01	-2.02E+00										
4.79E+03	-4.24E-01	-2.03E+00										
4.84E+03	-4.22E-01	-2.04E+00										
4.89E+03	-4.19E-01	-2.05E+00										
4.94E+03	-4.16E-01	-2.06E+00										
5.00E+03	-4.14E-01	-2.07E+00										
5.05E+03	-4.11E-01	-2.08E+00										
5.11E+03	-4.08E-01	-2.08E+00										
5.16E+03	-4.05E-01	-2.09E+00										
5.21E+03	-4.03E-01	-2.10E+00										
5.26E+03	-4.00E-01	-2.10E+00										
5.31E+03	-3.97E-01	-2.11E+00										
5.36E+03	-3.95E-01	-2.12E+00										
5.41E+03	-3.92E-01	-2.12E+00										
5.47E+03	-3.89E-01	-2.13E+00										
5.52E+03	-3.87E-01	-2.13E+00										
5.57E+03	-3.84E-01	-2.14E+00										
5.62E+03	-3.81E-01	-2.14E+00										
5.67E+03	-3.79E-01	-2.15E+00										
5.72E+03	-3.76E-01	-2.15E+00										
5.77E+03	-3.73E-01	-2.16E+00										
5.83E+03	-3.71E-01	-2.16E+00										
5.88E+03	-3.68E-01	-2.16E+00										
5.93E+03	-3.65E-01	-2.17E+00										
5.98E+03	-3.63E-01	-2.17E+00										
6.04E+03	-3.60E-01	-2.17E+00										
6.09E+03	-3.57E-01	-2.17E+00										
6.14E+03	-3.55E-01	-2.18E+00										
6.19E+03	-3.52E-01	-2.18E+00										
6.24E+03	-3.49E-01	-2.18E+00										
6.29E+03	-3.46E-01	-2.18E+00										
6.35E+03	-3.43E-01	-2.18E+00										
6.40E+03	-3.41E-01	-2.18E+00										
6.45E+03	-3.38E-01	-2.18E+00										
6.50E+03	-3.35E-01	-2.18E+00										
6.55E+03	-3.32E-01	-2.18E+00										
6.60E+03	-3.30E-01	-2.18E+00										
6.65E+03	-3.27E-01	-2.17E+00										
6.70E+03	-3.24E-01	-2.17E+00										
6.76E+03	-3.21E-01	-2.17E+00										
6.81E+03	-3.18E-01	-2.17E+00										
6.87E+03	-3.15E-01	-2.16E+00										
6.92E+03	-3.12E-01	-2.16E+00										
6.97E+03	-3.09E-01	-2.15E+00										
7.02E+03	-3.07E-01	-2.15E+00										
7.07E+03	-3.04E-01	-2.15E+00										
7.12E+03	-3.01E-01	-2.14E+00										
7.17E+03	-2.98E-01	-2.14E+00										
7.22E+03	-2.95E-01	-2.13E+00										
7.27E+03	-2.92E-01	-2.13E+00										
7.33E+03	-2.90E-01	-2.12E+00										
7.38E+03	-2.87E-01	-2.11E+00										
7.43E+03	-2.84E-01	-2.11E+00										
7.48E+03	-2.81E-01	-2.10E+00										
7.53E+03	-2.78E-01	-2.09E+00										
7.58E+03	-2.75E-01	-2.08E+00										
7.63E+03	-2.72E-01	-2.07E+00										
7.69E+03	-2.69E-01	-2.06E+00										
7.74E+03	-2.65E-01	-2.05E+00										
7.79E+03	-2.62E-01	-2.04E+00										
7.84E+03	-2.59E-01	-2.03E+00										
7.89E+03	-2.56E-01	-2.02E+00										
7.94E+03	-2.53E-01	-2.01E+00										
7.97E+03	-2.51E-01	-2.00E+00										
0.00E+00	-8.58E-01	0.00E+00										
0.00E+00	-9.47E-01	0.00E+00										
0.00E+00	-9.56E-01	0.00E+00										
0.00E+00	-9.61E-01	0.00E+00										
0.00E+00	-9.64E-01	0.00E+00										
0.00E+00	-9.67E-01	0.00E+00										
5.49E+01	-9.67E-01	-5.31E-02										
1.07E+02	-8.66E-01	-9.26E-02										
1.59E+02	-8.24E-01	-1.31E-01										
2.09E+02	-8.03E-01	-1.68E-01										
2.60E+02	-7.88E-01	-2.04E-01										
3.10E+02	-7.74E-01	-2.40E-01										
3.61E+02	-7.63E-01	-2.75E-01										
4.12E+02	-7.53E-01	-3.10E-01										
4.63E+02	-7.44E-01	-3.44E-01										
5.13E+02	-7.36E-01	-3.77E-01										
5.64E+02	-7.28E-01	-4.10E-01										
6.16E+02	-7.20E-01	-4.43E-01										
6.66E+02	-7.14E-01	-4.75E-01										
7.17E+02	-7.07E-01	-5.07E-01										
7.68E+02	-7.00E-01	-5.38E-01										
8.20E+02	-6.94E-01	-5.69E-01										
8.72E+02	-6.88E-01	-6.00E-01										
9.23E+02	-6.82E-01	-6.30E-01										
9.74E+02	-6.78E-01	-6.60E-01										
1.02E+03	-6.72E-01	-6.88E-01										
1.08E+03	-6.67E-01	-7.17E-01										
1.13E+03	-6.62E-01	-7.46E-01										
1.18E+03	-6.57E-01	-7.75E-01										
1.23E+03	-6.52E-01	-8.03E-01										
1.28E+03	-6.47E-01	-8.29E-01										
1.33E+03	-6.43E-01	-8.57E-01										
1.39E+03	-6.38E-01	-8.84E-01										
1.44E+03	-6.34E-01	-9.10E-01										
1.49E+03	-6.29E-01	-9.37E-01										
1.54E+03	-6.25E-01	-9.63E-01										
1.59E+03	-6.20E-01	-9.88E-01										
1.64E+03	-6.17E-01	-1.01E+00										
1.70E+03	-6.12E-01	-1.04E+00										
1.75E+03	-6.09E-01	-1.06E+00										
1.80E+03	-6.05E-01	-1.09E+00										
1.85E+03	-6.01E-01	-1.11E+00										
1.90E+03	-5.97E-01	-1.13E+00										
1.95E+03	-5.93E-01	-1.16E+00										
2.00E+03	-5.89E-01	-1.18E+00										
2.06E+03	-5.86E-01	-1.21E+00										
2.11E+03	-5.82E-01	-1.23E+00										
2.16E+03	-5.79E-01	-1.25E+00										
2.21E+03	-5.75E-01	-1.27E+00										
2.26E+03	-5.71E-01	-1.29E+00										
2.31E+03	-5.68E-01	-1.31E+00										
2.37E+03	-5.65E-01	-1.34E+00										
2.42E+03	-5.61E-01	-1.36E+00										
2.47E+03	-5.58E-01	-1.38E+00										
2.52E+03	-5.55E-01	-1.40E+00										
2.58E+03	-5.51E-01	-1.42E+00										
2.63E+03	-5.48E-01	-1.44E+00										
2.68E+03	-5.44E-01	-1.46E+00										
2.73E+03	-5.42E-01	-1.48E+00										
2.78E+03	-5.38E-01	-1.50E+00										
2.84E+03	-5.35E-01	-1.52E+00										
2.89E+03	-5.32E-01	-1.54E+00										
2.94E+03	-5.29E-01	-1.55E+00										
2.99E+03	-5.26E-01	-1.57E+00										
3.04E+03	-5.23E-01	-1.59E+00										
3.09E+03	-5.19E-01	-1.61E+00										
3.14E+03	-5.17E-01	-1.63E+00										
3.20E+03	-5.13E-01	-1.64E+00										
3.25E+03	-5.11E-01	-1.66E+00										
3.30E+03	-5.07E-01	-1.67E+00										
3.35E+03	-5.05E-01	-1.69E+00										
3.40E+03	-5.02E-01	-1.71E+00										
3.45E+03	-4.99E-01	-1.72E+00										
3.50E+03	-4.96E-01	-1.74E+00										
3.55E+03	-4.93E-01	-1.75E+00										
3.60E+03	-4.90E-01	-1.77E+00										
3.65E+03	-4.87E-01	-1.78E+00										
3.71E+03	-4.85E-01	-1.80E+00										
3.76E+03	-4.82E-01	-1.81E+00										
3.81E+03	-4.79E-01	-1.82E+00										
3.86E+03	-4.76E-01	-1.84E+00										
3.91E+03	-4.73E-01	-1.85E+00										
3.96E+03	-4.71E-01	-1.87E+00										
4.01E+03	-4.68E-01	-1.88E+00										
4.06E+03	-4.65E-01	-1.89E+00										
4.11E+03	-4.63E-01	-1.90E+00										
4.17E+03	-4.60E-01	-1.92E+00										
4.22E+03	-4.57E-01	-1.93E+00										
4.27E+03	-4.54E-01	-1.94E+00										
4.32E+03	-4.52E-01	-1.95E+00										
4.37E+03	-4.49E-01	-1.96E+00										
4.43E+03	-4.46E-01	-1.97E+00										
4.48E+03	-4.43E-01	-1.99E+00										
4.53E+03	-4.41E-01	-2.00E+00										
4.58E+03	-4.38E-01	-2.01E+00										
4.63E+03	-4.36E-01	-2.02E+00										
4.68E+03	-4.33E-01	-2.03E+00										
4.73E+03	-4.30E-01	-2.04E+00										
4.78E+03	-4.28E-01	-2.04E+00										
4.83E+03	-4.25E-01	-2.05E+00										
4.88E+03	-4.22E-01	-2.06E+00										
4.94E+03	-4.20E-01	-2.07E+00										
4.99E+03	-4.17E-01	-2.08E+00										
5.04E+03	-4.14E-01	-2.09E+00										
5.09E+03	-4.12E-01	-2.10E+00										
5.14E+03	-4.09E-01	-2.10E+00										
5.20E+03	-4.06E-01	-2.11E+00										
5.25E+03	-4.04E-01	-2.12E+00										
5.30E+03	-4.01E-01	-2.13E+00										
5.35E+03	-3.98E-01	-2.13E+00										
5.40E+03	-3.96E-01	-2.14E+00										
5.45E+03	-3.93E-01	-2.15E+00										
5.51E+03	-3.90E-01	-2.15E+00										
5.56E+03	-3.88E-01	-2.16E+00										
5.61E+03	-3.85E-01	-2.16E+00										
5.66E+03	-3.82E-01	-2.17E+00										
5.71E+03	-3.80E-01	-2.17E+00										
5.76E+03	-3.77E-01	-2.17E+00										
5.82E+03	-3.75E-01	-2.18E+00										
5.87E+03	-3.72E-01	-2.18E+00										
5.92E+03	-3.69E-01	-2.19E+00										
5.97E+03	-3.67E-01	-2.19E+00										
6.02E+03	-3.64E-01	-2.19E+00										
6.07E+03	-3.61E-01	-2.19E+00										
6.12E+03	-3.59E-01	-2.19E+00										
6.17E+03	-3.56E-01	-2.20E+00										
6.22E+03	-3.53E-01	-2.20E+00										
6.28E+03	-3.51E-01	-2.20E+00										
6.33E+03	-3.48E-01	-2.20E+00										
6.38E+03	-3.45E-01	-2.20E+00										
6.43E+03	-3.43E-01	-2.20E+00										
6.48E+03	-3.40E-01	-2.20E+00										
6.53E+03	-3.37E-01	-2.20E+00										
6.58E+03	-3.34E-01	-2.20E+00										
6.64E+03	-3.32E-01	-2.20E+00										
6.69E+03	-3.29E-01	-2.20E+00										
6.74E+03	-3.26E-01	-2.20E+00										
6.79E+03	-3.23E-01	-2.20E+00										
6.85E+03	-3.21E-01	-2.20E+00										
6.90E+03	-3.18E-01	-2.19E+00										
6.95E+03	-3.15E-01	-2.19E+00										
7.00E+03	-3.12E-01	-2.18E+00										
7.05E+03	-3.09E-01	-2.18E+00										
7.10E+03	-3.06E-01	-2.18E+00										
7.15E+03	-3.04E-01	-2.17E+00										
7.20E+03	-3.01E-01	-2.17E+00										
7.25E+03	-2.98E-01	-2.16E+00										
7.31E+03	-2.95E-01	-2.16E+00										
7.36E+03	-2.92E-01	-2.15E+00										
7.41E+03	-2.89E-01	-2.14E+00										
7.47E+03	-2.86E-01	-2.14E+00										
7.52E+03	-2.83E-01	-2.13E+00										
7.57E+03	-2.80E-01	-2.12E+00										
7.62E+03	-2.77E-01	-2.11E+00										
7.67E+03	-2.74E-01	-2.10E+00										
7.72E+03	-2.71E-01	-2.10E+00										
7.77E+03	-2.68E-01	-2.09E+00										
7.82E+03	-2.65E-01	-2.08E+00										
7.87E+03	-2.62E-01	-2.06E+00										
7.93E+03	-2.59E-01	-2.06E+00										
7.98E+03	-2.56E-01	-2.04E+00										
8.03E+03	-2.53E-01	-2.03E+00										
8.05E+03	-2.51E-01	-2.02E+00										
0.00E+00	-8.59E-01	0.00E+00										
0.00E+00	-9.47E-01	0.00E+00										
0.00E+00	-9.56E-01	0.00E+00										
0.00E+00	-9.61E-01	0.00E+00										
0.00E+00	-9.64E-01	0.00E+00										
0.00E+00	-9.67E-01	0.00E+00										
4.63E+01	-9.67E-01	-4.48E-02										
9.67E+01	-8.79E-01	-8.50E-02										
1.48E+02	-8.32E-01	-1.23E-01										
1.99E+02	-8.09E-01	-1.61E-01										
2.52E+02	-7.91E-01	-1.99E-01										
3.04E+02	-7.77E-01	-2.36E-01										
3.55E+02	-7.66E-01	-2.72E-01										
4.06E+02	-7.55E-01	-3.06E-01										
4.56E+02	-7.46E-01	-3.40E-01										
5.07E+02	-7.38E-01	-3.74E-01										
5.58E+02	-7.30E-01	-4.07E-01										
6.10E+02	-7.22E-01	-4.40E-01										
6.61E+02	-7.15E-01	-4.73E-01										
7.12E+02	-7.08E-01	-5.04E-01										
7.62E+02	-7.02E-01	-5.35E-01										
8.14E+02	-6.96E-01	-5.66E-01										
8.66E+02	-6.91E-01	-5.98E-01										
9.16E+02	-6.85E-01	-6.28E-01										
9.67E+02	-6.80E-01	-6.57E-01										
1.02E+03	-6.74E-01	-6.87E-01										
1.07E+03	-6.69E-01	-7.15E-01										
1.12E+03	-6.64E-01	-7.44E-01										
1.17E+03	-6.59E-01	-7.72E-01										
1.22E+03	-6.54E-01	-8.00E-01										
1.27E+03	-6.49E-01	-8.28E-01										
1.33E+03	-6.44E-01	-8.54E-01										
1.38E+03	-6.40E-01	-8.81E-01										
1.43E+03	-6.36E-01	-9.07E-01										
1.48E+03	-6.31E-01	-9.33E-01										
1.53E+03	-6.28E-01	-9.59E-01										
1.58E+03	-6.24E-01	-9.86E-01										
1.63E+03	-6.19E-01	-1.01E+00										
1.68E+03	-6.15E-01	-1.04E+00										
1.73E+03	-6.12E-01	-1.06E+00										
1.79E+03	-6.07E-01	-1.09E+00										
1.84E+03	-6.03E-01	-1.11E+00										
1.90E+03	-5.99E-01	-1.14E+00										
1.95E+03	-5.96E-01	-1.16E+00										
2.00E+03	-5.92E-01	-1.18E+00										
2.05E+03	-5.88E-01	-1.21E+00										
2.10E+03	-5.85E-01	-1.23E+00										
2.15E+03	-5.81E-01	-1.25E+00										
2.20E+03	-5.77E-01	-1.27E+00										
2.25E+03	-5.74E-01	-1.29E+00										
2.31E+03	-5.71E-01	-1.32E+00										
2.36E+03	-5.67E-01	-1.34E+00										
2.41E+03	-5.64E-01	-1.36E+00										
2.46E+03	-5.61E-01	-1.38E+00										
2.51E+03	-5.57E-01	-1.40E+00										
2.56E+03	-5.54E-01	-1.42E+00										
2.61E+03	-5.51E-01	-1.44E+00										
2.67E+03	-5.48E-01	-1.46E+00										
2.72E+03	-5.44E-01	-1.48E+00										
2.77E+03	-5.41E-01	-1.50E+00										
2.82E+03	-5.38E-01	-1.52E+00										
2.87E+03	-5.35E-01	-1.53E+00										
2.92E+03	-5.32E-01	-1.55E+00										
2.97E+03	-5.29E-01	-1.57E+00										
3.02E+03	-5.26E-01	-1.59E+00										
3.08E+03	-5.22E-01	-1.61E+00										
3.13E+03	-5.20E-01	-1.63E+00										
3.18E+03	-5.17E-01	-1.64E+00										
3.23E+03	-5.14E-01	-1.66E+00										
3.28E+03	-5.11E-01	-1.68E+00										
3.34E+03	-5.08E-01	-1.69E+00										
3.39E+03	-5.05E-01	-1.71E+00										
3.44E+03	-5.02E-01	-1.73E+00										
3.49E+03	-4.99E-01	-1.74E+00										
3.54E+03	-4.96E-01	-1.76E+00										
3.59E+03	-4.93E-01	-1.77E+00										
3.64E+03	-4.90E-01	-1.79E+00										
3.69E+03	-4.88E-01	-1.80E+00										
3.75E+03	-4.85E-01	-1.82E+00										
3.80E+03	-4.82E-01	-1.83E+00										
3.85E+03	-4.79E-01	-1.84E+00										
3.90E+03	-4.77E-01	-1.86E+00										
3.95E+03	-4.74E-01	-1.87E+00										
4.00E+03	-4.71E-01	-1.89E+00										
4.05E+03	-4.68E-01	-1.90E+00										
4.11E+03	-4.65E-01	-1.91E+00										
4.16E+03	-4.62E-01	-1.92E+00										
4.21E+03	-4.60E-01	-1.94E+00										
4.27E+03	-4.57E-01	-1.95E+00										
4.32E+03	-4.55E-01	-1.96E+00										
4.37E+03	-4.52E-01	-1.97E+00										
4.42E+03	-4.49E-01	-1.99E+00										
4.48E+03	-4.46E-01	-2.00E+00										
4.53E+03	-4.43E-01	-2.01E+00										
4.58E+03	-4.41E-01	-2.02E+00										
4.63E+03	-4.38E-01	-2.03E+00										
4.68E+03	-4.36E-01	-2.04E+00										
4.74E+03	-4.33E-01	-2.05E+00										
4.79E+03	-4.30E-01	-2.06E+00										
4.84E+03	-4.27E-01	-2.07E+00										
4.89E+03	-4.25E-01	-2.08E+00										
4.94E+03	-4.22E-01	-2.09E+00										
4.99E+03	-4.20E-01	-2.10E+00										
5.05E+03	-4.17E-01	-2.11E+00										
5.10E+03	-4.14E-01	-2.11E+00										
5.15E+03	-4.11E-01	-2.12E+00										
5.20E+03	-4.09E-01	-2.13E+00										
5.25E+03	-4.06E-01	-2.13E+00										
5.31E+03	-4.04E-01	-2.14E+00										
5.36E+03	-4.01E-01	-2.15E+00										
5.41E+03	-3.98E-01	-2.16E+00										
5.46E+03	-3.96E-01	-2.16E+00										
5.52E+03	-3.93E-01	-2.17E+00										
5.57E+03	-3.91E-01	-2.17E+00										
5.62E+03	-3.88E-01	-2.18E+00										
5.67E+03	-3.85E-01	-2.19E+00										
5.72E+03	-3.82E-01	-2.19E+00										
5.77E+03	-3.80E-01	-2.19E+00										
5.82E+03	-3.77E-01	-2.20E+00										
5.88E+03	-3.75E-01	-2.20E+00										
5.93E+03	-3.72E-01	-2.21E+00										
5.98E+03	-3.69E-01	-2.21E+00										
6.03E+03	-3.67E-01	-2.21E+00										
6.08E+03	-3.64E-01	-2.21E+00										
6.14E+03	-3.61E-01	-2.22E+00										
6.19E+03	-3.58E-01	-2.22E+00										
6.24E+03	-3.56E-01	-2.22E+00										
6.29E+03	-3.53E-01	-2.22E+00										
6.34E+03	-3.50E-01	-2.22E+00										
6.40E+03	-3.47E-01	-2.22E+00										
6.45E+03	-3.45E-01	-2.22E+00										
6.50E+03	-3.42E-01	-2.22E+00										
6.55E+03	-3.39E-01	-2.22E+00										
6.60E+03	-3.36E-01	-2.22E+00										
6.66E+03	-3.34E-01	-2.22E+00										
6.71E+03	-3.31E-01	-2.22E+00										
6.76E+03	-3.29E-01	-2.22E+00										
6.81E+03	-3.25E-01	-2.22E+00										
6.86E+03	-3.23E-01	-2.22E+00										
6.92E+03	-3.20E-01	-2.21E+00										
6.97E+03	-3.17E-01	-2.21E+00										
7.02E+03	-3.14E-01	-2.21E+00										
7.07E+03	-3.12E-01	-2.20E+00										
7.12E+03	-3.09E-01	-2.20E+00										
7.17E+03	-3.06E-01	-2.19E+00										
7.23E+03	-3.03E-01	-2.19E+00										
7.28E+03	-3.00E-01	-2.18E+00										
7.33E+03	-2.97E-01	-2.18E+00										
7.38E+03	-2.95E-01	-2.17E+00										
7.43E+03	-2.92E-01	-2.17E+00										
7.48E+03	-2.89E-01	-2.16E+00										
7.53E+03	-2.86E-01	-2.15E+00										
7.58E+03	-2.83E-01	-2.15E+00										
7.64E+03	-2.80E-01	-2.14E+00										
7.69E+03	-2.77E-01	-2.13E+00										
7.74E+03	-2.74E-01	-2.12E+00										
7.79E+03	-2.71E-01	-2.11E+00										
7.84E+03	-2.68E-01	-2.10E+00										
7.89E+03	-2.65E-01	-2.09E+00										
7.94E+03	-2.62E-01	-2.08E+00										
7.99E+03	-2.59E-01	-2.07E+00										
8.04E+03	-2.56E-01	-2.06E+00										
8.09E+03	-2.53E-01	-2.05E+00										
8.10E+03	-2.51E-01	-2.03E+00										
0.00E+00	-8.59E-01	0.00E+00										
0.00E+00	-9.46E-01	0.00E+00										
0.00E+00	-9.56E-01	0.00E+00										
0.00E+00	-9.61E-01	0.00E+00										
0.00E+00	-9.64E-01	0.00E+00										
0.00E+00	-9.67E-01	0.00E+00										
4.07E+01	-9.67E-01	-3.93E-02										
9.16E+01	-8.93E-01	-8.18E-02										
1.43E+02	-8.34E-01	-1.19E-01										
1.95E+02	-8.10E-01	-1.58E-01										
2.47E+02	-7.92E-01	-1.96E-01										
2.99E+02	-7.79E-01	-2.33E-01										
3.51E+02	-7.67E-01	-2.69E-01										
4.02E+02	-7.56E-01	-3.04E-01										
4.52E+02	-7.48E-01	-3.38E-01										
5.04E+02	-7.39E-01	-3.72E-01										
5.55E+02	-7.31E-01	-4.06E-01										
6.05E+02	-7.24E-01	-4.38E-01										
6.56E+02	-7.17E-01	-4.70E-01										
7.07E+02	-7.10E-01	-5.02E-01										
7.58E+02	-7.03E-01	-5.33E-01										
8.10E+02	-6.97E-01	-5.64E-01										
8.60E+02	-6.92E-01	-5.95E-01										
9.12E+02	-6.86E-01	-6.25E-01										
9.63E+02	-6.81E-01	-6.55E-01										
1.02E+03	-6.75E-01	-6.87E-01										
1.07E+03	-6.69E-01	-7.15E-01										
1.12E+03	-6.65E-01	-7.43E-01										
1.17E+03	-6.60E-01	-7.71E-01										
1.22E+03	-6.55E-01	-7.99E-01										
1.27E+03	-6.50E-01	-8.26E-01										
1.32E+03	-6.46E-01	-8.53E-01										
1.37E+03	-6.41E-01	-8.81E-01										
1.43E+03	-6.37E-01	-9.09E-01										
1.48E+03	-6.33E-01	-9.34E-01										
1.53E+03	-6.28E-01	-9.60E-01										
1.58E+03	-6.24E-01	-9.86E-01										
1.63E+03	-6.20E-01	-1.01E+00										
1.69E+03	-6.16E-01	-1.04E+00										
1.74E+03	-6.12E-01	-1.06E+00										
1.79E+03	-6.08E-01	-1.09E+00										
1.84E+03	-6.04E-01	-1.11E+00										
1.89E+03	-6.00E-01	-1.14E+00										
1.94E+03	-5.97E-01	-1.16E+00										
1.99E+03	-5.93E-01	-1.18E+00										
2.04E+03	-5.90E-01	-1.21E+00										
2.10E+03	-5.86E-01	-1.23E+00										
2.15E+03	-5.82E-01	-1.25E+00										
2.20E+03	-5.79E-01	-1.27E+00										
2.25E+03	-5.76E-01	-1.29E+00										
2.30E+03	-5.72E-01	-1.32E+00										
2.35E+03	-5.69E-01	-1.34E+00										
2.40E+03	-5.65E-01	-1.36E+00										
2.46E+03	-5.62E-01	-1.38E+00										
2.51E+03	-5.59E-01	-1.40E+00										
2.56E+03	-5.55E-01	-1.42E+00										
2.61E+03	-5.52E-01	-1.44E+00										
2.66E+03	-5.49E-01	-1.46E+00										
2.71E+03	-5.46E-01	-1.48E+00										
2.76E+03	-5.42E-01	-1.50E+00										
2.82E+03	-5.39E-01	-1.52E+00										
2.87E+03	-5.36E-01	-1.54E+00										
2.92E+03	-5.33E-01	-1.56E+00										
2.98E+03	-5.30E-01	-1.58E+00										
3.03E+03	-5.27E-01	-1.60E+00										
3.08E+03	-5.24E-01	-1.61E+00										
3.13E+03	-5.21E-01	-1.63E+00										
3.18E+03	-5.18E-01	-1.65E+00										
3.24E+03	-5.15E-01	-1.67E+00										
3.29E+03	-5.12E-01	-1.68E+00										
3.34E+03	-5.09E-01	-1.70E+00										
3.40E+03	-5.06E-01	-1.72E+00										
3.45E+03	-5.03E-01	-1.73E+00										
3.50E+03	-5.00E-01	-1.75E+00										
3.55E+03	-4.97E-01	-1.77E+00										
3.60E+03	-4.94E-01	-1.78E+00										
3.65E+03	-4.91E-01	-1.80E+00										
3.71E+03	-4.89E-01	-1.81E+00										
3.76E+03	-4.86E-01	-1.83E+00										
3.81E+03	-4.83E-01	-1.84E+00										
3.87E+03	-4.80E-01	-1.86E+00										
3.92E+03	-4.78E-01	-1.87E+00										
3.97E+03	-4.74E-01	-1.88E+00										
4.02E+03	-4.72E-01	-1.90E+00										
4.08E+03	-4.69E-01	-1.91E+00										
4.13E+03	-4.66E-01	-1.93E+00										
4.18E+03	-4.63E-01	-1.94E+00										
4.24E+03	-4.61E-01	-1.95E+00										
4.29E+03	-4.58E-01	-1.96E+00										
4.34E+03	-4.55E-01	-1.97E+00										
4.39E+03	-4.53E-01	-1.99E+00										
4.44E+03	-4.50E-01	-2.00E+00										
4.49E+03	-4.47E-01	-2.01E+00										
4.54E+03	-4.45E-01	-2.02E+00										
4.59E+03	-4.42E-01	-2.03E+00										
4.64E+03	-4.39E-01	-2.04E+00										
4.70E+03	-4.37E-01	-2.05E+00										
4.75E+03	-4.34E-01	-2.06E+00										
4.80E+03	-4.32E-01	-2.07E+00										
4.85E+03	-4.29E-01	-2.08E+00										
4.91E+03	-4.26E-01	-2.09E+00										
4.96E+03	-4.24E-01	-2.10E+00										
5.01E+03	-4.22E-01	-2.11E+00										
5.06E+03	-4.19E-01	-2.12E+00										
5.11E+03	-4.16E-01	-2.13E+00										
5.17E+03	-4.14E-01	-2.14E+00										
5.22E+03	-4.11E-01	-2.14E+00										
5.27E+03	-4.08E-01	-2.15E+00										
5.32E+03	-4.05E-01	-2.16E+00										
5.37E+03	-4.03E-01	-2.16E+00										
5.43E+03	-4.00E-01	-2.17E+00										
5.48E+03	-3.97E-01	-2.18E+00										
5.53E+03	-3.95E-01	-2.18E+00										
5.58E+03	-3.92E-01	-2.19E+00										
5.64E+03	-3.90E-01	-2.19E+00										
5.69E+03	-3.87E-01	-2.20E+00										
5.74E+03	-3.84E-01	-2.21E+00										
5.79E+03	-3.82E-01	-2.21E+00										
5.84E+03	-3.79E-01	-2.22E+00										
5.89E+03	-3.77E-01	-2.22E+00										
5.94E+03	-3.74E-01	-2.22E+00										
6.00E+03	-3.71E-01	-2.23E+00										
6.05E+03	-3.69E-01	-2.23E+00										
6.10E+03	-3.66E-01	-2.23E+00										
6.15E+03	-3.64E-01	-2.24E+00										
6.20E+03	-3.61E-01	-2.24E+00										
6.25E+03	-3.58E-01	-2.24E+00										
6.30E+03	-3.56E-01	-2.24E+00										
6.36E+03	-3.53E-01	-2.24E+00										
6.41E+03	-3.50E-01	-2.24E+00										
6.46E+03	-3.48E-01	-2.25E+00										
6.51E+03	-3.45E-01	-2.25E+00										
6.56E+03	-3.42E-01	-2.25E+00										
6.62E+03	-3.39E-01	-2.25E+00										
6.67E+03	-3.37E-01	-2.24E+00										
6.72E+03	-3.34E-01	-2.24E+00										
6.77E+03	-3.31E-01	-2.24E+00										
6.82E+03	-3.29E-01	-2.24E+00										
6.87E+03	-3.26E-01	-2.24E+00										
6.92E+03	-3.23E-01	-2.24E+00										
6.97E+03	-3.20E-01	-2.23E+00										
7.03E+03	-3.18E-01	-2.23E+00										
7.08E+03	-3.15E-01	-2.23E+00										
7.13E+03	-3.13E-01	-2.23E+00										
7.18E+03	-3.10E-01	-2.22E+00										
7.23E+03	-3.07E-01	-2.22E+00										
7.28E+03	-3.04E-01	-2.21E+00										
7.33E+03	-3.01E-01	-2.21E+00										
7.38E+03	-2.98E-01	-2.20E+00										
7.44E+03	-2.96E-01	-2.20E+00										
7.49E+03	-2.93E-01	-2.19E+00										
7.54E+03	-2.90E-01	-2.18E+00										
7.59E+03	-2.87E-01	-2.18E+00										
7.64E+03	-2.84E-01	-2.17E+00										
7.69E+03	-2.81E-01	-2.16E+00										
7.74E+03	-2.78E-01	-2.15E+00										
7.79E+03	-2.75E-01	-2.15E+00										
7.85E+03	-2.72E-01	-2.14E+00										
7.90E+03	-2.69E-01	-2.13E+00										
7.95E+03	-2.66E-01	-2.12E+00										
8.00E+03	-2.63E-01	-2.11E+00										
8.05E+03	-2.60E-01	-2.09E+00										
8.11E+03	-2.57E-01	-2.08E+00										
8.16E+03	-2.54E-01	-2.07E+00										
8.19E+03	-2.51E-01	-2.06E+00										
0.00E+00	-8.60E-01	0.00E+00										
0.00E+00	-9.47E-01	0.00E+00										
0.00E+00	-9.56E-01	0.00E+00										
0.00E+00	-9.61E-01	0.00E+00										
0.00E+00	-9.64E-01	0.00E+00										
0.00E+00	-9.67E-01	0.00E+00										
4.78E+01	-9.67E-01	-4.62E-02										
9.92E+01	-8.79E-01	-8.72E-02										
1.52E+02	-8.32E-01	-1.26E-01										
2.02E+02	-8.07E-01	-1.63E-01										
2.56E+02	-7.91E-01	-2.02E-01										
3.07E+02	-7.78E-01	-2.39E-01										
3.58E+02	-7.66E-01	-2.74E-01										
4.09E+02	-7.56E-01	-3.09E-01										
4.59E+02	-7.47E-01	-3.43E-01										
5.10E+02	-7.39E-01	-3.77E-01										
5.62E+02	-7.31E-01	-4.11E-01										
6.15E+02	-7.24E-01	-4.45E-01										
6.68E+02	-7.17E-01	-4.79E-01										
7.19E+02	-7.10E-01	-5.10E-01										
7.71E+02	-7.04E-01	-5.42E-01										
8.22E+02	-6.97E-01	-5.73E-01										
8.72E+02	-6.91E-01	-6.03E-01										
9.23E+02	-6.86E-01	-6.33E-01										
9.75E+02	-6.81E-01	-6.63E-01										
1.02E+03	-6.75E-01	-6.92E-01										
1.08E+03	-6.71E-01	-7.22E-01										
1.13E+03	-6.65E-01	-7.49E-01										
1.18E+03	-6.60E-01	-7.78E-01										
1.23E+03	-6.56E-01	-8.07E-01										
1.28E+03	-6.51E-01	-8.34E-01										
1.34E+03	-6.47E-01	-8.64E-01										
1.39E+03	-6.42E-01	-8.90E-01										
1.44E+03	-6.37E-01	-9.17E-01										
1.49E+03	-6.33E-01	-9.42E-01										
1.54E+03	-6.29E-01	-9.68E-01										
1.59E+03	-6.25E-01	-9.95E-01										
1.64E+03	-6.21E-01	-1.02E+00										
1.69E+03	-6.17E-01	-1.04E+00										
1.74E+03	-6.13E-01	-1.07E+00										
1.79E+03	-6.09E-01	-1.09E+00										
1.85E+03	-6.06E-01	-1.12E+00										
1.90E+03	-6.02E-01	-1.14E+00										
1.95E+03	-5.98E-01	-1.17E+00										
2.00E+03	-5.95E-01	-1.19E+00										
2.05E+03	-5.91E-01	-1.21E+00										
2.10E+03	-5.87E-01	-1.23E+00										
2.15E+03	-5.84E-01	-1.26E+00										
2.21E+03	-5.80E-01	-1.28E+00										
2.26E+03	-5.77E-01	-1.30E+00										
2.31E+03	-5.73E-01	-1.33E+00										
2.36E+03	-5.70E-01	-1.35E+00										
2.41E+03	-5.67E-01	-1.37E+00										
2.47E+03	-5.63E-01	-1.39E+00										
2.52E+03	-5.60E-01	-1.41E+00										
2.57E+03	-5.56E-01	-1.43E+00										
2.62E+03	-5.53E-01	-1.45E+00										
2.68E+03	-5.50E-01	-1.47E+00										
2.73E+03	-5.47E-01	-1.49E+00										
2.78E+03	-5.44E-01	-1.51E+00										
2.83E+03	-5.41E-01	-1.53E+00										
2.88E+03	-5.37E-01	-1.55E+00										
2.94E+03	-5.34E-01	-1.57E+00										
2.99E+03	-5.31E-01	-1.59E+00										
3.04E+03	-5.28E-01	-1.60E+00										
3.09E+03	-5.25E-01	-1.62E+00										
3.14E+03	-5.22E-01	-1.64E+00										
3.19E+03	-5.19E-01	-1.66E+00										
3.25E+03	-5.16E-01	-1.68E+00										
3.30E+03	-5.13E-01	-1.69E+00										
3.35E+03	-5.10E-01	-1.71E+00										
3.40E+03	-5.07E-01	-1.73E+00										
3.45E+03	-5.05E-01	-1.74E+00										
3.50E+03	-5.02E-01	-1.76E+00										
3.56E+03	-4.99E-01	-1.77E+00										
3.61E+03	-4.96E-01	-1.79E+00										
3.66E+03	-4.93E-01	-1.80E+00										
3.71E+03	-4.91E-01	-1.82E+00										
3.76E+03	-4.88E-01	-1.84E+00										
3.81E+03	-4.85E-01	-1.85E+00										
3.87E+03	-4.82E-01	-1.86E+00										
3.92E+03	-4.79E-01	-1.88E+00										
3.97E+03	-4.76E-01	-1.89E+00										
4.02E+03	-4.74E-01	-1.90E+00										
4.07E+03	-4.71E-01	-1.92E+00										
4.12E+03	-4.68E-01	-1.93E+00										
4.17E+03	-4.66E-01	-1.94E+00										
4.22E+03	-4.63E-01	-1.96E+00										
4.27E+03	-4.60E-01	-1.97E+00										
4.32E+03	-4.58E-01	-1.98E+00										
4.38E+03	-4.55E-01	-1.99E+00										
4.43E+03	-4.53E-01	-2.00E+00										
4.48E+03	-4.50E-01	-2.01E+00										
4.53E+03	-4.47E-01	-2.03E+00										
4.58E+03	-4.45E-01	-2.04E+00										
4.63E+03	-4.42E-01	-2.05E+00										
4.69E+03	-4.39E-01	-2.06E+00										
4.74E+03	-4.37E-01	-2.07E+00										
4.79E+03	-4.34E-01	-2.08E+00										
4.84E+03	-4.32E-01	-2.09E+00										
4.89E+03	-4.29E-01	-2.10E+00										
4.94E+03	-4.26E-01	-2.11E+00										
4.99E+03	-4.24E-01	-2.12E+00										
5.05E+03	-4.21E-01	-2.13E+00										
5.10E+03	-4.19E-01	-2.13E+00										
5.15E+03	-4.16E-01	-2.14E+00										
5.20E+03	-4.13E-01	-2.15E+00										
5.26E+03	-4.11E-01	-2.16E+00										
5.31E+03	-4.08E-01	-2.17E+00										
5.36E+03	-4.05E-01	-2.17E+00										
5.42E+03	-4.03E-01	-2.18E+00										
5.47E+03	-4.00E-01	-2.19E+00										
5.52E+03	-3.97E-01	-2.19E+00										
5.57E+03	-3.95E-01	-2.20E+00										
5.62E+03	-3.92E-01	-2.20E+00										
5.67E+03	-3.89E-01	-2.21E+00										
5.72E+03	-3.87E-01	-2.21E+00										
5.77E+03	-3.85E-01	-2.22E+00										
5.82E+03	-3.82E-01	-2.23E+00										
5.88E+03	-3.79E-01	-2.23E+00										
5.93E+03	-3.77E-01	-2.23E+00										
5.98E+03	-3.74E-01	-2.24E+00										
6.03E+03	-3.72E-01	-2.24E+00										
6.09E+03	-3.69E-01	-2.24E+00										
6.14E+03	-3.66E-01	-2.25E+00										
6.19E+03	-3.63E-01	-2.25E+00										
6.24E+03	-3.61E-01	-2.25E+00										
6.29E+03	-3.58E-01	-2.25E+00										
6.34E+03	-3.56E-01	-2.26E+00										
6.40E+03	-3.53E-01	-2.26E+00										
6.45E+03	-3.50E-01	-2.26E+00										
6.50E+03	-3.47E-01	-2.26E+00										
6.55E+03	-3.45E-01	-2.26E+00										
6.60E+03	-3.42E-01	-2.26E+00										
6.65E+03	-3.39E-01	-2.26E+00										
6.70E+03	-3.36E-01	-2.26E+00										
6.76E+03	-3.34E-01	-2.25E+00										
6.81E+03	-3.31E-01	-2.25E+00										
6.86E+03	-3.28E-01	-2.25E+00										
6.91E+03	-3.26E-01	-2.25E+00										
6.96E+03	-3.23E-01	-2.25E+00										
7.01E+03	-3.20E-01	-2.25E+00										
7.06E+03	-3.17E-01	-2.24E+00										
7.11E+03	-3.15E-01	-2.24E+00										
7.16E+03	-3.12E-01	-2.23E+00										
7.22E+03	-3.09E-01	-2.23E+00										
7.27E+03	-3.06E-01	-2.23E+00										
7.33E+03	-3.03E-01	-2.22E+00										
7.38E+03	-3.00E-01	-2.21E+00										
7.43E+03	-2.97E-01	-2.21E+00										
7.49E+03	-2.94E-01	-2.20E+00										
7.54E+03	-2.91E-01	-2.20E+00										
7.59E+03	-2.88E-01	-2.19E+00										
7.64E+03	-2.86E-01	-2.18E+00										
7.69E+03	-2.83E-01	-2.17E+00										
7.74E+03	-2.79E-01	-2.16E+00										
7.80E+03	-2.76E-01	-2.15E+00										
7.85E+03	-2.73E-01	-2.14E+00										
7.90E+03	-2.70E-01	-2.13E+00										
7.95E+03	-2.67E-01	-2.12E+00										
8.00E+03	-2.64E-01	-2.11E+00										
8.05E+03	-2.61E-01	-2.10E+00										
8.11E+03	-2.58E-01	-2.09E+00										
8.16E+03	-2.55E-01	-2.08E+00										
8.21E+03	-2.52E-01	-2.07E+00										
8.21E+03	-2.52E-01	-2.06E+00										
0.00E+00	-8.60E-01	0.00E+00										
0.00E+00	-9.47E-01	0.00E+00										
0.00E+00	-9.56E-01	0.00E+00										
0.00E+00	-9.61E-01	0.00E+00										
0.00E+00	-9.64E-01	0.00E+00										
0.00E+00	-9.67E-01	0.00E+00										
5.19E+01	-9.67E-01	-5.02E-02										
1.05E+02	-8.71E-01	-9.18E-02										
1.57E+02	-8.27E-01	-1.30E-01										
2.09E+02	-8.05E-01	-1.68E-01										
2.59E+02	-7.91E-01	-2.05E-01										
3.10E+02	-7.76E-01	-2.41E-01										
3.62E+02	-7.66E-01	-2.77E-01										
4.14E+02	-7.56E-01	-3.13E-01										
4.64E+02	-7.46E-01	-3.47E-01										
5.15E+02	-7.39E-01	-3.80E-01										
5.66E+02	-7.31E-01	-4.13E-01										
6.17E+02	-7.23E-01	-4.46E-01										
6.68E+02	-7.17E-01	-4.79E-01										
7.18E+02	-7.10E-01	-5.10E-01										
7.70E+02	-7.03E-01	-5.42E-01										
8.21E+02	-6.97E-01	-5.73E-01										
8.73E+02	-6.92E-01	-6.04E-01										
9.25E+02	-6.86E-01	-6.34E-01										
9.77E+02	-6.81E-01	-6.65E-01										
1.03E+03	-6.75E-01	-6.93E-01										
1.08E+03	-6.70E-01	-7.22E-01										
1.13E+03	-6.65E-01	-7.50E-01										
1.18E+03	-6.61E-01	-7.79E-01										
1.23E+03	-6.56E-01	-8.07E-01										
1.28E+03	-6.51E-01	-8.34E-01										
1.34E+03	-6.47E-01	-8.64E-01										
1.39E+03	-6.42E-01	-8.92E-01										
1.44E+03	-6.38E-01	-9.19E-01										
1.49E+03	-6.33E-01	-9.46E-01										
1.55E+03	-6.29E-01	-9.72E-01										
1.60E+03	-6.24E-01	-9.97E-01										
1.65E+03	-6.21E-01	-1.02E+00										
1.70E+03	-6.16E-01	-1.05E+00										
1.75E+03	-6.13E-01	-1.07E+00										
1.80E+03	-6.09E-01	-1.10E+00										
1.86E+03	-6.05E-01	-1.12E+00										
1.91E+03	-6.01E-01	-1.15E+00										
1.96E+03	-5.97E-01	-1.17E+00										
2.01E+03	-5.94E-01	-1.19E+00										
2.06E+03	-5.90E-01	-1.22E+00										
2.11E+03	-5.86E-01	-1.24E+00										
2.16E+03	-5.83E-01	-1.26E+00										
2.21E+03	-5.79E-01	-1.28E+00										
2.26E+03	-5.76E-01	-1.30E+00										
2.31E+03	-5.73E-01	-1.33E+00										
2.37E+03	-5.70E-01	-1.35E+00										
2.42E+03	-5.66E-01	-1.37E+00										
2.47E+03	-5.63E-01	-1.39E+00										
2.52E+03	-5.59E-01	-1.41E+00										
2.58E+03	-5.56E-01	-1.43E+00										
2.63E+03	-5.53E-01	-1.45E+00										
2.68E+03	-5.49E-01	-1.47E+00										
2.73E+03	-5.46E-01	-1.49E+00										
2.78E+03	-5.43E-01	-1.51E+00										
2.83E+03	-5.40E-01	-1.53E+00										
2.89E+03	-5.37E-01	-1.55E+00										
2.94E+03	-5.34E-01	-1.57E+00										
2.99E+03	-5.31E-01	-1.59E+00										
3.04E+03	-5.27E-01	-1.60E+00										
3.09E+03	-5.25E-01	-1.62E+00										
3.14E+03	-5.22E-01	-1.64E+00										
3.19E+03	-5.19E-01	-1.66E+00										
3.24E+03	-5.16E-01	-1.67E+00										
3.29E+03	-5.13E-01	-1.69E+00										
3.35E+03	-5.10E-01	-1.71E+00										
3.40E+03	-5.07E-01	-1.72E+00										
3.45E+03	-5.04E-01	-1.74E+00										
3.50E+03	-5.01E-01	-1.76E+00										
3.55E+03	-4.98E-01	-1.77E+00										
3.60E+03	-4.96E-01	-1.79E+00										
3.66E+03	-4.92E-01	-1.80E+00										
3.71E+03	-4.90E-01	-1.82E+00										
3.76E+03	-4.87E-01	-1.83E+00										
3.81E+03	-4.84E-01	-1.85E+00										
3.86E+03	-4.81E-01	-1.86E+00										
3.91E+03	-4.79E-01	-1.87E+00										
3.97E+03	-4.76E-01	-1.89E+00										
4.02E+03	-4.73E-01	-1.90E+00										
4.07E+03	-4.70E-01	-1.92E+00										
4.12E+03	-4.67E-01	-1.93E+00										
4.18E+03	-4.65E-01	-1.94E+00										
4.23E+03	-4.62E-01	-1.95E+00										
4.28E+03	-4.60E-01	-1.97E+00										
4.33E+03	-4.57E-01	-1.98E+00										
4.38E+03	-4.54E-01	-1.99E+00										
4.43E+03	-4.51E-01	-2.00E+00										
4.49E+03	-4.48E-01	-2.01E+00										
4.54E+03	-4.46E-01	-2.02E+00										
4.59E+03	-4.43E-01	-2.04E+00										
4.65E+03	-4.40E-01	-2.05E+00										
4.70E+03	-4.38E-01	-2.06E+00										
4.75E+03	-4.35E-01	-2.07E+00										
4.81E+03	-4.32E-01	-2.08E+00										
4.86E+03	-4.29E-01	-2.08E+00										
4.91E+03	-4.27E-01	-2.09E+00										
4.96E+03	-4.24E-01	-2.11E+00										
5.02E+03	-4.21E-01	-2.11E+00										
5.07E+03	-4.19E-01	-2.12E+00										
5.12E+03	-4.16E-01	-2.13E+00										
5.17E+03	-4.14E-01	-2.14E+00										
5.23E+03	-4.11E-01	-2.15E+00										
5.28E+03	-4.08E-01	-2.15E+00										
5.33E+03	-4.05E-01	-2.16E+00										
5.38E+03	-4.03E-01	-2.17E+00										
5.43E+03	-4.00E-01	-2.17E+00										
5.48E+03	-3.98E-01	-2.18E+00										
5.54E+03	-3.95E-01	-2.19E+00										
5.59E+03	-3.92E-01	-2.19E+00										
5.64E+03	-3.90E-01	-2.20E+00										
5.69E+03	-3.87E-01	-2.20E+00										
5.74E+03	-3.85E-01	-2.21E+00										
5.79E+03	-3.82E-01	-2.21E+00										
5.85E+03	-3.79E-01	-2.22E+00										
5.90E+03	-3.77E-01	-2.22E+00										
5.95E+03	-3.74E-01	-2.23E+00										
6.00E+03	-3.71E-01	-2.23E+00										
6.05E+03	-3.69E-01	-2.23E+00										
6.10E+03	-3.66E-01	-2.23E+00										
6.15E+03	-3.64E-01	-2.24E+00										
6.21E+03	-3.61E-01	-2.24E+00										
6.26E+03	-3.58E-01	-2.24E+00										
6.31E+03	-3.55E-01	-2.24E+00										
6.36E+03	-3.53E-01	-2.24E+00										
6.41E+03	-3.50E-01	-2.25E+00										
6.46E+03	-3.47E-01	-2.25E+00										
6.52E+03	-3.45E-01	-2.25E+00										
6.57E+03	-3.42E-01	-2.25E+00										
6.62E+03	-3.39E-01	-2.24E+00										
6.67E+03	-3.36E-01	-2.24E+00										
6.72E+03	-3.34E-01	-2.24E+00										
6.77E+03	-3.31E-01	-2.24E+00										
6.82E+03	-3.28E-01	-2.24E+00										
6.87E+03	-3.25E-01	-2.24E+00										
6.93E+03	-3.23E-01	-2.24E+00										
6.98E+03	-3.20E-01	-2.23E+00										
7.03E+03	-3.17E-01	-2.23E+00										
7.08E+03	-3.14E-01	-2.23E+00										
7.14E+03	-3.11E-01	-2.22E+00										
7.19E+03	-3.09E-01	-2.22E+00										
7.24E+03	-3.06E-01	-2.21E+00										
7.29E+03	-3.03E-01	-2.21E+00										
7.34E+03	-3.00E-01	-2.20E+00										
7.40E+03	-2.97E-01	-2.20E+00										
7.45E+03	-2.94E-01	-2.19E+00										
7.50E+03	-2.91E-01	-2.18E+00										
7.55E+03	-2.89E-01	-2.18E+00										
7.60E+03	-2.86E-01	-2.17E+00										
7.65E+03	-2.83E-01	-2.16E+00										
7.70E+03	-2.80E-01	-2.15E+00										
7.75E+03	-2.77E-01	-2.15E+00										
7.80E+03	-2.74E-01	-2.14E+00										
7.85E+03	-2.71E-01	-2.13E+00										
7.90E+03	-2.68E-01	-2.12E+00										
7.95E+03	-2.65E-01	-2.11E+00										
8.00E+03	-2.62E-01	-2.10E+00										
8.06E+03	-2.59E-01	-2.09E+00										
8.11E+03	-2.56E-01	-2.07E+00										
8.16E+03	-2.53E-01	-2.06E+00										
8.17E+03	-2.51E-01	-2.05E+00										
0.00E+00	-8.60E-01	0.00E+00										
0.00E+00	-9.47E-01	0.00E+00										
0.00E+00	-9.57E-01	0.00E+00										
0.00E+00	-9.61E-01	0.00E+00										
0.00E+00	-9.64E-01	0.00E+00										
0.00E+00	-9.67E-01	0.00E+00										
5.34E+01	-9.67E-01	-5.17E-02										
1.05E+02	-8.70E-01	-9.12E-02										
1.57E+02	-8.30E-01	-1.30E-01										
2.07E+02	-8.06E-01	-1.67E-01										
2.60E+02	-7.91E-01	-2.05E-01										
3.10E+02	-7.78E-01	-2.41E-01										
3.65E+02	-7.66E-01	-2.79E-01										
4.15E+02	-7.56E-01	-3.14E-01										
4.65E+02	-7.48E-01	-3.48E-01										
5.16E+02	-7.39E-01	-3.81E-01										
5.67E+02	-7.31E-01	-4.14E-01										
6.17E+02	-7.24E-01	-4.47E-01										
6.69E+02	-7.17E-01	-4.80E-01										
7.21E+02	-7.10E-01	-5.12E-01										
7.72E+02	-7.04E-01	-5.43E-01										
8.24E+02	-6.98E-01	-5.75E-01										
8.76E+02	-6.92E-01	-6.06E-01										
9.30E+02	-6.86E-01	-6.38E-01										
9.81E+02	-6.81E-01	-6.68E-01										
1.03E+03	-6.76E-01	-6.98E-01										
1.08E+03	-6.71E-01	-7.27E-01										
1.13E+03	-6.66E-01	-7.55E-01										
1.19E+03	-6.61E-01	-7.83E-01										
1.24E+03	-6.56E-01	-8.11E-01										
1.29E+03	-6.51E-01	-8.39E-01										
1.34E+03	-6.47E-01	-8.66E-01										
1.39E+03	-6.42E-01	-8.93E-01										
1.44E+03	-6.38E-01	-9.19E-01										
1.49E+03	-6.34E-01	-9.45E-01										
1.54E+03	-6.30E-01	-9.71E-01										
1.59E+03	-6.26E-01	-9.97E-01										
1.65E+03	-6.21E-01	-1.02E+00										
1.70E+03	-6.17E-01	-1.05E+00										
1.75E+03	-6.14E-01	-1.07E+00										
1.80E+03	-6.10E-01	-1.10E+00										
1.85E+03	-6.06E-01	-1.12E+00										
1.90E+03	-6.02E-01	-1.14E+00										
1.95E+03	-5.99E-01	-1.17E+00										
2.00E+03	-5.95E-01	-1.19E+00										
2.06E+03	-5.91E-01	-1.22E+00										
2.11E+03	-5.87E-01	-1.24E+00										
2.16E+03	-5.84E-01	-1.26E+00										
2.21E+03	-5.80E-01	-1.28E+00										
2.27E+03	-5.77E-01	-1.31E+00										
2.32E+03	-5.73E-01	-1.33E+00										
2.37E+03	-5.70E-01	-1.35E+00										
2.42E+03	-5.67E-01	-1.37E+00										
2.47E+03	-5.63E-01	-1.39E+00										
2.53E+03	-5.60E-01	-1.42E+00										
2.58E+03	-5.57E-01	-1.44E+00										
2.63E+03	-5.53E-01	-1.46E+00										
2.68E+03	-5.50E-01	-1.48E+00										
2.73E+03	-5.47E-01	-1.50E+00										
2.78E+03	-5.44E-01	-1.51E+00										
2.84E+03	-5.41E-01	-1.53E+00										
2.89E+03	-5.38E-01	-1.55E+00										
2.94E+03	-5.35E-01	-1.57E+00										
2.99E+03	-5.32E-01	-1.59E+00										
3.05E+03	-5.29E-01	-1.61E+00										
3.10E+03	-5.25E-01	-1.63E+00										
3.15E+03	-5.22E-01	-1.64E+00										
3.20E+03	-5.19E-01	-1.66E+00										
3.26E+03	-5.16E-01	-1.68E+00										
3.31E+03	-5.13E-01	-1.70E+00										
3.36E+03	-5.10E-01	-1.71E+00										
3.41E+03	-5.07E-01	-1.73E+00										
3.47E+03	-5.04E-01	-1.75E+00										
3.52E+03	-5.02E-01	-1.76E+00										
3.57E+03	-4.98E-01	-1.78E+00										
3.62E+03	-4.96E-01	-1.80E+00										
3.67E+03	-4.93E-01	-1.81E+00										
3.72E+03	-4.90E-01	-1.83E+00										
3.77E+03	-4.87E-01	-1.84E+00										
3.83E+03	-4.84E-01	-1.85E+00										
3.88E+03	-4.81E-01	-1.87E+00										
3.93E+03	-4.79E-01	-1.88E+00										
3.98E+03	-4.76E-01	-1.90E+00										
4.03E+03	-4.73E-01	-1.91E+00										
4.09E+03	-4.71E-01	-1.93E+00										
4.14E+03	-4.68E-01	-1.94E+00										
4.19E+03	-4.65E-01	-1.95E+00										
4.25E+03	-4.62E-01	-1.96E+00										
4.30E+03	-4.60E-01	-1.98E+00										
4.35E+03	-4.57E-01	-1.99E+00										
4.40E+03	-4.54E-01	-2.00E+00										
4.45E+03	-4.52E-01	-2.01E+00										
4.50E+03	-4.49E-01	-2.02E+00										
4.56E+03	-4.46E-01	-2.03E+00										
4.61E+03	-4.44E-01	-2.04E+00										
4.66E+03	-4.41E-01	-2.06E+00										
4.71E+03	-4.38E-01	-2.06E+00										
4.76E+03	-4.35E-01	-2.07E+00										
4.81E+03	-4.33E-01	-2.09E+00										
4.87E+03	-4.30E-01	-2.09E+00										
4.92E+03	-4.28E-01	-2.10E+00										
4.97E+03	-4.25E-01	-2.11E+00										
5.02E+03	-4.23E-01	-2.12E+00										
5.07E+03	-4.20E-01	-2.13E+00										
5.13E+03	-4.17E-01	-2.14E+00										
5.18E+03	-4.15E-01	-2.15E+00										
5.23E+03	-4.12E-01	-2.16E+00										
5.28E+03	-4.09E-01	-2.16E+00										
5.34E+03	-4.07E-01	-2.17E+00										
5.39E+03	-4.04E-01	-2.18E+00										
5.45E+03	-4.01E-01	-2.18E+00										
5.50E+03	-3.99E-01	-2.19E+00										
5.55E+03	-3.96E-01	-2.20E+00										
5.60E+03	-3.93E-01	-2.20E+00										
5.65E+03	-3.90E-01	-2.21E+00										
5.70E+03	-3.88E-01	-2.21E+00										
5.76E+03	-3.85E-01	-2.22E+00										
5.81E+03	-3.83E-01	-2.22E+00										
5.86E+03	-3.80E-01	-2.23E+00										
5.91E+03	-3.78E-01	-2.23E+00										
5.96E+03	-3.75E-01	-2.23E+00										
6.01E+03	-3.72E-01	-2.24E+00										
6.06E+03	-3.70E-01	-2.24E+00										
6.12E+03	-3.67E-01	-2.25E+00										
6.17E+03	-3.64E-01	-2.25E+00										
6.23E+03	-3.62E-01	-2.25E+00										
6.28E+03	-3.59E-01	-2.25E+00										
6.33E+03	-3.56E-01	-2.25E+00										
6.38E+03	-3.53E-01	-2.25E+00										
6.43E+03	-3.51E-01	-2.26E+00										
6.48E+03	-3.48E-01	-2.26E+00										
6.53E+03	-3.45E-01	-2.26E+00										
6.59E+03	-3.43E-01	-2.26E+00										
6.64E+03	-3.40E-01	-2.26E+00										
6.69E+03	-3.37E-01	-2.26E+00										
6.74E+03	-3.35E-01	-2.26E+00										
6.79E+03	-3.32E-01	-2.25E+00										
6.85E+03	-3.29E-01	-2.25E+00										
6.90E+03	-3.26E-01	-2.25E+00										
6.95E+03	-3.23E-01	-2.25E+00										
7.00E+03	-3.20E-01	-2.24E+00										
7.05E+03	-3.18E-01	-2.24E+00										
7.10E+03	-3.15E-01	-2.24E+00										
7.15E+03	-3.12E-01	-2.23E+00										
7.21E+03	-3.10E-01	-2.23E+00										
7.26E+03	-3.07E-01	-2.23E+00										
7.31E+03	-3.04E-01	-2.22E+00										
7.36E+03	-3.01E-01	-2.22E+00										
7.41E+03	-2.98E-01	-2.21E+00										
7.47E+03	-2.95E-01	-2.20E+00										
7.52E+03	-2.92E-01	-2.20E+00										
7.57E+03	-2.89E-01	-2.19E+00										
7.62E+03	-2.87E-01	-2.18E+00										
7.67E+03	-2.83E-01	-2.17E+00										
7.72E+03	-2.81E-01	-2.17E+00										
7.77E+03	-2.78E-01	-2.16E+00										
7.82E+03	-2.75E-01	-2.15E+00										
7.88E+03	-2.72E-01	-2.14E+00										
7.93E+03	-2.69E-01	-2.13E+00										
7.98E+03	-2.66E-01	-2.12E+00										
8.03E+03	-2.63E-01	-2.11E+00										
8.08E+03	-2.60E-01	-2.10E+00										
8.13E+03	-2.57E-01	-2.09E+00										
8.18E+03	-2.53E-01	-2.07E+00										
8.20E+03	-2.52E-01	-2.06E+00										
0.00E+00	-8.60E-01	0.00E+00										
0.00E+00	-9.47E-01	0.00E+00										
0.00E+00	-9.57E-01	0.00E+00										
0.00E+00	-9.61E-01	0.00E+00										
0.00E+00	-9.64E-01	0.00E+00										
0.00E+00	-9.67E-01	0.00E+00										
5.19E+01	-9.67E-01	-5.02E-02										
1.04E+02	-8.72E-01	-9.05E-02										
1.58E+02	-8.28E-01	-1.31E-01										
2.10E+02	-8.06E-01	-1.69E-01										
2.60E+02	-7.91E-01	-2.06E-01										
3.11E+02	-7.78E-01	-2.42E-01										
3.61E+02	-7.67E-01	-2.77E-01										
4.12E+02	-7.57E-01	-3.12E-01										
4.65E+02	-7.49E-01	-3.48E-01										
5.15E+02	-7.40E-01	-3.81E-01										
5.66E+02	-7.32E-01	-4.14E-01										
6.17E+02	-7.25E-01	-4.47E-01										
6.69E+02	-7.17E-01	-4.80E-01										
7.20E+02	-7.11E-01	-5.12E-01										
7.73E+02	-7.05E-01	-5.45E-01										
8.24E+02	-6.98E-01	-5.76E-01										
8.75E+02	-6.93E-01	-6.06E-01										
9.28E+02	-6.87E-01	-6.38E-01										
9.81E+02	-6.82E-01	-6.69E-01										
1.03E+03	-6.76E-01	-6.98E-01										
1.08E+03	-6.71E-01	-7.27E-01										
1.13E+03	-6.66E-01	-7.56E-01										
1.19E+03	-6.61E-01	-7.85E-01										
1.24E+03	-6.56E-01	-8.12E-01										
1.29E+03	-6.52E-01	-8.39E-01										
1.34E+03	-6.48E-01	-8.68E-01										
1.39E+03	-6.43E-01	-8.95E-01										
1.44E+03	-6.39E-01	-9.21E-01										
1.50E+03	-6.34E-01	-9.49E-01										
1.55E+03	-6.30E-01	-9.75E-01										
1.60E+03	-6.26E-01	-1.00E+00										
1.65E+03	-6.22E-01	-1.03E+00										
1.70E+03	-6.18E-01	-1.05E+00										
1.75E+03	-6.14E-01	-1.08E+00										
1.80E+03	-6.10E-01	-1.10E+00										
1.85E+03	-6.07E-01	-1.12E+00										
1.91E+03	-6.03E-01	-1.15E+00										
1.96E+03	-5.99E-01	-1.17E+00										
2.01E+03	-5.95E-01	-1.20E+00										
2.06E+03	-5.92E-01	-1.22E+00										
2.11E+03	-5.88E-01	-1.24E+00										
2.16E+03	-5.85E-01	-1.26E+00										
2.21E+03	-5.81E-01	-1.29E+00										
2.26E+03	-5.78E-01	-1.31E+00										
2.32E+03	-5.74E-01	-1.33E+00										
2.37E+03	-5.71E-01	-1.35E+00										
2.42E+03	-5.68E-01	-1.37E+00										
2.47E+03	-5.65E-01	-1.40E+00										
2.53E+03	-5.61E-01	-1.42E+00										
2.58E+03	-5.58E-01	-1.44E+00										
2.63E+03	-5.54E-01	-1.46E+00										
2.69E+03	-5.51E-01	-1.48E+00										
2.74E+03	-5.48E-01	-1.50E+00										
2.79E+03	-5.44E-01	-1.52E+00										
2.84E+03	-5.41E-01	-1.54E+00										
2.90E+03	-5.38E-01	-1.56E+00										
2.95E+03	-5.35E-01	-1.58E+00										
3.00E+03	-5.32E-01	-1.60E+00										
3.05E+03	-5.29E-01	-1.61E+00										
3.10E+03	-5.26E-01	-1.63E+00										
3.15E+03	-5.23E-01	-1.65E+00										
3.21E+03	-5.20E-01	-1.67E+00										
3.26E+03	-5.17E-01	-1.68E+00										
3.31E+03	-5.14E-01	-1.70E+00										
3.36E+03	-5.11E-01	-1.72E+00										
3.41E+03	-5.08E-01	-1.73E+00										
3.46E+03	-5.05E-01	-1.75E+00										
3.51E+03	-5.03E-01	-1.77E+00										
3.57E+03	-5.00E-01	-1.78E+00										
3.62E+03	-4.97E-01	-1.80E+00										
3.67E+03	-4.94E-01	-1.81E+00										
3.72E+03	-4.91E-01	-1.83E+00										
3.77E+03	-4.88E-01	-1.84E+00										
3.83E+03	-4.86E-01	-1.86E+00										
3.88E+03	-4.83E-01	-1.87E+00										
3.93E+03	-4.80E-01	-1.89E+00										
3.98E+03	-4.77E-01	-1.90E+00										
4.03E+03	-4.75E-01	-1.91E+00										
4.08E+03	-4.72E-01	-1.93E+00										
4.13E+03	-4.69E-01	-1.94E+00										
4.18E+03	-4.67E-01	-1.95E+00										
4.24E+03	-4.64E-01	-1.97E+00										
4.29E+03	-4.61E-01	-1.98E+00										
4.34E+03	-4.59E-01	-1.99E+00										
4.39E+03	-4.56E-01	-2.00E+00										
4.44E+03	-4.53E-01	-2.01E+00										
4.49E+03	-4.51E-01	-2.03E+00										
4.55E+03	-4.48E-01	-2.04E+00										
4.60E+03	-4.45E-01	-2.05E+00										
4.65E+03	-4.42E-01	-2.06E+00										
4.70E+03	-4.40E-01	-2.07E+00										
4.75E+03	-4.38E-01	-2.08E+00										
4.80E+03	-4.35E-01	-2.09E+00										
4.86E+03	-4.32E-01	-2.10E+00										
4.91E+03	-4.29E-01	-2.11E+00										
4.96E+03	-4.27E-01	-2.12E+00										
5.01E+03	-4.24E-01	-2.13E+00										
5.06E+03	-4.22E-01	-2.13E+00										
5.12E+03	-4.19E-01	-2.14E+00										
5.17E+03	-4.16E-01	-2.15E+00										
5.22E+03	-4.14E-01	-2.16E+00										
5.27E+03	-4.11E-01	-2.17E+00										
5.32E+03	-4.08E-01	-2.17E+00										
5.38E+03	-4.06E-01	-2.18E+00										
5.43E+03	-4.03E-01	-2.19E+00										
5.48E+03	-4.01E-01	-2.20E+00										
5.54E+03	-3.98E-01	-2.20E+00										
5.59E+03	-3.95E-01	-2.21E+00										
5.64E+03	-3.92E-01	-2.21E+00										
5.69E+03	-3.90E-01	-2.22E+00										
5.74E+03	-3.87E-01	-2.23E+00										
5.79E+03	-3.85E-01	-2.23E+00										
5.85E+03	-3.82E-01	-2.23E+00										
5.90E+03	-3.79E-01	-2.24E+00										
5.95E+03	-3.77E-01	-2.24E+00										
6.00E+03	-3.74E-01	-2.25E+00										
6.05E+03	-3.72E-01	-2.25E+00										
6.10E+03	-3.69E-01	-2.25E+00										
6.15E+03	-3.67E-01	-2.26E+00										
6.20E+03	-3.64E-01	-2.26E+00										
6.26E+03	-3.61E-01	-2.26E+00										
6.31E+03	-3.58E-01	-2.26E+00										
6.36E+03	-3.56E-01	-2.26E+00										
6.42E+03	-3.53E-01	-2.26E+00										
6.47E+03	-3.50E-01	-2.26E+00										
6.52E+03	-3.47E-01	-2.26E+00										
6.57E+03	-3.44E-01	-2.26E+00										
6.63E+03	-3.42E-01	-2.27E+00										
6.68E+03	-3.39E-01	-2.26E+00										
6.73E+03	-3.36E-01	-2.26E+00										
6.78E+03	-3.33E-01	-2.26E+00										
6.84E+03	-3.30E-01	-2.26E+00										
6.89E+03	-3.28E-01	-2.26E+00										
6.94E+03	-3.25E-01	-2.26E+00										
6.99E+03	-3.22E-01	-2.25E+00										
7.04E+03	-3.20E-01	-2.25E+00										
7.09E+03	-3.17E-01	-2.25E+00										
7.14E+03	-3.14E-01	-2.24E+00										
7.19E+03	-3.11E-01	-2.24E+00										
7.25E+03	-3.08E-01	-2.23E+00										
7.30E+03	-3.06E-01	-2.23E+00										
7.35E+03	-3.03E-01	-2.23E+00										
7.40E+03	-3.00E-01	-2.22E+00										
7.45E+03	-2.97E-01	-2.21E+00										
7.50E+03	-2.94E-01	-2.21E+00										
7.55E+03	-2.91E-01	-2.20E+00										
7.60E+03	-2.88E-01	-2.19E+00										
7.66E+03	-2.85E-01	-2.18E+00										
7.71E+03	-2.83E-01	-2.18E+00										
7.76E+03	-2.80E-01	-2.17E+00										
7.81E+03	-2.77E-01	-2.16E+00										
7.86E+03	-2.74E-01	-2.15E+00										
7.91E+03	-2.71E-01	-2.14E+00										
7.96E+03	-2.68E-01	-2.13E+00										
8.01E+03	-2.65E-01	-2.12E+00										
8.06E+03	-2.62E-01	-2.11E+00										
8.12E+03	-2.58E-01	-2.10E+00										
8.17E+03	-2.55E-01	-2.08E+00										
8.22E+03	-2.52E-01	-2.07E+00										
8.23E+03	-2.51E-01	-2.07E+00										
0.00E+00	-8.61E-01	0.00E+00										
0.00E+00	-9.47E-01	0.00E+00										
0.00E+00	-9.57E-01	0.00E+00										
0.00E+00	-9.61E-01	0.00E+00										
0.00E+00	-9.64E-01	0.00E+00										
0.00E+00	-9.67E-01	0.00E+00										
5.49E+01	-9.67E-01	-5.31E-02										
1.06E+02	-8.62E-01	-9.13E-02										
1.56E+02	-8.28E-01	-1.29E-01										
2.07E+02	-8.07E-01	-1.67E-01										
2.59E+02	-7.91E-01	-2.05E-01										
3.10E+02	-7.79E-01	-2.41E-01										
3.60E+02	-7.68E-01	-2.77E-01										
4.11E+02	-7.58E-01	-3.11E-01										
4.63E+02	-7.49E-01	-3.46E-01										
5.14E+02	-7.40E-01	-3.80E-01										
5.66E+02	-7.32E-01	-4.14E-01										
6.18E+02	-7.25E-01	-4.48E-01										
6.77E+02	-7.18E-01	-4.86E-01										
7.28E+02	-7.10E-01	-5.17E-01										
7.79E+02	-7.04E-01	-5.49E-01										
8.30E+02	-6.98E-01	-5.79E-01										
8.81E+02	-6.92E-01	-6.10E-01										
9.33E+02	-6.87E-01	-6.41E-01										
9.84E+02	-6.82E-01	-6.71E-01										
1.03E+03	-6.76E-01	-6.99E-01										
1.09E+03	-6.72E-01	-7.29E-01										
1.14E+03	-6.66E-01	-7.58E-01										
1.19E+03	-6.61E-01	-7.86E-01										
1.24E+03	-6.57E-01	-8.13E-01										
1.29E+03	-6.52E-01	-8.41E-01										
1.34E+03	-6.48E-01	-8.69E-01										
1.39E+03	-6.43E-01	-8.96E-01										
1.44E+03	-6.39E-01	-9.23E-01										
1.50E+03	-6.35E-01	-9.50E-01										
1.55E+03	-6.31E-01	-9.76E-01										
1.60E+03	-6.27E-01	-1.00E+00										
1.65E+03	-6.22E-01	-1.03E+00										
1.70E+03	-6.19E-01	-1.05E+00										
1.75E+03	-6.15E-01	-1.08E+00										
1.80E+03	-6.11E-01	-1.10E+00										
1.85E+03	-6.07E-01	-1.12E+00										
1.90E+03	-6.04E-01	-1.15E+00										
1.96E+03	-6.00E-01	-1.17E+00										
2.01E+03	-5.96E-01	-1.20E+00										
2.06E+03	-5.92E-01	-1.22E+00										
2.11E+03	-5.89E-01	-1.24E+00										
2.16E+03	-5.85E-01	-1.27E+00										
2.21E+03	-5.82E-01	-1.29E+00										
2.26E+03	-5.79E-01	-1.31E+00										
2.32E+03	-5.75E-01	-1.33E+00										
2.37E+03	-5.72E-01	-1.35E+00										
2.42E+03	-5.69E-01	-1.38E+00										
2.47E+03	-5.65E-01	-1.40E+00										
2.52E+03	-5.62E-01	-1.42E+00										
2.57E+03	-5.59E-01	-1.44E+00										
2.62E+03	-5.55E-01	-1.46E+00										
2.68E+03	-5.52E-01	-1.48E+00										
2.73E+03	-5.49E-01	-1.50E+00										
2.79E+03	-5.45E-01	-1.52E+00										
2.84E+03	-5.42E-01	-1.54E+00										
2.89E+03	-5.39E-01	-1.56E+00										
2.94E+03	-5.36E-01	-1.58E+00										
2.99E+03	-5.33E-01	-1.59E+00										
3.05E+03	-5.30E-01	-1.61E+00										
3.10E+03	-5.27E-01	-1.63E+00										
3.15E+03	-5.24E-01	-1.65E+00										
3.20E+03	-5.21E-01	-1.67E+00										
3.25E+03	-5.18E-01	-1.68E+00										
3.30E+03	-5.15E-01	-1.70E+00										
3.35E+03	-5.12E-01	-1.72E+00										
3.41E+03	-5.09E-01	-1.74E+00										
3.46E+03	-5.06E-01	-1.75E+00										
3.51E+03	-5.03E-01	-1.77E+00										
3.56E+03	-5.01E-01	-1.78E+00										
3.61E+03	-4.98E-01	-1.80E+00										
3.67E+03	-4.95E-01	-1.81E+00										
3.72E+03	-4.92E-01	-1.83E+00										
3.77E+03	-4.89E-01	-1.84E+00										
3.82E+03	-4.87E-01	-1.86E+00										
3.87E+03	-4.84E-01	-1.87E+00										
3.92E+03	-4.81E-01	-1.89E+00										
3.97E+03	-4.78E-01	-1.90E+00										
4.02E+03	-4.76E-01	-1.91E+00										
4.08E+03	-4.73E-01	-1.93E+00										
4.13E+03	-4.70E-01	-1.94E+00										
4.18E+03	-4.68E-01	-1.96E+00										
4.23E+03	-4.65E-01	-1.97E+00										
4.28E+03	-4.62E-01	-1.98E+00										
4.33E+03	-4.60E-01	-1.99E+00										
4.39E+03	-4.57E-01	-2.01E+00										
4.44E+03	-4.54E-01	-2.02E+00										
4.49E+03	-4.52E-01	-2.03E+00										
4.54E+03	-4.49E-01	-2.04E+00										
4.60E+03	-4.46E-01	-2.05E+00										
4.65E+03	-4.44E-01	-2.06E+00										
4.70E+03	-4.41E-01	-2.07E+00										
4.75E+03	-4.38E-01	-2.08E+00										
4.80E+03	-4.36E-01	-2.09E+00										
4.85E+03	-4.33E-01	-2.10E+00										
4.90E+03	-4.31E-01	-2.11E+00										
4.95E+03	-4.28E-01	-2.12E+00										
5.01E+03	-4.26E-01	-2.13E+00										
5.06E+03	-4.23E-01	-2.14E+00										
5.11E+03	-4.20E-01	-2.15E+00										
5.16E+03	-4.17E-01	-2.16E+00										
5.21E+03	-4.15E-01	-2.16E+00										
5.27E+03	-4.13E-01	-2.17E+00										
5.32E+03	-4.10E-01	-2.18E+00										
5.37E+03	-4.07E-01	-2.19E+00										
5.42E+03	-4.05E-01	-2.19E+00										
5.47E+03	-4.02E-01	-2.20E+00										
5.52E+03	-3.99E-01	-2.21E+00										
5.58E+03	-3.97E-01	-2.21E+00										
5.63E+03	-3.94E-01	-2.22E+00										
5.68E+03	-3.91E-01	-2.22E+00										
5.73E+03	-3.89E-01	-2.23E+00										
5.79E+03	-3.86E-01	-2.24E+00										
5.84E+03	-3.84E-01	-2.24E+00										
5.89E+03	-3.81E-01	-2.24E+00										
5.94E+03	-3.78E-01	-2.25E+00										
5.99E+03	-3.76E-01	-2.25E+00										
6.04E+03	-3.73E-01	-2.26E+00										
6.09E+03	-3.70E-01	-2.26E+00										
6.15E+03	-3.68E-01	-2.26E+00										
6.20E+03	-3.65E-01	-2.26E+00										
6.25E+03	-3.62E-01	-2.27E+00										
6.30E+03	-3.60E-01	-2.27E+00										
6.35E+03	-3.57E-01	-2.27E+00										
6.40E+03	-3.55E-01	-2.27E+00										
6.45E+03	-3.52E-01	-2.27E+00										
6.50E+03	-3.49E-01	-2.27E+00										
6.55E+03	-3.47E-01	-2.27E+00										
6.61E+03	-3.44E-01	-2.27E+00										
6.66E+03	-3.41E-01	-2.27E+00										
6.71E+03	-3.39E-01	-2.27E+00										
6.76E+03	-3.36E-01	-2.27E+00										
6.81E+03	-3.33E-01	-2.27E+00										
6.87E+03	-3.30E-01	-2.27E+00										
6.92E+03	-3.28E-01	-2.27E+00										
6.97E+03	-3.25E-01	-2.26E+00										
7.02E+03	-3.22E-01	-2.26E+00										
7.07E+03	-3.19E-01	-2.26E+00										
7.12E+03	-3.17E-01	-2.26E+00										
7.17E+03	-3.14E-01	-2.25E+00										
7.22E+03	-3.11E-01	-2.25E+00										
7.28E+03	-3.08E-01	-2.24E+00										
7.33E+03	-3.06E-01	-2.24E+00										
7.38E+03	-3.03E-01	-2.23E+00										
7.43E+03	-3.00E-01	-2.23E+00										
7.48E+03	-2.97E-01	-2.22E+00										
7.53E+03	-2.94E-01	-2.22E+00										
7.58E+03	-2.92E-01	-2.21E+00										
7.63E+03	-2.89E-01	-2.20E+00										
7.68E+03	-2.86E-01	-2.20E+00										
7.74E+03	-2.83E-01	-2.19E+00										
7.79E+03	-2.80E-01	-2.18E+00										
7.84E+03	-2.77E-01	-2.18E+00										
7.89E+03	-2.75E-01	-2.17E+00										
7.94E+03	-2.72E-01	-2.16E+00										
7.99E+03	-2.69E-01	-2.15E+00										
8.05E+03	-2.65E-01	-2.14E+00										
8.10E+03	-2.62E-01	-2.12E+00										
8.15E+03	-2.59E-01	-2.11E+00										
8.20E+03	-2.55E-01	-2.09E+00										
8.25E+03	-2.52E-01	-2.08E+00										
8.25E+03	-2.51E-01	-2.07E+00										
0.00E+00	-8.61E-01	0.00E+00										
0.00E+00	-9.47E-01	0.00E+00										
0.00E+00	-9.56E-01	0.00E+00										
0.00E+00	-9.61E-01	0.00E+00										
0.00E+00	-9.64E-01	0.00E+00										
0.00E+00	-9.67E-01	0.00E+00										
5.34E+01	-9.67E-01	-5.17E-02										
1.07E+02	-8.67E-01	-9.31E-02										
1.58E+02	-8.28E-01	-1.31E-01										
2.09E+02	-8.06E-01	-1.68E-01										
2.59E+02	-7.91E-01	-2.05E-01										
3.12E+02	-7.79E-01	-2.43E-01										
3.62E+02	-7.68E-01	-2.78E-01										
4.13E+02	-7.58E-01	-3.13E-01										
4.65E+02	-7.49E-01	-3.48E-01										
5.15E+02	-7.41E-01	-3.82E-01										
5.67E+02	-7.33E-01	-4.16E-01										
6.18E+02	-7.25E-01	-4.48E-01										
6.71E+02	-7.19E-01	-4.82E-01										
7.25E+02	-7.12E-01	-5.16E-01										
7.75E+02	-7.06E-01	-5.47E-01										
8.26E+02	-7.00E-01	-5.78E-01										
8.77E+02	-6.94E-01	-6.09E-01										
9.31E+02	-6.88E-01	-6.41E-01										
9.82E+02	-6.83E-01	-6.70E-01										
1.03E+03	-6.77E-01	-7.01E-01										
1.09E+03	-6.72E-01	-7.29E-01										
1.14E+03	-6.68E-01	-7.59E-01										
1.19E+03	-6.62E-01	-7.87E-01										
1.24E+03	-6.58E-01	-8.15E-01										
1.29E+03	-6.53E-01	-8.42E-01										
1.34E+03	-6.49E-01	-8.71E-01										
1.39E+03	-6.44E-01	-8.98E-01										
1.45E+03	-6.40E-01	-9.25E-01										
1.50E+03	-6.36E-01	-9.51E-01										
1.55E+03	-6.31E-01	-9.76E-01										
1.60E+03	-6.28E-01	-1.00E+00										
1.65E+03	-6.24E-01	-1.03E+00										
1.70E+03	-6.19E-01	-1.05E+00										
1.75E+03	-6.16E-01	-1.08E+00										
1.80E+03	-6.12E-01	-1.10E+00										
1.85E+03	-6.08E-01	-1.13E+00										
1.90E+03	-6.04E-01	-1.15E+00										
1.95E+03	-6.01E-01	-1.17E+00										
2.01E+03	-5.97E-01	-1.20E+00										
2.06E+03	-5.93E-01	-1.22E+00										
2.11E+03	-5.90E-01	-1.24E+00										
2.16E+03	-5.86E-01	-1.27E+00										
2.21E+03	-5.83E-01	-1.29E+00										
2.27E+03	-5.79E-01	-1.31E+00										
2.32E+03	-5.76E-01	-1.34E+00										
2.37E+03	-5.72E-01	-1.36E+00										
2.42E+03	-5.69E-01	-1.38E+00										
2.47E+03	-5.66E-01	-1.40E+00										
2.53E+03	-5.63E-01	-1.42E+00										
2.58E+03	-5.59E-01	-1.44E+00										
2.63E+03	-5.56E-01	-1.46E+00										
2.69E+03	-5.53E-01	-1.48E+00										
2.74E+03	-5.49E-01	-1.50E+00										
2.79E+03	-5.47E-01	-1.52E+00										
2.84E+03	-5.44E-01	-1.54E+00										
2.89E+03	-5.40E-01	-1.56E+00										
2.94E+03	-5.37E-01	-1.58E+00										
2.99E+03	-5.34E-01	-1.60E+00										
3.05E+03	-5.31E-01	-1.62E+00										
3.10E+03	-5.28E-01	-1.64E+00										
3.15E+03	-5.25E-01	-1.65E+00										
3.21E+03	-5.22E-01	-1.67E+00										
3.26E+03	-5.19E-01	-1.69E+00										
3.31E+03	-5.16E-01	-1.71E+00										
3.36E+03	-5.13E-01	-1.72E+00										
3.41E+03	-5.10E-01	-1.74E+00										
3.47E+03	-5.07E-01	-1.76E+00										
3.52E+03	-5.04E-01	-1.77E+00										
3.57E+03	-5.01E-01	-1.79E+00										
3.62E+03	-4.98E-01	-1.81E+00										
3.68E+03	-4.96E-01	-1.82E+00										
3.73E+03	-4.93E-01	-1.84E+00										
3.78E+03	-4.90E-01	-1.85E+00										
3.83E+03	-4.87E-01	-1.87E+00										
3.89E+03	-4.84E-01	-1.88E+00										
3.94E+03	-4.82E-01	-1.90E+00										
3.99E+03	-4.79E-01	-1.91E+00										
4.04E+03	-4.76E-01	-1.92E+00										
4.09E+03	-4.74E-01	-1.94E+00										
4.15E+03	-4.71E-01	-1.95E+00										
4.20E+03	-4.68E-01	-1.97E+00										
4.25E+03	-4.65E-01	-1.98E+00										
4.30E+03	-4.62E-01	-1.99E+00										
4.35E+03	-4.60E-01	-2.00E+00										
4.40E+03	-4.57E-01	-2.01E+00										
4.46E+03	-4.54E-01	-2.02E+00										
4.51E+03	-4.52E-01	-2.04E+00										
4.56E+03	-4.49E-01	-2.05E+00										
4.61E+03	-4.47E-01	-2.06E+00										
4.66E+03	-4.44E-01	-2.07E+00										
4.71E+03	-4.41E-01	-2.08E+00										
4.77E+03	-4.39E-01	-2.09E+00										
4.82E+03	-4.36E-01	-2.10E+00										
4.87E+03	-4.33E-01	-2.11E+00										
4.92E+03	-4.30E-01	-2.12E+00										
4.97E+03	-4.28E-01	-2.13E+00										
5.03E+03	-4.25E-01	-2.14E+00										
5.08E+03	-4.23E-01	-2.15E+00										
5.13E+03	-4.20E-01	-2.16E+00										
5.18E+03	-4.18E-01	-2.16E+00										
5.23E+03	-4.15E-01	-2.17E+00										
5.28E+03	-4.13E-01	-2.18E+00										
5.33E+03	-4.10E-01	-2.19E+00										
5.38E+03	-4.08E-01	-2.19E+00										
5.43E+03	-4.05E-01	-2.20E+00										
5.48E+03	-4.02E-01	-2.21E+00										
5.54E+03	-4.00E-01	-2.21E+00										
5.59E+03	-3.97E-01	-2.22E+00										
5.64E+03	-3.95E-01	-2.23E+00										
5.69E+03	-3.92E-01	-2.23E+00										
5.74E+03	-3.89E-01	-2.24E+00										
5.80E+03	-3.87E-01	-2.24E+00										
5.85E+03	-3.84E-01	-2.25E+00										
5.90E+03	-3.81E-01	-2.25E+00										
5.95E+03	-3.79E-01	-2.25E+00										
6.00E+03	-3.76E-01	-2.26E+00										
6.05E+03	-3.73E-01	-2.26E+00										
6.11E+03	-3.71E-01	-2.27E+00										
6.16E+03	-3.68E-01	-2.27E+00										
6.21E+03	-3.66E-01	-2.27E+00										
6.26E+03	-3.63E-01	-2.27E+00										
6.32E+03	-3.60E-01	-2.28E+00										
6.37E+03	-3.57E-01	-2.28E+00										
6.42E+03	-3.55E-01	-2.28E+00										
6.47E+03	-3.52E-01	-2.28E+00										
6.53E+03	-3.49E-01	-2.28E+00										
6.58E+03	-3.46E-01	-2.28E+00										
6.63E+03	-3.44E-01	-2.28E+00										
6.68E+03	-3.41E-01	-2.28E+00										
6.73E+03	-3.39E-01	-2.28E+00										
6.78E+03	-3.36E-01	-2.28E+00										
6.84E+03	-3.33E-01	-2.28E+00										
6.89E+03	-3.30E-01	-2.27E+00										
6.94E+03	-3.28E-01	-2.27E+00										
6.99E+03	-3.25E-01	-2.27E+00										
7.04E+03	-3.22E-01	-2.27E+00										
7.09E+03	-3.19E-01	-2.26E+00										
7.14E+03	-3.16E-01	-2.26E+00										
7.20E+03	-3.14E-01	-2.26E+00										
7.25E+03	-3.11E-01	-2.25E+00										
7.30E+03	-3.08E-01	-2.25E+00										
7.35E+03	-3.05E-01	-2.24E+00										
7.41E+03	-3.02E-01	-2.24E+00										
7.46E+03	-2.99E-01	-2.23E+00										
7.51E+03	-2.96E-01	-2.22E+00										
7.56E+03	-2.93E-01	-2.22E+00										
7.61E+03	-2.91E-01	-2.21E+00										
7.66E+03	-2.87E-01	-2.20E+00										
7.72E+03	-2.85E-01	-2.20E+00										
7.77E+03	-2.82E-01	-2.19E+00										
7.82E+03	-2.79E-01	-2.18E+00										
7.87E+03	-2.75E-01	-2.17E+00										
7.92E+03	-2.73E-01	-2.16E+00										
7.97E+03	-2.69E-01	-2.15E+00										
8.03E+03	-2.66E-01	-2.14E+00										
8.08E+03	-2.63E-01	-2.12E+00										
8.13E+03	-2.60E-01	-2.12E+00										
8.18E+03	-2.57E-01	-2.10E+00										
8.23E+03	-2.54E-01	-2.09E+00										
8.27E+03	-2.51E-01	-2.08E+00										
0.00E+00	-8.61E-01	0.00E+00										
0.00E+00	-9.47E-01	0.00E+00										
0.00E+00	-9.57E-01	0.00E+00										
0.00E+00	-9.61E-01	0.00E+00										
0.00E+00	-9.64E-01	0.00E+00										
0.00E+00	-9.67E-01	0.00E+00										
4.68E+01	-9.67E-01	-4.53E-02										
9.72E+01	-8.76E-01	-8.52E-02										
1.48E+02	-8.33E-01	-1.23E-01										
1.99E+02	-8.12E-01	-1.62E-01										
2.51E+02	-7.94E-01	-1.99E-01										
3.02E+02	-7.82E-01	-2.36E-01										
3.52E+02	-7.70E-01	-2.71E-01										
4.03E+02	-7.60E-01	-3.06E-01										
4.54E+02	-7.51E-01	-3.41E-01										
5.06E+02	-7.43E-01	-3.76E-01										
5.57E+02	-7.35E-01	-4.10E-01										
6.09E+02	-7.27E-01	-4.43E-01										
6.61E+02	-7.20E-01	-4.76E-01										
7.11E+02	-7.13E-01	-5.07E-01										
7.62E+02	-7.08E-01	-5.39E-01										
8.13E+02	-7.01E-01	-5.70E-01										
8.64E+02	-6.96E-01	-6.01E-01										
9.14E+02	-6.90E-01	-6.31E-01										
9.68E+02	-6.84E-01	-6.63E-01										
1.02E+03	-6.79E-01	-6.92E-01										
1.07E+03	-6.74E-01	-7.21E-01										
1.12E+03	-6.69E-01	-7.50E-01										
1.17E+03	-6.64E-01	-7.78E-01										
1.22E+03	-6.59E-01	-8.05E-01										
1.27E+03	-6.55E-01	-8.34E-01										
1.32E+03	-6.50E-01	-8.61E-01										
1.38E+03	-6.46E-01	-8.90E-01										
1.43E+03	-6.41E-01	-9.17E-01										
1.48E+03	-6.37E-01	-9.44E-01										
1.53E+03	-6.33E-01	-9.70E-01										
1.58E+03	-6.29E-01	-9.96E-01										
1.63E+03	-6.25E-01	-1.02E+00										
1.69E+03	-6.20E-01	-1.05E+00										
1.74E+03	-6.17E-01	-1.07E+00										
1.79E+03	-6.13E-01	-1.10E+00										
1.84E+03	-6.09E-01	-1.12E+00										
1.89E+03	-6.05E-01	-1.14E+00										
1.94E+03	-6.02E-01	-1.17E+00										
1.99E+03	-5.98E-01	-1.19E+00										
2.05E+03	-5.95E-01	-1.22E+00										
2.10E+03	-5.91E-01	-1.24E+00										
2.15E+03	-5.87E-01	-1.26E+00										
2.20E+03	-5.83E-01	-1.28E+00										
2.26E+03	-5.80E-01	-1.31E+00										
2.31E+03	-5.77E-01	-1.33E+00										
2.36E+03	-5.73E-01	-1.35E+00										
2.41E+03	-5.70E-01	-1.37E+00										
2.46E+03	-5.66E-01	-1.39E+00										
2.52E+03	-5.63E-01	-1.42E+00										
2.57E+03	-5.60E-01	-1.44E+00										
2.62E+03	-5.57E-01	-1.46E+00										
2.67E+03	-5.54E-01	-1.48E+00										
2.72E+03	-5.50E-01	-1.50E+00										
2.77E+03	-5.47E-01	-1.52E+00										
2.82E+03	-5.44E-01	-1.54E+00										
2.88E+03	-5.41E-01	-1.56E+00										
2.93E+03	-5.38E-01	-1.57E+00										
2.98E+03	-5.35E-01	-1.59E+00										
3.03E+03	-5.32E-01	-1.61E+00										
3.08E+03	-5.29E-01	-1.63E+00										
3.14E+03	-5.26E-01	-1.65E+00										
3.19E+03	-5.23E-01	-1.67E+00										
3.24E+03	-5.19E-01	-1.68E+00										
3.29E+03	-5.17E-01	-1.70E+00										
3.34E+03	-5.14E-01	-1.72E+00										
3.39E+03	-5.11E-01	-1.73E+00										
3.44E+03	-5.08E-01	-1.75E+00										
3.50E+03	-5.05E-01	-1.77E+00										
3.55E+03	-5.02E-01	-1.78E+00										
3.60E+03	-4.99E-01	-1.80E+00										
3.65E+03	-4.97E-01	-1.81E+00										
3.71E+03	-4.94E-01	-1.83E+00										
3.76E+03	-4.91E-01	-1.85E+00										
3.81E+03	-4.88E-01	-1.86E+00										
3.86E+03	-4.85E-01	-1.87E+00										
3.91E+03	-4.82E-01	-1.89E+00										
3.96E+03	-4.80E-01	-1.90E+00										
4.02E+03	-4.77E-01	-1.92E+00										
4.07E+03	-4.74E-01	-1.93E+00										
4.12E+03	-4.71E-01	-1.94E+00										
4.17E+03	-4.69E-01	-1.96E+00										
4.23E+03	-4.66E-01	-1.97E+00										
4.28E+03	-4.63E-01	-1.99E+00										
4.34E+03	-4.60E-01	-2.00E+00										
4.39E+03	-4.58E-01	-2.01E+00										
4.44E+03	-4.55E-01	-2.02E+00										
4.49E+03	-4.52E-01	-2.03E+00										
4.54E+03	-4.50E-01	-2.04E+00										
4.59E+03	-4.47E-01	-2.05E+00										
4.64E+03	-4.45E-01	-2.06E+00										
4.69E+03	-4.42E-01	-2.07E+00										
4.74E+03	-4.40E-01	-2.08E+00										
4.79E+03	-4.37E-01	-2.09E+00										
4.85E+03	-4.34E-01	-2.11E+00										
4.90E+03	-4.32E-01	-2.11E+00										
4.95E+03	-4.29E-01	-2.12E+00										
5.00E+03	-4.26E-01	-2.13E+00										
5.06E+03	-4.24E-01	-2.14E+00										
5.11E+03	-4.21E-01	-2.15E+00										
5.16E+03	-4.18E-01	-2.16E+00										
5.21E+03	-4.16E-01	-2.17E+00										
5.26E+03	-4.13E-01	-2.17E+00										
5.31E+03	-4.11E-01	-2.18E+00										
5.36E+03	-4.08E-01	-2.19E+00										
5.42E+03	-4.06E-01	-2.20E+00										
5.47E+03	-4.03E-01	-2.20E+00										
5.53E+03	-4.00E-01	-2.21E+00										
5.58E+03	-3.97E-01	-2.22E+00										
5.63E+03	-3.95E-01	-2.22E+00										
5.68E+03	-3.92E-01	-2.23E+00										
5.73E+03	-3.90E-01	-2.23E+00										
5.78E+03	-3.87E-01	-2.24E+00										
5.83E+03	-3.84E-01	-2.24E+00										
5.88E+03	-3.82E-01	-2.25E+00										
5.94E+03	-3.80E-01	-2.25E+00										
5.99E+03	-3.77E-01	-2.25E+00										
6.04E+03	-3.74E-01	-2.26E+00										
6.09E+03	-3.72E-01	-2.26E+00										
6.14E+03	-3.69E-01	-2.27E+00										
6.20E+03	-3.66E-01	-2.27E+00										
6.25E+03	-3.63E-01	-2.27E+00										
6.30E+03	-3.61E-01	-2.27E+00										
6.35E+03	-3.58E-01	-2.27E+00										
6.40E+03	-3.55E-01	-2.28E+00										
6.45E+03	-3.53E-01	-2.28E+00										
6.50E+03	-3.50E-01	-2.28E+00										
6.56E+03	-3.47E-01	-2.28E+00										
6.61E+03	-3.45E-01	-2.28E+00										
6.66E+03	-3.42E-01	-2.28E+00										
6.72E+03	-3.39E-01	-2.28E+00										
6.77E+03	-3.36E-01	-2.28E+00										
6.83E+03	-3.33E-01	-2.27E+00										
6.88E+03	-3.31E-01	-2.27E+00										
6.93E+03	-3.28E-01	-2.27E+00										
6.98E+03	-3.25E-01	-2.27E+00										
7.03E+03	-3.23E-01	-2.27E+00										
7.08E+03	-3.19E-01	-2.26E+00										
7.13E+03	-3.17E-01	-2.26E+00										
7.18E+03	-3.14E-01	-2.26E+00										
7.24E+03	-3.12E-01	-2.25E+00										
7.29E+03	-3.09E-01	-2.25E+00										
7.34E+03	-3.06E-01	-2.24E+00										
7.39E+03	-3.03E-01	-2.24E+00										
7.44E+03	-3.00E-01	-2.24E+00										
7.49E+03	-2.97E-01	-2.23E+00										
7.54E+03	-2.94E-01	-2.22E+00										
7.59E+03	-2.92E-01	-2.21E+00										
7.65E+03	-2.88E-01	-2.21E+00										
7.70E+03	-2.86E-01	-2.20E+00										
7.75E+03	-2.83E-01	-2.19E+00										
7.80E+03	-2.80E-01	-2.18E+00										
7.85E+03	-2.77E-01	-2.17E+00										
7.90E+03	-2.74E-01	-2.16E+00										
7.95E+03	-2.71E-01	-2.15E+00										
8.01E+03	-2.68E-01	-2.14E+00										
8.06E+03	-2.65E-01	-2.13E+00										
8.11E+03	-2.62E-01	-2.12E+00										
8.16E+03	-2.59E-01	-2.11E+00										
8.21E+03	-2.55E-01	-2.10E+00										
8.27E+03	-2.52E-01	-2.09E+00										
8.28E+03	-2.51E-01	-2.08E+00										
0.00E+00	-8.61E-01	0.00E+00										
0.00E+00	-9.47E-01	0.00E+00										
0.00E+00	-9.56E-01	0.00E+00										
0.00E+00	-9.61E-01	0.00E+00										
0.00E+00	-9.64E-01	0.00E+00										
0.00E+00	-9.67E-01	0.00E+00										
4.93E+01	-9.67E-01	-4.77E-02										
1.02E+02	-8.72E-01	-8.88E-02										
1.54E+02	-8.30E-01	-1.28E-01										
2.05E+02	-8.09E-01	-1.66E-01										
2.56E+02	-7.93E-01	-2.03E-01										
3.06E+02	-7.80E-01	-2.39E-01										
3.58E+02	-7.69E-01	-2.75E-01										
4.09E+02	-7.59E-01	-3.11E-01										
4.60E+02	-7.50E-01	-3.45E-01										
5.11E+02	-7.42E-01	-3.79E-01										
5.62E+02	-7.34E-01	-4.12E-01										
6.12E+02	-7.27E-01	-4.45E-01										
6.63E+02	-7.20E-01	-4.78E-01										
7.13E+02	-7.14E-01	-5.09E-01										
7.64E+02	-7.08E-01	-5.40E-01										
8.14E+02	-7.01E-01	-5.71E-01										
8.66E+02	-6.96E-01	-6.03E-01										
9.17E+02	-6.90E-01	-6.33E-01										
9.69E+02	-6.85E-01	-6.64E-01										
1.02E+03	-6.79E-01	-6.94E-01										
1.08E+03	-6.74E-01	-7.26E-01										
1.13E+03	-6.69E-01	-7.55E-01										
1.18E+03	-6.64E-01	-7.82E-01										
1.23E+03	-6.59E-01	-8.10E-01										
1.28E+03	-6.55E-01	-8.38E-01										
1.33E+03	-6.50E-01	-8.66E-01										
1.38E+03	-6.46E-01	-8.93E-01										
1.44E+03	-6.42E-01	-9.22E-01										
1.49E+03	-6.37E-01	-9.48E-01										
1.54E+03	-6.33E-01	-9.74E-01										
1.59E+03	-6.29E-01	-1.00E+00										
1.64E+03	-6.25E-01	-1.03E+00										
1.69E+03	-6.21E-01	-1.05E+00										
1.74E+03	-6.17E-01	-1.08E+00										
1.80E+03	-6.13E-01	-1.10E+00										
1.85E+03	-6.09E-01	-1.12E+00										
1.90E+03	-6.06E-01	-1.15E+00										
1.95E+03	-6.02E-01	-1.17E+00										
2.00E+03	-5.98E-01	-1.20E+00										
2.05E+03	-5.95E-01	-1.22E+00										
2.10E+03	-5.91E-01	-1.24E+00										
2.15E+03	-5.87E-01	-1.26E+00										
2.20E+03	-5.84E-01	-1.29E+00										
2.25E+03	-5.81E-01	-1.31E+00										
2.30E+03	-5.77E-01	-1.33E+00										
2.36E+03	-5.74E-01	-1.35E+00										
2.41E+03	-5.71E-01	-1.38E+00										
2.46E+03	-5.67E-01	-1.40E+00										
2.51E+03	-5.64E-01	-1.42E+00										
2.56E+03	-5.61E-01	-1.44E+00										
2.61E+03	-5.58E-01	-1.46E+00										
2.67E+03	-5.54E-01	-1.48E+00										
2.72E+03	-5.51E-01	-1.50E+00										
2.77E+03	-5.48E-01	-1.52E+00										
2.82E+03	-5.45E-01	-1.54E+00										
2.87E+03	-5.42E-01	-1.56E+00										
2.92E+03	-5.38E-01	-1.57E+00										
2.98E+03	-5.35E-01	-1.59E+00										
3.03E+03	-5.32E-01	-1.61E+00										
3.08E+03	-5.29E-01	-1.63E+00										
3.13E+03	-5.26E-01	-1.65E+00										
3.19E+03	-5.23E-01	-1.67E+00										
3.24E+03	-5.20E-01	-1.69E+00										
3.29E+03	-5.18E-01	-1.70E+00										
3.34E+03	-5.14E-01	-1.72E+00										
3.39E+03	-5.12E-01	-1.74E+00										
3.45E+03	-5.09E-01	-1.75E+00										
3.50E+03	-5.06E-01	-1.77E+00										
3.55E+03	-5.03E-01	-1.78E+00										
3.60E+03	-5.00E-01	-1.80E+00										
3.65E+03	-4.97E-01	-1.82E+00										
3.70E+03	-4.94E-01	-1.83E+00										
3.75E+03	-4.92E-01	-1.85E+00										
3.81E+03	-4.89E-01	-1.86E+00										
3.86E+03	-4.86E-01	-1.87E+00										
3.91E+03	-4.84E-01	-1.89E+00										
3.96E+03	-4.81E-01	-1.90E+00										
4.01E+03	-4.78E-01	-1.92E+00										
4.06E+03	-4.75E-01	-1.93E+00										
4.11E+03	-4.73E-01	-1.94E+00										
4.16E+03	-4.70E-01	-1.96E+00										
4.21E+03	-4.67E-01	-1.97E+00										
4.27E+03	-4.65E-01	-1.98E+00										
4.32E+03	-4.62E-01	-1.99E+00										
4.37E+03	-4.59E-01	-2.01E+00										
4.42E+03	-4.57E-01	-2.02E+00										
4.47E+03	-4.54E-01	-2.03E+00										
4.52E+03	-4.52E-01	-2.04E+00										
4.57E+03	-4.49E-01	-2.05E+00										
4.62E+03	-4.46E-01	-2.06E+00										
4.67E+03	-4.44E-01	-2.07E+00										
4.72E+03	-4.41E-01	-2.08E+00										
4.78E+03	-4.39E-01	-2.09E+00										
4.83E+03	-4.36E-01	-2.10E+00										
4.88E+03	-4.34E-01	-2.11E+00										
4.93E+03	-4.31E-01	-2.12E+00										
4.98E+03	-4.28E-01	-2.13E+00										
5.03E+03	-4.25E-01	-2.14E+00										
5.08E+03	-4.23E-01	-2.15E+00										
5.14E+03	-4.20E-01	-2.16E+00										
5.19E+03	-4.18E-01	-2.17E+00										
5.24E+03	-4.15E-01	-2.18E+00										
5.29E+03	-4.13E-01	-2.18E+00										
5.34E+03	-4.10E-01	-2.19E+00										
5.40E+03	-4.07E-01	-2.20E+00										
5.45E+03	-4.05E-01	-2.20E+00										
5.50E+03	-4.02E-01	-2.21E+00										
5.55E+03	-4.00E-01	-2.22E+00										
5.60E+03	-3.97E-01	-2.22E+00										
5.65E+03	-3.95E-01	-2.23E+00										
5.70E+03	-3.92E-01	-2.24E+00										
5.75E+03	-3.90E-01	-2.24E+00										
5.81E+03	-3.87E-01	-2.25E+00										
5.86E+03	-3.84E-01	-2.25E+00										
5.91E+03	-3.82E-01	-2.26E+00										
5.96E+03	-3.79E-01	-2.26E+00										
6.01E+03	-3.76E-01	-2.26E+00										
6.06E+03	-3.74E-01	-2.27E+00										
6.11E+03	-3.71E-01	-2.27E+00										
6.16E+03	-3.69E-01	-2.27E+00										
6.21E+03	-3.66E-01	-2.27E+00										
6.26E+03	-3.63E-01	-2.28E+00										
6.31E+03	-3.61E-01	-2.28E+00										
6.37E+03	-3.58E-01	-2.28E+00										
6.42E+03	-3.56E-01	-2.28E+00										
6.47E+03	-3.53E-01	-2.28E+00										
6.52E+03	-3.50E-01	-2.28E+00										
6.58E+03	-3.47E-01	-2.28E+00										
6.63E+03	-3.45E-01	-2.29E+00										
6.68E+03	-3.42E-01	-2.28E+00										
6.73E+03	-3.40E-01	-2.29E+00										
6.78E+03	-3.37E-01	-2.29E+00										
6.84E+03	-3.34E-01	-2.29E+00										
6.89E+03	-3.31E-01	-2.28E+00										
6.94E+03	-3.29E-01	-2.28E+00										
6.99E+03	-3.26E-01	-2.28E+00										
7.04E+03	-3.23E-01	-2.28E+00										
7.09E+03	-3.21E-01	-2.27E+00										
7.15E+03	-3.17E-01	-2.27E+00										
7.20E+03	-3.14E-01	-2.26E+00										
7.25E+03	-3.12E-01	-2.26E+00										
7.30E+03	-3.09E-01	-2.25E+00										
7.36E+03	-3.06E-01	-2.25E+00										
7.41E+03	-3.03E-01	-2.24E+00										
7.46E+03	-3.00E-01	-2.24E+00										
7.51E+03	-2.97E-01	-2.23E+00										
7.56E+03	-2.94E-01	-2.22E+00										
7.61E+03	-2.92E-01	-2.22E+00										
7.67E+03	-2.88E-01	-2.21E+00										
7.72E+03	-2.86E-01	-2.20E+00										
7.77E+03	-2.83E-01	-2.20E+00										
7.82E+03	-2.80E-01	-2.19E+00										
7.87E+03	-2.77E-01	-2.18E+00										
7.92E+03	-2.74E-01	-2.17E+00										
7.97E+03	-2.71E-01	-2.16E+00										
8.03E+03	-2.68E-01	-2.15E+00										
8.08E+03	-2.65E-01	-2.14E+00										
8.13E+03	-2.62E-01	-2.13E+00										
8.18E+03	-2.59E-01	-2.12E+00										
8.23E+03	-2.55E-01	-2.10E+00										
8.28E+03	-2.52E-01	-2.09E+00										
8.30E+03	-2.51E-01	-2.09E+00										
0.00E+00	-8.61E-01	0.00E+00										
0.00E+00	-9.47E-01	0.00E+00										
0.00E+00	-9.57E-01	0.00E+00										
0.00E+00	-9.61E-01	0.00E+00										
0.00E+00	-9.64E-01	0.00E+00										
0.00E+00	-9.67E-01	0.00E+00										
4.88E+01	-9.68E-01	-4.72E-02										
1.01E+02	-8.74E-01	-8.81E-02										
1.52E+02	-8.33E-01	-1.26E-01										
2.04E+02	-8.10E-01	-1.65E-01										
2.57E+02	-7.94E-01	-2.04E-01										
3.08E+02	-7.80E-01	-2.40E-01										
3.58E+02	-7.69E-01	-2.76E-01										
4.12E+02	-7.60E-01	-3.13E-01										
4.64E+02	-7.50E-01	-3.48E-01										
5.14E+02	-7.42E-01	-3.82E-01										
5.66E+02	-7.34E-01	-4.15E-01										
6.18E+02	-7.27E-01	-4.49E-01										
6.68E+02	-7.20E-01	-4.81E-01										
7.19E+02	-7.14E-01	-5.13E-01										
7.72E+02	-7.08E-01	-5.46E-01										
8.23E+02	-7.01E-01	-5.77E-01										
8.73E+02	-6.96E-01	-6.08E-01										
9.26E+02	-6.90E-01	-6.39E-01										
9.79E+02	-6.85E-01	-6.70E-01										
1.03E+03	-6.79E-01	-6.99E-01										
1.08E+03	-6.74E-01	-7.29E-01										
1.13E+03	-6.69E-01	-7.57E-01										
1.18E+03	-6.65E-01	-7.85E-01										
1.23E+03	-6.60E-01	-8.14E-01										
1.28E+03	-6.55E-01	-8.42E-01										
1.34E+03	-6.51E-01	-8.70E-01										
1.39E+03	-6.46E-01	-8.98E-01										
1.44E+03	-6.42E-01	-9.24E-01										
1.49E+03	-6.38E-01	-9.51E-01										
1.54E+03	-6.33E-01	-9.78E-01										
1.59E+03	-6.29E-01	-1.00E+00										
1.65E+03	-6.25E-01	-1.03E+00										
1.70E+03	-6.21E-01	-1.06E+00										
1.75E+03	-6.18E-01	-1.08E+00										
1.80E+03	-6.14E-01	-1.11E+00										
1.85E+03	-6.10E-01	-1.13E+00										
1.90E+03	-6.06E-01	-1.15E+00										
1.95E+03	-6.03E-01	-1.18E+00										
2.01E+03	-5.99E-01	-1.20E+00										
2.06E+03	-5.96E-01	-1.23E+00										
2.11E+03	-5.92E-01	-1.25E+00										
2.16E+03	-5.88E-01	-1.27E+00										
2.21E+03	-5.85E-01	-1.29E+00										
2.27E+03	-5.81E-01	-1.32E+00										
2.32E+03	-5.78E-01	-1.34E+00										
2.37E+03	-5.75E-01	-1.36E+00										
2.42E+03	-5.71E-01	-1.38E+00										
2.47E+03	-5.68E-01	-1.40E+00										
2.52E+03	-5.65E-01	-1.43E+00										
2.58E+03	-5.61E-01	-1.45E+00										
2.63E+03	-5.58E-01	-1.47E+00										
2.68E+03	-5.55E-01	-1.49E+00										
2.73E+03	-5.52E-01	-1.51E+00										
2.78E+03	-5.49E-01	-1.52E+00										
2.83E+03	-5.46E-01	-1.54E+00										
2.88E+03	-5.43E-01	-1.56E+00										
2.93E+03	-5.40E-01	-1.58E+00										
2.99E+03	-5.37E-01	-1.60E+00										
3.04E+03	-5.34E-01	-1.62E+00										
3.09E+03	-5.31E-01	-1.64E+00										
3.14E+03	-5.28E-01	-1.66E+00										
3.20E+03	-5.25E-01	-1.68E+00										
3.25E+03	-5.22E-01	-1.69E+00										
3.30E+03	-5.19E-01	-1.71E+00										
3.35E+03	-5.16E-01	-1.73E+00										
3.40E+03	-5.13E-01	-1.75E+00										
3.46E+03	-5.10E-01	-1.76E+00										
3.51E+03	-5.07E-01	-1.78E+00										
3.56E+03	-5.04E-01	-1.80E+00										
3.61E+03	-5.02E-01	-1.81E+00										
3.66E+03	-4.99E-01	-1.83E+00										
3.72E+03	-4.96E-01	-1.84E+00										
3.77E+03	-4.93E-01	-1.86E+00										
3.82E+03	-4.90E-01	-1.87E+00										
3.87E+03	-4.88E-01	-1.89E+00										
3.92E+03	-4.85E-01	-1.90E+00										
3.97E+03	-4.82E-01	-1.92E+00										
4.03E+03	-4.79E-01	-1.93E+00										
4.08E+03	-4.77E-01	-1.94E+00										
4.13E+03	-4.74E-01	-1.96E+00										
4.18E+03	-4.71E-01	-1.97E+00										
4.23E+03	-4.69E-01	-1.98E+00										
4.28E+03	-4.66E-01	-2.00E+00										
4.33E+03	-4.64E-01	-2.01E+00										
4.39E+03	-4.61E-01	-2.02E+00										
4.44E+03	-4.58E-01	-2.03E+00										
4.49E+03	-4.56E-01	-2.05E+00										
4.54E+03	-4.53E-01	-2.06E+00										
4.59E+03	-4.50E-01	-2.07E+00										
4.64E+03	-4.48E-01	-2.08E+00										
4.70E+03	-4.45E-01	-2.09E+00										
4.75E+03	-4.42E-01	-2.10E+00										
4.80E+03	-4.40E-01	-2.11E+00										
4.85E+03	-4.37E-01	-2.12E+00										
4.91E+03	-4.35E-01	-2.13E+00										
4.96E+03	-4.32E-01	-2.14E+00										
5.01E+03	-4.30E-01	-2.15E+00										
5.06E+03	-4.27E-01	-2.16E+00										
5.11E+03	-4.24E-01	-2.17E+00										
5.17E+03	-4.22E-01	-2.18E+00										
5.22E+03	-4.19E-01	-2.19E+00										
5.27E+03	-4.16E-01	-2.19E+00										
5.32E+03	-4.14E-01	-2.20E+00										
5.38E+03	-4.11E-01	-2.21E+00										
5.43E+03	-4.08E-01	-2.22E+00										
5.48E+03	-4.06E-01	-2.22E+00										
5.53E+03	-4.03E-01	-2.23E+00										
5.59E+03	-4.01E-01	-2.24E+00										
5.64E+03	-3.98E-01	-2.24E+00										
5.69E+03	-3.95E-01	-2.25E+00										
5.74E+03	-3.93E-01	-2.25E+00										
5.79E+03	-3.90E-01	-2.26E+00										
5.84E+03	-3.88E-01	-2.27E+00										
5.89E+03	-3.85E-01	-2.27E+00										
5.95E+03	-3.82E-01	-2.27E+00										
6.00E+03	-3.80E-01	-2.28E+00										
6.05E+03	-3.77E-01	-2.28E+00										
6.10E+03	-3.75E-01	-2.29E+00										
6.15E+03	-3.72E-01	-2.29E+00										
6.20E+03	-3.70E-01	-2.29E+00										
6.25E+03	-3.67E-01	-2.30E+00										
6.30E+03	-3.64E-01	-2.29E+00										
6.35E+03	-3.62E-01	-2.30E+00										
6.41E+03	-3.59E-01	-2.30E+00										
6.46E+03	-3.56E-01	-2.30E+00										
6.51E+03	-3.54E-01	-2.30E+00										
6.56E+03	-3.51E-01	-2.30E+00										
6.61E+03	-3.49E-01	-2.31E+00										
6.66E+03	-3.46E-01	-2.30E+00										
6.72E+03	-3.43E-01	-2.31E+00										
6.77E+03	-3.40E-01	-2.30E+00										
6.82E+03	-3.38E-01	-2.30E+00										
6.87E+03	-3.35E-01	-2.30E+00										
6.93E+03	-3.32E-01	-2.30E+00										
6.98E+03	-3.29E-01	-2.30E+00										
7.03E+03	-3.27E-01	-2.29E+00										
7.08E+03	-3.24E-01	-2.29E+00										
7.13E+03	-3.22E-01	-2.29E+00										
7.18E+03	-3.19E-01	-2.29E+00										
7.23E+03	-3.16E-01	-2.29E+00										
7.28E+03	-3.13E-01	-2.28E+00										
7.34E+03	-3.10E-01	-2.28E+00										
7.39E+03	-3.07E-01	-2.27E+00										
7.44E+03	-3.04E-01	-2.27E+00										
7.49E+03	-3.02E-01	-2.26E+00										
7.54E+03	-2.99E-01	-2.25E+00										
7.59E+03	-2.96E-01	-2.25E+00										
7.65E+03	-2.93E-01	-2.24E+00										
7.70E+03	-2.90E-01	-2.24E+00										
7.75E+03	-2.87E-01	-2.23E+00										
7.80E+03	-2.84E-01	-2.22E+00										
7.85E+03	-2.81E-01	-2.21E+00										
7.90E+03	-2.78E-01	-2.20E+00										
7.95E+03	-2.75E-01	-2.19E+00										
8.01E+03	-2.73E-01	-2.18E+00										
8.06E+03	-2.70E-01	-2.17E+00										
8.11E+03	-2.66E-01	-2.16E+00										
8.16E+03	-2.64E-01	-2.15E+00										
8.22E+03	-2.60E-01	-2.14E+00										
8.27E+03	-2.57E-01	-2.12E+00										
8.32E+03	-2.54E-01	-2.11E+00										
8.35E+03	-2.51E-01	-2.10E+00										
0.00E+00	-8.62E-01	0.00E+00										
0.00E+00	-9.47E-01	0.00E+00										
0.00E+00	-9.56E-01	0.00E+00										
0.00E+00	-9.61E-01	0.00E+00										
0.00E+00	-9.64E-01	0.00E+00										
0.00E+00	-9.67E-01	0.00E+00										
4.88E+01	-9.68E-01	-4.72E-02										
1.00E+02	-8.72E-01	-8.74E-02										
1.53E+02	-8.32E-01	-1.27E-01										
2.06E+02	-8.10E-01	-1.67E-01										
2.57E+02	-7.93E-01	-2.04E-01										
3.09E+02	-7.80E-01	-2.41E-01										
3.59E+02	-7.70E-01	-2.76E-01										
4.09E+02	-7.60E-01	-3.11E-01										
4.60E+02	-7.51E-01	-3.45E-01										
5.10E+02	-7.43E-01	-3.79E-01										
5.61E+02	-7.36E-01	-4.13E-01										
6.14E+02	-7.28E-01	-4.47E-01										
6.65E+02	-7.22E-01	-4.80E-01										
7.17E+02	-7.15E-01	-5.13E-01										
7.69E+02	-7.08E-01	-5.44E-01										
8.22E+02	-7.02E-01	-5.77E-01										
8.73E+02	-6.96E-01	-6.08E-01										
9.24E+02	-6.91E-01	-6.38E-01										
9.80E+02	-6.85E-01	-6.71E-01										
1.03E+03	-6.79E-01	-7.00E-01										
1.08E+03	-6.75E-01	-7.30E-01										
1.13E+03	-6.69E-01	-7.58E-01										
1.18E+03	-6.65E-01	-7.86E-01										
1.23E+03	-6.61E-01	-8.15E-01										
1.29E+03	-6.56E-01	-8.43E-01										
1.34E+03	-6.51E-01	-8.71E-01										
1.39E+03	-6.47E-01	-8.99E-01										
1.44E+03	-6.43E-01	-9.27E-01										
1.49E+03	-6.38E-01	-9.54E-01										
1.55E+03	-6.34E-01	-9.80E-01										
1.60E+03	-6.30E-01	-1.01E+00										
1.65E+03	-6.26E-01	-1.03E+00										
1.70E+03	-6.22E-01	-1.06E+00										
1.75E+03	-6.18E-01	-1.08E+00										
1.80E+03	-6.14E-01	-1.11E+00										
1.85E+03	-6.10E-01	-1.13E+00										
1.91E+03	-6.07E-01	-1.16E+00										
1.96E+03	-6.03E-01	-1.18E+00										
2.01E+03	-5.99E-01	-1.21E+00										
2.06E+03	-5.95E-01	-1.23E+00										
2.12E+03	-5.92E-01	-1.25E+00										
2.17E+03	-5.88E-01	-1.28E+00										
2.22E+03	-5.85E-01	-1.30E+00										
2.27E+03	-5.82E-01	-1.32E+00										
2.32E+03	-5.78E-01	-1.34E+00										
2.37E+03	-5.75E-01	-1.36E+00										
2.42E+03	-5.72E-01	-1.38E+00										
2.47E+03	-5.68E-01	-1.41E+00										
2.52E+03	-5.65E-01	-1.43E+00										
2.58E+03	-5.62E-01	-1.45E+00										
2.63E+03	-5.58E-01	-1.47E+00										
2.68E+03	-5.55E-01	-1.49E+00										
2.73E+03	-5.52E-01	-1.51E+00										
2.79E+03	-5.49E-01	-1.53E+00										
2.84E+03	-5.46E-01	-1.55E+00										
2.89E+03	-5.42E-01	-1.57E+00										
2.94E+03	-5.39E-01	-1.59E+00										
3.00E+03	-5.37E-01	-1.61E+00										
3.05E+03	-5.33E-01	-1.63E+00										
3.10E+03	-5.31E-01	-1.65E+00										
3.15E+03	-5.27E-01	-1.66E+00										
3.21E+03	-5.24E-01	-1.68E+00										
3.26E+03	-5.21E-01	-1.70E+00										
3.31E+03	-5.19E-01	-1.72E+00										
3.36E+03	-5.16E-01	-1.73E+00										
3.41E+03	-5.13E-01	-1.75E+00										
3.46E+03	-5.10E-01	-1.77E+00										
3.51E+03	-5.07E-01	-1.78E+00										
3.57E+03	-5.04E-01	-1.80E+00										
3.62E+03	-5.01E-01	-1.82E+00										
3.67E+03	-4.99E-01	-1.83E+00										
3.72E+03	-4.96E-01	-1.85E+00										
3.78E+03	-4.93E-01	-1.86E+00										
3.83E+03	-4.90E-01	-1.88E+00										
3.88E+03	-4.88E-01	-1.89E+00										
3.93E+03	-4.84E-01	-1.90E+00										
3.98E+03	-4.82E-01	-1.92E+00										
4.03E+03	-4.79E-01	-1.93E+00										
4.08E+03	-4.77E-01	-1.95E+00										
4.13E+03	-4.74E-01	-1.96E+00										
4.19E+03	-4.71E-01	-1.97E+00										
4.24E+03	-4.69E-01	-1.99E+00										
4.29E+03	-4.66E-01	-2.00E+00										
4.34E+03	-4.63E-01	-2.01E+00										
4.39E+03	-4.60E-01	-2.02E+00										
4.44E+03	-4.58E-01	-2.03E+00										
4.50E+03	-4.55E-01	-2.05E+00										
4.55E+03	-4.53E-01	-2.06E+00										
4.60E+03	-4.50E-01	-2.07E+00										
4.65E+03	-4.48E-01	-2.08E+00										
4.70E+03	-4.45E-01	-2.09E+00										
4.75E+03	-4.42E-01	-2.10E+00										
4.80E+03	-4.40E-01	-2.11E+00										
4.85E+03	-4.37E-01	-2.12E+00										
4.90E+03	-4.35E-01	-2.13E+00										
4.95E+03	-4.32E-01	-2.14E+00										
5.01E+03	-4.30E-01	-2.15E+00										
5.06E+03	-4.27E-01	-2.16E+00										
5.11E+03	-4.24E-01	-2.17E+00										
5.16E+03	-4.22E-01	-2.18E+00										
5.21E+03	-4.19E-01	-2.18E+00										
5.26E+03	-4.16E-01	-2.19E+00										
5.31E+03	-4.14E-01	-2.20E+00										
5.36E+03	-4.12E-01	-2.21E+00										
5.41E+03	-4.09E-01	-2.21E+00										
5.47E+03	-4.06E-01	-2.22E+00										
5.52E+03	-4.04E-01	-2.23E+00										
5.57E+03	-4.01E-01	-2.23E+00										
5.62E+03	-3.99E-01	-2.24E+00										
5.67E+03	-3.96E-01	-2.25E+00										
5.73E+03	-3.93E-01	-2.25E+00										
5.78E+03	-3.91E-01	-2.26E+00										
5.83E+03	-3.88E-01	-2.26E+00										
5.88E+03	-3.86E-01	-2.27E+00										
5.93E+03	-3.83E-01	-2.27E+00										
5.98E+03	-3.80E-01	-2.28E+00										
6.03E+03	-3.78E-01	-2.28E+00										
6.09E+03	-3.75E-01	-2.28E+00										
6.14E+03	-3.73E-01	-2.29E+00										
6.19E+03	-3.70E-01	-2.29E+00										
6.24E+03	-3.67E-01	-2.29E+00										
6.30E+03	-3.64E-01	-2.29E+00										
6.35E+03	-3.62E-01	-2.29E+00										
6.40E+03	-3.59E-01	-2.30E+00										
6.45E+03	-3.56E-01	-2.30E+00										
6.50E+03	-3.54E-01	-2.30E+00										
6.55E+03	-3.51E-01	-2.30E+00										
6.60E+03	-3.48E-01	-2.30E+00										
6.66E+03	-3.46E-01	-2.30E+00										
6.71E+03	-3.43E-01	-2.30E+00										
6.76E+03	-3.40E-01	-2.30E+00										
6.81E+03	-3.37E-01	-2.30E+00										
6.87E+03	-3.35E-01	-2.30E+00										
6.92E+03	-3.32E-01	-2.30E+00										
6.97E+03	-3.29E-01	-2.29E+00										
7.02E+03	-3.26E-01	-2.29E+00										
7.07E+03	-3.24E-01	-2.29E+00										
7.12E+03	-3.21E-01	-2.28E+00										
7.17E+03	-3.18E-01	-2.28E+00										
7.23E+03	-3.15E-01	-2.28E+00										
7.28E+03	-3.12E-01	-2.27E+00										
7.33E+03	-3.09E-01	-2.27E+00										
7.39E+03	-3.06E-01	-2.26E+00										
7.44E+03	-3.04E-01	-2.26E+00										
7.49E+03	-3.01E-01	-2.25E+00										
7.54E+03	-2.98E-01	-2.25E+00										
7.59E+03	-2.95E-01	-2.24E+00										
7.64E+03	-2.92E-01	-2.23E+00										
7.70E+03	-2.89E-01	-2.22E+00										
7.75E+03	-2.86E-01	-2.22E+00										
7.80E+03	-2.83E-01	-2.21E+00										
7.85E+03	-2.80E-01	-2.20E+00										
7.90E+03	-2.77E-01	-2.19E+00										
7.95E+03	-2.74E-01	-2.18E+00										
8.01E+03	-2.71E-01	-2.17E+00										
8.06E+03	-2.68E-01	-2.16E+00										
8.11E+03	-2.65E-01	-2.15E+00										
8.16E+03	-2.62E-01	-2.14E+00										
8.21E+03	-2.59E-01	-2.13E+00										
8.26E+03	-2.56E-01	-2.11E+00										
8.31E+03	-2.53E-01	-2.10E+00										
8.33E+03	-2.51E-01	-2.09E+00										
0.00E+00	-8.61E-01	0.00E+00										
0.00E+00	-9.47E-01	0.00E+00										
0.00E+00	-9.57E-01	0.00E+00										
0.00E+00	-9.61E-01	0.00E+00										
0.00E+00	-9.64E-01	0.00E+00										
0.00E+00	-9.67E-01	0.00E+00										
5.14E+01	-9.68E-01	-4.97E-02										
1.03E+02	-8.73E-01	-8.97E-02										
1.54E+02	-8.31E-01	-1.28E-01										
2.06E+02	-8.09E-01	-1.66E-01										
2.56E+02	-7.93E-01	-2.03E-01										
3.07E+02	-7.82E-01	-2.40E-01										
3.57E+02	-7.70E-01	-2.75E-01										
4.09E+02	-7.60E-01	-3.11E-01										
4.60E+02	-7.51E-01	-3.45E-01										
5.11E+02	-7.44E-01	-3.80E-01										
5.61E+02	-7.36E-01	-4.13E-01										
6.11E+02	-7.28E-01	-4.45E-01										
6.62E+02	-7.22E-01	-4.78E-01										
7.12E+02	-7.15E-01	-5.09E-01										
7.63E+02	-7.09E-01	-5.41E-01										
8.14E+02	-7.03E-01	-5.72E-01										
8.65E+02	-6.97E-01	-6.03E-01										
9.20E+02	-6.91E-01	-6.36E-01										
9.71E+02	-6.86E-01	-6.66E-01										
1.02E+03	-6.81E-01	-6.97E-01										
1.08E+03	-6.75E-01	-7.26E-01										
1.13E+03	-6.70E-01	-7.57E-01										
1.18E+03	-6.65E-01	-7.86E-01										
1.24E+03	-6.60E-01	-8.17E-01										
1.29E+03	-6.55E-01	-8.46E-01										
1.34E+03	-6.51E-01	-8.74E-01										
1.39E+03	-6.46E-01	-9.00E-01										
1.44E+03	-6.42E-01	-9.27E-01										
1.50E+03	-6.38E-01	-9.54E-01										
1.55E+03	-6.34E-01	-9.82E-01										
1.60E+03	-6.29E-01	-1.01E+00										
1.65E+03	-6.25E-01	-1.03E+00										
1.70E+03	-6.21E-01	-1.06E+00										
1.76E+03	-6.18E-01	-1.08E+00										
1.81E+03	-6.14E-01	-1.11E+00										
1.86E+03	-6.10E-01	-1.13E+00										
1.91E+03	-6.06E-01	-1.16E+00										
1.96E+03	-6.03E-01	-1.18E+00										
2.01E+03	-5.99E-01	-1.20E+00										
2.06E+03	-5.95E-01	-1.23E+00										
2.12E+03	-5.92E-01	-1.25E+00										
2.17E+03	-5.88E-01	-1.27E+00										
2.22E+03	-5.85E-01	-1.30E+00										
2.27E+03	-5.81E-01	-1.32E+00										
2.33E+03	-5.78E-01	-1.34E+00										
2.38E+03	-5.74E-01	-1.37E+00										
2.43E+03	-5.71E-01	-1.39E+00										
2.48E+03	-5.68E-01	-1.41E+00										
2.53E+03	-5.64E-01	-1.43E+00										
2.59E+03	-5.61E-01	-1.45E+00										
2.64E+03	-5.58E-01	-1.47E+00										
2.69E+03	-5.55E-01	-1.49E+00										
2.75E+03	-5.51E-01	-1.51E+00										
2.80E+03	-5.48E-01	-1.53E+00										
2.85E+03	-5.45E-01	-1.55E+00										
2.90E+03	-5.42E-01	-1.57E+00										
2.95E+03	-5.39E-01	-1.59E+00										
3.00E+03	-5.36E-01	-1.61E+00										
3.05E+03	-5.33E-01	-1.63E+00										
3.10E+03	-5.30E-01	-1.65E+00										
3.16E+03	-5.27E-01	-1.66E+00										
3.21E+03	-5.24E-01	-1.68E+00										
3.26E+03	-5.21E-01	-1.70E+00										
3.31E+03	-5.18E-01	-1.72E+00										
3.36E+03	-5.15E-01	-1.73E+00										
3.41E+03	-5.13E-01	-1.75E+00										
3.46E+03	-5.09E-01	-1.76E+00										
3.51E+03	-5.07E-01	-1.78E+00										
3.56E+03	-5.04E-01	-1.80E+00										
3.62E+03	-5.01E-01	-1.81E+00										
3.67E+03	-4.99E-01	-1.83E+00										
3.72E+03	-4.95E-01	-1.84E+00										
3.77E+03	-4.93E-01	-1.86E+00										
3.82E+03	-4.90E-01	-1.87E+00										
3.87E+03	-4.88E-01	-1.89E+00										
3.92E+03	-4.85E-01	-1.90E+00										
3.97E+03	-4.82E-01	-1.92E+00										
4.03E+03	-4.80E-01	-1.93E+00										
4.08E+03	-4.77E-01	-1.94E+00										
4.13E+03	-4.74E-01	-1.96E+00										
4.18E+03	-4.72E-01	-1.97E+00										
4.24E+03	-4.69E-01	-1.99E+00										
4.29E+03	-4.66E-01	-2.00E+00										
4.34E+03	-4.63E-01	-2.01E+00										
4.39E+03	-4.60E-01	-2.02E+00										
4.44E+03	-4.58E-01	-2.03E+00										
4.49E+03	-4.55E-01	-2.05E+00										
4.54E+03	-4.53E-01	-2.06E+00										
4.60E+03	-4.50E-01	-2.07E+00										
4.65E+03	-4.47E-01	-2.08E+00										
4.70E+03	-4.45E-01	-2.09E+00										
4.75E+03	-4.42E-01	-2.10E+00										
4.81E+03	-4.39E-01	-2.11E+00										
4.86E+03	-4.37E-01	-2.12E+00										
4.91E+03	-4.34E-01	-2.13E+00										
4.96E+03	-4.32E-01	-2.14E+00										
5.01E+03	-4.29E-01	-2.15E+00										
5.07E+03	-4.26E-01	-2.16E+00										
5.12E+03	-4.24E-01	-2.17E+00										
5.17E+03	-4.21E-01	-2.18E+00										
5.22E+03	-4.19E-01	-2.19E+00										
5.27E+03	-4.16E-01	-2.19E+00										
5.32E+03	-4.13E-01	-2.20E+00										
5.38E+03	-4.11E-01	-2.21E+00										
5.43E+03	-4.08E-01	-2.21E+00										
5.48E+03	-4.06E-01	-2.22E+00										
5.53E+03	-4.03E-01	-2.23E+00										
5.58E+03	-4.01E-01	-2.24E+00										
5.63E+03	-3.98E-01	-2.24E+00										
5.68E+03	-3.95E-01	-2.25E+00										
5.73E+03	-3.93E-01	-2.25E+00										
5.78E+03	-3.91E-01	-2.26E+00										
5.84E+03	-3.88E-01	-2.26E+00										
5.89E+03	-3.85E-01	-2.27E+00										
5.94E+03	-3.83E-01	-2.27E+00										
5.99E+03	-3.80E-01	-2.28E+00										
6.04E+03	-3.77E-01	-2.28E+00										
6.09E+03	-3.75E-01	-2.29E+00										
6.15E+03	-3.72E-01	-2.29E+00										
6.20E+03	-3.69E-01	-2.29E+00										
6.25E+03	-3.67E-01	-2.29E+00										
6.30E+03	-3.64E-01	-2.29E+00										
6.35E+03	-3.62E-01	-2.30E+00										
6.40E+03	-3.59E-01	-2.30E+00										
6.45E+03	-3.57E-01	-2.30E+00										
6.50E+03	-3.54E-01	-2.30E+00										
6.55E+03	-3.51E-01	-2.30E+00										
6.61E+03	-3.48E-01	-2.30E+00										
6.66E+03	-3.46E-01	-2.30E+00										
6.71E+03	-3.43E-01	-2.30E+00										
6.76E+03	-3.41E-01	-2.30E+00										
6.81E+03	-3.38E-01	-2.30E+00										
6.86E+03	-3.35E-01	-2.30E+00										
6.91E+03	-3.32E-01	-2.30E+00										
6.96E+03	-3.30E-01	-2.30E+00										
7.01E+03	-3.27E-01	-2.29E+00										
7.06E+03	-3.24E-01	-2.29E+00										
7.12E+03	-3.22E-01	-2.29E+00										
7.17E+03	-3.19E-01	-2.29E+00										
7.22E+03	-3.16E-01	-2.28E+00										
7.27E+03	-3.13E-01	-2.28E+00										
7.32E+03	-3.11E-01	-2.28E+00										
7.37E+03	-3.08E-01	-2.27E+00										
7.43E+03	-3.05E-01	-2.26E+00										
7.48E+03	-3.02E-01	-2.26E+00										
7.53E+03	-2.99E-01	-2.25E+00										
7.58E+03	-2.96E-01	-2.24E+00										
7.63E+03	-2.93E-01	-2.24E+00										
7.69E+03	-2.90E-01	-2.23E+00										
7.74E+03	-2.87E-01	-2.22E+00										
7.79E+03	-2.84E-01	-2.21E+00										
7.84E+03	-2.82E-01	-2.21E+00										
7.89E+03	-2.79E-01	-2.20E+00										
7.94E+03	-2.76E-01	-2.19E+00										
7.99E+03	-2.73E-01	-2.18E+00										
8.04E+03	-2.70E-01	-2.17E+00										
8.10E+03	-2.67E-01	-2.16E+00										
8.15E+03	-2.64E-01	-2.15E+00										
8.20E+03	-2.60E-01	-2.14E+00										
8.25E+03	-2.57E-01	-2.12E+00										
8.30E+03	-2.54E-01	-2.11E+00										
8.34E+03	-2.51E-01	-2.10E+00										
0.00E+00	-8.62E-01	0.00E+00										
0.00E+00	-9.47E-01	0.00E+00										
0.00E+00	-9.56E-01	0.00E+00										
0.00E+00	-9.61E-01	0.00E+00										
0.00E+00	-9.64E-01	0.00E+00										
0.00E+00	-9.68E-01	0.00E+00										
4.53E+01	-9.68E-01	-4.38E-02										
9.57E+01	-8.79E-01	-8.41E-02										
1.47E+02	-8.36E-01	-1.23E-01										
1.98E+02	-8.12E-01	-1.61E-01										
2.49E+02	-7.95E-01	-1.98E-01										
3.00E+02	-7.83E-01	-2.35E-01										
3.52E+02	-7.72E-01	-2.72E-01										
4.02E+02	-7.62E-01	-3.06E-01										
4.56E+02	-7.52E-01	-3.43E-01										
5.07E+02	-7.44E-01	-3.77E-01										
5.61E+02	-7.37E-01	-4.13E-01										
6.11E+02	-7.29E-01	-4.46E-01										
6.65E+02	-7.22E-01	-4.80E-01										
7.16E+02	-7.15E-01	-5.12E-01										
7.67E+02	-7.09E-01	-5.44E-01										
8.19E+02	-7.02E-01	-5.75E-01										
8.69E+02	-6.97E-01	-6.06E-01										
9.20E+02	-6.91E-01	-6.36E-01										
9.71E+02	-6.86E-01	-6.67E-01										
1.02E+03	-6.81E-01	-6.96E-01										
1.07E+03	-6.76E-01	-7.26E-01										
1.13E+03	-6.71E-01	-7.55E-01										
1.18E+03	-6.66E-01	-7.83E-01										
1.23E+03	-6.61E-01	-8.12E-01										
1.28E+03	-6.57E-01	-8.41E-01										
1.33E+03	-6.52E-01	-8.70E-01										
1.39E+03	-6.48E-01	-8.98E-01										
1.44E+03	-6.43E-01	-9.24E-01										
1.49E+03	-6.39E-01	-9.51E-01										
1.54E+03	-6.35E-01	-9.78E-01										
1.59E+03	-6.31E-01	-1.00E+00										
1.64E+03	-6.27E-01	-1.03E+00										
1.69E+03	-6.22E-01	-1.05E+00										
1.74E+03	-6.19E-01	-1.08E+00										
1.80E+03	-6.15E-01	-1.10E+00										
1.85E+03	-6.11E-01	-1.13E+00										
1.90E+03	-6.07E-01	-1.15E+00										
1.95E+03	-6.04E-01	-1.18E+00										
2.00E+03	-6.00E-01	-1.20E+00										
2.05E+03	-5.97E-01	-1.22E+00										
2.10E+03	-5.93E-01	-1.25E+00										
2.15E+03	-5.90E-01	-1.27E+00										
2.20E+03	-5.86E-01	-1.29E+00										
2.25E+03	-5.83E-01	-1.31E+00										
2.31E+03	-5.79E-01	-1.34E+00										
2.36E+03	-5.76E-01	-1.36E+00										
2.41E+03	-5.73E-01	-1.38E+00										
2.46E+03	-5.69E-01	-1.40E+00										
2.51E+03	-5.66E-01	-1.42E+00										
2.57E+03	-5.63E-01	-1.44E+00										
2.62E+03	-5.60E-01	-1.47E+00										
2.67E+03	-5.57E-01	-1.49E+00										
2.72E+03	-5.53E-01	-1.50E+00										
2.77E+03	-5.50E-01	-1.52E+00										
2.82E+03	-5.48E-01	-1.54E+00										
2.87E+03	-5.44E-01	-1.56E+00										
2.92E+03	-5.41E-01	-1.58E+00										
2.98E+03	-5.38E-01	-1.60E+00										
3.03E+03	-5.35E-01	-1.62E+00										
3.08E+03	-5.32E-01	-1.64E+00										
3.13E+03	-5.29E-01	-1.66E+00										
3.18E+03	-5.26E-01	-1.67E+00										
3.23E+03	-5.23E-01	-1.69E+00										
3.29E+03	-5.20E-01	-1.71E+00										
3.34E+03	-5.17E-01	-1.73E+00										
3.39E+03	-5.15E-01	-1.74E+00										
3.44E+03	-5.12E-01	-1.76E+00										
3.49E+03	-5.09E-01	-1.78E+00										
3.54E+03	-5.06E-01	-1.79E+00										
3.59E+03	-5.03E-01	-1.81E+00										
3.64E+03	-5.00E-01	-1.82E+00										
3.70E+03	-4.98E-01	-1.84E+00										
3.75E+03	-4.95E-01	-1.86E+00										
3.80E+03	-4.92E-01	-1.87E+00										
3.85E+03	-4.89E-01	-1.89E+00										
3.91E+03	-4.87E-01	-1.90E+00										
3.96E+03	-4.84E-01	-1.92E+00										
4.01E+03	-4.81E-01	-1.93E+00										
4.06E+03	-4.78E-01	-1.94E+00										
4.12E+03	-4.76E-01	-1.96E+00										
4.17E+03	-4.73E-01	-1.97E+00										
4.22E+03	-4.70E-01	-1.98E+00										
4.27E+03	-4.68E-01	-2.00E+00										
4.32E+03	-4.65E-01	-2.01E+00										
4.37E+03	-4.62E-01	-2.02E+00										
4.42E+03	-4.60E-01	-2.03E+00										
4.47E+03	-4.57E-01	-2.05E+00										
4.53E+03	-4.55E-01	-2.06E+00										
4.58E+03	-4.52E-01	-2.07E+00										
4.63E+03	-4.50E-01	-2.08E+00										
4.68E+03	-4.47E-01	-2.09E+00										
4.73E+03	-4.44E-01	-2.10E+00										
4.78E+03	-4.41E-01	-2.11E+00										
4.83E+03	-4.39E-01	-2.12E+00										
4.88E+03	-4.36E-01	-2.13E+00										
4.93E+03	-4.34E-01	-2.14E+00										
4.99E+03	-4.31E-01	-2.15E+00										
5.04E+03	-4.29E-01	-2.16E+00										
5.09E+03	-4.26E-01	-2.17E+00										
5.14E+03	-4.24E-01	-2.18E+00										
5.19E+03	-4.21E-01	-2.19E+00										
5.25E+03	-4.18E-01	-2.19E+00										
5.30E+03	-4.16E-01	-2.20E+00										
5.35E+03	-4.13E-01	-2.21E+00										
5.40E+03	-4.11E-01	-2.22E+00										
5.45E+03	-4.08E-01	-2.22E+00										
5.50E+03	-4.06E-01	-2.23E+00										
5.55E+03	-4.03E-01	-2.24E+00										
5.61E+03	-4.01E-01	-2.25E+00										
5.66E+03	-3.98E-01	-2.25E+00										
5.71E+03	-3.95E-01	-2.26E+00										
5.76E+03	-3.93E-01	-2.26E+00										
5.81E+03	-3.90E-01	-2.27E+00										
5.86E+03	-3.88E-01	-2.27E+00										
5.92E+03	-3.85E-01	-2.28E+00										
5.97E+03	-3.82E-01	-2.28E+00										
6.02E+03	-3.79E-01	-2.29E+00										
6.08E+03	-3.77E-01	-2.29E+00										
6.13E+03	-3.74E-01	-2.29E+00										
6.18E+03	-3.72E-01	-2.30E+00										
6.23E+03	-3.69E-01	-2.30E+00										
6.28E+03	-3.66E-01	-2.30E+00										
6.33E+03	-3.64E-01	-2.30E+00										
6.38E+03	-3.61E-01	-2.31E+00										
6.43E+03	-3.59E-01	-2.31E+00										
6.49E+03	-3.56E-01	-2.31E+00										
6.54E+03	-3.53E-01	-2.31E+00										
6.59E+03	-3.51E-01	-2.31E+00										
6.64E+03	-3.48E-01	-2.31E+00										
6.69E+03	-3.45E-01	-2.31E+00										
6.74E+03	-3.43E-01	-2.31E+00										
6.79E+03	-3.40E-01	-2.31E+00										
6.84E+03	-3.38E-01	-2.31E+00										
6.89E+03	-3.35E-01	-2.31E+00										
6.94E+03	-3.32E-01	-2.31E+00										
7.00E+03	-3.29E-01	-2.30E+00										
7.05E+03	-3.27E-01	-2.30E+00										
7.10E+03	-3.24E-01	-2.30E+00										
7.15E+03	-3.21E-01	-2.30E+00										
7.20E+03	-3.18E-01	-2.29E+00										
7.25E+03	-3.15E-01	-2.29E+00										
7.30E+03	-3.13E-01	-2.28E+00										
7.36E+03	-3.10E-01	-2.28E+00										
7.41E+03	-3.07E-01	-2.27E+00										
7.46E+03	-3.04E-01	-2.27E+00										
7.51E+03	-3.01E-01	-2.26E+00										
7.56E+03	-2.98E-01	-2.26E+00										
7.61E+03	-2.96E-01	-2.25E+00										
7.67E+03	-2.93E-01	-2.24E+00										
7.72E+03	-2.90E-01	-2.24E+00										
7.77E+03	-2.87E-01	-2.23E+00										
7.82E+03	-2.84E-01	-2.22E+00										
7.87E+03	-2.81E-01	-2.21E+00										
7.92E+03	-2.78E-01	-2.20E+00										
7.97E+03	-2.75E-01	-2.19E+00										
8.02E+03	-2.72E-01	-2.19E+00										
8.08E+03	-2.69E-01	-2.17E+00										
8.13E+03	-2.66E-01	-2.16E+00										
8.18E+03	-2.63E-01	-2.15E+00										
8.23E+03	-2.60E-01	-2.14E+00										
8.28E+03	-2.57E-01	-2.13E+00										
8.33E+03	-2.54E-01	-2.11E+00										
8.37E+03	-2.51E-01	-2.10E+00										
0.00E+00	-8.62E-01	0.00E+00										
0.00E+00	-9.47E-01	0.00E+00										
0.00E+00	-9.56E-01	0.00E+00										
0.00E+00	-9.61E-01	0.00E+00										
0.00E+00	-9.64E-01	0.00E+00										
0.00E+00	-9.67E-01	0.00E+00										
5.59E+01	-9.67E-01	-5.41E-02										
1.07E+02	-8.65E-01	-9.24E-02										
1.58E+02	-8.29E-01	-1.31E-01										
2.08E+02	-8.08E-01	-1.68E-01										
2.61E+02	-7.93E-01	-2.07E-01										
3.11E+02	-7.80E-01	-2.43E-01										
3.61E+02	-7.70E-01	-2.78E-01										
4.17E+02	-7.60E-01	-3.17E-01										
4.71E+02	-7.51E-01	-3.54E-01										
5.24E+02	-7.42E-01	-3.89E-01										
5.78E+02	-7.34E-01	-4.25E-01										
6.30E+02	-7.27E-01	-4.58E-01										
6.82E+02	-7.20E-01	-4.91E-01										
7.32E+02	-7.13E-01	-5.22E-01										
7.84E+02	-7.07E-01	-5.54E-01										
8.37E+02	-7.01E-01	-5.87E-01										
8.89E+02	-6.96E-01	-6.19E-01										
9.40E+02	-6.90E-01	-6.48E-01										
9.90E+02	-6.85E-01	-6.78E-01										
1.04E+03	-6.80E-01	-7.09E-01										
1.10E+03	-6.74E-01	-7.39E-01										
1.15E+03	-6.69E-01	-7.68E-01										
1.20E+03	-6.64E-01	-7.98E-01										
1.25E+03	-6.60E-01	-8.25E-01										
1.30E+03	-6.55E-01	-8.53E-01										
1.35E+03	-6.51E-01	-8.80E-01										
1.40E+03	-6.46E-01	-9.06E-01										
1.45E+03	-6.42E-01	-9.34E-01										
1.51E+03	-6.38E-01	-9.61E-01										
1.56E+03	-6.34E-01	-9.87E-01										
1.61E+03	-6.30E-01	-1.01E+00										
1.66E+03	-6.26E-01	-1.04E+00										
1.71E+03	-6.22E-01	-1.06E+00										
1.77E+03	-6.18E-01	-1.09E+00										
1.82E+03	-6.14E-01	-1.12E+00										
1.87E+03	-6.10E-01	-1.14E+00										
1.92E+03	-6.06E-01	-1.17E+00										
1.98E+03	-6.03E-01	-1.19E+00										
2.03E+03	-5.99E-01	-1.22E+00										
2.08E+03	-5.95E-01	-1.24E+00										
2.13E+03	-5.92E-01	-1.26E+00										
2.18E+03	-5.88E-01	-1.28E+00										
2.23E+03	-5.85E-01	-1.31E+00										
2.29E+03	-5.81E-01	-1.33E+00										
2.34E+03	-5.78E-01	-1.35E+00										
2.39E+03	-5.75E-01	-1.37E+00										
2.44E+03	-5.72E-01	-1.39E+00										
2.49E+03	-5.68E-01	-1.42E+00										
2.54E+03	-5.65E-01	-1.43E+00										
2.59E+03	-5.62E-01	-1.46E+00										
2.64E+03	-5.59E-01	-1.48E+00										
2.69E+03	-5.56E-01	-1.50E+00										
2.74E+03	-5.53E-01	-1.52E+00										
2.79E+03	-5.50E-01	-1.54E+00										
2.84E+03	-5.46E-01	-1.55E+00										
2.90E+03	-5.44E-01	-1.57E+00										
2.95E+03	-5.40E-01	-1.59E+00										
3.01E+03	-5.37E-01	-1.62E+00										
3.06E+03	-5.34E-01	-1.63E+00										
3.11E+03	-5.31E-01	-1.65E+00										
3.16E+03	-5.28E-01	-1.67E+00										
3.22E+03	-5.25E-01	-1.69E+00										
3.27E+03	-5.22E-01	-1.71E+00										
3.32E+03	-5.19E-01	-1.72E+00										
3.37E+03	-5.16E-01	-1.74E+00										
3.42E+03	-5.13E-01	-1.76E+00										
3.47E+03	-5.11E-01	-1.77E+00										
3.53E+03	-5.08E-01	-1.79E+00										
3.58E+03	-5.05E-01	-1.81E+00										
3.63E+03	-5.02E-01	-1.82E+00										
3.68E+03	-4.99E-01	-1.84E+00										
3.73E+03	-4.96E-01	-1.85E+00										
3.79E+03	-4.94E-01	-1.87E+00										
3.84E+03	-4.91E-01	-1.88E+00										
3.89E+03	-4.88E-01	-1.90E+00										
3.94E+03	-4.85E-01	-1.91E+00										
3.99E+03	-4.82E-01	-1.93E+00										
4.05E+03	-4.80E-01	-1.94E+00										
4.10E+03	-4.77E-01	-1.96E+00										
4.15E+03	-4.74E-01	-1.97E+00										
4.20E+03	-4.72E-01	-1.98E+00										
4.25E+03	-4.69E-01	-2.00E+00										
4.31E+03	-4.67E-01	-2.01E+00										
4.36E+03	-4.64E-01	-2.02E+00										
4.41E+03	-4.61E-01	-2.03E+00										
4.46E+03	-4.58E-01	-2.05E+00										
4.52E+03	-4.56E-01	-2.06E+00										
4.57E+03	-4.53E-01	-2.07E+00										
4.62E+03	-4.50E-01	-2.08E+00										
4.67E+03	-4.48E-01	-2.09E+00										
4.72E+03	-4.45E-01	-2.10E+00										
4.77E+03	-4.43E-01	-2.11E+00										
4.83E+03	-4.40E-01	-2.12E+00										
4.88E+03	-4.38E-01	-2.13E+00										
4.93E+03	-4.35E-01	-2.14E+00										
4.98E+03	-4.32E-01	-2.15E+00										
5.03E+03	-4.30E-01	-2.16E+00										
5.08E+03	-4.27E-01	-2.17E+00										
5.13E+03	-4.25E-01	-2.18E+00										
5.18E+03	-4.22E-01	-2.19E+00										
5.23E+03	-4.20E-01	-2.20E+00										
5.28E+03	-4.17E-01	-2.21E+00										
5.33E+03	-4.15E-01	-2.21E+00										
5.39E+03	-4.12E-01	-2.22E+00										
5.44E+03	-4.10E-01	-2.23E+00										
5.49E+03	-4.07E-01	-2.23E+00										
5.54E+03	-4.05E-01	-2.24E+00										
5.59E+03	-4.02E-01	-2.25E+00										
5.64E+03	-4.00E-01	-2.25E+00										
5.70E+03	-3.97E-01	-2.26E+00										
5.75E+03	-3.94E-01	-2.27E+00										
5.80E+03	-3.92E-01	-2.27E+00										
5.85E+03	-3.89E-01	-2.28E+00										
5.90E+03	-3.86E-01	-2.28E+00										
5.96E+03	-3.84E-01	-2.29E+00										
6.01E+03	-3.81E-01	-2.29E+00										
6.06E+03	-3.78E-01	-2.29E+00										
6.11E+03	-3.76E-01	-2.30E+00										
6.16E+03	-3.73E-01	-2.30E+00										
6.22E+03	-3.71E-01	-2.31E+00										
6.27E+03	-3.68E-01	-2.31E+00										
6.32E+03	-3.65E-01	-2.31E+00										
6.37E+03	-3.63E-01	-2.31E+00										
6.42E+03	-3.60E-01	-2.31E+00										
6.47E+03	-3.57E-01	-2.31E+00										
6.52E+03	-3.55E-01	-2.32E+00										
6.57E+03	-3.52E-01	-2.32E+00										
6.63E+03	-3.50E-01	-2.32E+00										
6.68E+03	-3.47E-01	-2.32E+00										
6.73E+03	-3.44E-01	-2.32E+00										
6.79E+03	-3.41E-01	-2.32E+00										
6.84E+03	-3.38E-01	-2.31E+00										
6.89E+03	-3.36E-01	-2.31E+00										
6.94E+03	-3.33E-01	-2.31E+00										
7.00E+03	-3.31E-01	-2.31E+00										
7.05E+03	-3.28E-01	-2.31E+00										
7.10E+03	-3.25E-01	-2.31E+00										
7.15E+03	-3.22E-01	-2.30E+00										
7.20E+03	-3.19E-01	-2.30E+00										
7.25E+03	-3.17E-01	-2.30E+00										
7.31E+03	-3.14E-01	-2.29E+00										
7.36E+03	-3.11E-01	-2.29E+00										
7.41E+03	-3.08E-01	-2.28E+00										
7.46E+03	-3.05E-01	-2.28E+00										
7.51E+03	-3.03E-01	-2.28E+00										
7.57E+03	-3.00E-01	-2.27E+00										
7.62E+03	-2.97E-01	-2.26E+00										
7.68E+03	-2.94E-01	-2.26E+00										
7.73E+03	-2.90E-01	-2.24E+00										
7.78E+03	-2.88E-01	-2.24E+00										
7.84E+03	-2.85E-01	-2.23E+00										
7.89E+03	-2.81E-01	-2.22E+00										
7.94E+03	-2.79E-01	-2.21E+00										
8.00E+03	-2.75E-01	-2.20E+00										
8.05E+03	-2.72E-01	-2.19E+00										
8.10E+03	-2.70E-01	-2.18E+00										
8.15E+03	-2.66E-01	-2.17E+00										
8.20E+03	-2.63E-01	-2.16E+00										
8.25E+03	-2.60E-01	-2.15E+00										
8.30E+03	-2.57E-01	-2.14E+00										
8.35E+03	-2.54E-01	-2.12E+00										
8.39E+03	-2.51E-01	-2.11E+00										
0.00E+00	-8.62E-01	0.00E+00										
0.00E+00	-9.47E-01	0.00E+00										
0.00E+00	-9.56E-01	0.00E+00										
0.00E+00	-9.61E-01	0.00E+00										
0.00E+00	-9.64E-01	0.00E+00										
0.00E+00	-9.67E-01	0.00E+00										
4.17E+01	-9.68E-01	-4.03E-02										
9.21E+01	-8.89E-01	-8.19E-02										
1.43E+02	-8.36E-01	-1.19E-01										
1.93E+02	-8.13E-01	-1.57E-01										
2.43E+02	-7.98E-01	-1.94E-01										
2.95E+02	-7.85E-01	-2.31E-01										
3.46E+02	-7.73E-01	-2.68E-01										
3.97E+02	-7.63E-01	-3.03E-01										
4.48E+02	-7.54E-01	-3.38E-01										
4.99E+02	-7.46E-01	-3.73E-01										
5.51E+02	-7.38E-01	-4.07E-01										
6.02E+02	-7.31E-01	-4.40E-01										
6.53E+02	-7.24E-01	-4.73E-01										
7.04E+02	-7.17E-01	-5.05E-01										
7.54E+02	-7.11E-01	-5.36E-01										
8.04E+02	-7.05E-01	-5.67E-01										
8.56E+02	-7.00E-01	-5.99E-01										
9.07E+02	-6.94E-01	-6.29E-01										
9.58E+02	-6.88E-01	-6.60E-01										
1.01E+03	-6.84E-01	-6.91E-01										
1.06E+03	-6.78E-01	-7.20E-01										
1.11E+03	-6.73E-01	-7.49E-01										
1.17E+03	-6.68E-01	-7.79E-01										
1.22E+03	-6.64E-01	-8.07E-01										
1.27E+03	-6.59E-01	-8.38E-01										
1.32E+03	-6.54E-01	-8.66E-01										
1.38E+03	-6.50E-01	-8.93E-01										
1.43E+03	-6.45E-01	-9.20E-01										
1.48E+03	-6.41E-01	-9.47E-01										
1.53E+03	-6.37E-01	-9.74E-01										
1.58E+03	-6.33E-01	-1.00E+00										
1.63E+03	-6.29E-01	-1.03E+00										
1.68E+03	-6.25E-01	-1.05E+00										
1.74E+03	-6.21E-01	-1.08E+00										
1.79E+03	-6.17E-01	-1.10E+00										
1.84E+03	-6.13E-01	-1.13E+00										
1.89E+03	-6.09E-01	-1.15E+00										
1.94E+03	-6.06E-01	-1.18E+00										
1.99E+03	-6.02E-01	-1.20E+00										
2.04E+03	-5.99E-01	-1.22E+00										
2.09E+03	-5.95E-01	-1.25E+00										
2.15E+03	-5.92E-01	-1.27E+00										
2.20E+03	-5.88E-01	-1.29E+00										
2.25E+03	-5.85E-01	-1.32E+00										
2.30E+03	-5.82E-01	-1.34E+00										
2.35E+03	-5.78E-01	-1.36E+00										
2.41E+03	-5.75E-01	-1.38E+00										
2.46E+03	-5.72E-01	-1.40E+00										
2.51E+03	-5.68E-01	-1.43E+00										
2.56E+03	-5.65E-01	-1.45E+00										
2.61E+03	-5.62E-01	-1.47E+00										
2.66E+03	-5.59E-01	-1.49E+00										
2.71E+03	-5.56E-01	-1.51E+00										
2.77E+03	-5.52E-01	-1.53E+00										
2.82E+03	-5.49E-01	-1.55E+00										
2.87E+03	-5.46E-01	-1.57E+00										
2.92E+03	-5.43E-01	-1.59E+00										
2.98E+03	-5.40E-01	-1.61E+00										
3.03E+03	-5.37E-01	-1.63E+00										
3.08E+03	-5.34E-01	-1.65E+00										
3.13E+03	-5.31E-01	-1.66E+00										
3.19E+03	-5.28E-01	-1.68E+00										
3.24E+03	-5.25E-01	-1.70E+00										
3.29E+03	-5.22E-01	-1.72E+00										
3.34E+03	-5.19E-01	-1.73E+00										
3.39E+03	-5.16E-01	-1.75E+00										
3.44E+03	-5.14E-01	-1.77E+00										
3.49E+03	-5.11E-01	-1.78E+00										
3.55E+03	-5.08E-01	-1.80E+00										
3.60E+03	-5.05E-01	-1.82E+00										
3.65E+03	-5.02E-01	-1.83E+00										
3.70E+03	-4.99E-01	-1.85E+00										
3.75E+03	-4.96E-01	-1.86E+00										
3.81E+03	-4.94E-01	-1.88E+00										
3.86E+03	-4.91E-01	-1.90E+00										
3.91E+03	-4.89E-01	-1.91E+00										
3.96E+03	-4.86E-01	-1.92E+00										
4.01E+03	-4.83E-01	-1.94E+00										
4.07E+03	-4.81E-01	-1.95E+00										
4.12E+03	-4.78E-01	-1.97E+00										
4.17E+03	-4.75E-01	-1.98E+00										
4.22E+03	-4.73E-01	-1.99E+00										
4.27E+03	-4.70E-01	-2.01E+00										
4.32E+03	-4.67E-01	-2.02E+00										
4.37E+03	-4.65E-01	-2.03E+00										
4.43E+03	-4.62E-01	-2.04E+00										
4.48E+03	-4.59E-01	-2.06E+00										
4.53E+03	-4.57E-01	-2.07E+00										
4.58E+03	-4.54E-01	-2.08E+00										
4.63E+03	-4.51E-01	-2.09E+00										
4.68E+03	-4.49E-01	-2.10E+00										
4.74E+03	-4.46E-01	-2.11E+00										
4.79E+03	-4.44E-01	-2.12E+00										
4.84E+03	-4.41E-01	-2.13E+00										
4.89E+03	-4.39E-01	-2.14E+00										
4.94E+03	-4.36E-01	-2.15E+00										
4.99E+03	-4.34E-01	-2.16E+00										
5.04E+03	-4.31E-01	-2.17E+00										
5.09E+03	-4.29E-01	-2.18E+00										
5.14E+03	-4.26E-01	-2.19E+00										
5.19E+03	-4.24E-01	-2.20E+00										
5.25E+03	-4.21E-01	-2.21E+00										
5.30E+03	-4.19E-01	-2.22E+00										
5.35E+03	-4.16E-01	-2.22E+00										
5.40E+03	-4.13E-01	-2.23E+00										
5.45E+03	-4.11E-01	-2.24E+00										
5.50E+03	-4.09E-01	-2.25E+00										
5.55E+03	-4.06E-01	-2.25E+00										
5.60E+03	-4.03E-01	-2.26E+00										
5.65E+03	-4.01E-01	-2.27E+00										
5.71E+03	-3.98E-01	-2.27E+00										
5.76E+03	-3.96E-01	-2.28E+00										
5.81E+03	-3.93E-01	-2.28E+00										
5.87E+03	-3.90E-01	-2.29E+00										
5.92E+03	-3.87E-01	-2.29E+00										
5.97E+03	-3.85E-01	-2.30E+00										
6.03E+03	-3.82E-01	-2.30E+00										
6.08E+03	-3.80E-01	-2.31E+00										
6.13E+03	-3.77E-01	-2.31E+00										
6.18E+03	-3.74E-01	-2.31E+00										
6.23E+03	-3.72E-01	-2.32E+00										
6.28E+03	-3.69E-01	-2.32E+00										
6.33E+03	-3.67E-01	-2.32E+00										
6.38E+03	-3.64E-01	-2.32E+00										
6.44E+03	-3.62E-01	-2.33E+00										
6.49E+03	-3.59E-01	-2.33E+00										
6.54E+03	-3.56E-01	-2.33E+00										
6.60E+03	-3.53E-01	-2.33E+00										
6.65E+03	-3.51E-01	-2.33E+00										
6.70E+03	-3.48E-01	-2.33E+00										
6.75E+03	-3.45E-01	-2.33E+00										
6.80E+03	-3.43E-01	-2.33E+00										
6.85E+03	-3.40E-01	-2.33E+00										
6.91E+03	-3.37E-01	-2.33E+00										
6.96E+03	-3.34E-01	-2.33E+00										
7.01E+03	-3.32E-01	-2.33E+00										
7.06E+03	-3.29E-01	-2.32E+00										
7.11E+03	-3.26E-01	-2.32E+00										
7.17E+03	-3.24E-01	-2.32E+00										
7.22E+03	-3.21E-01	-2.32E+00										
7.27E+03	-3.18E-01	-2.31E+00										
7.32E+03	-3.15E-01	-2.31E+00										
7.37E+03	-3.13E-01	-2.31E+00										
7.43E+03	-3.10E-01	-2.30E+00										
7.48E+03	-3.07E-01	-2.29E+00										
7.53E+03	-3.04E-01	-2.29E+00										
7.58E+03	-3.01E-01	-2.28E+00										
7.63E+03	-2.98E-01	-2.28E+00										
7.69E+03	-2.95E-01	-2.27E+00										
7.74E+03	-2.93E-01	-2.26E+00										
7.79E+03	-2.89E-01	-2.25E+00										
7.85E+03	-2.87E-01	-2.25E+00										
7.90E+03	-2.83E-01	-2.24E+00										
7.95E+03	-2.80E-01	-2.23E+00										
8.00E+03	-2.78E-01	-2.22E+00										
8.05E+03	-2.74E-01	-2.21E+00										
8.10E+03	-2.72E-01	-2.20E+00										
8.15E+03	-2.69E-01	-2.19E+00										
8.20E+03	-2.66E-01	-2.18E+00										
8.25E+03	-2.63E-01	-2.17E+00										
8.30E+03	-2.60E-01	-2.16E+00										
8.36E+03	-2.56E-01	-2.14E+00										
8.41E+03	-2.53E-01	-2.13E+00										
8.43E+03	-2.51E-01	-2.12E+00										
0.00E+00	-8.62E-01	0.00E+00										
0.00E+00	-9.47E-01	0.00E+00										
0.00E+00	-9.56E-01	0.00E+00										
0.00E+00	-9.61E-01	0.00E+00										
0.00E+00	-9.64E-01	0.00E+00										
0.00E+00	-9.67E-01	0.00E+00										
4.58E+01	-9.67E-01	-4.43E-02										
9.67E+01	-8.80E-01	-8.51E-02										
1.50E+02	-8.34E-01	-1.25E-01										
2.02E+02	-8.12E-01	-1.64E-01										
2.55E+02	-7.96E-01	-2.03E-01										
3.06E+02	-7.82E-01	-2.40E-01										
3.59E+02	-7.71E-01	-2.77E-01										
4.10E+02	-7.61E-01	-3.12E-01										
4.60E+02	-7.52E-01	-3.46E-01										
5.14E+02	-7.45E-01	-3.83E-01										
5.65E+02	-7.36E-01	-4.16E-01										
6.16E+02	-7.30E-01	-4.49E-01										
6.68E+02	-7.23E-01	-4.84E-01										
7.20E+02	-7.16E-01	-5.15E-01										
7.73E+02	-7.10E-01	-5.49E-01										
8.26E+02	-7.04E-01	-5.81E-01										
8.78E+02	-6.98E-01	-6.13E-01										
9.31E+02	-6.92E-01	-6.44E-01										
9.83E+02	-6.86E-01	-6.75E-01										
1.03E+03	-6.81E-01	-7.05E-01										
1.09E+03	-6.76E-01	-7.34E-01										
1.14E+03	-6.71E-01	-7.64E-01										
1.19E+03	-6.67E-01	-7.92E-01										
1.24E+03	-6.62E-01	-8.20E-01										
1.29E+03	-6.57E-01	-8.50E-01										
1.34E+03	-6.53E-01	-8.77E-01										
1.40E+03	-6.48E-01	-9.04E-01										
1.45E+03	-6.44E-01	-9.35E-01										
1.50E+03	-6.40E-01	-9.62E-01										
1.55E+03	-6.36E-01	-9.88E-01										
1.61E+03	-6.31E-01	-1.01E+00										
1.66E+03	-6.27E-01	-1.04E+00										
1.71E+03	-6.24E-01	-1.07E+00										
1.76E+03	-6.20E-01	-1.09E+00										
1.81E+03	-6.16E-01	-1.12E+00										
1.87E+03	-6.12E-01	-1.14E+00										
1.92E+03	-6.08E-01	-1.17E+00										
1.97E+03	-6.04E-01	-1.19E+00										
2.02E+03	-6.01E-01	-1.22E+00										
2.08E+03	-5.97E-01	-1.24E+00										
2.13E+03	-5.94E-01	-1.26E+00										
2.18E+03	-5.90E-01	-1.29E+00										
2.23E+03	-5.87E-01	-1.31E+00										
2.28E+03	-5.84E-01	-1.33E+00										
2.33E+03	-5.80E-01	-1.35E+00										
2.38E+03	-5.77E-01	-1.37E+00										
2.43E+03	-5.74E-01	-1.40E+00										
2.49E+03	-5.70E-01	-1.42E+00										
2.54E+03	-5.67E-01	-1.44E+00										
2.59E+03	-5.64E-01	-1.46E+00										
2.64E+03	-5.61E-01	-1.48E+00										
2.70E+03	-5.57E-01	-1.50E+00										
2.75E+03	-5.54E-01	-1.52E+00										
2.80E+03	-5.51E-01	-1.54E+00										
2.85E+03	-5.48E-01	-1.56E+00										
2.90E+03	-5.45E-01	-1.58E+00										
2.95E+03	-5.42E-01	-1.60E+00										
3.01E+03	-5.39E-01	-1.62E+00										
3.06E+03	-5.36E-01	-1.64E+00										
3.11E+03	-5.33E-01	-1.66E+00										
3.16E+03	-5.30E-01	-1.68E+00										
3.21E+03	-5.27E-01	-1.69E+00										
3.27E+03	-5.24E-01	-1.71E+00										
3.32E+03	-5.21E-01	-1.73E+00										
3.37E+03	-5.18E-01	-1.75E+00										
3.42E+03	-5.15E-01	-1.76E+00										
3.47E+03	-5.13E-01	-1.78E+00										
3.52E+03	-5.10E-01	-1.80E+00										
3.57E+03	-5.07E-01	-1.81E+00										
3.63E+03	-5.04E-01	-1.83E+00										
3.68E+03	-5.01E-01	-1.84E+00										
3.73E+03	-4.99E-01	-1.86E+00										
3.78E+03	-4.96E-01	-1.88E+00										
3.83E+03	-4.93E-01	-1.89E+00										
3.89E+03	-4.91E-01	-1.91E+00										
3.94E+03	-4.88E-01	-1.92E+00										
3.99E+03	-4.85E-01	-1.94E+00										
4.04E+03	-4.82E-01	-1.95E+00										
4.09E+03	-4.80E-01	-1.96E+00										
4.15E+03	-4.77E-01	-1.98E+00										
4.20E+03	-4.74E-01	-1.99E+00										
4.25E+03	-4.72E-01	-2.00E+00										
4.30E+03	-4.69E-01	-2.02E+00										
4.35E+03	-4.66E-01	-2.03E+00										
4.40E+03	-4.64E-01	-2.04E+00										
4.45E+03	-4.61E-01	-2.05E+00										
4.50E+03	-4.59E-01	-2.07E+00										
4.55E+03	-4.56E-01	-2.08E+00										
4.60E+03	-4.54E-01	-2.09E+00										
4.66E+03	-4.51E-01	-2.10E+00										
4.71E+03	-4.48E-01	-2.11E+00										
4.76E+03	-4.46E-01	-2.12E+00										
4.81E+03	-4.43E-01	-2.13E+00										
4.86E+03	-4.41E-01	-2.14E+00										
4.92E+03	-4.38E-01	-2.15E+00										
4.97E+03	-4.36E-01	-2.16E+00										
5.02E+03	-4.33E-01	-2.17E+00										
5.08E+03	-4.30E-01	-2.18E+00										
5.13E+03	-4.28E-01	-2.19E+00										
5.18E+03	-4.25E-01	-2.20E+00										
5.23E+03	-4.22E-01	-2.21E+00										
5.28E+03	-4.20E-01	-2.22E+00										
5.34E+03	-4.17E-01	-2.23E+00										
5.39E+03	-4.15E-01	-2.23E+00										
5.44E+03	-4.12E-01	-2.24E+00										
5.49E+03	-4.10E-01	-2.25E+00										
5.54E+03	-4.07E-01	-2.26E+00										
5.59E+03	-4.05E-01	-2.26E+00										
5.65E+03	-4.02E-01	-2.27E+00										
5.70E+03	-3.99E-01	-2.28E+00										
5.75E+03	-3.97E-01	-2.28E+00										
5.80E+03	-3.94E-01	-2.29E+00										
5.86E+03	-3.92E-01	-2.29E+00										
5.91E+03	-3.89E-01	-2.30E+00										
5.96E+03	-3.87E-01	-2.30E+00										
6.01E+03	-3.84E-01	-2.31E+00										
6.06E+03	-3.82E-01	-2.31E+00										
6.11E+03	-3.79E-01	-2.32E+00										
6.17E+03	-3.76E-01	-2.32E+00										
6.22E+03	-3.74E-01	-2.32E+00										
6.27E+03	-3.71E-01	-2.33E+00										
6.32E+03	-3.68E-01	-2.33E+00										
6.37E+03	-3.65E-01	-2.33E+00										
6.43E+03	-3.63E-01	-2.33E+00										
6.48E+03	-3.60E-01	-2.33E+00										
6.53E+03	-3.58E-01	-2.34E+00										
6.58E+03	-3.55E-01	-2.34E+00										
6.63E+03	-3.52E-01	-2.34E+00										
6.69E+03	-3.50E-01	-2.34E+00										
6.74E+03	-3.47E-01	-2.34E+00										
6.79E+03	-3.44E-01	-2.34E+00										
6.84E+03	-3.42E-01	-2.34E+00										
6.89E+03	-3.39E-01	-2.34E+00										
6.94E+03	-3.36E-01	-2.34E+00										
7.00E+03	-3.34E-01	-2.34E+00										
7.05E+03	-3.31E-01	-2.33E+00										
7.10E+03	-3.28E-01	-2.33E+00										
7.15E+03	-3.25E-01	-2.33E+00										
7.20E+03	-3.23E-01	-2.32E+00										
7.26E+03	-3.20E-01	-2.32E+00										
7.31E+03	-3.17E-01	-2.32E+00										
7.36E+03	-3.14E-01	-2.31E+00										
7.41E+03	-3.12E-01	-2.31E+00										
7.47E+03	-3.08E-01	-2.30E+00										
7.52E+03	-3.06E-01	-2.30E+00										
7.57E+03	-3.03E-01	-2.29E+00										
7.62E+03	-3.00E-01	-2.29E+00										
7.67E+03	-2.97E-01	-2.28E+00										
7.73E+03	-2.94E-01	-2.28E+00										
7.78E+03	-2.91E-01	-2.27E+00										
7.83E+03	-2.89E-01	-2.26E+00										
7.88E+03	-2.86E-01	-2.25E+00										
7.94E+03	-2.83E-01	-2.24E+00										
7.99E+03	-2.80E-01	-2.23E+00										
8.04E+03	-2.77E-01	-2.22E+00										
8.09E+03	-2.74E-01	-2.22E+00										
8.14E+03	-2.70E-01	-2.20E+00										
8.19E+03	-2.68E-01	-2.19E+00										
8.25E+03	-2.65E-01	-2.18E+00										
8.30E+03	-2.62E-01	-2.17E+00										
8.35E+03	-2.58E-01	-2.16E+00										
8.40E+03	-2.55E-01	-2.15E+00										
8.45E+03	-2.52E-01	-2.13E+00										
8.46E+03	-2.51E-01	-2.13E+00										
0.00E+00	-8.62E-01	0.00E+00										
0.00E+00	-9.47E-01	0.00E+00										
0.00E+00	-9.56E-01	0.00E+00										
0.00E+00	-9.61E-01	0.00E+00										
0.00E+00	-9.64E-01	0.00E+00										
0.00E+00	-9.67E-01	0.00E+00										
5.09E+01	-9.67E-01	-4.92E-02										
1.03E+02	-8.72E-01	-8.96E-02										
1.54E+02	-8.32E-01	-1.28E-01										
2.05E+02	-8.10E-01	-1.66E-01										
2.57E+02	-7.95E-01	-2.04E-01										
3.07E+02	-7.82E-01	-2.41E-01										
3.61E+02	-7.71E-01	-2.78E-01										
4.15E+02	-7.62E-01	-3.16E-01										
4.65E+02	-7.52E-01	-3.50E-01										
5.16E+02	-7.44E-01	-3.84E-01										
5.67E+02	-7.37E-01	-4.18E-01										
6.17E+02	-7.30E-01	-4.50E-01										
6.68E+02	-7.23E-01	-4.83E-01										
7.19E+02	-7.16E-01	-5.15E-01										
7.73E+02	-7.10E-01	-5.49E-01										
8.24E+02	-7.04E-01	-5.80E-01										
8.75E+02	-6.99E-01	-6.11E-01										
9.26E+02	-6.93E-01	-6.42E-01										
9.78E+02	-6.87E-01	-6.72E-01										
1.03E+03	-6.82E-01	-7.01E-01										
1.08E+03	-6.78E-01	-7.31E-01										
1.13E+03	-6.73E-01	-7.59E-01										
1.18E+03	-6.68E-01	-7.87E-01										
1.23E+03	-6.64E-01	-8.16E-01										
1.28E+03	-6.59E-01	-8.45E-01										
1.34E+03	-6.54E-01	-8.74E-01										
1.39E+03	-6.50E-01	-9.00E-01										
1.44E+03	-6.46E-01	-9.27E-01										
1.49E+03	-6.42E-01	-9.54E-01										
1.54E+03	-6.38E-01	-9.81E-01										
1.59E+03	-6.33E-01	-1.01E+00										
1.64E+03	-6.30E-01	-1.03E+00										
1.69E+03	-6.25E-01	-1.06E+00										
1.74E+03	-6.22E-01	-1.08E+00										
1.79E+03	-6.18E-01	-1.11E+00										
1.84E+03	-6.14E-01	-1.13E+00										
1.90E+03	-6.11E-01	-1.16E+00										
1.95E+03	-6.07E-01	-1.18E+00										
2.00E+03	-6.04E-01	-1.21E+00										
2.05E+03	-6.00E-01	-1.23E+00										
2.10E+03	-5.96E-01	-1.25E+00										
2.15E+03	-5.93E-01	-1.28E+00										
2.21E+03	-5.89E-01	-1.30E+00										
2.26E+03	-5.86E-01	-1.32E+00										
2.31E+03	-5.83E-01	-1.35E+00										
2.36E+03	-5.79E-01	-1.37E+00										
2.41E+03	-5.76E-01	-1.39E+00										
2.46E+03	-5.73E-01	-1.41E+00										
2.52E+03	-5.69E-01	-1.43E+00										
2.57E+03	-5.66E-01	-1.45E+00										
2.62E+03	-5.63E-01	-1.47E+00										
2.67E+03	-5.60E-01	-1.49E+00										
2.72E+03	-5.57E-01	-1.52E+00										
2.77E+03	-5.53E-01	-1.53E+00										
2.83E+03	-5.50E-01	-1.56E+00										
2.88E+03	-5.47E-01	-1.58E+00										
2.93E+03	-5.45E-01	-1.59E+00										
2.98E+03	-5.42E-01	-1.61E+00										
3.03E+03	-5.39E-01	-1.63E+00										
3.08E+03	-5.36E-01	-1.65E+00										
3.13E+03	-5.33E-01	-1.67E+00										
3.18E+03	-5.30E-01	-1.69E+00										
3.23E+03	-5.27E-01	-1.70E+00										
3.29E+03	-5.24E-01	-1.72E+00										
3.34E+03	-5.21E-01	-1.74E+00										
3.39E+03	-5.18E-01	-1.76E+00										
3.44E+03	-5.15E-01	-1.77E+00										
3.50E+03	-5.13E-01	-1.79E+00										
3.55E+03	-5.10E-01	-1.81E+00										
3.60E+03	-5.07E-01	-1.82E+00										
3.65E+03	-5.04E-01	-1.84E+00										
3.70E+03	-5.01E-01	-1.86E+00										
3.75E+03	-4.99E-01	-1.87E+00										
3.81E+03	-4.96E-01	-1.89E+00										
3.86E+03	-4.93E-01	-1.90E+00										
3.91E+03	-4.91E-01	-1.92E+00										
3.96E+03	-4.88E-01	-1.93E+00										
4.01E+03	-4.85E-01	-1.95E+00										
4.06E+03	-4.82E-01	-1.96E+00										
4.11E+03	-4.80E-01	-1.97E+00										
4.16E+03	-4.77E-01	-1.99E+00										
4.21E+03	-4.75E-01	-2.00E+00										
4.27E+03	-4.72E-01	-2.01E+00										
4.32E+03	-4.70E-01	-2.03E+00										
4.37E+03	-4.67E-01	-2.04E+00										
4.42E+03	-4.64E-01	-2.05E+00										
4.47E+03	-4.62E-01	-2.06E+00										
4.52E+03	-4.59E-01	-2.08E+00										
4.57E+03	-4.57E-01	-2.09E+00										
4.62E+03	-4.54E-01	-2.10E+00										
4.68E+03	-4.52E-01	-2.11E+00										
4.73E+03	-4.49E-01	-2.12E+00										
4.78E+03	-4.46E-01	-2.13E+00										
4.83E+03	-4.44E-01	-2.14E+00										
4.88E+03	-4.41E-01	-2.15E+00										
4.93E+03	-4.39E-01	-2.16E+00										
4.98E+03	-4.36E-01	-2.17E+00										
5.03E+03	-4.34E-01	-2.18E+00										
5.09E+03	-4.31E-01	-2.19E+00										
5.14E+03	-4.29E-01	-2.20E+00										
5.19E+03	-4.26E-01	-2.21E+00										
5.24E+03	-4.24E-01	-2.22E+00										
5.29E+03	-4.21E-01	-2.23E+00										
5.34E+03	-4.18E-01	-2.23E+00										
5.39E+03	-4.16E-01	-2.24E+00										
5.44E+03	-4.13E-01	-2.25E+00										
5.50E+03	-4.11E-01	-2.26E+00										
5.55E+03	-4.08E-01	-2.27E+00										
5.60E+03	-4.06E-01	-2.27E+00										
5.65E+03	-4.03E-01	-2.28E+00										
5.71E+03	-4.01E-01	-2.29E+00										
5.76E+03	-3.98E-01	-2.29E+00										
5.81E+03	-3.96E-01	-2.30E+00										
5.86E+03	-3.93E-01	-2.30E+00										
5.91E+03	-3.90E-01	-2.31E+00										
5.96E+03	-3.88E-01	-2.31E+00										
6.01E+03	-3.85E-01	-2.32E+00										
6.06E+03	-3.83E-01	-2.32E+00										
6.12E+03	-3.80E-01	-2.33E+00										
6.17E+03	-3.77E-01	-2.33E+00										
6.22E+03	-3.75E-01	-2.33E+00										
6.27E+03	-3.73E-01	-2.34E+00										
6.33E+03	-3.70E-01	-2.34E+00										
6.38E+03	-3.67E-01	-2.34E+00										
6.43E+03	-3.65E-01	-2.34E+00										
6.48E+03	-3.62E-01	-2.35E+00										
6.53E+03	-3.59E-01	-2.35E+00										
6.59E+03	-3.57E-01	-2.35E+00										
6.64E+03	-3.54E-01	-2.35E+00										
6.69E+03	-3.51E-01	-2.35E+00										
6.74E+03	-3.49E-01	-2.35E+00										
6.79E+03	-3.46E-01	-2.35E+00										
6.84E+03	-3.43E-01	-2.35E+00										
6.90E+03	-3.40E-01	-2.35E+00										
6.95E+03	-3.38E-01	-2.35E+00										
7.00E+03	-3.35E-01	-2.35E+00										
7.05E+03	-3.33E-01	-2.34E+00										
7.10E+03	-3.30E-01	-2.34E+00										
7.15E+03	-3.27E-01	-2.34E+00										
7.20E+03	-3.25E-01	-2.34E+00										
7.26E+03	-3.22E-01	-2.33E+00										
7.31E+03	-3.19E-01	-2.33E+00										
7.36E+03	-3.16E-01	-2.33E+00										
7.41E+03	-3.14E-01	-2.32E+00										
7.46E+03	-3.11E-01	-2.32E+00										
7.51E+03	-3.08E-01	-2.31E+00										
7.56E+03	-3.05E-01	-2.31E+00										
7.61E+03	-3.02E-01	-2.30E+00										
7.66E+03	-3.00E-01	-2.30E+00										
7.72E+03	-2.97E-01	-2.29E+00										
7.77E+03	-2.94E-01	-2.28E+00										
7.82E+03	-2.91E-01	-2.27E+00										
7.87E+03	-2.88E-01	-2.27E+00										
7.92E+03	-2.85E-01	-2.26E+00										
7.97E+03	-2.82E-01	-2.25E+00										
8.02E+03	-2.79E-01	-2.24E+00										
8.08E+03	-2.76E-01	-2.23E+00										
8.13E+03	-2.73E-01	-2.22E+00										
8.18E+03	-2.71E-01	-2.21E+00										
8.23E+03	-2.68E-01	-2.20E+00										
8.28E+03	-2.65E-01	-2.19E+00										
8.33E+03	-2.62E-01	-2.18E+00										
8.38E+03	-2.58E-01	-2.17E+00										
8.43E+03	-2.55E-01	-2.15E+00										
8.48E+03	-2.52E-01	-2.14E+00										
8.49E+03	-2.51E-01	-2.13E+00										
0.00E+00	-8.62E-01	0.00E+00										
0.00E+00	-9.46E-01	0.00E+00										
0.00E+00	-9.56E-01	0.00E+00										
0.00E+00	-9.61E-01	0.00E+00										
0.00E+00	-9.64E-01	0.00E+00										
0.00E+00	-9.67E-01	0.00E+00										
5.09E+01	-9.67E-01	-4.92E-02										
1.01E+02	-8.79E-01	-8.90E-02										
1.53E+02	-8.33E-01	-1.28E-01										
2.04E+02	-8.11E-01	-1.65E-01										
2.58E+02	-7.95E-01	-2.05E-01										
3.09E+02	-7.82E-01	-2.42E-01										
3.63E+02	-7.72E-01	-2.80E-01										
4.15E+02	-7.61E-01	-3.16E-01										
4.68E+02	-7.53E-01	-3.52E-01										
5.19E+02	-7.44E-01	-3.86E-01										
5.70E+02	-7.37E-01	-4.20E-01										
6.20E+02	-7.29E-01	-4.52E-01										
6.73E+02	-7.23E-01	-4.86E-01										
7.23E+02	-7.17E-01	-5.18E-01										
7.75E+02	-7.10E-01	-5.50E-01										
8.29E+02	-7.04E-01	-5.84E-01										
8.80E+02	-6.98E-01	-6.15E-01										
9.34E+02	-6.93E-01	-6.47E-01										
9.85E+02	-6.87E-01	-6.77E-01										
1.04E+03	-6.82E-01	-7.07E-01										
1.09E+03	-6.78E-01	-7.38E-01										
1.14E+03	-6.72E-01	-7.68E-01										
1.19E+03	-6.67E-01	-7.96E-01										
1.25E+03	-6.62E-01	-8.25E-01										
1.30E+03	-6.58E-01	-8.53E-01										
1.35E+03	-6.53E-01	-8.82E-01										
1.40E+03	-6.49E-01	-9.09E-01										
1.45E+03	-6.45E-01	-9.37E-01										
1.50E+03	-6.41E-01	-9.64E-01										
1.55E+03	-6.37E-01	-9.90E-01										
1.61E+03	-6.33E-01	-1.02E+00										
1.66E+03	-6.29E-01	-1.04E+00										
1.71E+03	-6.25E-01	-1.07E+00										
1.76E+03	-6.21E-01	-1.09E+00										
1.81E+03	-6.17E-01	-1.12E+00										
1.87E+03	-6.14E-01	-1.14E+00										
1.92E+03	-6.10E-01	-1.17E+00										
1.97E+03	-6.06E-01	-1.20E+00										
2.03E+03	-6.02E-01	-1.22E+00										
2.08E+03	-5.99E-01	-1.24E+00										
2.13E+03	-5.95E-01	-1.27E+00										
2.18E+03	-5.92E-01	-1.29E+00										
2.23E+03	-5.88E-01	-1.31E+00										
2.28E+03	-5.85E-01	-1.33E+00										
2.33E+03	-5.82E-01	-1.36E+00										
2.38E+03	-5.78E-01	-1.38E+00										
2.43E+03	-5.75E-01	-1.40E+00										
2.49E+03	-5.72E-01	-1.42E+00										
2.54E+03	-5.69E-01	-1.44E+00										
2.59E+03	-5.66E-01	-1.46E+00										
2.64E+03	-5.63E-01	-1.49E+00										
2.69E+03	-5.60E-01	-1.51E+00										
2.74E+03	-5.56E-01	-1.53E+00										
2.80E+03	-5.53E-01	-1.55E+00										
2.85E+03	-5.50E-01	-1.57E+00										
2.90E+03	-5.47E-01	-1.59E+00										
2.95E+03	-5.44E-01	-1.61E+00										
3.00E+03	-5.41E-01	-1.62E+00										
3.05E+03	-5.38E-01	-1.64E+00										
3.10E+03	-5.35E-01	-1.66E+00										
3.16E+03	-5.32E-01	-1.68E+00										
3.21E+03	-5.29E-01	-1.70E+00										
3.26E+03	-5.27E-01	-1.71E+00										
3.31E+03	-5.24E-01	-1.73E+00										
3.36E+03	-5.21E-01	-1.75E+00										
3.41E+03	-5.18E-01	-1.77E+00										
3.46E+03	-5.15E-01	-1.78E+00										
3.51E+03	-5.13E-01	-1.80E+00										
3.57E+03	-5.10E-01	-1.82E+00										
3.62E+03	-5.07E-01	-1.83E+00										
3.67E+03	-5.04E-01	-1.85E+00										
3.72E+03	-5.01E-01	-1.86E+00										
3.77E+03	-4.99E-01	-1.88E+00										
3.82E+03	-4.96E-01	-1.90E+00										
3.87E+03	-4.93E-01	-1.91E+00										
3.92E+03	-4.91E-01	-1.93E+00										
3.98E+03	-4.88E-01	-1.94E+00										
4.03E+03	-4.86E-01	-1.95E+00										
4.08E+03	-4.83E-01	-1.97E+00										
4.13E+03	-4.80E-01	-1.98E+00										
4.18E+03	-4.78E-01	-2.00E+00										
4.23E+03	-4.75E-01	-2.01E+00										
4.28E+03	-4.73E-01	-2.02E+00										
4.33E+03	-4.70E-01	-2.04E+00										
4.39E+03	-4.67E-01	-2.05E+00										
4.44E+03	-4.64E-01	-2.06E+00										
4.49E+03	-4.62E-01	-2.07E+00										
4.54E+03	-4.59E-01	-2.08E+00										
4.59E+03	-4.57E-01	-2.10E+00										
4.64E+03	-4.54E-01	-2.11E+00										
4.69E+03	-4.52E-01	-2.12E+00										
4.74E+03	-4.49E-01	-2.13E+00										
4.80E+03	-4.47E-01	-2.14E+00										
4.85E+03	-4.44E-01	-2.15E+00										
4.90E+03	-4.41E-01	-2.16E+00										
4.95E+03	-4.39E-01	-2.17E+00										
5.00E+03	-4.36E-01	-2.18E+00										
5.06E+03	-4.34E-01	-2.19E+00										
5.11E+03	-4.31E-01	-2.20E+00										
5.16E+03	-4.29E-01	-2.21E+00										
5.21E+03	-4.26E-01	-2.22E+00										
5.26E+03	-4.23E-01	-2.23E+00										
5.31E+03	-4.21E-01	-2.24E+00										
5.37E+03	-4.19E-01	-2.25E+00										
5.42E+03	-4.16E-01	-2.25E+00										
5.47E+03	-4.14E-01	-2.26E+00										
5.52E+03	-4.11E-01	-2.27E+00										
5.58E+03	-4.08E-01	-2.28E+00										
5.63E+03	-4.06E-01	-2.28E+00										
5.68E+03	-4.03E-01	-2.29E+00										
5.73E+03	-4.00E-01	-2.30E+00										
5.78E+03	-3.98E-01	-2.30E+00										
5.84E+03	-3.96E-01	-2.31E+00										
5.89E+03	-3.93E-01	-2.31E+00										
5.94E+03	-3.90E-01	-2.32E+00										
5.99E+03	-3.88E-01	-2.32E+00										
6.04E+03	-3.85E-01	-2.33E+00										
6.09E+03	-3.83E-01	-2.33E+00										
6.14E+03	-3.80E-01	-2.34E+00										
6.20E+03	-3.78E-01	-2.34E+00										
6.25E+03	-3.75E-01	-2.34E+00										
6.30E+03	-3.73E-01	-2.35E+00										
6.35E+03	-3.70E-01	-2.35E+00										
6.40E+03	-3.67E-01	-2.35E+00										
6.45E+03	-3.64E-01	-2.35E+00										
6.51E+03	-3.62E-01	-2.36E+00										
6.56E+03	-3.60E-01	-2.36E+00										
6.61E+03	-3.57E-01	-2.36E+00										
6.66E+03	-3.54E-01	-2.36E+00										
6.71E+03	-3.51E-01	-2.36E+00										
6.76E+03	-3.49E-01	-2.36E+00										
6.82E+03	-3.46E-01	-2.36E+00										
6.87E+03	-3.43E-01	-2.36E+00										
6.92E+03	-3.41E-01	-2.36E+00										
6.97E+03	-3.38E-01	-2.36E+00										
7.02E+03	-3.35E-01	-2.36E+00										
7.08E+03	-3.33E-01	-2.35E+00										
7.13E+03	-3.30E-01	-2.35E+00										
7.18E+03	-3.27E-01	-2.35E+00										
7.23E+03	-3.25E-01	-2.35E+00										
7.28E+03	-3.22E-01	-2.34E+00										
7.33E+03	-3.19E-01	-2.34E+00										
7.38E+03	-3.17E-01	-2.34E+00										
7.43E+03	-3.14E-01	-2.33E+00										
7.49E+03	-3.11E-01	-2.33E+00										
7.54E+03	-3.08E-01	-2.32E+00										
7.59E+03	-3.06E-01	-2.32E+00										
7.64E+03	-3.03E-01	-2.31E+00										
7.69E+03	-3.00E-01	-2.31E+00										
7.74E+03	-2.97E-01	-2.30E+00										
7.79E+03	-2.94E-01	-2.29E+00										
7.84E+03	-2.91E-01	-2.29E+00										
7.89E+03	-2.89E-01	-2.28E+00										
7.95E+03	-2.86E-01	-2.27E+00										
8.00E+03	-2.83E-01	-2.26E+00										
8.05E+03	-2.80E-01	-2.25E+00										
8.10E+03	-2.77E-01	-2.24E+00										
8.15E+03	-2.74E-01	-2.23E+00										
8.20E+03	-2.71E-01	-2.22E+00										
8.25E+03	-2.68E-01	-2.21E+00										
8.31E+03	-2.65E-01	-2.20E+00										
8.36E+03	-2.62E-01	-2.19E+00										
8.41E+03	-2.59E-01	-2.18E+00										
8.46E+03	-2.55E-01	-2.16E+00										
8.51E+03	-2.52E-01	-2.15E+00										
8.52E+03	-2.51E-01	-2.14E+00										
0.00E+00	-8.63E-01	0.00E+00										
0.00E+00	-9.46E-01	0.00E+00										
0.00E+00	-9.56E-01	0.00E+00										
0.00E+00	-9.61E-01	0.00E+00										
0.00E+00	-9.64E-01	0.00E+00										
0.00E+00	-9.67E-01	0.00E+00										
5.09E+01	-9.67E-01	-4.92E-02										
1.01E+02	-8.72E-01	-8.83E-02										
1.52E+02	-8.32E-01	-1.26E-01										
2.05E+02	-8.11E-01	-1.66E-01										
2.55E+02	-7.96E-01	-2.03E-01										
3.05E+02	-7.83E-01	-2.39E-01										
3.57E+02	-7.73E-01	-2.76E-01										
4.11E+02	-7.62E-01	-3.14E-01										
4.63E+02	-7.53E-01	-3.49E-01										
5.14E+02	-7.45E-01	-3.83E-01										
5.64E+02	-7.38E-01	-4.16E-01										
6.15E+02	-7.31E-01	-4.49E-01										
6.65E+02	-7.24E-01	-4.82E-01										
7.15E+02	-7.17E-01	-5.13E-01										
7.66E+02	-7.12E-01	-5.45E-01										
8.17E+02	-7.06E-01	-5.77E-01										
8.67E+02	-7.00E-01	-6.07E-01										
9.22E+02	-6.95E-01	-6.40E-01										
9.73E+02	-6.89E-01	-6.71E-01										
1.02E+03	-6.84E-01	-7.01E-01										
1.07E+03	-6.79E-01	-7.30E-01										
1.13E+03	-6.74E-01	-7.60E-01										
1.18E+03	-6.69E-01	-7.89E-01										
1.23E+03	-6.64E-01	-8.19E-01										
1.28E+03	-6.59E-01	-8.47E-01										
1.33E+03	-6.55E-01	-8.74E-01										
1.39E+03	-6.51E-01	-9.02E-01										
1.44E+03	-6.47E-01	-9.31E-01										
1.49E+03	-6.42E-01	-9.57E-01										
1.54E+03	-6.38E-01	-9.86E-01										
1.60E+03	-6.34E-01	-1.01E+00										
1.65E+03	-6.30E-01	-1.04E+00										
1.70E+03	-6.26E-01	-1.06E+00										
1.75E+03	-6.23E-01	-1.09E+00										
1.80E+03	-6.18E-01	-1.11E+00										
1.85E+03	-6.15E-01	-1.14E+00										
1.90E+03	-6.11E-01	-1.16E+00										
1.96E+03	-6.08E-01	-1.19E+00										
2.01E+03	-6.04E-01	-1.21E+00										
2.06E+03	-6.00E-01	-1.24E+00										
2.11E+03	-5.97E-01	-1.26E+00										
2.16E+03	-5.94E-01	-1.28E+00										
2.21E+03	-5.90E-01	-1.31E+00										
2.26E+03	-5.87E-01	-1.33E+00										
2.32E+03	-5.84E-01	-1.35E+00										
2.37E+03	-5.80E-01	-1.37E+00										
2.42E+03	-5.76E-01	-1.40E+00										
2.47E+03	-5.73E-01	-1.42E+00										
2.52E+03	-5.70E-01	-1.44E+00										
2.58E+03	-5.67E-01	-1.46E+00										
2.63E+03	-5.64E-01	-1.48E+00										
2.68E+03	-5.61E-01	-1.50E+00										
2.73E+03	-5.58E-01	-1.52E+00										
2.78E+03	-5.55E-01	-1.54E+00										
2.83E+03	-5.52E-01	-1.56E+00										
2.89E+03	-5.48E-01	-1.58E+00										
2.94E+03	-5.45E-01	-1.60E+00										
2.99E+03	-5.42E-01	-1.62E+00										
3.04E+03	-5.39E-01	-1.64E+00										
3.10E+03	-5.36E-01	-1.66E+00										
3.15E+03	-5.34E-01	-1.68E+00										
3.20E+03	-5.30E-01	-1.70E+00										
3.25E+03	-5.28E-01	-1.72E+00										
3.30E+03	-5.25E-01	-1.73E+00										
3.35E+03	-5.22E-01	-1.75E+00										
3.40E+03	-5.19E-01	-1.77E+00										
3.46E+03	-5.16E-01	-1.78E+00										
3.51E+03	-5.13E-01	-1.80E+00										
3.56E+03	-5.11E-01	-1.82E+00										
3.61E+03	-5.08E-01	-1.83E+00										
3.67E+03	-5.05E-01	-1.85E+00										
3.72E+03	-5.02E-01	-1.87E+00										
3.77E+03	-5.00E-01	-1.88E+00										
3.82E+03	-4.97E-01	-1.90E+00										
3.87E+03	-4.94E-01	-1.91E+00										
3.92E+03	-4.92E-01	-1.93E+00										
3.97E+03	-4.89E-01	-1.94E+00										
4.03E+03	-4.86E-01	-1.96E+00										
4.08E+03	-4.83E-01	-1.97E+00										
4.13E+03	-4.81E-01	-1.99E+00										
4.19E+03	-4.78E-01	-2.00E+00										
4.24E+03	-4.75E-01	-2.01E+00										
4.29E+03	-4.73E-01	-2.03E+00										
4.34E+03	-4.70E-01	-2.04E+00										
4.39E+03	-4.68E-01	-2.05E+00										
4.44E+03	-4.65E-01	-2.07E+00										
4.49E+03	-4.62E-01	-2.08E+00										
4.55E+03	-4.60E-01	-2.09E+00										
4.60E+03	-4.57E-01	-2.10E+00										
4.65E+03	-4.55E-01	-2.11E+00										
4.70E+03	-4.52E-01	-2.12E+00										
4.75E+03	-4.49E-01	-2.14E+00										
4.80E+03	-4.47E-01	-2.15E+00										
4.85E+03	-4.44E-01	-2.16E+00										
4.91E+03	-4.42E-01	-2.17E+00										
4.96E+03	-4.39E-01	-2.18E+00										
5.01E+03	-4.37E-01	-2.19E+00										
5.06E+03	-4.34E-01	-2.20E+00										
5.11E+03	-4.32E-01	-2.21E+00										
5.17E+03	-4.29E-01	-2.22E+00										
5.22E+03	-4.27E-01	-2.23E+00										
5.27E+03	-4.24E-01	-2.23E+00										
5.32E+03	-4.21E-01	-2.24E+00										
5.37E+03	-4.19E-01	-2.25E+00										
5.42E+03	-4.16E-01	-2.26E+00										
5.48E+03	-4.14E-01	-2.27E+00										
5.53E+03	-4.11E-01	-2.27E+00										
5.58E+03	-4.09E-01	-2.28E+00										
5.63E+03	-4.06E-01	-2.29E+00										
5.68E+03	-4.04E-01	-2.29E+00										
5.73E+03	-4.01E-01	-2.30E+00										
5.78E+03	-3.99E-01	-2.31E+00										
5.83E+03	-3.96E-01	-2.31E+00										
5.88E+03	-3.94E-01	-2.32E+00										
5.94E+03	-3.91E-01	-2.32E+00										
5.99E+03	-3.89E-01	-2.33E+00										
6.04E+03	-3.86E-01	-2.33E+00										
6.10E+03	-3.84E-01	-2.34E+00										
6.15E+03	-3.80E-01	-2.34E+00										
6.20E+03	-3.78E-01	-2.34E+00										
6.26E+03	-3.75E-01	-2.35E+00										
6.31E+03	-3.73E-01	-2.35E+00										
6.36E+03	-3.70E-01	-2.35E+00										
6.41E+03	-3.68E-01	-2.36E+00										
6.46E+03	-3.65E-01	-2.36E+00										
6.51E+03	-3.63E-01	-2.36E+00										
6.56E+03	-3.60E-01	-2.36E+00										
6.62E+03	-3.57E-01	-2.36E+00										
6.67E+03	-3.54E-01	-2.36E+00										
6.72E+03	-3.52E-01	-2.36E+00										
6.77E+03	-3.49E-01	-2.36E+00										
6.83E+03	-3.47E-01	-2.37E+00										
6.88E+03	-3.44E-01	-2.37E+00										
6.93E+03	-3.41E-01	-2.36E+00										
6.98E+03	-3.38E-01	-2.36E+00										
7.03E+03	-3.36E-01	-2.36E+00										
7.08E+03	-3.33E-01	-2.36E+00										
7.13E+03	-3.31E-01	-2.36E+00										
7.19E+03	-3.28E-01	-2.36E+00										
7.24E+03	-3.25E-01	-2.35E+00										
7.29E+03	-3.22E-01	-2.35E+00										
7.34E+03	-3.20E-01	-2.35E+00										
7.39E+03	-3.17E-01	-2.34E+00										
7.44E+03	-3.14E-01	-2.34E+00										
7.50E+03	-3.11E-01	-2.33E+00										
7.55E+03	-3.08E-01	-2.33E+00										
7.60E+03	-3.06E-01	-2.32E+00										
7.65E+03	-3.03E-01	-2.32E+00										
7.70E+03	-3.00E-01	-2.31E+00										
7.75E+03	-2.97E-01	-2.30E+00										
7.80E+03	-2.94E-01	-2.30E+00										
7.86E+03	-2.91E-01	-2.29E+00										
7.91E+03	-2.88E-01	-2.28E+00										
7.96E+03	-2.86E-01	-2.27E+00										
8.01E+03	-2.83E-01	-2.26E+00										
8.06E+03	-2.80E-01	-2.26E+00										
8.11E+03	-2.77E-01	-2.25E+00										
8.16E+03	-2.74E-01	-2.24E+00										
8.21E+03	-2.71E-01	-2.23E+00										
8.26E+03	-2.68E-01	-2.21E+00										
8.32E+03	-2.65E-01	-2.21E+00										
8.37E+03	-2.62E-01	-2.19E+00										
8.42E+03	-2.59E-01	-2.18E+00										
8.47E+03	-2.55E-01	-2.16E+00										
8.52E+03	-2.53E-01	-2.15E+00										
8.53E+03	-2.51E-01	-2.14E+00										
0.00E+00	-8.62E-01	0.00E+00										
0.00E+00	-9.46E-01	0.00E+00										
0.00E+00	-9.56E-01	0.00E+00										
0.00E+00	-9.61E-01	0.00E+00										
0.00E+00	-9.64E-01	0.00E+00										
0.00E+00	-9.67E-01	0.00E+00										
4.73E+01	-9.67E-01	-4.57E-02										
9.77E+01	-8.78E-01	-8.58E-02										
1.48E+02	-8.34E-01	-1.24E-01										
1.99E+02	-8.14E-01	-1.62E-01										
2.50E+02	-7.97E-01	-2.00E-01										
3.01E+02	-7.84E-01	-2.36E-01										
3.52E+02	-7.74E-01	-2.73E-01										
4.03E+02	-7.64E-01	-3.08E-01										
4.55E+02	-7.55E-01	-3.43E-01										
5.05E+02	-7.47E-01	-3.77E-01										
5.55E+02	-7.40E-01	-4.11E-01										
6.06E+02	-7.32E-01	-4.43E-01										
6.56E+02	-7.26E-01	-4.76E-01										
7.08E+02	-7.19E-01	-5.09E-01										
7.60E+02	-7.13E-01	-5.42E-01										
8.11E+02	-7.07E-01	-5.73E-01										
8.61E+02	-7.01E-01	-6.04E-01										
9.12E+02	-6.95E-01	-6.34E-01										
9.62E+02	-6.91E-01	-6.65E-01										
1.01E+03	-6.85E-01	-6.94E-01										
1.06E+03	-6.80E-01	-7.24E-01										
1.12E+03	-6.75E-01	-7.54E-01										
1.17E+03	-6.70E-01	-7.83E-01										
1.22E+03	-6.65E-01	-8.13E-01										
1.28E+03	-6.61E-01	-8.43E-01										
1.33E+03	-6.56E-01	-8.70E-01										
1.38E+03	-6.52E-01	-8.98E-01										
1.43E+03	-6.47E-01	-9.27E-01										
1.48E+03	-6.43E-01	-9.54E-01										
1.53E+03	-6.40E-01	-9.81E-01										
1.59E+03	-6.35E-01	-1.01E+00										
1.64E+03	-6.31E-01	-1.03E+00										
1.69E+03	-6.27E-01	-1.06E+00										
1.74E+03	-6.23E-01	-1.09E+00										
1.79E+03	-6.20E-01	-1.11E+00										
1.84E+03	-6.16E-01	-1.14E+00										
1.90E+03	-6.12E-01	-1.16E+00										
1.95E+03	-6.08E-01	-1.19E+00										
2.00E+03	-6.04E-01	-1.21E+00										
2.05E+03	-6.01E-01	-1.23E+00										
2.10E+03	-5.98E-01	-1.26E+00										
2.15E+03	-5.94E-01	-1.28E+00										
2.21E+03	-5.91E-01	-1.30E+00										
2.26E+03	-5.87E-01	-1.33E+00										
2.31E+03	-5.84E-01	-1.35E+00										
2.36E+03	-5.81E-01	-1.37E+00										
2.41E+03	-5.78E-01	-1.39E+00										
2.47E+03	-5.74E-01	-1.42E+00										
2.52E+03	-5.71E-01	-1.44E+00										
2.57E+03	-5.68E-01	-1.46E+00										
2.62E+03	-5.65E-01	-1.48E+00										
2.67E+03	-5.62E-01	-1.50E+00										
2.72E+03	-5.58E-01	-1.52E+00										
2.78E+03	-5.55E-01	-1.54E+00										
2.83E+03	-5.52E-01	-1.56E+00										
2.88E+03	-5.49E-01	-1.58E+00										
2.93E+03	-5.46E-01	-1.60E+00										
2.98E+03	-5.43E-01	-1.62E+00										
3.03E+03	-5.40E-01	-1.64E+00										
3.08E+03	-5.37E-01	-1.66E+00										
3.13E+03	-5.35E-01	-1.67E+00										
3.19E+03	-5.32E-01	-1.69E+00										
3.24E+03	-5.29E-01	-1.71E+00										
3.29E+03	-5.26E-01	-1.73E+00										
3.34E+03	-5.23E-01	-1.75E+00										
3.40E+03	-5.20E-01	-1.77E+00										
3.45E+03	-5.17E-01	-1.78E+00										
3.50E+03	-5.14E-01	-1.80E+00										
3.55E+03	-5.11E-01	-1.82E+00										
3.60E+03	-5.09E-01	-1.83E+00										
3.65E+03	-5.06E-01	-1.85E+00										
3.71E+03	-5.03E-01	-1.86E+00										
3.76E+03	-5.00E-01	-1.88E+00										
3.81E+03	-4.98E-01	-1.90E+00										
3.86E+03	-4.95E-01	-1.91E+00										
3.91E+03	-4.92E-01	-1.93E+00										
3.96E+03	-4.90E-01	-1.94E+00										
4.01E+03	-4.87E-01	-1.96E+00										
4.06E+03	-4.84E-01	-1.97E+00										
4.12E+03	-4.82E-01	-1.98E+00										
4.17E+03	-4.80E-01	-2.00E+00										
4.22E+03	-4.77E-01	-2.01E+00										
4.27E+03	-4.74E-01	-2.02E+00										
4.32E+03	-4.72E-01	-2.04E+00										
4.37E+03	-4.69E-01	-2.05E+00										
4.42E+03	-4.67E-01	-2.06E+00										
4.47E+03	-4.64E-01	-2.08E+00										
4.52E+03	-4.62E-01	-2.09E+00										
4.57E+03	-4.59E-01	-2.10E+00										
4.63E+03	-4.56E-01	-2.11E+00										
4.68E+03	-4.54E-01	-2.12E+00										
4.73E+03	-4.51E-01	-2.13E+00										
4.79E+03	-4.48E-01	-2.15E+00										
4.84E+03	-4.46E-01	-2.16E+00										
4.89E+03	-4.44E-01	-2.17E+00										
4.94E+03	-4.41E-01	-2.18E+00										
4.99E+03	-4.38E-01	-2.19E+00										
5.04E+03	-4.36E-01	-2.20E+00										
5.09E+03	-4.33E-01	-2.21E+00										
5.15E+03	-4.31E-01	-2.22E+00										
5.20E+03	-4.28E-01	-2.23E+00										
5.26E+03	-4.25E-01	-2.24E+00										
5.31E+03	-4.23E-01	-2.25E+00										
5.36E+03	-4.20E-01	-2.25E+00										
5.42E+03	-4.18E-01	-2.26E+00										
5.47E+03	-4.15E-01	-2.27E+00										
5.52E+03	-4.13E-01	-2.28E+00										
5.57E+03	-4.10E-01	-2.28E+00										
5.62E+03	-4.08E-01	-2.29E+00										
5.67E+03	-4.05E-01	-2.30E+00										
5.72E+03	-4.03E-01	-2.30E+00										
5.77E+03	-4.00E-01	-2.31E+00										
5.82E+03	-3.98E-01	-2.32E+00										
5.88E+03	-3.95E-01	-2.32E+00										
5.93E+03	-3.93E-01	-2.33E+00										
5.98E+03	-3.90E-01	-2.33E+00										
6.03E+03	-3.87E-01	-2.34E+00										
6.08E+03	-3.85E-01	-2.34E+00										
6.14E+03	-3.82E-01	-2.34E+00										
6.19E+03	-3.79E-01	-2.35E+00										
6.24E+03	-3.77E-01	-2.35E+00										
6.30E+03	-3.74E-01	-2.36E+00										
6.35E+03	-3.72E-01	-2.36E+00										
6.40E+03	-3.69E-01	-2.36E+00										
6.45E+03	-3.67E-01	-2.36E+00										
6.50E+03	-3.64E-01	-2.37E+00										
6.55E+03	-3.61E-01	-2.37E+00										
6.60E+03	-3.59E-01	-2.37E+00										
6.66E+03	-3.56E-01	-2.37E+00										
6.71E+03	-3.54E-01	-2.37E+00										
6.76E+03	-3.51E-01	-2.37E+00										
6.81E+03	-3.48E-01	-2.37E+00										
6.86E+03	-3.46E-01	-2.37E+00										
6.91E+03	-3.43E-01	-2.37E+00										
6.96E+03	-3.40E-01	-2.37E+00										
7.02E+03	-3.38E-01	-2.37E+00										
7.07E+03	-3.35E-01	-2.37E+00										
7.12E+03	-3.32E-01	-2.37E+00										
7.17E+03	-3.29E-01	-2.36E+00										
7.22E+03	-3.27E-01	-2.36E+00										
7.28E+03	-3.24E-01	-2.36E+00										
7.33E+03	-3.21E-01	-2.35E+00										
7.38E+03	-3.19E-01	-2.35E+00										
7.43E+03	-3.16E-01	-2.35E+00										
7.49E+03	-3.13E-01	-2.34E+00										
7.54E+03	-3.10E-01	-2.34E+00										
7.59E+03	-3.07E-01	-2.33E+00										
7.64E+03	-3.04E-01	-2.33E+00										
7.69E+03	-3.02E-01	-2.32E+00										
7.75E+03	-2.99E-01	-2.31E+00										
7.80E+03	-2.96E-01	-2.31E+00										
7.85E+03	-2.93E-01	-2.30E+00										
7.91E+03	-2.90E-01	-2.29E+00										
7.96E+03	-2.87E-01	-2.28E+00										
8.01E+03	-2.84E-01	-2.28E+00										
8.06E+03	-2.81E-01	-2.27E+00										
8.11E+03	-2.78E-01	-2.26E+00										
8.16E+03	-2.75E-01	-2.24E+00										
8.21E+03	-2.72E-01	-2.24E+00										
8.27E+03	-2.69E-01	-2.23E+00										
8.32E+03	-2.66E-01	-2.22E+00										
8.37E+03	-2.63E-01	-2.20E+00										
8.42E+03	-2.60E-01	-2.19E+00										
8.47E+03	-2.57E-01	-2.18E+00										
8.52E+03	-2.54E-01	-2.16E+00										
8.56E+03	-2.51E-01	-2.15E+00										
0.00E+00	-8.63E-01	0.00E+00										
0.00E+00	-9.46E-01	0.00E+00										
0.00E+00	-9.56E-01	0.00E+00										
0.00E+00	-9.61E-01	0.00E+00										
0.00E+00	-9.64E-01	0.00E+00										
0.00E+00	-9.67E-01	0.00E+00										
4.53E+01	-9.67E-01	-4.38E-02										
9.57E+01	-8.84E-01	-8.46E-02										
1.46E+02	-8.35E-01	-1.22E-01										
1.96E+02	-8.13E-01	-1.60E-01										
2.47E+02	-7.98E-01	-1.97E-01										
3.01E+02	-7.85E-01	-2.37E-01										
3.52E+02	-7.73E-01	-2.72E-01										
4.02E+02	-7.64E-01	-3.07E-01										
4.53E+02	-7.55E-01	-3.42E-01										
5.04E+02	-7.48E-01	-3.77E-01										
5.55E+02	-7.40E-01	-4.10E-01										
6.06E+02	-7.33E-01	-4.44E-01										
6.57E+02	-7.26E-01	-4.77E-01										
7.08E+02	-7.19E-01	-5.09E-01										
7.61E+02	-7.13E-01	-5.43E-01										
8.12E+02	-7.07E-01	-5.74E-01										
8.71E+02	-7.01E-01	-6.10E-01										
9.21E+02	-6.95E-01	-6.40E-01										
9.73E+02	-6.90E-01	-6.71E-01										
1.02E+03	-6.84E-01	-7.00E-01										
1.08E+03	-6.80E-01	-7.31E-01										
1.13E+03	-6.75E-01	-7.60E-01										
1.18E+03	-6.70E-01	-7.88E-01										
1.23E+03	-6.65E-01	-8.19E-01										
1.28E+03	-6.60E-01	-8.47E-01										
1.34E+03	-6.56E-01	-8.78E-01										
1.39E+03	-6.51E-01	-9.04E-01										
1.44E+03	-6.48E-01	-9.32E-01										
1.49E+03	-6.43E-01	-9.58E-01										
1.54E+03	-6.39E-01	-9.86E-01										
1.59E+03	-6.35E-01	-1.01E+00										
1.64E+03	-6.31E-01	-1.04E+00										
1.70E+03	-6.27E-01	-1.06E+00										
1.75E+03	-6.23E-01	-1.09E+00										
1.80E+03	-6.19E-01	-1.11E+00										
1.85E+03	-6.16E-01	-1.14E+00										
1.90E+03	-6.12E-01	-1.16E+00										
1.95E+03	-6.09E-01	-1.19E+00										
2.00E+03	-6.05E-01	-1.21E+00										
2.06E+03	-6.02E-01	-1.24E+00										
2.11E+03	-5.98E-01	-1.26E+00										
2.16E+03	-5.95E-01	-1.28E+00										
2.21E+03	-5.91E-01	-1.31E+00										
2.26E+03	-5.88E-01	-1.33E+00										
2.31E+03	-5.85E-01	-1.35E+00										
2.37E+03	-5.81E-01	-1.38E+00										
2.42E+03	-5.78E-01	-1.40E+00										
2.47E+03	-5.75E-01	-1.42E+00										
2.52E+03	-5.72E-01	-1.44E+00										
2.57E+03	-5.68E-01	-1.46E+00										
2.62E+03	-5.65E-01	-1.48E+00										
2.67E+03	-5.62E-01	-1.50E+00										
2.73E+03	-5.59E-01	-1.52E+00										
2.78E+03	-5.56E-01	-1.54E+00										
2.83E+03	-5.53E-01	-1.56E+00										
2.88E+03	-5.50E-01	-1.58E+00										
2.93E+03	-5.47E-01	-1.60E+00										
2.99E+03	-5.44E-01	-1.62E+00										
3.04E+03	-5.41E-01	-1.64E+00										
3.09E+03	-5.38E-01	-1.66E+00										
3.14E+03	-5.35E-01	-1.68E+00										
3.19E+03	-5.32E-01	-1.70E+00										
3.25E+03	-5.29E-01	-1.72E+00										
3.30E+03	-5.26E-01	-1.74E+00										
3.35E+03	-5.23E-01	-1.75E+00										
3.40E+03	-5.20E-01	-1.77E+00										
3.45E+03	-5.18E-01	-1.79E+00										
3.51E+03	-5.15E-01	-1.80E+00										
3.56E+03	-5.12E-01	-1.82E+00										
3.61E+03	-5.09E-01	-1.84E+00										
3.66E+03	-5.06E-01	-1.85E+00										
3.71E+03	-5.04E-01	-1.87E+00										
3.76E+03	-5.01E-01	-1.89E+00										
3.82E+03	-4.98E-01	-1.90E+00										
3.87E+03	-4.96E-01	-1.92E+00										
3.92E+03	-4.93E-01	-1.93E+00										
3.97E+03	-4.90E-01	-1.95E+00										
4.03E+03	-4.88E-01	-1.96E+00										
4.08E+03	-4.85E-01	-1.98E+00										
4.13E+03	-4.82E-01	-1.99E+00										
4.18E+03	-4.79E-01	-2.01E+00										
4.24E+03	-4.77E-01	-2.02E+00										
4.29E+03	-4.74E-01	-2.03E+00										
4.34E+03	-4.72E-01	-2.05E+00										
4.39E+03	-4.69E-01	-2.06E+00										
4.44E+03	-4.67E-01	-2.07E+00										
4.49E+03	-4.64E-01	-2.08E+00										
4.54E+03	-4.62E-01	-2.09E+00										
4.59E+03	-4.59E-01	-2.11E+00										
4.64E+03	-4.57E-01	-2.12E+00										
4.69E+03	-4.54E-01	-2.13E+00										
4.74E+03	-4.52E-01	-2.14E+00										
4.79E+03	-4.49E-01	-2.15E+00										
4.85E+03	-4.46E-01	-2.16E+00										
4.90E+03	-4.44E-01	-2.17E+00										
4.95E+03	-4.41E-01	-2.18E+00										
5.00E+03	-4.39E-01	-2.20E+00										
5.05E+03	-4.37E-01	-2.21E+00										
5.10E+03	-4.34E-01	-2.22E+00										
5.16E+03	-4.31E-01	-2.22E+00										
5.21E+03	-4.29E-01	-2.23E+00										
5.26E+03	-4.26E-01	-2.24E+00										
5.31E+03	-4.24E-01	-2.25E+00										
5.36E+03	-4.21E-01	-2.26E+00										
5.42E+03	-4.19E-01	-2.27E+00										
5.47E+03	-4.17E-01	-2.28E+00										
5.52E+03	-4.14E-01	-2.28E+00										
5.57E+03	-4.11E-01	-2.29E+00										
5.62E+03	-4.09E-01	-2.30E+00										
5.68E+03	-4.06E-01	-2.31E+00										
5.73E+03	-4.03E-01	-2.31E+00										
5.78E+03	-4.01E-01	-2.32E+00										
5.83E+03	-3.99E-01	-2.32E+00										
5.88E+03	-3.96E-01	-2.33E+00										
5.93E+03	-3.94E-01	-2.33E+00										
5.98E+03	-3.91E-01	-2.34E+00										
6.03E+03	-3.89E-01	-2.35E+00										
6.09E+03	-3.86E-01	-2.35E+00										
6.14E+03	-3.83E-01	-2.35E+00										
6.19E+03	-3.81E-01	-2.35E+00										
6.24E+03	-3.78E-01	-2.36E+00										
6.29E+03	-3.76E-01	-2.36E+00										
6.34E+03	-3.73E-01	-2.37E+00										
6.39E+03	-3.71E-01	-2.37E+00										
6.44E+03	-3.68E-01	-2.37E+00										
6.49E+03	-3.65E-01	-2.37E+00										
6.55E+03	-3.63E-01	-2.38E+00										
6.60E+03	-3.60E-01	-2.38E+00										
6.65E+03	-3.58E-01	-2.38E+00										
6.70E+03	-3.55E-01	-2.38E+00										
6.75E+03	-3.53E-01	-2.38E+00										
6.80E+03	-3.50E-01	-2.38E+00										
6.85E+03	-3.47E-01	-2.38E+00										
6.90E+03	-3.45E-01	-2.38E+00										
6.96E+03	-3.42E-01	-2.38E+00										
7.01E+03	-3.39E-01	-2.38E+00										
7.07E+03	-3.36E-01	-2.38E+00										
7.12E+03	-3.34E-01	-2.38E+00										
7.17E+03	-3.31E-01	-2.37E+00										
7.22E+03	-3.29E-01	-2.37E+00										
7.27E+03	-3.26E-01	-2.37E+00										
7.32E+03	-3.23E-01	-2.37E+00										
7.37E+03	-3.21E-01	-2.36E+00										
7.42E+03	-3.18E-01	-2.36E+00										
7.47E+03	-3.15E-01	-2.35E+00										
7.53E+03	-3.12E-01	-2.35E+00										
7.58E+03	-3.09E-01	-2.34E+00										
7.63E+03	-3.07E-01	-2.34E+00										
7.68E+03	-3.04E-01	-2.34E+00										
7.73E+03	-3.01E-01	-2.33E+00										
7.79E+03	-2.98E-01	-2.32E+00										
7.84E+03	-2.95E-01	-2.31E+00										
7.89E+03	-2.93E-01	-2.31E+00										
7.94E+03	-2.90E-01	-2.30E+00										
7.99E+03	-2.87E-01	-2.29E+00										
8.04E+03	-2.84E-01	-2.28E+00										
8.10E+03	-2.81E-01	-2.27E+00										
8.15E+03	-2.78E-01	-2.26E+00										
8.20E+03	-2.75E-01	-2.25E+00										
8.25E+03	-2.72E-01	-2.24E+00										
8.30E+03	-2.69E-01	-2.23E+00										
8.35E+03	-2.66E-01	-2.22E+00										
8.41E+03	-2.63E-01	-2.21E+00										
8.46E+03	-2.60E-01	-2.20E+00										
8.51E+03	-2.57E-01	-2.18E+00										
8.56E+03	-2.54E-01	-2.17E+00										
8.59E+03	-2.51E-01	-2.16E+00										
0.00E+00	-8.63E-01	0.00E+00										
0.00E+00	-9.46E-01	0.00E+00										
0.00E+00	-9.56E-01	0.00E+00										
0.00E+00	-9.61E-01	0.00E+00										
0.00E+00	-9.64E-01	0.00E+00										
0.00E+00	-9.67E-01	0.00E+00										
5.29E+01	-9.67E-01	-5.11E-02										
1.03E+02	-8.68E-01	-8.97E-02										
1.54E+02	-8.32E-01	-1.28E-01										
2.06E+02	-8.11E-01	-1.67E-01										
2.59E+02	-7.96E-01	-2.06E-01										
3.11E+02	-7.83E-01	-2.43E-01										
3.66E+02	-7.72E-01	-2.82E-01										
4.18E+02	-7.61E-01	-3.18E-01										
4.69E+02	-7.53E-01	-3.53E-01										
5.19E+02	-7.45E-01	-3.87E-01										
5.70E+02	-7.38E-01	-4.20E-01										
6.20E+02	-7.31E-01	-4.53E-01										
6.72E+02	-7.24E-01	-4.86E-01										
7.23E+02	-7.18E-01	-5.19E-01										
7.74E+02	-7.12E-01	-5.51E-01										
8.25E+02	-7.05E-01	-5.82E-01										
8.75E+02	-7.00E-01	-6.13E-01										
9.26E+02	-6.95E-01	-6.43E-01										
9.77E+02	-6.90E-01	-6.74E-01										
1.03E+03	-6.85E-01	-7.03E-01										
1.08E+03	-6.80E-01	-7.35E-01										
1.13E+03	-6.74E-01	-7.64E-01										
1.18E+03	-6.70E-01	-7.92E-01										
1.23E+03	-6.65E-01	-8.21E-01										
1.29E+03	-6.61E-01	-8.49E-01										
1.34E+03	-6.56E-01	-8.77E-01										
1.39E+03	-6.52E-01	-9.05E-01										
1.44E+03	-6.48E-01	-9.33E-01										
1.49E+03	-6.43E-01	-9.59E-01										
1.55E+03	-6.40E-01	-9.89E-01										
1.60E+03	-6.35E-01	-1.02E+00										
1.65E+03	-6.31E-01	-1.04E+00										
1.70E+03	-6.27E-01	-1.07E+00										
1.75E+03	-6.23E-01	-1.09E+00										
1.80E+03	-6.20E-01	-1.12E+00										
1.86E+03	-6.16E-01	-1.14E+00										
1.91E+03	-6.12E-01	-1.17E+00										
1.96E+03	-6.09E-01	-1.20E+00										
2.02E+03	-6.05E-01	-1.22E+00										
2.07E+03	-6.01E-01	-1.24E+00										
2.12E+03	-5.98E-01	-1.27E+00										
2.17E+03	-5.95E-01	-1.29E+00										
2.22E+03	-5.91E-01	-1.31E+00										
2.27E+03	-5.88E-01	-1.34E+00										
2.33E+03	-5.84E-01	-1.36E+00										
2.38E+03	-5.81E-01	-1.38E+00										
2.43E+03	-5.78E-01	-1.40E+00										
2.48E+03	-5.75E-01	-1.42E+00										
2.53E+03	-5.72E-01	-1.45E+00										
2.58E+03	-5.68E-01	-1.47E+00										
2.63E+03	-5.65E-01	-1.49E+00										
2.68E+03	-5.62E-01	-1.51E+00										
2.73E+03	-5.59E-01	-1.53E+00										
2.79E+03	-5.56E-01	-1.55E+00										
2.84E+03	-5.53E-01	-1.57E+00										
2.89E+03	-5.50E-01	-1.59E+00										
2.94E+03	-5.47E-01	-1.61E+00										
2.99E+03	-5.44E-01	-1.63E+00										
3.04E+03	-5.41E-01	-1.65E+00										
3.10E+03	-5.38E-01	-1.67E+00										
3.15E+03	-5.35E-01	-1.69E+00										
3.20E+03	-5.33E-01	-1.70E+00										
3.25E+03	-5.30E-01	-1.72E+00										
3.30E+03	-5.27E-01	-1.74E+00										
3.35E+03	-5.24E-01	-1.76E+00										
3.41E+03	-5.21E-01	-1.78E+00										
3.46E+03	-5.18E-01	-1.79E+00										
3.51E+03	-5.16E-01	-1.81E+00										
3.56E+03	-5.13E-01	-1.83E+00										
3.61E+03	-5.10E-01	-1.84E+00										
3.66E+03	-5.07E-01	-1.86E+00										
3.72E+03	-5.04E-01	-1.87E+00										
3.77E+03	-5.02E-01	-1.89E+00										
3.82E+03	-4.99E-01	-1.91E+00										
3.87E+03	-4.97E-01	-1.92E+00										
3.92E+03	-4.94E-01	-1.94E+00										
3.98E+03	-4.91E-01	-1.95E+00										
4.03E+03	-4.88E-01	-1.97E+00										
4.08E+03	-4.86E-01	-1.98E+00										
4.13E+03	-4.83E-01	-2.00E+00										
4.18E+03	-4.81E-01	-2.01E+00										
4.24E+03	-4.78E-01	-2.02E+00										
4.29E+03	-4.75E-01	-2.04E+00										
4.34E+03	-4.73E-01	-2.05E+00										
4.39E+03	-4.70E-01	-2.06E+00										
4.44E+03	-4.68E-01	-2.08E+00										
4.49E+03	-4.65E-01	-2.09E+00										
4.54E+03	-4.62E-01	-2.10E+00										
4.59E+03	-4.60E-01	-2.11E+00										
4.65E+03	-4.57E-01	-2.13E+00										
4.70E+03	-4.55E-01	-2.14E+00										
4.75E+03	-4.52E-01	-2.15E+00										
4.80E+03	-4.50E-01	-2.16E+00										
4.85E+03	-4.47E-01	-2.17E+00										
4.90E+03	-4.45E-01	-2.18E+00										
4.95E+03	-4.42E-01	-2.19E+00										
5.01E+03	-4.40E-01	-2.20E+00										
5.06E+03	-4.37E-01	-2.21E+00										
5.11E+03	-4.35E-01	-2.22E+00										
5.16E+03	-4.32E-01	-2.23E+00										
5.21E+03	-4.30E-01	-2.24E+00										
5.27E+03	-4.27E-01	-2.25E+00										
5.32E+03	-4.25E-01	-2.26E+00										
5.37E+03	-4.22E-01	-2.27E+00										
5.42E+03	-4.20E-01	-2.27E+00										
5.47E+03	-4.17E-01	-2.28E+00										
5.52E+03	-4.14E-01	-2.29E+00										
5.57E+03	-4.12E-01	-2.30E+00										
5.63E+03	-4.10E-01	-2.30E+00										
5.68E+03	-4.07E-01	-2.31E+00										
5.73E+03	-4.05E-01	-2.32E+00										
5.78E+03	-4.02E-01	-2.32E+00										
5.83E+03	-3.99E-01	-2.33E+00										
5.88E+03	-3.97E-01	-2.33E+00										
5.93E+03	-3.95E-01	-2.34E+00										
5.98E+03	-3.92E-01	-2.35E+00										
6.03E+03	-3.90E-01	-2.35E+00										
6.09E+03	-3.87E-01	-2.36E+00										
6.14E+03	-3.84E-01	-2.36E+00										
6.19E+03	-3.82E-01	-2.36E+00										
6.24E+03	-3.79E-01	-2.37E+00										
6.29E+03	-3.76E-01	-2.37E+00										
6.34E+03	-3.74E-01	-2.37E+00										
6.40E+03	-3.72E-01	-2.38E+00										
6.45E+03	-3.69E-01	-2.38E+00										
6.50E+03	-3.66E-01	-2.38E+00										
6.55E+03	-3.64E-01	-2.38E+00										
6.60E+03	-3.61E-01	-2.38E+00										
6.65E+03	-3.59E-01	-2.39E+00										
6.70E+03	-3.56E-01	-2.39E+00										
6.75E+03	-3.54E-01	-2.39E+00										
6.80E+03	-3.51E-01	-2.39E+00										
6.86E+03	-3.48E-01	-2.39E+00										
6.91E+03	-3.46E-01	-2.39E+00										
6.96E+03	-3.43E-01	-2.39E+00										
7.01E+03	-3.40E-01	-2.39E+00										
7.06E+03	-3.38E-01	-2.38E+00										
7.11E+03	-3.35E-01	-2.38E+00										
7.17E+03	-3.32E-01	-2.38E+00										
7.22E+03	-3.30E-01	-2.38E+00										
7.27E+03	-3.27E-01	-2.38E+00										
7.32E+03	-3.24E-01	-2.37E+00										
7.37E+03	-3.22E-01	-2.37E+00										
7.42E+03	-3.19E-01	-2.37E+00										
7.47E+03	-3.16E-01	-2.36E+00										
7.53E+03	-3.13E-01	-2.36E+00										
7.58E+03	-3.11E-01	-2.35E+00										
7.63E+03	-3.08E-01	-2.35E+00										
7.68E+03	-3.05E-01	-2.34E+00										
7.73E+03	-3.03E-01	-2.34E+00										
7.78E+03	-3.00E-01	-2.33E+00										
7.83E+03	-2.97E-01	-2.33E+00										
7.88E+03	-2.94E-01	-2.32E+00										
7.94E+03	-2.91E-01	-2.31E+00										
7.99E+03	-2.88E-01	-2.30E+00										
8.04E+03	-2.85E-01	-2.29E+00										
8.09E+03	-2.82E-01	-2.28E+00										
8.14E+03	-2.79E-01	-2.27E+00										
8.19E+03	-2.76E-01	-2.26E+00										
8.24E+03	-2.73E-01	-2.25E+00										
8.29E+03	-2.71E-01	-2.24E+00										
8.34E+03	-2.68E-01	-2.23E+00										
8.40E+03	-2.64E-01	-2.22E+00										
8.45E+03	-2.61E-01	-2.21E+00										
8.50E+03	-2.58E-01	-2.19E+00										
8.55E+03	-2.55E-01	-2.18E+00										
8.60E+03	-2.52E-01	-2.17E+00										
8.60E+03	-2.51E-01	-2.16E+00										
0.00E+00	-8.63E-01	0.00E+00										
0.00E+00	-9.46E-01	0.00E+00										
0.00E+00	-9.56E-01	0.00E+00										
0.00E+00	-9.61E-01	0.00E+00										
0.00E+00	-9.64E-01	0.00E+00										
0.00E+00	-9.67E-01	0.00E+00										
4.53E+01	-9.67E-01	-4.38E-02										
9.67E+01	-8.80E-01	-8.51E-02										
1.48E+02	-8.34E-01	-1.24E-01										
2.00E+02	-8.13E-01	-1.62E-01										
2.50E+02	-7.97E-01	-1.99E-01										
3.00E+02	-7.84E-01	-2.36E-01										
3.54E+02	-7.75E-01	-2.74E-01										
4.05E+02	-7.64E-01	-3.09E-01										
4.56E+02	-7.55E-01	-3.45E-01										
5.07E+02	-7.47E-01	-3.79E-01										
5.59E+02	-7.40E-01	-4.13E-01										
6.09E+02	-7.32E-01	-4.46E-01										
6.60E+02	-7.26E-01	-4.80E-01										
7.11E+02	-7.19E-01	-5.11E-01										
7.64E+02	-7.13E-01	-5.45E-01										
8.18E+02	-7.07E-01	-5.78E-01										
8.70E+02	-7.01E-01	-6.10E-01										
9.23E+02	-6.95E-01	-6.42E-01										
9.77E+02	-6.90E-01	-6.74E-01										
1.03E+03	-6.85E-01	-7.03E-01										
1.08E+03	-6.80E-01	-7.33E-01										
1.13E+03	-6.75E-01	-7.62E-01										
1.18E+03	-6.70E-01	-7.91E-01										
1.23E+03	-6.65E-01	-8.21E-01										
1.29E+03	-6.61E-01	-8.50E-01										
1.34E+03	-6.56E-01	-8.78E-01										
1.39E+03	-6.52E-01	-9.07E-01										
1.44E+03	-6.48E-01	-9.34E-01										
1.49E+03	-6.43E-01	-9.62E-01										
1.55E+03	-6.39E-01	-9.89E-01										
1.60E+03	-6.35E-01	-1.02E+00										
1.65E+03	-6.31E-01	-1.04E+00										
1.71E+03	-6.27E-01	-1.07E+00										
1.76E+03	-6.23E-01	-1.10E+00										
1.81E+03	-6.19E-01	-1.12E+00										
1.87E+03	-6.15E-01	-1.15E+00										
1.92E+03	-6.12E-01	-1.17E+00										
1.97E+03	-6.08E-01	-1.20E+00										
2.02E+03	-6.05E-01	-1.22E+00										
2.07E+03	-6.01E-01	-1.25E+00										
2.13E+03	-5.97E-01	-1.27E+00										
2.18E+03	-5.94E-01	-1.29E+00										
2.23E+03	-5.91E-01	-1.32E+00										
2.28E+03	-5.87E-01	-1.34E+00										
2.33E+03	-5.84E-01	-1.36E+00										
2.38E+03	-5.81E-01	-1.38E+00										
2.44E+03	-5.78E-01	-1.41E+00										
2.49E+03	-5.74E-01	-1.43E+00										
2.54E+03	-5.71E-01	-1.45E+00										
2.59E+03	-5.68E-01	-1.47E+00										
2.64E+03	-5.65E-01	-1.49E+00										
2.69E+03	-5.62E-01	-1.51E+00										
2.75E+03	-5.59E-01	-1.53E+00										
2.80E+03	-5.55E-01	-1.55E+00										
2.85E+03	-5.52E-01	-1.57E+00										
2.90E+03	-5.50E-01	-1.59E+00										
2.95E+03	-5.46E-01	-1.61E+00										
3.00E+03	-5.44E-01	-1.63E+00										
3.05E+03	-5.41E-01	-1.65E+00										
3.10E+03	-5.38E-01	-1.67E+00										
3.15E+03	-5.35E-01	-1.69E+00										
3.21E+03	-5.32E-01	-1.71E+00										
3.26E+03	-5.29E-01	-1.72E+00										
3.31E+03	-5.26E-01	-1.74E+00										
3.37E+03	-5.23E-01	-1.76E+00										
3.42E+03	-5.21E-01	-1.78E+00										
3.47E+03	-5.18E-01	-1.80E+00										
3.52E+03	-5.15E-01	-1.81E+00										
3.57E+03	-5.12E-01	-1.83E+00										
3.62E+03	-5.09E-01	-1.84E+00										
3.67E+03	-5.07E-01	-1.86E+00										
3.73E+03	-5.04E-01	-1.88E+00										
3.78E+03	-5.01E-01	-1.89E+00										
3.83E+03	-4.99E-01	-1.91E+00										
3.88E+03	-4.96E-01	-1.92E+00										
3.93E+03	-4.93E-01	-1.94E+00										
3.98E+03	-4.91E-01	-1.95E+00										
4.03E+03	-4.88E-01	-1.97E+00										
4.08E+03	-4.85E-01	-1.98E+00										
4.14E+03	-4.83E-01	-2.00E+00										
4.19E+03	-4.80E-01	-2.01E+00										
4.24E+03	-4.77E-01	-2.02E+00										
4.29E+03	-4.75E-01	-2.04E+00										
4.34E+03	-4.72E-01	-2.05E+00										
4.40E+03	-4.70E-01	-2.06E+00										
4.45E+03	-4.67E-01	-2.08E+00										
4.50E+03	-4.65E-01	-2.09E+00										
4.55E+03	-4.62E-01	-2.10E+00										
4.60E+03	-4.59E-01	-2.11E+00										
4.65E+03	-4.57E-01	-2.13E+00										
4.70E+03	-4.54E-01	-2.14E+00										
4.75E+03	-4.52E-01	-2.15E+00										
4.81E+03	-4.49E-01	-2.16E+00										
4.86E+03	-4.47E-01	-2.17E+00										
4.91E+03	-4.44E-01	-2.18E+00										
4.96E+03	-4.42E-01	-2.19E+00										
5.01E+03	-4.39E-01	-2.20E+00										
5.07E+03	-4.36E-01	-2.21E+00										
5.12E+03	-4.34E-01	-2.22E+00										
5.17E+03	-4.31E-01	-2.23E+00										
5.22E+03	-4.29E-01	-2.24E+00										
5.27E+03	-4.26E-01	-2.25E+00										
5.32E+03	-4.24E-01	-2.26E+00										
5.38E+03	-4.21E-01	-2.27E+00										
5.43E+03	-4.18E-01	-2.27E+00										
5.48E+03	-4.16E-01	-2.28E+00										
5.53E+03	-4.13E-01	-2.29E+00										
5.58E+03	-4.11E-01	-2.30E+00										
5.64E+03	-4.09E-01	-2.30E+00										
5.69E+03	-4.06E-01	-2.31E+00										
5.74E+03	-4.04E-01	-2.32E+00										
5.79E+03	-4.01E-01	-2.32E+00										
5.84E+03	-3.98E-01	-2.33E+00										
5.89E+03	-3.96E-01	-2.33E+00										
5.94E+03	-3.93E-01	-2.34E+00										
6.00E+03	-3.91E-01	-2.34E+00										
6.05E+03	-3.88E-01	-2.35E+00										
6.10E+03	-3.86E-01	-2.35E+00										
6.15E+03	-3.83E-01	-2.36E+00										
6.20E+03	-3.80E-01	-2.36E+00										
6.25E+03	-3.78E-01	-2.36E+00										
6.31E+03	-3.75E-01	-2.37E+00										
6.36E+03	-3.73E-01	-2.37E+00										
6.41E+03	-3.70E-01	-2.37E+00										
6.46E+03	-3.68E-01	-2.38E+00										
6.51E+03	-3.65E-01	-2.38E+00										
6.57E+03	-3.62E-01	-2.38E+00										
6.62E+03	-3.60E-01	-2.38E+00										
6.67E+03	-3.57E-01	-2.38E+00										
6.72E+03	-3.54E-01	-2.38E+00										
6.77E+03	-3.52E-01	-2.38E+00										
6.82E+03	-3.50E-01	-2.38E+00										
6.87E+03	-3.47E-01	-2.38E+00										
6.92E+03	-3.44E-01	-2.38E+00										
6.98E+03	-3.41E-01	-2.38E+00										
7.03E+03	-3.38E-01	-2.38E+00										
7.08E+03	-3.36E-01	-2.38E+00										
7.13E+03	-3.33E-01	-2.38E+00										
7.19E+03	-3.30E-01	-2.37E+00										
7.24E+03	-3.28E-01	-2.37E+00										
7.29E+03	-3.25E-01	-2.37E+00										
7.34E+03	-3.22E-01	-2.36E+00										
7.39E+03	-3.19E-01	-2.36E+00										
7.44E+03	-3.17E-01	-2.36E+00										
7.49E+03	-3.14E-01	-2.35E+00										
7.54E+03	-3.11E-01	-2.35E+00										
7.59E+03	-3.08E-01	-2.34E+00										
7.65E+03	-3.05E-01	-2.34E+00										
7.70E+03	-3.03E-01	-2.33E+00										
7.75E+03	-3.00E-01	-2.32E+00										
7.80E+03	-2.97E-01	-2.32E+00										
7.85E+03	-2.94E-01	-2.31E+00										
7.90E+03	-2.91E-01	-2.30E+00										
7.95E+03	-2.89E-01	-2.29E+00										
8.00E+03	-2.86E-01	-2.29E+00										
8.05E+03	-2.83E-01	-2.28E+00										
8.11E+03	-2.80E-01	-2.27E+00										
8.16E+03	-2.76E-01	-2.26E+00										
8.21E+03	-2.74E-01	-2.25E+00										
8.27E+03	-2.70E-01	-2.23E+00										
8.32E+03	-2.67E-01	-2.22E+00										
8.37E+03	-2.64E-01	-2.21E+00										
8.42E+03	-2.61E-01	-2.20E+00										
8.47E+03	-2.58E-01	-2.19E+00										
8.52E+03	-2.55E-01	-2.17E+00										
8.58E+03	-2.52E-01	-2.16E+00										
8.58E+03	-2.52E-01	-2.16E+00										
0.00E+00	-8.63E-01	0.00E+00										
0.00E+00	-9.46E-01	0.00E+00										
0.00E+00	-9.56E-01	0.00E+00										
0.00E+00	-9.61E-01	0.00E+00										
0.00E+00	-9.64E-01	0.00E+00										
0.00E+00	-9.67E-01	0.00E+00										
5.34E+01	-9.67E-01	-5.16E-02										
1.04E+02	-8.71E-01	-9.05E-02										
1.54E+02	-8.32E-01	-1.28E-01										
2.06E+02	-8.11E-01	-1.67E-01										
2.57E+02	-7.97E-01	-2.05E-01										
3.09E+02	-7.84E-01	-2.42E-01										
3.59E+02	-7.73E-01	-2.78E-01										
4.10E+02	-7.63E-01	-3.13E-01										
4.60E+02	-7.55E-01	-3.47E-01										
5.11E+02	-7.46E-01	-3.81E-01										
5.62E+02	-7.39E-01	-4.15E-01										
6.12E+02	-7.32E-01	-4.48E-01										
6.65E+02	-7.26E-01	-4.83E-01										
7.19E+02	-7.19E-01	-5.17E-01										
7.70E+02	-7.12E-01	-5.48E-01										
8.21E+02	-7.06E-01	-5.80E-01										
8.72E+02	-7.00E-01	-6.11E-01										
9.23E+02	-6.95E-01	-6.41E-01										
9.75E+02	-6.89E-01	-6.72E-01										
1.02E+03	-6.85E-01	-7.02E-01										
1.08E+03	-6.80E-01	-7.32E-01										
1.13E+03	-6.75E-01	-7.63E-01										
1.18E+03	-6.69E-01	-7.92E-01										
1.23E+03	-6.65E-01	-8.20E-01										
1.29E+03	-6.60E-01	-8.49E-01										
1.34E+03	-6.56E-01	-8.75E-01										
1.39E+03	-6.52E-01	-9.04E-01										
1.44E+03	-6.47E-01	-9.31E-01										
1.49E+03	-6.43E-01	-9.59E-01										
1.54E+03	-6.39E-01	-9.85E-01										
1.59E+03	-6.35E-01	-1.01E+00										
1.64E+03	-6.31E-01	-1.04E+00										
1.69E+03	-6.27E-01	-1.06E+00										
1.74E+03	-6.23E-01	-1.09E+00										
1.79E+03	-6.20E-01	-1.11E+00										
1.85E+03	-6.16E-01	-1.14E+00										
1.90E+03	-6.12E-01	-1.16E+00										
1.95E+03	-6.09E-01	-1.19E+00										
2.00E+03	-6.05E-01	-1.21E+00										
2.05E+03	-6.02E-01	-1.23E+00										
2.10E+03	-5.98E-01	-1.26E+00										
2.16E+03	-5.94E-01	-1.28E+00										
2.21E+03	-5.91E-01	-1.30E+00										
2.26E+03	-5.88E-01	-1.33E+00										
2.31E+03	-5.84E-01	-1.35E+00										
2.36E+03	-5.81E-01	-1.37E+00										
2.41E+03	-5.78E-01	-1.39E+00										
2.46E+03	-5.75E-01	-1.42E+00										
2.51E+03	-5.71E-01	-1.44E+00										
2.57E+03	-5.68E-01	-1.46E+00										
2.62E+03	-5.65E-01	-1.48E+00										
2.67E+03	-5.62E-01	-1.50E+00										
2.72E+03	-5.59E-01	-1.52E+00										
2.77E+03	-5.56E-01	-1.54E+00										
2.82E+03	-5.53E-01	-1.56E+00										
2.88E+03	-5.50E-01	-1.58E+00										
2.93E+03	-5.47E-01	-1.60E+00										
2.98E+03	-5.44E-01	-1.62E+00										
3.03E+03	-5.41E-01	-1.64E+00										
3.08E+03	-5.38E-01	-1.66E+00										
3.14E+03	-5.35E-01	-1.68E+00										
3.19E+03	-5.32E-01	-1.69E+00										
3.24E+03	-5.29E-01	-1.71E+00										
3.29E+03	-5.26E-01	-1.73E+00										
3.34E+03	-5.23E-01	-1.75E+00										
3.39E+03	-5.20E-01	-1.77E+00										
3.44E+03	-5.18E-01	-1.78E+00										
3.50E+03	-5.15E-01	-1.80E+00										
3.55E+03	-5.12E-01	-1.82E+00										
3.60E+03	-5.09E-01	-1.83E+00										
3.65E+03	-5.07E-01	-1.85E+00										
3.70E+03	-5.04E-01	-1.87E+00										
3.75E+03	-5.01E-01	-1.88E+00										
3.80E+03	-4.98E-01	-1.90E+00										
3.85E+03	-4.95E-01	-1.91E+00										
3.91E+03	-4.93E-01	-1.93E+00										
3.96E+03	-4.90E-01	-1.94E+00										
4.01E+03	-4.88E-01	-1.96E+00										
4.06E+03	-4.85E-01	-1.97E+00										
4.11E+03	-4.82E-01	-1.98E+00										
4.17E+03	-4.80E-01	-2.00E+00										
4.22E+03	-4.77E-01	-2.01E+00										
4.27E+03	-4.75E-01	-2.03E+00										
4.32E+03	-4.72E-01	-2.04E+00										
4.37E+03	-4.69E-01	-2.05E+00										
4.42E+03	-4.67E-01	-2.06E+00										
4.47E+03	-4.64E-01	-2.07E+00										
4.52E+03	-4.62E-01	-2.09E+00										
4.57E+03	-4.59E-01	-2.10E+00										
4.62E+03	-4.57E-01	-2.11E+00										
4.67E+03	-4.54E-01	-2.12E+00										
4.73E+03	-4.51E-01	-2.13E+00										
4.78E+03	-4.49E-01	-2.15E+00										
4.83E+03	-4.47E-01	-2.16E+00										
4.88E+03	-4.44E-01	-2.17E+00										
4.94E+03	-4.41E-01	-2.18E+00										
4.99E+03	-4.39E-01	-2.19E+00										
5.04E+03	-4.36E-01	-2.20E+00										
5.09E+03	-4.33E-01	-2.21E+00										
5.15E+03	-4.31E-01	-2.22E+00										
5.20E+03	-4.28E-01	-2.23E+00										
5.25E+03	-4.26E-01	-2.24E+00										
5.30E+03	-4.24E-01	-2.24E+00										
5.35E+03	-4.21E-01	-2.25E+00										
5.41E+03	-4.18E-01	-2.26E+00										
5.46E+03	-4.16E-01	-2.27E+00										
5.51E+03	-4.13E-01	-2.28E+00										
5.56E+03	-4.10E-01	-2.28E+00										
5.61E+03	-4.08E-01	-2.29E+00										
5.66E+03	-4.06E-01	-2.30E+00										
5.72E+03	-4.03E-01	-2.30E+00										
5.77E+03	-4.00E-01	-2.31E+00										
5.82E+03	-3.98E-01	-2.32E+00										
5.87E+03	-3.95E-01	-2.32E+00										
5.92E+03	-3.93E-01	-2.33E+00										
5.98E+03	-3.90E-01	-2.33E+00										
6.03E+03	-3.88E-01	-2.34E+00										
6.08E+03	-3.85E-01	-2.34E+00										
6.13E+03	-3.82E-01	-2.34E+00										
6.18E+03	-3.80E-01	-2.35E+00										
6.23E+03	-3.78E-01	-2.35E+00										
6.28E+03	-3.75E-01	-2.35E+00										
6.33E+03	-3.72E-01	-2.36E+00										
6.39E+03	-3.70E-01	-2.36E+00										
6.44E+03	-3.67E-01	-2.37E+00										
6.49E+03	-3.64E-01	-2.36E+00										
6.54E+03	-3.62E-01	-2.37E+00										
6.59E+03	-3.59E-01	-2.37E+00										
6.65E+03	-3.56E-01	-2.37E+00										
6.70E+03	-3.54E-01	-2.37E+00										
6.75E+03	-3.51E-01	-2.37E+00										
6.80E+03	-3.49E-01	-2.37E+00										
6.85E+03	-3.46E-01	-2.37E+00										
6.90E+03	-3.43E-01	-2.37E+00										
6.95E+03	-3.40E-01	-2.37E+00										
7.01E+03	-3.38E-01	-2.37E+00										
7.06E+03	-3.35E-01	-2.36E+00										
7.11E+03	-3.33E-01	-2.36E+00										
7.16E+03	-3.30E-01	-2.36E+00										
7.21E+03	-3.27E-01	-2.36E+00										
7.26E+03	-3.25E-01	-2.36E+00										
7.32E+03	-3.21E-01	-2.35E+00										
7.37E+03	-3.19E-01	-2.35E+00										
7.42E+03	-3.16E-01	-2.34E+00										
7.47E+03	-3.13E-01	-2.34E+00										
7.52E+03	-3.10E-01	-2.34E+00										
7.57E+03	-3.08E-01	-2.33E+00										
7.63E+03	-3.05E-01	-2.33E+00										
7.68E+03	-3.02E-01	-2.32E+00										
7.73E+03	-2.99E-01	-2.31E+00										
7.78E+03	-2.97E-01	-2.31E+00										
7.83E+03	-2.93E-01	-2.30E+00										
7.89E+03	-2.90E-01	-2.29E+00										
7.94E+03	-2.87E-01	-2.28E+00										
7.99E+03	-2.84E-01	-2.27E+00										
8.04E+03	-2.81E-01	-2.26E+00										
8.09E+03	-2.79E-01	-2.25E+00										
8.15E+03	-2.75E-01	-2.24E+00										
8.20E+03	-2.72E-01	-2.23E+00										
8.25E+03	-2.69E-01	-2.22E+00										
8.31E+03	-2.66E-01	-2.21E+00										
8.36E+03	-2.63E-01	-2.20E+00										
8.41E+03	-2.60E-01	-2.19E+00										
8.46E+03	-2.57E-01	-2.17E+00										
8.51E+03	-2.54E-01	-2.16E+00										
8.55E+03	-2.51E-01	-2.15E+00										
0.00E+00	-8.63E-01	0.00E+00										
0.00E+00	-9.46E-01	0.00E+00										
0.00E+00	-9.56E-01	0.00E+00										
0.00E+00	-9.61E-01	0.00E+00										
0.00E+00	-9.64E-01	0.00E+00										
0.00E+00	-9.67E-01	0.00E+00										
5.24E+01	-9.67E-01	-5.07E-02										
1.03E+02	-8.72E-01	-8.96E-02										
1.53E+02	-8.32E-01	-1.27E-01										
2.04E+02	-8.12E-01	-1.65E-01										
2.55E+02	-7.97E-01	-2.03E-01										
3.07E+02	-7.84E-01	-2.41E-01										
3.57E+02	-7.73E-01	-2.76E-01										
4.08E+02	-7.63E-01	-3.12E-01										
4.59E+02	-7.55E-01	-3.46E-01										
5.11E+02	-7.47E-01	-3.81E-01										
5.61E+02	-7.39E-01	-4.15E-01										
6.11E+02	-7.32E-01	-4.48E-01										
6.62E+02	-7.25E-01	-4.80E-01										
7.13E+02	-7.19E-01	-5.13E-01										
7.64E+02	-7.12E-01	-5.44E-01										
8.15E+02	-7.07E-01	-5.76E-01										
8.66E+02	-7.01E-01	-6.07E-01										
9.16E+02	-6.96E-01	-6.38E-01										
9.67E+02	-6.91E-01	-6.68E-01										
1.02E+03	-6.85E-01	-6.97E-01										
1.07E+03	-6.80E-01	-7.28E-01										
1.12E+03	-6.75E-01	-7.56E-01										
1.17E+03	-6.71E-01	-7.86E-01										
1.22E+03	-6.66E-01	-8.14E-01										
1.27E+03	-6.61E-01	-8.43E-01										
1.33E+03	-6.56E-01	-8.70E-01										
1.38E+03	-6.52E-01	-8.98E-01										
1.43E+03	-6.48E-01	-9.26E-01										
1.48E+03	-6.44E-01	-9.53E-01										
1.53E+03	-6.40E-01	-9.79E-01										
1.58E+03	-6.36E-01	-1.01E+00										
1.63E+03	-6.32E-01	-1.03E+00										
1.69E+03	-6.28E-01	-1.06E+00										
1.74E+03	-6.24E-01	-1.08E+00										
1.79E+03	-6.20E-01	-1.11E+00										
1.84E+03	-6.17E-01	-1.13E+00										
1.89E+03	-6.13E-01	-1.16E+00										
1.95E+03	-6.09E-01	-1.18E+00										
2.00E+03	-6.05E-01	-1.21E+00										
2.05E+03	-6.02E-01	-1.24E+00										
2.11E+03	-5.98E-01	-1.26E+00										
2.16E+03	-5.95E-01	-1.28E+00										
2.21E+03	-5.91E-01	-1.31E+00										
2.26E+03	-5.88E-01	-1.33E+00										
2.31E+03	-5.84E-01	-1.35E+00										
2.36E+03	-5.81E-01	-1.37E+00										
2.41E+03	-5.78E-01	-1.39E+00										
2.46E+03	-5.75E-01	-1.42E+00										
2.52E+03	-5.72E-01	-1.44E+00										
2.57E+03	-5.68E-01	-1.46E+00										
2.62E+03	-5.65E-01	-1.48E+00										
2.67E+03	-5.62E-01	-1.50E+00										
2.73E+03	-5.59E-01	-1.52E+00										
2.78E+03	-5.56E-01	-1.54E+00										
2.83E+03	-5.53E-01	-1.56E+00										
2.88E+03	-5.50E-01	-1.58E+00										
2.93E+03	-5.47E-01	-1.60E+00										
2.98E+03	-5.44E-01	-1.62E+00										
3.03E+03	-5.41E-01	-1.64E+00										
3.09E+03	-5.37E-01	-1.66E+00										
3.14E+03	-5.35E-01	-1.68E+00										
3.19E+03	-5.32E-01	-1.70E+00										
3.25E+03	-5.29E-01	-1.72E+00										
3.30E+03	-5.26E-01	-1.73E+00										
3.35E+03	-5.23E-01	-1.75E+00										
3.40E+03	-5.20E-01	-1.77E+00										
3.45E+03	-5.17E-01	-1.79E+00										
3.50E+03	-5.15E-01	-1.80E+00										
3.56E+03	-5.12E-01	-1.82E+00										
3.61E+03	-5.09E-01	-1.84E+00										
3.66E+03	-5.07E-01	-1.85E+00										
3.71E+03	-5.04E-01	-1.87E+00										
3.76E+03	-5.01E-01	-1.88E+00										
3.81E+03	-4.98E-01	-1.90E+00										
3.86E+03	-4.96E-01	-1.91E+00										
3.91E+03	-4.93E-01	-1.93E+00										
3.97E+03	-4.90E-01	-1.94E+00										
4.02E+03	-4.88E-01	-1.96E+00										
4.07E+03	-4.85E-01	-1.97E+00										
4.12E+03	-4.82E-01	-1.99E+00										
4.17E+03	-4.80E-01	-2.00E+00										
4.22E+03	-4.77E-01	-2.01E+00										
4.27E+03	-4.75E-01	-2.03E+00										
4.33E+03	-4.72E-01	-2.04E+00										
4.38E+03	-4.69E-01	-2.05E+00										
4.43E+03	-4.67E-01	-2.07E+00										
4.48E+03	-4.64E-01	-2.08E+00										
4.53E+03	-4.62E-01	-2.09E+00										
4.58E+03	-4.59E-01	-2.10E+00										
4.63E+03	-4.57E-01	-2.12E+00										
4.68E+03	-4.54E-01	-2.13E+00										
4.73E+03	-4.51E-01	-2.14E+00										
4.79E+03	-4.49E-01	-2.15E+00										
4.84E+03	-4.46E-01	-2.16E+00										
4.89E+03	-4.44E-01	-2.17E+00										
4.94E+03	-4.41E-01	-2.18E+00										
4.99E+03	-4.39E-01	-2.19E+00										
5.04E+03	-4.36E-01	-2.20E+00										
5.10E+03	-4.34E-01	-2.21E+00										
5.15E+03	-4.31E-01	-2.22E+00										
5.20E+03	-4.29E-01	-2.23E+00										
5.25E+03	-4.26E-01	-2.24E+00										
5.30E+03	-4.24E-01	-2.25E+00										
5.36E+03	-4.21E-01	-2.26E+00										
5.41E+03	-4.18E-01	-2.26E+00										
5.46E+03	-4.16E-01	-2.27E+00										
5.51E+03	-4.14E-01	-2.28E+00										
5.56E+03	-4.11E-01	-2.29E+00										
5.61E+03	-4.08E-01	-2.29E+00										
5.67E+03	-4.06E-01	-2.30E+00										
5.72E+03	-4.03E-01	-2.31E+00										
5.77E+03	-4.01E-01	-2.31E+00										
5.82E+03	-3.98E-01	-2.32E+00										
5.87E+03	-3.96E-01	-2.32E+00										
5.92E+03	-3.93E-01	-2.33E+00										
5.98E+03	-3.91E-01	-2.33E+00										
6.03E+03	-3.88E-01	-2.34E+00										
6.08E+03	-3.86E-01	-2.35E+00										
6.13E+03	-3.83E-01	-2.35E+00										
6.18E+03	-3.80E-01	-2.35E+00										
6.24E+03	-3.78E-01	-2.36E+00										
6.29E+03	-3.75E-01	-2.36E+00										
6.34E+03	-3.73E-01	-2.36E+00										
6.39E+03	-3.70E-01	-2.36E+00										
6.44E+03	-3.68E-01	-2.37E+00										
6.49E+03	-3.65E-01	-2.37E+00										
6.54E+03	-3.63E-01	-2.37E+00										
6.59E+03	-3.60E-01	-2.37E+00										
6.64E+03	-3.57E-01	-2.37E+00										
6.69E+03	-3.55E-01	-2.37E+00										
6.74E+03	-3.52E-01	-2.37E+00										
6.80E+03	-3.50E-01	-2.38E+00										
6.85E+03	-3.47E-01	-2.37E+00										
6.90E+03	-3.44E-01	-2.37E+00										
6.95E+03	-3.41E-01	-2.37E+00										
7.00E+03	-3.39E-01	-2.37E+00										
7.06E+03	-3.36E-01	-2.37E+00										
7.11E+03	-3.33E-01	-2.37E+00										
7.16E+03	-3.31E-01	-2.37E+00										
7.21E+03	-3.28E-01	-2.36E+00										
7.26E+03	-3.25E-01	-2.36E+00										
7.31E+03	-3.23E-01	-2.36E+00										
7.36E+03	-3.20E-01	-2.36E+00										
7.42E+03	-3.17E-01	-2.35E+00										
7.47E+03	-3.14E-01	-2.35E+00										
7.52E+03	-3.11E-01	-2.34E+00										
7.57E+03	-3.09E-01	-2.34E+00										
7.62E+03	-3.06E-01	-2.33E+00										
7.67E+03	-3.03E-01	-2.33E+00										
7.72E+03	-3.00E-01	-2.32E+00										
7.78E+03	-2.98E-01	-2.31E+00										
7.83E+03	-2.95E-01	-2.31E+00										
7.88E+03	-2.92E-01	-2.30E+00										
7.94E+03	-2.89E-01	-2.29E+00										
7.99E+03	-2.86E-01	-2.28E+00										
8.04E+03	-2.83E-01	-2.27E+00										
8.09E+03	-2.80E-01	-2.27E+00										
8.14E+03	-2.77E-01	-2.25E+00										
8.20E+03	-2.74E-01	-2.24E+00										
8.25E+03	-2.71E-01	-2.23E+00										
8.30E+03	-2.68E-01	-2.22E+00										
8.35E+03	-2.65E-01	-2.21E+00										
8.40E+03	-2.62E-01	-2.20E+00										
8.45E+03	-2.59E-01	-2.19E+00										
8.50E+03	-2.56E-01	-2.17E+00										
8.55E+03	-2.53E-01	-2.16E+00										
8.57E+03	-2.51E-01	-2.15E+00										
0.00E+00	-8.63E-01	0.00E+00										
0.00E+00	-9.46E-01	0.00E+00										
0.00E+00	-9.56E-01	0.00E+00										
0.00E+00	-9.61E-01	0.00E+00										
0.00E+00	-9.64E-01	0.00E+00										
0.00E+00	-9.67E-01	0.00E+00										
5.03E+01	-9.67E-01	-4.87E-02										
1.01E+02	-8.73E-01	-8.84E-02										
1.53E+02	-8.34E-01	-1.27E-01										
2.04E+02	-8.12E-01	-1.66E-01										
2.55E+02	-7.96E-01	-2.03E-01										
3.08E+02	-7.84E-01	-2.41E-01										
3.60E+02	-7.73E-01	-2.78E-01										
4.11E+02	-7.63E-01	-3.14E-01										
4.63E+02	-7.54E-01	-3.49E-01										
5.13E+02	-7.46E-01	-3.83E-01										
5.64E+02	-7.39E-01	-4.17E-01										
6.16E+02	-7.32E-01	-4.51E-01										
6.68E+02	-7.25E-01	-4.84E-01										
7.18E+02	-7.18E-01	-5.16E-01										
7.69E+02	-7.13E-01	-5.48E-01										
8.22E+02	-7.06E-01	-5.81E-01										
8.76E+02	-7.01E-01	-6.14E-01										
9.28E+02	-6.95E-01	-6.45E-01										
9.81E+02	-6.90E-01	-6.76E-01										
1.04E+03	-6.84E-01	-7.09E-01										
1.09E+03	-6.79E-01	-7.38E-01										
1.14E+03	-6.74E-01	-7.67E-01										
1.19E+03	-6.69E-01	-7.96E-01										
1.24E+03	-6.65E-01	-8.24E-01										
1.29E+03	-6.60E-01	-8.52E-01										
1.34E+03	-6.56E-01	-8.82E-01										
1.39E+03	-6.52E-01	-9.08E-01										
1.45E+03	-6.47E-01	-9.36E-01										
1.50E+03	-6.43E-01	-9.63E-01										
1.55E+03	-6.39E-01	-9.91E-01										
1.60E+03	-6.35E-01	-1.02E+00										
1.65E+03	-6.31E-01	-1.04E+00										
1.71E+03	-6.27E-01	-1.07E+00										
1.76E+03	-6.23E-01	-1.10E+00										
1.81E+03	-6.19E-01	-1.12E+00										
1.86E+03	-6.16E-01	-1.15E+00										
1.91E+03	-6.12E-01	-1.17E+00										
1.96E+03	-6.09E-01	-1.19E+00										
2.01E+03	-6.05E-01	-1.22E+00										
2.07E+03	-6.02E-01	-1.24E+00										
2.12E+03	-5.98E-01	-1.27E+00										
2.17E+03	-5.95E-01	-1.29E+00										
2.22E+03	-5.91E-01	-1.31E+00										
2.27E+03	-5.88E-01	-1.34E+00										
2.32E+03	-5.85E-01	-1.36E+00										
2.38E+03	-5.81E-01	-1.38E+00										
2.43E+03	-5.78E-01	-1.40E+00										
2.48E+03	-5.75E-01	-1.42E+00										
2.53E+03	-5.72E-01	-1.44E+00										
2.58E+03	-5.69E-01	-1.47E+00										
2.63E+03	-5.65E-01	-1.49E+00										
2.68E+03	-5.63E-01	-1.51E+00										
2.73E+03	-5.59E-01	-1.53E+00										
2.79E+03	-5.56E-01	-1.55E+00										
2.84E+03	-5.53E-01	-1.57E+00										
2.89E+03	-5.50E-01	-1.59E+00										
2.94E+03	-5.47E-01	-1.61E+00										
3.00E+03	-5.44E-01	-1.63E+00										
3.05E+03	-5.41E-01	-1.65E+00										
3.10E+03	-5.38E-01	-1.67E+00										
3.15E+03	-5.35E-01	-1.69E+00										
3.20E+03	-5.32E-01	-1.70E+00										
3.25E+03	-5.29E-01	-1.72E+00										
3.30E+03	-5.27E-01	-1.74E+00										
3.35E+03	-5.24E-01	-1.76E+00										
3.40E+03	-5.21E-01	-1.77E+00										
3.45E+03	-5.18E-01	-1.79E+00										
3.50E+03	-5.16E-01	-1.81E+00										
3.56E+03	-5.13E-01	-1.82E+00										
3.61E+03	-5.10E-01	-1.84E+00										
3.66E+03	-5.07E-01	-1.86E+00										
3.71E+03	-5.05E-01	-1.87E+00										
3.76E+03	-5.02E-01	-1.89E+00										
3.81E+03	-5.00E-01	-1.91E+00										
3.87E+03	-4.97E-01	-1.92E+00										
3.92E+03	-4.94E-01	-1.94E+00										
3.98E+03	-4.91E-01	-1.95E+00										
4.03E+03	-4.88E-01	-1.97E+00										
4.08E+03	-4.86E-01	-1.98E+00										
4.13E+03	-4.83E-01	-1.99E+00										
4.18E+03	-4.80E-01	-2.01E+00										
4.23E+03	-4.78E-01	-2.02E+00										
4.28E+03	-4.75E-01	-2.04E+00										
4.33E+03	-4.72E-01	-2.05E+00										
4.38E+03	-4.70E-01	-2.06E+00										
4.43E+03	-4.68E-01	-2.07E+00										
4.48E+03	-4.65E-01	-2.09E+00										
4.54E+03	-4.62E-01	-2.10E+00										
4.59E+03	-4.60E-01	-2.11E+00										
4.64E+03	-4.57E-01	-2.12E+00										
4.69E+03	-4.55E-01	-2.13E+00										
4.74E+03	-4.52E-01	-2.15E+00										
4.80E+03	-4.50E-01	-2.16E+00										
4.85E+03	-4.47E-01	-2.17E+00										
4.90E+03	-4.45E-01	-2.18E+00										
4.95E+03	-4.42E-01	-2.19E+00										
5.00E+03	-4.40E-01	-2.20E+00										
5.05E+03	-4.37E-01	-2.21E+00										
5.10E+03	-4.35E-01	-2.22E+00										
5.15E+03	-4.32E-01	-2.23E+00										
5.21E+03	-4.30E-01	-2.24E+00										
5.26E+03	-4.27E-01	-2.25E+00										
5.31E+03	-4.25E-01	-2.25E+00										
5.36E+03	-4.22E-01	-2.26E+00										
5.41E+03	-4.20E-01	-2.27E+00										
5.46E+03	-4.17E-01	-2.28E+00										
5.52E+03	-4.14E-01	-2.29E+00										
5.57E+03	-4.12E-01	-2.29E+00										
5.62E+03	-4.09E-01	-2.30E+00										
5.68E+03	-4.07E-01	-2.31E+00										
5.73E+03	-4.04E-01	-2.32E+00										
5.79E+03	-4.01E-01	-2.32E+00										
5.84E+03	-3.99E-01	-2.33E+00										
5.89E+03	-3.96E-01	-2.33E+00										
5.94E+03	-3.94E-01	-2.34E+00										
5.99E+03	-3.91E-01	-2.34E+00										
6.04E+03	-3.89E-01	-2.35E+00										
6.09E+03	-3.86E-01	-2.35E+00										
6.14E+03	-3.84E-01	-2.36E+00										
6.19E+03	-3.81E-01	-2.36E+00										
6.25E+03	-3.79E-01	-2.37E+00										
6.30E+03	-3.76E-01	-2.37E+00										
6.35E+03	-3.74E-01	-2.37E+00										
6.40E+03	-3.71E-01	-2.37E+00										
6.45E+03	-3.68E-01	-2.38E+00										
6.50E+03	-3.66E-01	-2.38E+00										
6.56E+03	-3.63E-01	-2.38E+00										
6.61E+03	-3.61E-01	-2.38E+00										
6.66E+03	-3.58E-01	-2.38E+00										
6.71E+03	-3.55E-01	-2.38E+00										
6.76E+03	-3.53E-01	-2.38E+00										
6.81E+03	-3.50E-01	-2.38E+00										
6.87E+03	-3.47E-01	-2.39E+00										
6.92E+03	-3.45E-01	-2.39E+00										
6.97E+03	-3.42E-01	-2.38E+00										
7.02E+03	-3.40E-01	-2.38E+00										
7.07E+03	-3.37E-01	-2.38E+00										
7.12E+03	-3.34E-01	-2.38E+00										
7.18E+03	-3.31E-01	-2.38E+00										
7.23E+03	-3.29E-01	-2.38E+00										
7.28E+03	-3.26E-01	-2.37E+00										
7.34E+03	-3.23E-01	-2.37E+00										
7.39E+03	-3.21E-01	-2.37E+00										
7.44E+03	-3.18E-01	-2.36E+00										
7.49E+03	-3.15E-01	-2.36E+00										
7.54E+03	-3.12E-01	-2.35E+00										
7.59E+03	-3.09E-01	-2.35E+00										
7.65E+03	-3.06E-01	-2.34E+00										
7.70E+03	-3.04E-01	-2.34E+00										
7.75E+03	-3.01E-01	-2.33E+00										
7.80E+03	-2.98E-01	-2.33E+00										
7.85E+03	-2.95E-01	-2.32E+00										
7.91E+03	-2.92E-01	-2.31E+00										
7.96E+03	-2.89E-01	-2.30E+00										
8.01E+03	-2.86E-01	-2.29E+00										
8.06E+03	-2.83E-01	-2.28E+00										
8.12E+03	-2.80E-01	-2.27E+00										
8.17E+03	-2.77E-01	-2.27E+00										
8.22E+03	-2.74E-01	-2.26E+00										
8.27E+03	-2.71E-01	-2.24E+00										
8.32E+03	-2.68E-01	-2.23E+00										
8.37E+03	-2.65E-01	-2.22E+00										
8.42E+03	-2.62E-01	-2.21E+00										
8.48E+03	-2.59E-01	-2.20E+00										
8.53E+03	-2.56E-01	-2.19E+00										
8.58E+03	-2.53E-01	-2.17E+00										
8.60E+03	-2.52E-01	-2.16E+00										
0.00E+00	-8.63E-01	0.00E+00										
0.00E+00	-9.46E-01	0.00E+00										
0.00E+00	-9.56E-01	0.00E+00										
0.00E+00	-9.61E-01	0.00E+00										
0.00E+00	-9.64E-01	0.00E+00										
0.00E+00	-9.67E-01	0.00E+00										
4.37E+01	-9.67E-01	-4.23E-02										
9.57E+01	-8.85E-01	-8.46E-02										
1.46E+02	-8.34E-01	-1.22E-01										
1.96E+02	-8.14E-01	-1.60E-01										
2.47E+02	-7.98E-01	-1.97E-01										
2.99E+02	-7.85E-01	-2.35E-01										
3.50E+02	-7.75E-01	-2.71E-01										
4.00E+02	-7.65E-01	-3.06E-01										
4.51E+02	-7.56E-01	-3.41E-01										
5.01E+02	-7.49E-01	-3.75E-01										
5.54E+02	-7.41E-01	-4.10E-01										
6.05E+02	-7.34E-01	-4.44E-01										
6.56E+02	-7.27E-01	-4.76E-01										
7.06E+02	-7.20E-01	-5.08E-01										
7.57E+02	-7.14E-01	-5.40E-01										
8.08E+02	-7.08E-01	-5.72E-01										
8.58E+02	-7.02E-01	-6.03E-01										
9.09E+02	-6.97E-01	-6.34E-01										
9.59E+02	-6.92E-01	-6.64E-01										
1.01E+03	-6.87E-01	-6.95E-01										
1.06E+03	-6.81E-01	-7.24E-01										
1.11E+03	-6.76E-01	-7.53E-01										
1.17E+03	-6.72E-01	-7.83E-01										
1.22E+03	-6.67E-01	-8.12E-01										
1.27E+03	-6.62E-01	-8.42E-01										
1.32E+03	-6.58E-01	-8.70E-01										
1.37E+03	-6.53E-01	-8.98E-01										
1.43E+03	-6.49E-01	-9.25E-01										
1.48E+03	-6.45E-01	-9.52E-01										
1.53E+03	-6.41E-01	-9.78E-01										
1.58E+03	-6.37E-01	-1.01E+00										
1.63E+03	-6.33E-01	-1.03E+00										
1.68E+03	-6.29E-01	-1.06E+00										
1.73E+03	-6.25E-01	-1.08E+00										
1.78E+03	-6.21E-01	-1.11E+00										
1.84E+03	-6.18E-01	-1.13E+00										
1.89E+03	-6.14E-01	-1.16E+00										
1.94E+03	-6.11E-01	-1.18E+00										
1.99E+03	-6.07E-01	-1.21E+00										
2.04E+03	-6.03E-01	-1.23E+00										
2.10E+03	-6.00E-01	-1.26E+00										
2.15E+03	-5.96E-01	-1.28E+00										
2.20E+03	-5.93E-01	-1.30E+00										
2.25E+03	-5.90E-01	-1.33E+00										
2.30E+03	-5.86E-01	-1.35E+00										
2.35E+03	-5.83E-01	-1.37E+00										
2.40E+03	-5.80E-01	-1.39E+00										
2.45E+03	-5.76E-01	-1.41E+00										
2.50E+03	-5.73E-01	-1.44E+00										
2.56E+03	-5.70E-01	-1.46E+00										
2.61E+03	-5.67E-01	-1.48E+00										
2.66E+03	-5.64E-01	-1.50E+00										
2.71E+03	-5.61E-01	-1.52E+00										
2.76E+03	-5.58E-01	-1.54E+00										
2.81E+03	-5.55E-01	-1.56E+00										
2.86E+03	-5.52E-01	-1.58E+00										
2.92E+03	-5.49E-01	-1.60E+00										
2.97E+03	-5.46E-01	-1.62E+00										
3.02E+03	-5.43E-01	-1.64E+00										
3.07E+03	-5.40E-01	-1.66E+00										
3.12E+03	-5.37E-01	-1.67E+00										
3.17E+03	-5.34E-01	-1.69E+00										
3.22E+03	-5.31E-01	-1.71E+00										
3.27E+03	-5.28E-01	-1.73E+00										
3.32E+03	-5.26E-01	-1.75E+00										
3.37E+03	-5.23E-01	-1.76E+00										
3.42E+03	-5.20E-01	-1.78E+00										
3.48E+03	-5.17E-01	-1.80E+00										
3.53E+03	-5.14E-01	-1.81E+00										
3.58E+03	-5.12E-01	-1.83E+00										
3.63E+03	-5.09E-01	-1.85E+00										
3.68E+03	-5.06E-01	-1.86E+00										
3.73E+03	-5.03E-01	-1.88E+00										
3.78E+03	-5.00E-01	-1.89E+00										
3.83E+03	-4.98E-01	-1.91E+00										
3.89E+03	-4.96E-01	-1.93E+00										
3.94E+03	-4.93E-01	-1.94E+00										
3.99E+03	-4.90E-01	-1.96E+00										
4.04E+03	-4.87E-01	-1.97E+00										
4.09E+03	-4.85E-01	-1.98E+00										
4.14E+03	-4.82E-01	-2.00E+00										
4.19E+03	-4.80E-01	-2.01E+00										
4.25E+03	-4.77E-01	-2.03E+00										
4.30E+03	-4.74E-01	-2.04E+00										
4.35E+03	-4.72E-01	-2.05E+00										
4.40E+03	-4.69E-01	-2.06E+00										
4.45E+03	-4.67E-01	-2.08E+00										
4.50E+03	-4.64E-01	-2.09E+00										
4.55E+03	-4.62E-01	-2.10E+00										
4.60E+03	-4.59E-01	-2.11E+00										
4.65E+03	-4.57E-01	-2.12E+00										
4.70E+03	-4.54E-01	-2.13E+00										
4.76E+03	-4.52E-01	-2.15E+00										
4.81E+03	-4.49E-01	-2.16E+00										
4.86E+03	-4.47E-01	-2.17E+00										
4.91E+03	-4.44E-01	-2.18E+00										
4.96E+03	-4.41E-01	-2.19E+00										
5.01E+03	-4.39E-01	-2.20E+00										
5.07E+03	-4.36E-01	-2.21E+00										
5.12E+03	-4.34E-01	-2.22E+00										
5.17E+03	-4.31E-01	-2.23E+00										
5.22E+03	-4.29E-01	-2.24E+00										
5.27E+03	-4.26E-01	-2.25E+00										
5.32E+03	-4.24E-01	-2.26E+00										
5.38E+03	-4.21E-01	-2.26E+00										
5.43E+03	-4.18E-01	-2.27E+00										
5.48E+03	-4.16E-01	-2.28E+00										
5.54E+03	-4.13E-01	-2.29E+00										
5.59E+03	-4.11E-01	-2.29E+00										
5.64E+03	-4.08E-01	-2.30E+00										
5.69E+03	-4.06E-01	-2.31E+00										
5.74E+03	-4.03E-01	-2.32E+00										
5.80E+03	-4.00E-01	-2.32E+00										
5.85E+03	-3.98E-01	-2.33E+00										
5.90E+03	-3.96E-01	-2.34E+00										
5.96E+03	-3.93E-01	-2.34E+00										
6.01E+03	-3.90E-01	-2.34E+00										
6.06E+03	-3.87E-01	-2.35E+00										
6.11E+03	-3.85E-01	-2.35E+00										
6.17E+03	-3.82E-01	-2.36E+00										
6.22E+03	-3.80E-01	-2.36E+00										
6.27E+03	-3.77E-01	-2.36E+00										
6.32E+03	-3.75E-01	-2.37E+00										
6.37E+03	-3.72E-01	-2.37E+00										
6.42E+03	-3.70E-01	-2.37E+00										
6.48E+03	-3.67E-01	-2.38E+00										
6.53E+03	-3.64E-01	-2.38E+00										
6.58E+03	-3.62E-01	-2.38E+00										
6.63E+03	-3.59E-01	-2.38E+00										
6.68E+03	-3.56E-01	-2.38E+00										
6.74E+03	-3.54E-01	-2.38E+00										
6.79E+03	-3.51E-01	-2.38E+00										
6.84E+03	-3.49E-01	-2.38E+00										
6.89E+03	-3.46E-01	-2.38E+00										
6.94E+03	-3.43E-01	-2.38E+00										
6.99E+03	-3.40E-01	-2.38E+00										
7.05E+03	-3.38E-01	-2.38E+00										
7.10E+03	-3.35E-01	-2.38E+00										
7.15E+03	-3.32E-01	-2.38E+00										
7.21E+03	-3.29E-01	-2.37E+00										
7.26E+03	-3.26E-01	-2.37E+00										
7.31E+03	-3.24E-01	-2.37E+00										
7.36E+03	-3.21E-01	-2.36E+00										
7.42E+03	-3.18E-01	-2.36E+00										
7.47E+03	-3.15E-01	-2.35E+00										
7.52E+03	-3.12E-01	-2.35E+00										
7.57E+03	-3.09E-01	-2.34E+00										
7.62E+03	-3.07E-01	-2.34E+00										
7.67E+03	-3.04E-01	-2.33E+00										
7.73E+03	-3.01E-01	-2.33E+00										
7.78E+03	-2.98E-01	-2.32E+00										
7.83E+03	-2.95E-01	-2.31E+00										
7.88E+03	-2.93E-01	-2.31E+00										
7.93E+03	-2.90E-01	-2.30E+00										
7.98E+03	-2.87E-01	-2.29E+00										
8.03E+03	-2.84E-01	-2.28E+00										
8.08E+03	-2.81E-01	-2.27E+00										
8.13E+03	-2.78E-01	-2.26E+00										
8.18E+03	-2.75E-01	-2.25E+00										
8.23E+03	-2.72E-01	-2.24E+00										
8.28E+03	-2.69E-01	-2.23E+00										
8.33E+03	-2.66E-01	-2.22E+00										
8.39E+03	-2.63E-01	-2.21E+00										
8.44E+03	-2.60E-01	-2.20E+00										
8.49E+03	-2.57E-01	-2.18E+00										
8.54E+03	-2.54E-01	-2.17E+00										
8.57E+03	-2.51E-01	-2.15E+00										
0.00E+00	-8.63E-01	0.00E+00										
0.00E+00	-9.46E-01	0.00E+00										
0.00E+00	-9.56E-01	0.00E+00										
0.00E+00	-9.61E-01	0.00E+00										
0.00E+00	-9.63E-01	0.00E+00										
0.00E+00	-9.67E-01	0.00E+00										
5.09E+01	-9.67E-01	-4.92E-02										
1.02E+02	-8.74E-01	-8.90E-02										
1.53E+02	-8.33E-01	-1.27E-01										
2.04E+02	-8.12E-01	-1.65E-01										
2.54E+02	-7.97E-01	-2.02E-01										
3.04E+02	-7.84E-01	-2.39E-01										
3.55E+02	-7.74E-01	-2.75E-01										
4.06E+02	-7.64E-01	-3.10E-01										
4.57E+02	-7.55E-01	-3.45E-01										
5.08E+02	-7.48E-01	-3.79E-01										
5.60E+02	-7.40E-01	-4.14E-01										
6.12E+02	-7.32E-01	-4.48E-01										
6.63E+02	-7.26E-01	-4.81E-01										
7.14E+02	-7.19E-01	-5.13E-01										
7.64E+02	-7.13E-01	-5.45E-01										
8.16E+02	-7.07E-01	-5.77E-01										
8.67E+02	-7.02E-01	-6.08E-01										
9.17E+02	-6.96E-01	-6.39E-01										
9.68E+02	-6.91E-01	-6.69E-01										
1.02E+03	-6.86E-01	-6.99E-01										
1.07E+03	-6.80E-01	-7.28E-01										
1.12E+03	-6.76E-01	-7.58E-01										
1.17E+03	-6.71E-01	-7.87E-01										
1.22E+03	-6.66E-01	-8.15E-01										
1.27E+03	-6.62E-01	-8.43E-01										
1.32E+03	-6.58E-01	-8.71E-01										
1.38E+03	-6.53E-01	-8.99E-01										
1.43E+03	-6.49E-01	-9.27E-01										
1.48E+03	-6.45E-01	-9.54E-01										
1.53E+03	-6.40E-01	-9.82E-01										
1.59E+03	-6.37E-01	-1.01E+00										
1.64E+03	-6.33E-01	-1.04E+00										
1.69E+03	-6.28E-01	-1.06E+00										
1.74E+03	-6.25E-01	-1.09E+00										
1.79E+03	-6.21E-01	-1.11E+00										
1.84E+03	-6.17E-01	-1.14E+00										
1.90E+03	-6.13E-01	-1.16E+00										
1.95E+03	-6.10E-01	-1.19E+00										
2.00E+03	-6.06E-01	-1.21E+00										
2.06E+03	-6.03E-01	-1.24E+00										
2.11E+03	-5.99E-01	-1.26E+00										
2.16E+03	-5.95E-01	-1.29E+00										
2.21E+03	-5.92E-01	-1.31E+00										
2.26E+03	-5.88E-01	-1.33E+00										
2.32E+03	-5.85E-01	-1.35E+00										
2.37E+03	-5.82E-01	-1.38E+00										
2.42E+03	-5.78E-01	-1.40E+00										
2.47E+03	-5.75E-01	-1.42E+00										
2.52E+03	-5.73E-01	-1.44E+00										
2.57E+03	-5.69E-01	-1.46E+00										
2.63E+03	-5.66E-01	-1.49E+00										
2.68E+03	-5.63E-01	-1.51E+00										
2.73E+03	-5.60E-01	-1.53E+00										
2.78E+03	-5.57E-01	-1.55E+00										
2.83E+03	-5.54E-01	-1.57E+00										
2.88E+03	-5.50E-01	-1.59E+00										
2.93E+03	-5.47E-01	-1.61E+00										
2.99E+03	-5.44E-01	-1.63E+00										
3.04E+03	-5.42E-01	-1.64E+00										
3.09E+03	-5.39E-01	-1.66E+00										
3.14E+03	-5.36E-01	-1.68E+00										
3.20E+03	-5.32E-01	-1.70E+00										
3.25E+03	-5.30E-01	-1.72E+00										
3.30E+03	-5.27E-01	-1.74E+00										
3.35E+03	-5.24E-01	-1.76E+00										
3.41E+03	-5.21E-01	-1.78E+00										
3.46E+03	-5.18E-01	-1.79E+00										
3.51E+03	-5.15E-01	-1.81E+00										
3.56E+03	-5.13E-01	-1.83E+00										
3.61E+03	-5.10E-01	-1.84E+00										
3.66E+03	-5.08E-01	-1.86E+00										
3.71E+03	-5.05E-01	-1.87E+00										
3.76E+03	-5.02E-01	-1.89E+00										
3.81E+03	-4.99E-01	-1.90E+00										
3.86E+03	-4.97E-01	-1.92E+00										
3.92E+03	-4.94E-01	-1.93E+00										
3.97E+03	-4.91E-01	-1.95E+00										
4.02E+03	-4.89E-01	-1.96E+00										
4.07E+03	-4.86E-01	-1.98E+00										
4.12E+03	-4.83E-01	-1.99E+00										
4.17E+03	-4.81E-01	-2.01E+00										
4.23E+03	-4.78E-01	-2.02E+00										
4.28E+03	-4.76E-01	-2.03E+00										
4.33E+03	-4.73E-01	-2.05E+00										
4.38E+03	-4.70E-01	-2.06E+00										
4.43E+03	-4.68E-01	-2.07E+00										
4.48E+03	-4.65E-01	-2.09E+00										
4.53E+03	-4.63E-01	-2.10E+00										
4.59E+03	-4.60E-01	-2.11E+00										
4.64E+03	-4.58E-01	-2.12E+00										
4.69E+03	-4.55E-01	-2.13E+00										
4.74E+03	-4.52E-01	-2.14E+00										
4.79E+03	-4.50E-01	-2.16E+00										
4.84E+03	-4.48E-01	-2.17E+00										
4.89E+03	-4.45E-01	-2.18E+00										
4.95E+03	-4.42E-01	-2.19E+00										
5.00E+03	-4.40E-01	-2.20E+00										
5.05E+03	-4.37E-01	-2.21E+00										
5.10E+03	-4.35E-01	-2.22E+00										
5.15E+03	-4.32E-01	-2.23E+00										
5.20E+03	-4.30E-01	-2.24E+00										
5.25E+03	-4.27E-01	-2.24E+00										
5.31E+03	-4.25E-01	-2.25E+00										
5.36E+03	-4.22E-01	-2.26E+00										
5.41E+03	-4.20E-01	-2.27E+00										
5.47E+03	-4.17E-01	-2.28E+00										
5.52E+03	-4.14E-01	-2.29E+00										
5.57E+03	-4.12E-01	-2.29E+00										
5.62E+03	-4.10E-01	-2.30E+00										
5.67E+03	-4.07E-01	-2.31E+00										
5.72E+03	-4.04E-01	-2.31E+00										
5.78E+03	-4.02E-01	-2.32E+00										
5.83E+03	-3.99E-01	-2.33E+00										
5.88E+03	-3.97E-01	-2.33E+00										
5.93E+03	-3.94E-01	-2.34E+00										
5.98E+03	-3.92E-01	-2.34E+00										
6.03E+03	-3.89E-01	-2.35E+00										
6.08E+03	-3.87E-01	-2.35E+00										
6.14E+03	-3.84E-01	-2.36E+00										
6.19E+03	-3.82E-01	-2.36E+00										
6.24E+03	-3.79E-01	-2.36E+00										
6.29E+03	-3.76E-01	-2.37E+00										
6.34E+03	-3.74E-01	-2.37E+00										
6.39E+03	-3.71E-01	-2.37E+00										
6.44E+03	-3.69E-01	-2.38E+00										
6.49E+03	-3.66E-01	-2.38E+00										
6.55E+03	-3.64E-01	-2.38E+00										
6.60E+03	-3.61E-01	-2.38E+00										
6.65E+03	-3.58E-01	-2.38E+00										
6.70E+03	-3.56E-01	-2.38E+00										
6.75E+03	-3.53E-01	-2.38E+00										
6.80E+03	-3.51E-01	-2.38E+00										
6.85E+03	-3.48E-01	-2.38E+00										
6.90E+03	-3.45E-01	-2.38E+00										
6.95E+03	-3.43E-01	-2.38E+00										
7.00E+03	-3.40E-01	-2.38E+00										
7.06E+03	-3.37E-01	-2.38E+00										
7.11E+03	-3.35E-01	-2.38E+00										
7.16E+03	-3.32E-01	-2.38E+00										
7.21E+03	-3.29E-01	-2.37E+00										
7.26E+03	-3.27E-01	-2.37E+00										
7.31E+03	-3.24E-01	-2.37E+00										
7.36E+03	-3.21E-01	-2.36E+00										
7.42E+03	-3.18E-01	-2.36E+00										
7.47E+03	-3.16E-01	-2.36E+00										
7.52E+03	-3.13E-01	-2.35E+00										
7.57E+03	-3.10E-01	-2.35E+00										
7.62E+03	-3.07E-01	-2.34E+00										
7.67E+03	-3.04E-01	-2.34E+00										
7.73E+03	-3.02E-01	-2.33E+00										
7.78E+03	-2.99E-01	-2.32E+00										
7.83E+03	-2.96E-01	-2.32E+00										
7.88E+03	-2.93E-01	-2.31E+00										
7.93E+03	-2.90E-01	-2.30E+00										
7.99E+03	-2.87E-01	-2.29E+00										
8.04E+03	-2.84E-01	-2.28E+00										
8.09E+03	-2.81E-01	-2.27E+00										
8.14E+03	-2.78E-01	-2.26E+00										
8.19E+03	-2.75E-01	-2.26E+00										
8.24E+03	-2.73E-01	-2.25E+00										
8.29E+03	-2.69E-01	-2.23E+00										
8.34E+03	-2.66E-01	-2.22E+00										
8.39E+03	-2.63E-01	-2.21E+00										
8.44E+03	-2.60E-01	-2.20E+00										
8.49E+03	-2.57E-01	-2.18E+00										
8.54E+03	-2.54E-01	-2.17E+00										
8.58E+03	-2.52E-01	-2.16E+00										
0.00E+00	-8.63E-01	0.00E+00										
0.00E+00	-9.46E-01	0.00E+00										
0.00E+00	-9.56E-01	0.00E+00										
0.00E+00	-9.61E-01	0.00E+00										
0.00E+00	-9.63E-01	0.00E+00										
0.00E+00	-9.67E-01	0.00E+00										
4.88E+01	-9.67E-01	-4.72E-02										
1.01E+02	-8.76E-01	-8.83E-02										
1.52E+02	-8.32E-01	-1.26E-01										
2.02E+02	-8.13E-01	-1.64E-01										
2.52E+02	-7.97E-01	-2.01E-01										
3.03E+02	-7.85E-01	-2.38E-01										
3.53E+02	-7.74E-01	-2.73E-01										
4.05E+02	-7.64E-01	-3.09E-01										
4.58E+02	-7.56E-01	-3.46E-01										
5.08E+02	-7.47E-01	-3.80E-01										
5.62E+02	-7.40E-01	-4.15E-01										
6.12E+02	-7.32E-01	-4.48E-01										
6.65E+02	-7.26E-01	-4.83E-01										
7.18E+02	-7.19E-01	-5.16E-01										
7.70E+02	-7.12E-01	-5.49E-01										
8.21E+02	-7.07E-01	-5.80E-01										
8.72E+02	-7.01E-01	-6.11E-01										
9.23E+02	-6.95E-01	-6.42E-01										
9.74E+02	-6.90E-01	-6.72E-01										
1.03E+03	-6.85E-01	-7.04E-01										
1.08E+03	-6.80E-01	-7.34E-01										
1.13E+03	-6.75E-01	-7.62E-01										
1.18E+03	-6.70E-01	-7.91E-01										
1.23E+03	-6.66E-01	-8.20E-01										
1.28E+03	-6.61E-01	-8.49E-01										
1.34E+03	-6.57E-01	-8.78E-01										
1.39E+03	-6.52E-01	-9.05E-01										
1.44E+03	-6.48E-01	-9.32E-01										
1.49E+03	-6.44E-01	-9.59E-01										
1.54E+03	-6.40E-01	-9.85E-01										
1.59E+03	-6.36E-01	-1.01E+00										
1.64E+03	-6.32E-01	-1.04E+00										
1.69E+03	-6.28E-01	-1.06E+00										
1.75E+03	-6.24E-01	-1.09E+00										
1.80E+03	-6.20E-01	-1.11E+00										
1.85E+03	-6.17E-01	-1.14E+00										
1.90E+03	-6.13E-01	-1.16E+00										
1.95E+03	-6.09E-01	-1.19E+00										
2.00E+03	-6.06E-01	-1.21E+00										
2.05E+03	-6.02E-01	-1.24E+00										
2.11E+03	-5.99E-01	-1.26E+00										
2.16E+03	-5.95E-01	-1.28E+00										
2.21E+03	-5.92E-01	-1.31E+00										
2.26E+03	-5.88E-01	-1.33E+00										
2.31E+03	-5.85E-01	-1.35E+00										
2.37E+03	-5.82E-01	-1.38E+00										
2.42E+03	-5.78E-01	-1.40E+00										
2.47E+03	-5.75E-01	-1.42E+00										
2.52E+03	-5.72E-01	-1.44E+00										
2.57E+03	-5.69E-01	-1.46E+00										
2.62E+03	-5.66E-01	-1.48E+00										
2.67E+03	-5.62E-01	-1.50E+00										
2.73E+03	-5.60E-01	-1.53E+00										
2.78E+03	-5.56E-01	-1.55E+00										
2.83E+03	-5.53E-01	-1.57E+00										
2.88E+03	-5.50E-01	-1.59E+00										
2.93E+03	-5.47E-01	-1.60E+00										
2.99E+03	-5.44E-01	-1.63E+00										
3.04E+03	-5.41E-01	-1.64E+00										
3.09E+03	-5.38E-01	-1.66E+00										
3.15E+03	-5.35E-01	-1.68E+00										
3.20E+03	-5.32E-01	-1.70E+00										
3.25E+03	-5.29E-01	-1.72E+00										
3.30E+03	-5.26E-01	-1.74E+00										
3.36E+03	-5.23E-01	-1.76E+00										
3.41E+03	-5.21E-01	-1.77E+00										
3.46E+03	-5.18E-01	-1.79E+00										
3.51E+03	-5.15E-01	-1.81E+00										
3.56E+03	-5.12E-01	-1.82E+00										
3.61E+03	-5.10E-01	-1.84E+00										
3.66E+03	-5.07E-01	-1.86E+00										
3.71E+03	-5.04E-01	-1.87E+00										
3.77E+03	-5.02E-01	-1.89E+00										
3.82E+03	-4.99E-01	-1.90E+00										
3.87E+03	-4.96E-01	-1.92E+00										
3.92E+03	-4.93E-01	-1.93E+00										
3.97E+03	-4.91E-01	-1.95E+00										
4.02E+03	-4.88E-01	-1.96E+00										
4.08E+03	-4.85E-01	-1.98E+00										
4.13E+03	-4.83E-01	-1.99E+00										
4.18E+03	-4.80E-01	-2.01E+00										
4.23E+03	-4.77E-01	-2.02E+00										
4.28E+03	-4.75E-01	-2.03E+00										
4.33E+03	-4.72E-01	-2.05E+00										
4.38E+03	-4.70E-01	-2.06E+00										
4.43E+03	-4.67E-01	-2.07E+00										
4.49E+03	-4.64E-01	-2.08E+00										
4.54E+03	-4.62E-01	-2.10E+00										
4.59E+03	-4.59E-01	-2.11E+00										
4.64E+03	-4.57E-01	-2.12E+00										
4.69E+03	-4.54E-01	-2.13E+00										
4.74E+03	-4.52E-01	-2.14E+00										
4.80E+03	-4.49E-01	-2.16E+00										
4.85E+03	-4.46E-01	-2.17E+00										
4.91E+03	-4.44E-01	-2.18E+00										
4.96E+03	-4.41E-01	-2.19E+00										
5.01E+03	-4.39E-01	-2.20E+00										
5.06E+03	-4.36E-01	-2.21E+00										
5.11E+03	-4.34E-01	-2.22E+00										
5.17E+03	-4.31E-01	-2.23E+00										
5.22E+03	-4.29E-01	-2.24E+00										
5.27E+03	-4.26E-01	-2.25E+00										
5.33E+03	-4.23E-01	-2.26E+00										
5.38E+03	-4.20E-01	-2.26E+00										
5.44E+03	-4.18E-01	-2.27E+00										
5.49E+03	-4.15E-01	-2.28E+00										
5.54E+03	-4.13E-01	-2.29E+00										
5.59E+03	-4.10E-01	-2.29E+00										
5.65E+03	-4.08E-01	-2.30E+00										
5.70E+03	-4.05E-01	-2.31E+00										
5.75E+03	-4.02E-01	-2.31E+00										
5.80E+03	-4.00E-01	-2.32E+00										
5.86E+03	-3.97E-01	-2.33E+00										
5.91E+03	-3.95E-01	-2.33E+00										
5.96E+03	-3.92E-01	-2.34E+00										
6.01E+03	-3.90E-01	-2.34E+00										
6.06E+03	-3.87E-01	-2.35E+00										
6.12E+03	-3.85E-01	-2.35E+00										
6.17E+03	-3.82E-01	-2.35E+00										
6.22E+03	-3.79E-01	-2.36E+00										
6.27E+03	-3.77E-01	-2.36E+00										
6.33E+03	-3.74E-01	-2.37E+00										
6.38E+03	-3.71E-01	-2.37E+00										
6.43E+03	-3.69E-01	-2.37E+00										
6.48E+03	-3.66E-01	-2.37E+00										
6.53E+03	-3.64E-01	-2.37E+00										
6.58E+03	-3.61E-01	-2.38E+00										
6.64E+03	-3.58E-01	-2.38E+00										
6.69E+03	-3.56E-01	-2.38E+00										
6.74E+03	-3.53E-01	-2.38E+00										
6.79E+03	-3.50E-01	-2.38E+00										
6.84E+03	-3.48E-01	-2.38E+00										
6.89E+03	-3.45E-01	-2.38E+00										
6.94E+03	-3.43E-01	-2.38E+00										
6.99E+03	-3.40E-01	-2.38E+00										
7.04E+03	-3.37E-01	-2.38E+00										
7.10E+03	-3.35E-01	-2.37E+00										
7.15E+03	-3.32E-01	-2.37E+00										
7.20E+03	-3.29E-01	-2.37E+00										
7.25E+03	-3.26E-01	-2.37E+00										
7.30E+03	-3.24E-01	-2.36E+00										
7.36E+03	-3.21E-01	-2.36E+00										
7.41E+03	-3.18E-01	-2.36E+00										
7.46E+03	-3.15E-01	-2.35E+00										
7.51E+03	-3.13E-01	-2.35E+00										
7.56E+03	-3.10E-01	-2.34E+00										
7.61E+03	-3.07E-01	-2.34E+00										
7.66E+03	-3.04E-01	-2.33E+00										
7.72E+03	-3.02E-01	-2.33E+00										
7.77E+03	-2.99E-01	-2.32E+00										
7.82E+03	-2.96E-01	-2.31E+00										
7.87E+03	-2.93E-01	-2.31E+00										
7.92E+03	-2.90E-01	-2.30E+00										
7.97E+03	-2.87E-01	-2.29E+00										
8.02E+03	-2.84E-01	-2.28E+00										
8.08E+03	-2.81E-01	-2.27E+00										
8.13E+03	-2.78E-01	-2.26E+00										
8.18E+03	-2.75E-01	-2.25E+00										
8.23E+03	-2.72E-01	-2.24E+00										
8.28E+03	-2.69E-01	-2.23E+00										
8.34E+03	-2.66E-01	-2.22E+00										
8.39E+03	-2.63E-01	-2.21E+00										
8.44E+03	-2.60E-01	-2.19E+00										
8.49E+03	-2.57E-01	-2.18E+00										
8.54E+03	-2.54E-01	-2.17E+00										
8.58E+03	-2.51E-01	-2.16E+00										
0.00E+00	-8.63E-01	0.00E+00										
0.00E+00	-9.46E-01	0.00E+00										
0.00E+00	-9.56E-01	0.00E+00										
0.00E+00	-9.61E-01	0.00E+00										
0.00E+00	-9.63E-01	0.00E+00										
0.00E+00	-9.67E-01	0.00E+00										
5.19E+01	-9.67E-01	-5.02E-02										
1.02E+02	-8.70E-01	-8.90E-02										
1.56E+02	-8.32E-01	-1.30E-01										
2.06E+02	-8.10E-01	-1.67E-01										
2.57E+02	-7.96E-01	-2.04E-01										
3.10E+02	-7.84E-01	-2.43E-01										
3.60E+02	-7.72E-01	-2.78E-01										
4.11E+02	-7.63E-01	-3.14E-01										
4.63E+02	-7.55E-01	-3.49E-01										
5.14E+02	-7.46E-01	-3.84E-01										
5.66E+02	-7.39E-01	-4.18E-01										
6.17E+02	-7.32E-01	-4.51E-01										
6.68E+02	-7.25E-01	-4.84E-01										
7.20E+02	-7.18E-01	-5.17E-01										
7.72E+02	-7.12E-01	-5.50E-01										
8.23E+02	-7.06E-01	-5.82E-01										
8.76E+02	-7.00E-01	-6.13E-01										
9.28E+02	-6.95E-01	-6.45E-01										
9.79E+02	-6.89E-01	-6.75E-01										
1.03E+03	-6.84E-01	-7.05E-01										
1.08E+03	-6.79E-01	-7.34E-01										
1.13E+03	-6.75E-01	-7.63E-01										
1.18E+03	-6.69E-01	-7.92E-01										
1.24E+03	-6.65E-01	-8.22E-01										
1.29E+03	-6.61E-01	-8.51E-01										
1.34E+03	-6.56E-01	-8.78E-01										
1.39E+03	-6.52E-01	-9.06E-01										
1.44E+03	-6.47E-01	-9.33E-01										
1.49E+03	-6.43E-01	-9.60E-01										
1.54E+03	-6.39E-01	-9.87E-01										
1.59E+03	-6.35E-01	-1.01E+00										
1.65E+03	-6.31E-01	-1.04E+00										
1.70E+03	-6.27E-01	-1.06E+00										
1.75E+03	-6.24E-01	-1.09E+00										
1.80E+03	-6.20E-01	-1.11E+00										
1.85E+03	-6.17E-01	-1.14E+00										
1.90E+03	-6.12E-01	-1.16E+00										
1.95E+03	-6.09E-01	-1.19E+00										
2.00E+03	-6.05E-01	-1.21E+00										
2.06E+03	-6.02E-01	-1.24E+00										
2.11E+03	-5.98E-01	-1.26E+00										
2.16E+03	-5.95E-01	-1.29E+00										
2.21E+03	-5.91E-01	-1.31E+00										
2.27E+03	-5.87E-01	-1.33E+00										
2.32E+03	-5.84E-01	-1.35E+00										
2.37E+03	-5.81E-01	-1.38E+00										
2.42E+03	-5.77E-01	-1.40E+00										
2.47E+03	-5.74E-01	-1.42E+00										
2.52E+03	-5.71E-01	-1.44E+00										
2.58E+03	-5.68E-01	-1.46E+00										
2.63E+03	-5.65E-01	-1.48E+00										
2.68E+03	-5.62E-01	-1.50E+00										
2.73E+03	-5.59E-01	-1.52E+00										
2.78E+03	-5.56E-01	-1.55E+00										
2.83E+03	-5.52E-01	-1.56E+00										
2.88E+03	-5.49E-01	-1.58E+00										
2.93E+03	-5.47E-01	-1.60E+00										
2.99E+03	-5.43E-01	-1.62E+00										
3.04E+03	-5.40E-01	-1.64E+00										
3.09E+03	-5.38E-01	-1.66E+00										
3.15E+03	-5.34E-01	-1.68E+00										
3.20E+03	-5.31E-01	-1.70E+00										
3.25E+03	-5.28E-01	-1.72E+00										
3.30E+03	-5.26E-01	-1.73E+00										
3.35E+03	-5.23E-01	-1.75E+00										
3.41E+03	-5.20E-01	-1.77E+00										
3.46E+03	-5.17E-01	-1.79E+00										
3.51E+03	-5.14E-01	-1.80E+00										
3.56E+03	-5.11E-01	-1.82E+00										
3.61E+03	-5.09E-01	-1.84E+00										
3.66E+03	-5.06E-01	-1.85E+00										
3.71E+03	-5.03E-01	-1.87E+00										
3.76E+03	-5.01E-01	-1.88E+00										
3.82E+03	-4.98E-01	-1.90E+00										
3.87E+03	-4.95E-01	-1.91E+00										
3.92E+03	-4.92E-01	-1.93E+00										
3.97E+03	-4.89E-01	-1.95E+00										
4.03E+03	-4.87E-01	-1.96E+00										
4.08E+03	-4.84E-01	-1.97E+00										
4.13E+03	-4.82E-01	-1.99E+00										
4.18E+03	-4.79E-01	-2.00E+00										
4.23E+03	-4.76E-01	-2.02E+00										
4.28E+03	-4.74E-01	-2.03E+00										
4.33E+03	-4.71E-01	-2.04E+00										
4.38E+03	-4.69E-01	-2.05E+00										
4.44E+03	-4.66E-01	-2.07E+00										
4.49E+03	-4.63E-01	-2.08E+00										
4.54E+03	-4.61E-01	-2.09E+00										
4.60E+03	-4.58E-01	-2.10E+00										
4.65E+03	-4.56E-01	-2.12E+00										
4.70E+03	-4.53E-01	-2.13E+00										
4.75E+03	-4.50E-01	-2.14E+00										
4.80E+03	-4.48E-01	-2.15E+00										
4.85E+03	-4.46E-01	-2.16E+00										
4.90E+03	-4.43E-01	-2.17E+00										
4.96E+03	-4.40E-01	-2.18E+00										
5.01E+03	-4.38E-01	-2.19E+00										
5.06E+03	-4.35E-01	-2.20E+00										
5.11E+03	-4.32E-01	-2.21E+00										
5.16E+03	-4.30E-01	-2.22E+00										
5.21E+03	-4.27E-01	-2.23E+00										
5.26E+03	-4.25E-01	-2.24E+00										
5.32E+03	-4.22E-01	-2.24E+00										
5.37E+03	-4.20E-01	-2.25E+00										
5.42E+03	-4.17E-01	-2.26E+00										
5.48E+03	-4.15E-01	-2.27E+00										
5.53E+03	-4.12E-01	-2.28E+00										
5.58E+03	-4.10E-01	-2.29E+00										
5.63E+03	-4.07E-01	-2.29E+00										
5.68E+03	-4.05E-01	-2.30E+00										
5.73E+03	-4.02E-01	-2.31E+00										
5.78E+03	-4.00E-01	-2.31E+00										
5.83E+03	-3.97E-01	-2.32E+00										
5.88E+03	-3.95E-01	-2.32E+00										
5.93E+03	-3.92E-01	-2.33E+00										
5.99E+03	-3.90E-01	-2.33E+00										
6.04E+03	-3.87E-01	-2.34E+00										
6.09E+03	-3.85E-01	-2.34E+00										
6.14E+03	-3.82E-01	-2.35E+00										
6.19E+03	-3.80E-01	-2.35E+00										
6.24E+03	-3.77E-01	-2.36E+00										
6.29E+03	-3.74E-01	-2.36E+00										
6.34E+03	-3.72E-01	-2.36E+00										
6.40E+03	-3.69E-01	-2.36E+00										
6.45E+03	-3.66E-01	-2.36E+00										
6.50E+03	-3.64E-01	-2.37E+00										
6.55E+03	-3.61E-01	-2.37E+00										
6.60E+03	-3.59E-01	-2.37E+00										
6.66E+03	-3.56E-01	-2.37E+00										
6.71E+03	-3.54E-01	-2.37E+00										
6.76E+03	-3.51E-01	-2.37E+00										
6.81E+03	-3.48E-01	-2.37E+00										
6.86E+03	-3.45E-01	-2.37E+00										
6.91E+03	-3.42E-01	-2.37E+00										
6.96E+03	-3.40E-01	-2.37E+00										
7.01E+03	-3.37E-01	-2.37E+00										
7.06E+03	-3.34E-01	-2.36E+00										
7.12E+03	-3.32E-01	-2.36E+00										
7.17E+03	-3.29E-01	-2.36E+00										
7.22E+03	-3.27E-01	-2.36E+00										
7.27E+03	-3.24E-01	-2.36E+00										
7.32E+03	-3.21E-01	-2.35E+00										
7.37E+03	-3.19E-01	-2.35E+00										
7.42E+03	-3.16E-01	-2.34E+00										
7.47E+03	-3.13E-01	-2.34E+00										
7.53E+03	-3.10E-01	-2.34E+00										
7.58E+03	-3.07E-01	-2.33E+00										
7.63E+03	-3.05E-01	-2.32E+00										
7.68E+03	-3.02E-01	-2.32E+00										
7.73E+03	-2.99E-01	-2.31E+00										
7.78E+03	-2.96E-01	-2.31E+00										
7.84E+03	-2.93E-01	-2.30E+00										
7.89E+03	-2.90E-01	-2.29E+00										
7.94E+03	-2.87E-01	-2.28E+00										
7.99E+03	-2.84E-01	-2.27E+00										
8.04E+03	-2.81E-01	-2.26E+00										
8.10E+03	-2.79E-01	-2.26E+00										
8.15E+03	-2.76E-01	-2.24E+00										
8.20E+03	-2.73E-01	-2.24E+00										
8.25E+03	-2.69E-01	-2.22E+00										
8.30E+03	-2.66E-01	-2.21E+00										
8.35E+03	-2.63E-01	-2.20E+00										
8.41E+03	-2.60E-01	-2.19E+00										
8.46E+03	-2.57E-01	-2.18E+00										
8.51E+03	-2.54E-01	-2.16E+00										
8.54E+03	-2.51E-01	-2.15E+00										
0.00E+00	-8.63E-01	0.00E+00										
0.00E+00	-9.46E-01	0.00E+00										
0.00E+00	-9.56E-01	0.00E+00										
0.00E+00	-9.61E-01	0.00E+00										
0.00E+00	-9.64E-01	0.00E+00										
0.00E+00	-9.67E-01	0.00E+00										
4.83E+01	-9.67E-01	-4.67E-02										
9.97E+01	-8.77E-01	-8.74E-02										
1.50E+02	-8.33E-01	-1.25E-01										
2.01E+02	-8.13E-01	-1.63E-01										
2.52E+02	-7.97E-01	-2.01E-01										
3.03E+02	-7.84E-01	-2.38E-01										
3.55E+02	-7.74E-01	-2.75E-01										
4.05E+02	-7.64E-01	-3.10E-01										
4.59E+02	-7.55E-01	-3.47E-01										
5.10E+02	-7.47E-01	-3.81E-01										
5.61E+02	-7.39E-01	-4.15E-01										
6.13E+02	-7.32E-01	-4.49E-01										
6.64E+02	-7.25E-01	-4.82E-01										
7.15E+02	-7.19E-01	-5.14E-01										
7.69E+02	-7.12E-01	-5.48E-01										
8.20E+02	-7.06E-01	-5.79E-01										
8.71E+02	-7.01E-01	-6.10E-01										
9.22E+02	-6.96E-01	-6.41E-01										
9.73E+02	-6.90E-01	-6.71E-01										
1.03E+03	-6.84E-01	-7.02E-01										
1.08E+03	-6.79E-01	-7.31E-01										
1.13E+03	-6.74E-01	-7.60E-01										
1.18E+03	-6.70E-01	-7.89E-01										
1.23E+03	-6.65E-01	-8.17E-01										
1.28E+03	-6.60E-01	-8.46E-01										
1.33E+03	-6.56E-01	-8.75E-01										
1.39E+03	-6.51E-01	-9.02E-01										
1.44E+03	-6.47E-01	-9.31E-01										
1.49E+03	-6.43E-01	-9.58E-01										
1.54E+03	-6.39E-01	-9.86E-01										
1.59E+03	-6.35E-01	-1.01E+00										
1.64E+03	-6.31E-01	-1.04E+00										
1.69E+03	-6.27E-01	-1.06E+00										
1.75E+03	-6.23E-01	-1.09E+00										
1.80E+03	-6.19E-01	-1.11E+00										
1.85E+03	-6.15E-01	-1.14E+00										
1.90E+03	-6.12E-01	-1.16E+00										
1.95E+03	-6.08E-01	-1.19E+00										
2.00E+03	-6.04E-01	-1.21E+00										
2.06E+03	-6.01E-01	-1.23E+00										
2.11E+03	-5.98E-01	-1.26E+00										
2.16E+03	-5.94E-01	-1.28E+00										
2.21E+03	-5.91E-01	-1.30E+00										
2.26E+03	-5.87E-01	-1.33E+00										
2.32E+03	-5.84E-01	-1.35E+00										
2.37E+03	-5.80E-01	-1.37E+00										
2.42E+03	-5.77E-01	-1.40E+00										
2.47E+03	-5.73E-01	-1.42E+00										
2.52E+03	-5.70E-01	-1.44E+00										
2.57E+03	-5.67E-01	-1.46E+00										
2.62E+03	-5.64E-01	-1.48E+00										
2.68E+03	-5.61E-01	-1.50E+00										
2.73E+03	-5.58E-01	-1.52E+00										
2.78E+03	-5.55E-01	-1.54E+00										
2.83E+03	-5.52E-01	-1.56E+00										
2.88E+03	-5.49E-01	-1.58E+00										
2.93E+03	-5.46E-01	-1.60E+00										
2.98E+03	-5.42E-01	-1.62E+00										
3.03E+03	-5.39E-01	-1.64E+00										
3.08E+03	-5.37E-01	-1.66E+00										
3.14E+03	-5.34E-01	-1.67E+00										
3.19E+03	-5.31E-01	-1.69E+00										
3.24E+03	-5.28E-01	-1.71E+00										
3.29E+03	-5.25E-01	-1.73E+00										
3.35E+03	-5.22E-01	-1.75E+00										
3.40E+03	-5.19E-01	-1.76E+00										
3.45E+03	-5.16E-01	-1.78E+00										
3.50E+03	-5.14E-01	-1.80E+00										
3.55E+03	-5.11E-01	-1.81E+00										
3.60E+03	-5.08E-01	-1.83E+00										
3.66E+03	-5.05E-01	-1.85E+00										
3.71E+03	-5.02E-01	-1.86E+00										
3.76E+03	-4.99E-01	-1.88E+00										
3.81E+03	-4.97E-01	-1.89E+00										
3.87E+03	-4.94E-01	-1.91E+00										
3.92E+03	-4.91E-01	-1.93E+00										
3.97E+03	-4.89E-01	-1.94E+00										
4.02E+03	-4.86E-01	-1.95E+00										
4.07E+03	-4.83E-01	-1.97E+00										
4.12E+03	-4.80E-01	-1.98E+00										
4.18E+03	-4.78E-01	-2.00E+00										
4.23E+03	-4.75E-01	-2.01E+00										
4.28E+03	-4.73E-01	-2.02E+00										
4.33E+03	-4.70E-01	-2.03E+00										
4.38E+03	-4.68E-01	-2.05E+00										
4.43E+03	-4.65E-01	-2.06E+00										
4.49E+03	-4.62E-01	-2.07E+00										
4.54E+03	-4.60E-01	-2.08E+00										
4.59E+03	-4.57E-01	-2.10E+00										
4.65E+03	-4.54E-01	-2.11E+00										
4.70E+03	-4.51E-01	-2.12E+00										
4.75E+03	-4.49E-01	-2.13E+00										
4.80E+03	-4.46E-01	-2.14E+00										
4.85E+03	-4.44E-01	-2.15E+00										
4.90E+03	-4.41E-01	-2.16E+00										
4.95E+03	-4.39E-01	-2.17E+00										
5.01E+03	-4.36E-01	-2.18E+00										
5.06E+03	-4.34E-01	-2.19E+00										
5.11E+03	-4.32E-01	-2.21E+00										
5.16E+03	-4.29E-01	-2.21E+00										
5.21E+03	-4.26E-01	-2.22E+00										
5.27E+03	-4.24E-01	-2.23E+00										
5.32E+03	-4.21E-01	-2.24E+00										
5.37E+03	-4.19E-01	-2.25E+00										
5.42E+03	-4.17E-01	-2.26E+00										
5.47E+03	-4.14E-01	-2.26E+00										
5.52E+03	-4.11E-01	-2.27E+00										
5.57E+03	-4.09E-01	-2.28E+00										
5.62E+03	-4.06E-01	-2.29E+00										
5.68E+03	-4.03E-01	-2.29E+00										
5.73E+03	-4.01E-01	-2.30E+00										
5.78E+03	-3.98E-01	-2.30E+00										
5.83E+03	-3.96E-01	-2.31E+00										
5.88E+03	-3.93E-01	-2.31E+00										
5.93E+03	-3.90E-01	-2.32E+00										
5.98E+03	-3.88E-01	-2.32E+00										
6.03E+03	-3.86E-01	-2.33E+00										
6.09E+03	-3.83E-01	-2.33E+00										
6.14E+03	-3.81E-01	-2.34E+00										
6.19E+03	-3.78E-01	-2.34E+00										
6.24E+03	-3.75E-01	-2.34E+00										
6.29E+03	-3.73E-01	-2.35E+00										
6.34E+03	-3.71E-01	-2.35E+00										
6.39E+03	-3.67E-01	-2.35E+00										
6.44E+03	-3.65E-01	-2.35E+00										
6.50E+03	-3.63E-01	-2.36E+00										
6.55E+03	-3.60E-01	-2.36E+00										
6.60E+03	-3.57E-01	-2.36E+00										
6.65E+03	-3.55E-01	-2.36E+00										
6.70E+03	-3.52E-01	-2.36E+00										
6.75E+03	-3.49E-01	-2.36E+00										
6.81E+03	-3.47E-01	-2.36E+00										
6.86E+03	-3.44E-01	-2.36E+00										
6.91E+03	-3.42E-01	-2.36E+00										
6.96E+03	-3.39E-01	-2.36E+00										
7.01E+03	-3.36E-01	-2.36E+00										
7.07E+03	-3.33E-01	-2.35E+00										
7.12E+03	-3.30E-01	-2.35E+00										
7.17E+03	-3.28E-01	-2.35E+00										
7.22E+03	-3.25E-01	-2.35E+00										
7.27E+03	-3.23E-01	-2.35E+00										
7.32E+03	-3.20E-01	-2.34E+00										
7.37E+03	-3.17E-01	-2.34E+00										
7.43E+03	-3.14E-01	-2.33E+00										
7.48E+03	-3.11E-01	-2.33E+00										
7.53E+03	-3.09E-01	-2.32E+00										
7.58E+03	-3.06E-01	-2.32E+00										
7.63E+03	-3.03E-01	-2.31E+00										
7.68E+03	-3.00E-01	-2.31E+00										
7.73E+03	-2.97E-01	-2.30E+00										
7.79E+03	-2.94E-01	-2.29E+00										
7.84E+03	-2.91E-01	-2.29E+00										
7.89E+03	-2.88E-01	-2.28E+00										
7.94E+03	-2.85E-01	-2.27E+00										
7.99E+03	-2.83E-01	-2.26E+00										
8.05E+03	-2.80E-01	-2.25E+00										
8.10E+03	-2.77E-01	-2.24E+00										
8.15E+03	-2.74E-01	-2.23E+00										
8.20E+03	-2.71E-01	-2.22E+00										
8.26E+03	-2.68E-01	-2.21E+00										
8.31E+03	-2.65E-01	-2.20E+00										
8.36E+03	-2.61E-01	-2.18E+00										
8.42E+03	-2.58E-01	-2.17E+00										
8.47E+03	-2.55E-01	-2.16E+00										
8.52E+03	-2.52E-01	-2.14E+00										
8.52E+03	-2.51E-01	-2.14E+00										
0.00E+00	-8.62E-01	0.00E+00										
0.00E+00	-9.46E-01	0.00E+00										
0.00E+00	-9.56E-01	0.00E+00										
0.00E+00	-9.61E-01	0.00E+00										
0.00E+00	-9.64E-01	0.00E+00										
0.00E+00	-9.67E-01	0.00E+00										
5.09E+01	-9.67E-01	-4.92E-02										
1.02E+02	-8.72E-01	-8.87E-02										
1.54E+02	-8.33E-01	-1.28E-01										
2.06E+02	-8.11E-01	-1.67E-01										
2.61E+02	-7.95E-01	-2.07E-01										
3.12E+02	-7.82E-01	-2.44E-01										
3.62E+02	-7.72E-01	-2.79E-01										
4.14E+02	-7.62E-01	-3.16E-01										
4.64E+02	-7.54E-01	-3.50E-01										
5.20E+02	-7.45E-01	-3.88E-01										
5.71E+02	-7.38E-01	-4.21E-01										
6.23E+02	-7.31E-01	-4.55E-01										
6.74E+02	-7.24E-01	-4.88E-01										
7.26E+02	-7.17E-01	-5.21E-01										
7.78E+02	-7.11E-01	-5.54E-01										
8.29E+02	-7.05E-01	-5.84E-01										
8.81E+02	-7.00E-01	-6.16E-01										
9.31E+02	-6.94E-01	-6.46E-01										
9.82E+02	-6.88E-01	-6.76E-01										
1.03E+03	-6.83E-01	-7.06E-01										
1.08E+03	-6.78E-01	-7.35E-01										
1.13E+03	-6.74E-01	-7.64E-01										
1.19E+03	-6.69E-01	-7.93E-01										
1.24E+03	-6.64E-01	-8.23E-01										
1.29E+03	-6.60E-01	-8.52E-01										
1.34E+03	-6.55E-01	-8.80E-01										
1.39E+03	-6.51E-01	-9.07E-01										
1.45E+03	-6.46E-01	-9.34E-01										
1.50E+03	-6.42E-01	-9.62E-01										
1.55E+03	-6.38E-01	-9.89E-01										
1.60E+03	-6.34E-01	-1.01E+00										
1.65E+03	-6.30E-01	-1.04E+00										
1.71E+03	-6.26E-01	-1.07E+00										
1.76E+03	-6.22E-01	-1.09E+00										
1.81E+03	-6.18E-01	-1.12E+00										
1.86E+03	-6.14E-01	-1.14E+00										
1.91E+03	-6.11E-01	-1.17E+00										
1.96E+03	-6.07E-01	-1.19E+00										
2.02E+03	-6.03E-01	-1.22E+00										
2.07E+03	-6.00E-01	-1.24E+00										
2.12E+03	-5.96E-01	-1.26E+00										
2.17E+03	-5.93E-01	-1.29E+00										
2.22E+03	-5.90E-01	-1.31E+00										
2.27E+03	-5.86E-01	-1.33E+00										
2.33E+03	-5.83E-01	-1.36E+00										
2.38E+03	-5.79E-01	-1.38E+00										
2.43E+03	-5.76E-01	-1.40E+00										
2.48E+03	-5.73E-01	-1.42E+00										
2.53E+03	-5.69E-01	-1.44E+00										
2.59E+03	-5.66E-01	-1.46E+00										
2.64E+03	-5.63E-01	-1.49E+00										
2.69E+03	-5.60E-01	-1.51E+00										
2.74E+03	-5.56E-01	-1.52E+00										
2.79E+03	-5.54E-01	-1.55E+00										
2.84E+03	-5.51E-01	-1.57E+00										
2.89E+03	-5.48E-01	-1.59E+00										
2.95E+03	-5.45E-01	-1.60E+00										
3.00E+03	-5.41E-01	-1.62E+00										
3.05E+03	-5.38E-01	-1.64E+00										
3.10E+03	-5.35E-01	-1.66E+00										
3.15E+03	-5.33E-01	-1.68E+00										
3.20E+03	-5.30E-01	-1.70E+00										
3.25E+03	-5.27E-01	-1.71E+00										
3.30E+03	-5.24E-01	-1.73E+00										
3.36E+03	-5.21E-01	-1.75E+00										
3.41E+03	-5.18E-01	-1.77E+00										
3.46E+03	-5.15E-01	-1.78E+00										
3.51E+03	-5.12E-01	-1.80E+00										
3.56E+03	-5.10E-01	-1.82E+00										
3.61E+03	-5.07E-01	-1.83E+00										
3.66E+03	-5.04E-01	-1.85E+00										
3.72E+03	-5.02E-01	-1.86E+00										
3.77E+03	-4.99E-01	-1.88E+00										
3.82E+03	-4.96E-01	-1.89E+00										
3.87E+03	-4.93E-01	-1.91E+00										
3.92E+03	-4.91E-01	-1.92E+00										
3.97E+03	-4.88E-01	-1.94E+00										
4.02E+03	-4.85E-01	-1.95E+00										
4.07E+03	-4.83E-01	-1.97E+00										
4.13E+03	-4.80E-01	-1.98E+00										
4.18E+03	-4.77E-01	-1.99E+00										
4.23E+03	-4.75E-01	-2.01E+00										
4.28E+03	-4.72E-01	-2.02E+00										
4.34E+03	-4.69E-01	-2.04E+00										
4.39E+03	-4.66E-01	-2.05E+00										
4.44E+03	-4.64E-01	-2.06E+00										
4.49E+03	-4.61E-01	-2.07E+00										
4.54E+03	-4.59E-01	-2.09E+00										
4.60E+03	-4.56E-01	-2.10E+00										
4.65E+03	-4.53E-01	-2.11E+00										
4.70E+03	-4.51E-01	-2.12E+00										
4.75E+03	-4.48E-01	-2.13E+00										
4.80E+03	-4.46E-01	-2.14E+00										
4.85E+03	-4.43E-01	-2.15E+00										
4.90E+03	-4.41E-01	-2.16E+00										
4.96E+03	-4.38E-01	-2.17E+00										
5.01E+03	-4.36E-01	-2.18E+00										
5.06E+03	-4.33E-01	-2.19E+00										
5.11E+03	-4.30E-01	-2.20E+00										
5.16E+03	-4.28E-01	-2.21E+00										
5.21E+03	-4.26E-01	-2.22E+00										
5.26E+03	-4.23E-01	-2.23E+00										
5.31E+03	-4.21E-01	-2.24E+00										
5.37E+03	-4.18E-01	-2.25E+00										
5.42E+03	-4.15E-01	-2.25E+00										
5.47E+03	-4.13E-01	-2.26E+00										
5.52E+03	-4.11E-01	-2.27E+00										
5.57E+03	-4.08E-01	-2.27E+00										
5.63E+03	-4.05E-01	-2.28E+00										
5.68E+03	-4.03E-01	-2.29E+00										
5.73E+03	-4.00E-01	-2.29E+00										
5.78E+03	-3.98E-01	-2.30E+00										
5.83E+03	-3.95E-01	-2.31E+00										
5.89E+03	-3.93E-01	-2.31E+00										
5.94E+03	-3.90E-01	-2.32E+00										
5.99E+03	-3.88E-01	-2.32E+00										
6.04E+03	-3.85E-01	-2.33E+00										
6.09E+03	-3.83E-01	-2.33E+00										
6.14E+03	-3.80E-01	-2.33E+00										
6.19E+03	-3.77E-01	-2.34E+00										
6.24E+03	-3.75E-01	-2.34E+00										
6.30E+03	-3.72E-01	-2.35E+00										
6.35E+03	-3.70E-01	-2.35E+00										
6.40E+03	-3.67E-01	-2.35E+00										
6.45E+03	-3.64E-01	-2.35E+00										
6.51E+03	-3.62E-01	-2.35E+00										
6.56E+03	-3.59E-01	-2.35E+00										
6.61E+03	-3.56E-01	-2.36E+00										
6.66E+03	-3.54E-01	-2.36E+00										
6.71E+03	-3.51E-01	-2.36E+00										
6.76E+03	-3.49E-01	-2.36E+00										
6.82E+03	-3.46E-01	-2.36E+00										
6.87E+03	-3.43E-01	-2.36E+00										
6.92E+03	-3.41E-01	-2.36E+00										
6.97E+03	-3.38E-01	-2.36E+00										
7.02E+03	-3.35E-01	-2.35E+00										
7.07E+03	-3.33E-01	-2.35E+00										
7.12E+03	-3.30E-01	-2.35E+00										
7.18E+03	-3.27E-01	-2.35E+00										
7.23E+03	-3.24E-01	-2.35E+00										
7.28E+03	-3.22E-01	-2.34E+00										
7.33E+03	-3.19E-01	-2.34E+00										
7.38E+03	-3.16E-01	-2.33E+00										
7.43E+03	-3.13E-01	-2.33E+00										
7.48E+03	-3.11E-01	-2.33E+00										
7.53E+03	-3.08E-01	-2.32E+00										
7.59E+03	-3.05E-01	-2.32E+00										
7.64E+03	-3.02E-01	-2.31E+00										
7.69E+03	-2.99E-01	-2.30E+00										
7.74E+03	-2.96E-01	-2.29E+00										
7.79E+03	-2.94E-01	-2.29E+00										
7.84E+03	-2.91E-01	-2.28E+00										
7.89E+03	-2.88E-01	-2.27E+00										
7.94E+03	-2.85E-01	-2.26E+00										
8.00E+03	-2.82E-01	-2.26E+00										
8.05E+03	-2.79E-01	-2.25E+00										
8.10E+03	-2.76E-01	-2.24E+00										
8.15E+03	-2.73E-01	-2.23E+00										
8.21E+03	-2.70E-01	-2.21E+00										
8.26E+03	-2.67E-01	-2.20E+00										
8.31E+03	-2.64E-01	-2.19E+00										
8.36E+03	-2.61E-01	-2.18E+00										
8.41E+03	-2.58E-01	-2.17E+00										
8.46E+03	-2.55E-01	-2.15E+00										
8.51E+03	-2.52E-01	-2.14E+00										
8.51E+03	-2.51E-01	-2.14E+00										
0.00E+00	-8.62E-01	0.00E+00										
0.00E+00	-9.46E-01	0.00E+00										
0.00E+00	-9.56E-01	0.00E+00										
0.00E+00	-9.61E-01	0.00E+00										
0.00E+00	-9.63E-01	0.00E+00										
0.00E+00	-9.67E-01	0.00E+00										
3.91E+01	-9.67E-01	-3.79E-02										
8.96E+01	-8.91E-01	-7.98E-02										
1.41E+02	-8.39E-01	-1.19E-01										
1.92E+02	-8.16E-01	-1.57E-01										
2.43E+02	-7.99E-01	-1.94E-01										
2.94E+02	-7.86E-01	-2.31E-01										
3.46E+02	-7.75E-01	-2.68E-01										
3.99E+02	-7.65E-01	-3.05E-01										
4.49E+02	-7.56E-01	-3.40E-01										
5.00E+02	-7.48E-01	-3.74E-01										
5.51E+02	-7.40E-01	-4.08E-01										
6.02E+02	-7.33E-01	-4.41E-01										
6.52E+02	-7.27E-01	-4.74E-01										
7.03E+02	-7.20E-01	-5.06E-01										
7.57E+02	-7.14E-01	-5.40E-01										
8.10E+02	-7.07E-01	-5.72E-01										
8.60E+02	-7.02E-01	-6.04E-01										
9.10E+02	-6.96E-01	-6.33E-01										
9.64E+02	-6.90E-01	-6.65E-01										
1.01E+03	-6.85E-01	-6.95E-01										
1.07E+03	-6.80E-01	-7.25E-01										
1.12E+03	-6.75E-01	-7.53E-01										
1.17E+03	-6.70E-01	-7.82E-01										
1.22E+03	-6.65E-01	-8.11E-01										
1.27E+03	-6.61E-01	-8.39E-01										
1.32E+03	-6.56E-01	-8.67E-01										
1.37E+03	-6.52E-01	-8.95E-01										
1.42E+03	-6.48E-01	-9.22E-01										
1.47E+03	-6.43E-01	-9.49E-01										
1.53E+03	-6.39E-01	-9.78E-01										
1.58E+03	-6.35E-01	-1.00E+00										
1.63E+03	-6.31E-01	-1.03E+00										
1.68E+03	-6.27E-01	-1.06E+00										
1.74E+03	-6.23E-01	-1.08E+00										
1.79E+03	-6.19E-01	-1.11E+00										
1.84E+03	-6.16E-01	-1.13E+00										
1.89E+03	-6.12E-01	-1.16E+00										
1.94E+03	-6.08E-01	-1.18E+00										
1.99E+03	-6.04E-01	-1.20E+00										
2.04E+03	-6.01E-01	-1.23E+00										
2.10E+03	-5.97E-01	-1.25E+00										
2.15E+03	-5.94E-01	-1.28E+00										
2.20E+03	-5.90E-01	-1.30E+00										
2.25E+03	-5.87E-01	-1.32E+00										
2.30E+03	-5.84E-01	-1.34E+00										
2.36E+03	-5.80E-01	-1.37E+00										
2.41E+03	-5.77E-01	-1.39E+00										
2.46E+03	-5.73E-01	-1.41E+00										
2.52E+03	-5.70E-01	-1.43E+00										
2.57E+03	-5.67E-01	-1.46E+00										
2.62E+03	-5.64E-01	-1.48E+00										
2.67E+03	-5.61E-01	-1.50E+00										
2.72E+03	-5.58E-01	-1.52E+00										
2.77E+03	-5.54E-01	-1.54E+00										
2.82E+03	-5.51E-01	-1.56E+00										
2.87E+03	-5.48E-01	-1.58E+00										
2.93E+03	-5.45E-01	-1.59E+00										
2.98E+03	-5.42E-01	-1.61E+00										
3.03E+03	-5.39E-01	-1.63E+00										
3.08E+03	-5.36E-01	-1.65E+00										
3.13E+03	-5.33E-01	-1.67E+00										
3.18E+03	-5.30E-01	-1.69E+00										
3.24E+03	-5.27E-01	-1.71E+00										
3.29E+03	-5.25E-01	-1.72E+00										
3.34E+03	-5.22E-01	-1.74E+00										
3.39E+03	-5.19E-01	-1.76E+00										
3.44E+03	-5.16E-01	-1.78E+00										
3.49E+03	-5.13E-01	-1.79E+00										
3.54E+03	-5.11E-01	-1.81E+00										
3.59E+03	-5.08E-01	-1.82E+00										
3.64E+03	-5.05E-01	-1.84E+00										
3.70E+03	-5.02E-01	-1.86E+00										
3.75E+03	-4.99E-01	-1.87E+00										
3.80E+03	-4.96E-01	-1.89E+00										
3.85E+03	-4.94E-01	-1.90E+00										
3.90E+03	-4.91E-01	-1.92E+00										
3.95E+03	-4.88E-01	-1.93E+00										
4.00E+03	-4.86E-01	-1.95E+00										
4.06E+03	-4.83E-01	-1.96E+00										
4.11E+03	-4.80E-01	-1.97E+00										
4.16E+03	-4.78E-01	-1.99E+00										
4.21E+03	-4.75E-01	-2.00E+00										
4.27E+03	-4.72E-01	-2.02E+00										
4.32E+03	-4.70E-01	-2.03E+00										
4.37E+03	-4.67E-01	-2.04E+00										
4.42E+03	-4.65E-01	-2.05E+00										
4.47E+03	-4.62E-01	-2.06E+00										
4.52E+03	-4.60E-01	-2.08E+00										
4.57E+03	-4.57E-01	-2.09E+00										
4.63E+03	-4.54E-01	-2.10E+00										
4.68E+03	-4.52E-01	-2.11E+00										
4.73E+03	-4.49E-01	-2.12E+00										
4.78E+03	-4.47E-01	-2.14E+00										
4.83E+03	-4.44E-01	-2.14E+00										
4.88E+03	-4.42E-01	-2.16E+00										
4.94E+03	-4.39E-01	-2.17E+00										
4.99E+03	-4.36E-01	-2.18E+00										
5.04E+03	-4.34E-01	-2.19E+00										
5.09E+03	-4.31E-01	-2.20E+00										
5.15E+03	-4.29E-01	-2.21E+00										
5.20E+03	-4.26E-01	-2.21E+00										
5.25E+03	-4.23E-01	-2.22E+00										
5.30E+03	-4.21E-01	-2.23E+00										
5.35E+03	-4.18E-01	-2.24E+00										
5.40E+03	-4.16E-01	-2.25E+00										
5.45E+03	-4.14E-01	-2.26E+00										
5.50E+03	-4.11E-01	-2.26E+00										
5.56E+03	-4.08E-01	-2.27E+00										
5.61E+03	-4.06E-01	-2.28E+00										
5.66E+03	-4.03E-01	-2.28E+00										
5.72E+03	-4.00E-01	-2.29E+00										
5.77E+03	-3.98E-01	-2.30E+00										
5.82E+03	-3.96E-01	-2.30E+00										
5.87E+03	-3.93E-01	-2.31E+00										
5.92E+03	-3.90E-01	-2.31E+00										
5.97E+03	-3.88E-01	-2.32E+00										
6.02E+03	-3.86E-01	-2.32E+00										
6.08E+03	-3.83E-01	-2.33E+00										
6.13E+03	-3.80E-01	-2.33E+00										
6.18E+03	-3.78E-01	-2.33E+00										
6.23E+03	-3.75E-01	-2.34E+00										
6.28E+03	-3.73E-01	-2.34E+00										
6.33E+03	-3.70E-01	-2.34E+00										
6.38E+03	-3.68E-01	-2.35E+00										
6.43E+03	-3.65E-01	-2.35E+00										
6.49E+03	-3.62E-01	-2.35E+00										
6.54E+03	-3.60E-01	-2.35E+00										
6.59E+03	-3.57E-01	-2.36E+00										
6.65E+03	-3.54E-01	-2.35E+00										
6.70E+03	-3.52E-01	-2.35E+00										
6.75E+03	-3.49E-01	-2.35E+00										
6.80E+03	-3.46E-01	-2.35E+00										
6.85E+03	-3.44E-01	-2.36E+00										
6.90E+03	-3.41E-01	-2.36E+00										
6.95E+03	-3.38E-01	-2.35E+00										
7.00E+03	-3.36E-01	-2.35E+00										
7.06E+03	-3.33E-01	-2.35E+00										
7.11E+03	-3.31E-01	-2.35E+00										
7.16E+03	-3.28E-01	-2.35E+00										
7.21E+03	-3.25E-01	-2.35E+00										
7.26E+03	-3.23E-01	-2.34E+00										
7.31E+03	-3.20E-01	-2.34E+00										
7.36E+03	-3.17E-01	-2.34E+00										
7.41E+03	-3.15E-01	-2.33E+00										
7.47E+03	-3.12E-01	-2.33E+00										
7.52E+03	-3.09E-01	-2.32E+00										
7.57E+03	-3.06E-01	-2.32E+00										
7.62E+03	-3.03E-01	-2.31E+00										
7.67E+03	-3.01E-01	-2.31E+00										
7.72E+03	-2.98E-01	-2.30E+00										
7.78E+03	-2.95E-01	-2.29E+00										
7.83E+03	-2.92E-01	-2.28E+00										
7.88E+03	-2.89E-01	-2.28E+00										
7.93E+03	-2.86E-01	-2.27E+00										
7.98E+03	-2.83E-01	-2.26E+00										
8.03E+03	-2.80E-01	-2.25E+00										
8.08E+03	-2.77E-01	-2.24E+00										
8.13E+03	-2.74E-01	-2.23E+00										
8.18E+03	-2.72E-01	-2.22E+00										
8.23E+03	-2.69E-01	-2.21E+00										
8.28E+03	-2.65E-01	-2.20E+00										
8.34E+03	-2.63E-01	-2.19E+00										
8.39E+03	-2.60E-01	-2.18E+00										
8.44E+03	-2.56E-01	-2.16E+00										
8.49E+03	-2.54E-01	-2.15E+00										
8.52E+03	-2.51E-01	-2.14E+00										
0.00E+00	-8.62E-01	0.00E+00										
0.00E+00	-9.46E-01	0.00E+00										
0.00E+00	-9.56E-01	0.00E+00										
0.00E+00	-9.61E-01	0.00E+00										
0.00E+00	-9.63E-01	0.00E+00										
0.00E+00	-9.67E-01	0.00E+00										
4.53E+01	-9.67E-01	-4.38E-02										
9.67E+01	-8.78E-01	-8.49E-02										
1.47E+02	-8.34E-01	-1.23E-01										
1.99E+02	-8.13E-01	-1.61E-01										
2.50E+02	-7.98E-01	-2.00E-01										
3.02E+02	-7.85E-01	-2.37E-01										
3.53E+02	-7.74E-01	-2.73E-01										
4.03E+02	-7.64E-01	-3.08E-01										
4.54E+02	-7.56E-01	-3.43E-01										
5.05E+02	-7.47E-01	-3.77E-01										
5.57E+02	-7.40E-01	-4.12E-01										
6.07E+02	-7.33E-01	-4.45E-01										
6.59E+02	-7.26E-01	-4.79E-01										
7.10E+02	-7.19E-01	-5.10E-01										
7.64E+02	-7.13E-01	-5.44E-01										
8.19E+02	-7.07E-01	-5.79E-01										
8.70E+02	-7.01E-01	-6.09E-01										
9.21E+02	-6.95E-01	-6.40E-01										
9.71E+02	-6.90E-01	-6.70E-01										
1.02E+03	-6.85E-01	-7.00E-01										
1.07E+03	-6.79E-01	-7.30E-01										
1.13E+03	-6.75E-01	-7.60E-01										
1.18E+03	-6.70E-01	-7.89E-01										
1.23E+03	-6.65E-01	-8.18E-01										
1.28E+03	-6.60E-01	-8.46E-01										
1.33E+03	-6.56E-01	-8.74E-01										
1.38E+03	-6.52E-01	-9.01E-01										
1.43E+03	-6.47E-01	-9.27E-01										
1.48E+03	-6.43E-01	-9.54E-01										
1.53E+03	-6.39E-01	-9.81E-01										
1.59E+03	-6.35E-01	-1.01E+00										
1.64E+03	-6.31E-01	-1.03E+00										
1.69E+03	-6.27E-01	-1.06E+00										
1.74E+03	-6.23E-01	-1.09E+00										
1.79E+03	-6.19E-01	-1.11E+00										
1.85E+03	-6.16E-01	-1.14E+00										
1.90E+03	-6.12E-01	-1.16E+00										
1.95E+03	-6.09E-01	-1.19E+00										
2.00E+03	-6.04E-01	-1.21E+00										
2.06E+03	-6.01E-01	-1.24E+00										
2.11E+03	-5.97E-01	-1.26E+00										
2.16E+03	-5.94E-01	-1.28E+00										
2.21E+03	-5.90E-01	-1.31E+00										
2.27E+03	-5.87E-01	-1.33E+00										
2.32E+03	-5.83E-01	-1.35E+00										
2.37E+03	-5.80E-01	-1.37E+00										
2.42E+03	-5.77E-01	-1.40E+00										
2.47E+03	-5.73E-01	-1.42E+00										
2.52E+03	-5.71E-01	-1.44E+00										
2.57E+03	-5.67E-01	-1.46E+00										
2.63E+03	-5.64E-01	-1.48E+00										
2.68E+03	-5.61E-01	-1.50E+00										
2.73E+03	-5.58E-01	-1.52E+00										
2.79E+03	-5.54E-01	-1.55E+00										
2.84E+03	-5.51E-01	-1.57E+00										
2.89E+03	-5.48E-01	-1.59E+00										
2.94E+03	-5.45E-01	-1.61E+00										
2.99E+03	-5.43E-01	-1.62E+00										
3.05E+03	-5.39E-01	-1.64E+00										
3.10E+03	-5.36E-01	-1.66E+00										
3.15E+03	-5.34E-01	-1.68E+00										
3.20E+03	-5.31E-01	-1.70E+00										
3.25E+03	-5.28E-01	-1.72E+00										
3.31E+03	-5.25E-01	-1.74E+00										
3.36E+03	-5.22E-01	-1.75E+00										
3.41E+03	-5.19E-01	-1.77E+00										
3.46E+03	-5.16E-01	-1.79E+00										
3.51E+03	-5.13E-01	-1.80E+00										
3.57E+03	-5.10E-01	-1.82E+00										
3.62E+03	-5.07E-01	-1.84E+00										
3.67E+03	-5.05E-01	-1.85E+00										
3.73E+03	-5.02E-01	-1.87E+00										
3.78E+03	-4.99E-01	-1.89E+00										
3.83E+03	-4.96E-01	-1.90E+00										
3.88E+03	-4.94E-01	-1.92E+00										
3.93E+03	-4.91E-01	-1.93E+00										
3.98E+03	-4.88E-01	-1.95E+00										
4.04E+03	-4.86E-01	-1.96E+00										
4.09E+03	-4.83E-01	-1.98E+00										
4.14E+03	-4.80E-01	-1.99E+00										
4.19E+03	-4.78E-01	-2.00E+00										
4.24E+03	-4.75E-01	-2.02E+00										
4.29E+03	-4.73E-01	-2.03E+00										
4.35E+03	-4.70E-01	-2.04E+00										
4.40E+03	-4.68E-01	-2.06E+00										
4.45E+03	-4.65E-01	-2.07E+00										
4.50E+03	-4.62E-01	-2.08E+00										
4.55E+03	-4.60E-01	-2.09E+00										
4.61E+03	-4.57E-01	-2.11E+00										
4.66E+03	-4.55E-01	-2.12E+00										
4.71E+03	-4.52E-01	-2.13E+00										
4.76E+03	-4.49E-01	-2.14E+00										
4.81E+03	-4.47E-01	-2.15E+00										
4.86E+03	-4.45E-01	-2.16E+00										
4.92E+03	-4.42E-01	-2.17E+00										
4.97E+03	-4.39E-01	-2.18E+00										
5.02E+03	-4.37E-01	-2.19E+00										
5.07E+03	-4.34E-01	-2.20E+00										
5.12E+03	-4.31E-01	-2.21E+00										
5.18E+03	-4.29E-01	-2.22E+00										
5.23E+03	-4.26E-01	-2.23E+00										
5.28E+03	-4.24E-01	-2.24E+00										
5.33E+03	-4.22E-01	-2.25E+00										
5.38E+03	-4.19E-01	-2.25E+00										
5.43E+03	-4.17E-01	-2.26E+00										
5.48E+03	-4.14E-01	-2.27E+00										
5.54E+03	-4.11E-01	-2.28E+00										
5.59E+03	-4.09E-01	-2.29E+00										
5.65E+03	-4.06E-01	-2.30E+00										
5.70E+03	-4.04E-01	-2.30E+00										
5.75E+03	-4.01E-01	-2.31E+00										
5.80E+03	-3.99E-01	-2.31E+00										
5.85E+03	-3.96E-01	-2.32E+00										
5.90E+03	-3.94E-01	-2.32E+00										
5.95E+03	-3.91E-01	-2.33E+00										
6.00E+03	-3.89E-01	-2.33E+00										
6.06E+03	-3.86E-01	-2.34E+00										
6.11E+03	-3.84E-01	-2.34E+00										
6.16E+03	-3.81E-01	-2.35E+00										
6.21E+03	-3.79E-01	-2.35E+00										
6.26E+03	-3.76E-01	-2.35E+00										
6.31E+03	-3.73E-01	-2.36E+00										
6.37E+03	-3.71E-01	-2.36E+00										
6.42E+03	-3.68E-01	-2.36E+00										
6.47E+03	-3.66E-01	-2.37E+00										
6.53E+03	-3.63E-01	-2.37E+00										
6.58E+03	-3.61E-01	-2.37E+00										
6.63E+03	-3.58E-01	-2.37E+00										
6.69E+03	-3.55E-01	-2.37E+00										
6.74E+03	-3.52E-01	-2.37E+00										
6.79E+03	-3.50E-01	-2.37E+00										
6.84E+03	-3.47E-01	-2.38E+00										
6.90E+03	-3.44E-01	-2.37E+00										
6.95E+03	-3.42E-01	-2.37E+00										
7.00E+03	-3.39E-01	-2.37E+00										
7.05E+03	-3.36E-01	-2.37E+00										
7.11E+03	-3.34E-01	-2.37E+00										
7.16E+03	-3.31E-01	-2.37E+00										
7.21E+03	-3.28E-01	-2.37E+00										
7.26E+03	-3.25E-01	-2.36E+00										
7.31E+03	-3.23E-01	-2.36E+00										
7.37E+03	-3.20E-01	-2.35E+00										
7.42E+03	-3.17E-01	-2.35E+00										
7.47E+03	-3.14E-01	-2.35E+00										
7.52E+03	-3.12E-01	-2.34E+00										
7.57E+03	-3.09E-01	-2.34E+00										
7.62E+03	-3.06E-01	-2.34E+00										
7.67E+03	-3.03E-01	-2.33E+00										
7.73E+03	-3.01E-01	-2.32E+00										
7.78E+03	-2.98E-01	-2.32E+00										
7.83E+03	-2.95E-01	-2.31E+00										
7.88E+03	-2.92E-01	-2.30E+00										
7.93E+03	-2.90E-01	-2.30E+00										
7.98E+03	-2.87E-01	-2.29E+00										
8.03E+03	-2.84E-01	-2.28E+00										
8.08E+03	-2.81E-01	-2.27E+00										
8.14E+03	-2.78E-01	-2.26E+00										
8.19E+03	-2.75E-01	-2.25E+00										
8.24E+03	-2.72E-01	-2.24E+00										
8.30E+03	-2.69E-01	-2.23E+00										
8.35E+03	-2.65E-01	-2.22E+00										
8.40E+03	-2.63E-01	-2.21E+00										
8.45E+03	-2.59E-01	-2.19E+00										
8.51E+03	-2.56E-01	-2.18E+00										
8.56E+03	-2.53E-01	-2.17E+00										
8.58E+03	-2.51E-01	-2.16E+00										
0.00E+00	-8.62E-01	0.00E+00										
0.00E+00	-9.46E-01	0.00E+00										
0.00E+00	-9.56E-01	0.00E+00										
0.00E+00	-9.61E-01	0.00E+00										
0.00E+00	-9.64E-01	0.00E+00										
0.00E+00	-9.67E-01	0.00E+00										
5.03E+01	-9.67E-01	-4.87E-02										
1.03E+02	-8.71E-01	-9.00E-02										
1.56E+02	-8.31E-01	-1.30E-01										
2.08E+02	-8.10E-01	-1.68E-01										
2.59E+02	-7.95E-01	-2.06E-01										
3.09E+02	-7.83E-01	-2.42E-01										
3.61E+02	-7.73E-01	-2.79E-01										
4.11E+02	-7.63E-01	-3.14E-01										
4.62E+02	-7.55E-01	-3.49E-01										
5.12E+02	-7.47E-01	-3.82E-01										
5.65E+02	-7.39E-01	-4.17E-01										
6.19E+02	-7.32E-01	-4.53E-01										
6.71E+02	-7.25E-01	-4.86E-01										
7.23E+02	-7.18E-01	-5.19E-01										
7.75E+02	-7.12E-01	-5.52E-01										
8.27E+02	-7.06E-01	-5.83E-01										
8.78E+02	-7.00E-01	-6.15E-01										
9.32E+02	-6.95E-01	-6.47E-01										
9.83E+02	-6.89E-01	-6.77E-01										
1.03E+03	-6.84E-01	-7.07E-01										
1.08E+03	-6.79E-01	-7.36E-01										
1.13E+03	-6.74E-01	-7.65E-01										
1.19E+03	-6.69E-01	-7.96E-01										
1.24E+03	-6.65E-01	-8.24E-01										
1.29E+03	-6.60E-01	-8.52E-01										
1.34E+03	-6.56E-01	-8.79E-01										
1.39E+03	-6.51E-01	-9.07E-01										
1.44E+03	-6.47E-01	-9.34E-01										
1.49E+03	-6.43E-01	-9.61E-01										
1.55E+03	-6.39E-01	-9.90E-01										
1.60E+03	-6.35E-01	-1.02E+00										
1.65E+03	-6.31E-01	-1.04E+00										
1.70E+03	-6.27E-01	-1.07E+00										
1.75E+03	-6.23E-01	-1.09E+00										
1.81E+03	-6.19E-01	-1.12E+00										
1.86E+03	-6.15E-01	-1.14E+00										
1.91E+03	-6.12E-01	-1.17E+00										
1.96E+03	-6.09E-01	-1.19E+00										
2.01E+03	-6.05E-01	-1.22E+00										
2.06E+03	-6.01E-01	-1.24E+00										
2.12E+03	-5.97E-01	-1.26E+00										
2.17E+03	-5.94E-01	-1.29E+00										
2.22E+03	-5.90E-01	-1.31E+00										
2.27E+03	-5.87E-01	-1.34E+00										
2.33E+03	-5.84E-01	-1.36E+00										
2.38E+03	-5.80E-01	-1.38E+00										
2.43E+03	-5.77E-01	-1.40E+00										
2.48E+03	-5.74E-01	-1.42E+00										
2.53E+03	-5.71E-01	-1.45E+00										
2.58E+03	-5.68E-01	-1.47E+00										
2.64E+03	-5.64E-01	-1.49E+00										
2.69E+03	-5.61E-01	-1.51E+00										
2.74E+03	-5.58E-01	-1.53E+00										
2.79E+03	-5.55E-01	-1.55E+00										
2.84E+03	-5.52E-01	-1.57E+00										
2.89E+03	-5.49E-01	-1.59E+00										
2.95E+03	-5.47E-01	-1.61E+00										
3.00E+03	-5.43E-01	-1.63E+00										
3.05E+03	-5.40E-01	-1.65E+00										
3.10E+03	-5.37E-01	-1.67E+00										
3.15E+03	-5.34E-01	-1.68E+00										
3.20E+03	-5.32E-01	-1.70E+00										
3.25E+03	-5.29E-01	-1.72E+00										
3.31E+03	-5.26E-01	-1.74E+00										
3.36E+03	-5.23E-01	-1.76E+00										
3.41E+03	-5.20E-01	-1.77E+00										
3.46E+03	-5.17E-01	-1.79E+00										
3.51E+03	-5.15E-01	-1.81E+00										
3.56E+03	-5.12E-01	-1.82E+00										
3.62E+03	-5.09E-01	-1.84E+00										
3.67E+03	-5.06E-01	-1.86E+00										
3.72E+03	-5.03E-01	-1.87E+00										
3.77E+03	-5.01E-01	-1.89E+00										
3.82E+03	-4.98E-01	-1.90E+00										
3.88E+03	-4.95E-01	-1.92E+00										
3.93E+03	-4.92E-01	-1.94E+00										
3.98E+03	-4.90E-01	-1.95E+00										
4.03E+03	-4.87E-01	-1.96E+00										
4.08E+03	-4.84E-01	-1.98E+00										
4.14E+03	-4.82E-01	-1.99E+00										
4.19E+03	-4.79E-01	-2.01E+00										
4.24E+03	-4.77E-01	-2.02E+00										
4.29E+03	-4.74E-01	-2.03E+00										
4.34E+03	-4.72E-01	-2.05E+00										
4.40E+03	-4.69E-01	-2.06E+00										
4.45E+03	-4.66E-01	-2.07E+00										
4.50E+03	-4.64E-01	-2.09E+00										
4.55E+03	-4.61E-01	-2.10E+00										
4.60E+03	-4.58E-01	-2.11E+00										
4.65E+03	-4.56E-01	-2.12E+00										
4.70E+03	-4.53E-01	-2.13E+00										
4.76E+03	-4.51E-01	-2.15E+00										
4.81E+03	-4.48E-01	-2.16E+00										
4.87E+03	-4.46E-01	-2.17E+00										
4.92E+03	-4.43E-01	-2.18E+00										
4.97E+03	-4.41E-01	-2.19E+00										
5.02E+03	-4.38E-01	-2.20E+00										
5.07E+03	-4.36E-01	-2.21E+00										
5.13E+03	-4.33E-01	-2.22E+00										
5.18E+03	-4.31E-01	-2.23E+00										
5.23E+03	-4.28E-01	-2.24E+00										
5.28E+03	-4.25E-01	-2.25E+00										
5.33E+03	-4.23E-01	-2.25E+00										
5.39E+03	-4.20E-01	-2.26E+00										
5.44E+03	-4.18E-01	-2.27E+00										
5.49E+03	-4.15E-01	-2.28E+00										
5.54E+03	-4.13E-01	-2.29E+00										
5.59E+03	-4.10E-01	-2.29E+00										
5.64E+03	-4.08E-01	-2.30E+00										
5.70E+03	-4.05E-01	-2.31E+00										
5.75E+03	-4.03E-01	-2.31E+00										
5.80E+03	-4.00E-01	-2.32E+00										
5.85E+03	-3.98E-01	-2.33E+00										
5.90E+03	-3.95E-01	-2.33E+00										
5.95E+03	-3.93E-01	-2.34E+00										
6.00E+03	-3.90E-01	-2.34E+00										
6.06E+03	-3.88E-01	-2.35E+00										
6.11E+03	-3.85E-01	-2.35E+00										
6.16E+03	-3.82E-01	-2.36E+00										
6.21E+03	-3.80E-01	-2.36E+00										
6.26E+03	-3.77E-01	-2.36E+00										
6.31E+03	-3.75E-01	-2.37E+00										
6.36E+03	-3.72E-01	-2.37E+00										
6.41E+03	-3.70E-01	-2.37E+00										
6.47E+03	-3.67E-01	-2.37E+00										
6.52E+03	-3.65E-01	-2.38E+00										
6.57E+03	-3.62E-01	-2.38E+00										
6.62E+03	-3.60E-01	-2.38E+00										
6.67E+03	-3.57E-01	-2.38E+00										
6.72E+03	-3.55E-01	-2.38E+00										
6.77E+03	-3.52E-01	-2.38E+00										
6.82E+03	-3.49E-01	-2.38E+00										
6.87E+03	-3.47E-01	-2.38E+00										
6.93E+03	-3.44E-01	-2.38E+00										
6.98E+03	-3.41E-01	-2.38E+00										
7.03E+03	-3.39E-01	-2.38E+00										
7.08E+03	-3.36E-01	-2.38E+00										
7.13E+03	-3.34E-01	-2.38E+00										
7.18E+03	-3.31E-01	-2.38E+00										
7.23E+03	-3.28E-01	-2.38E+00										
7.29E+03	-3.26E-01	-2.37E+00										
7.34E+03	-3.23E-01	-2.37E+00										
7.39E+03	-3.20E-01	-2.36E+00										
7.44E+03	-3.18E-01	-2.36E+00										
7.49E+03	-3.15E-01	-2.36E+00										
7.54E+03	-3.12E-01	-2.35E+00										
7.59E+03	-3.09E-01	-2.35E+00										
7.64E+03	-3.06E-01	-2.34E+00										
7.70E+03	-3.04E-01	-2.34E+00										
7.75E+03	-3.01E-01	-2.33E+00										
7.80E+03	-2.98E-01	-2.32E+00										
7.85E+03	-2.95E-01	-2.32E+00										
7.90E+03	-2.93E-01	-2.31E+00										
7.95E+03	-2.90E-01	-2.30E+00										
8.00E+03	-2.87E-01	-2.30E+00										
8.05E+03	-2.84E-01	-2.29E+00										
8.11E+03	-2.81E-01	-2.28E+00										
8.16E+03	-2.78E-01	-2.27E+00										
8.21E+03	-2.75E-01	-2.26E+00										
8.26E+03	-2.72E-01	-2.25E+00										
8.32E+03	-2.69E-01	-2.24E+00										
8.37E+03	-2.66E-01	-2.22E+00										
8.42E+03	-2.63E-01	-2.21E+00										
8.47E+03	-2.60E-01	-2.20E+00										
8.52E+03	-2.57E-01	-2.19E+00										
8.57E+03	-2.54E-01	-2.18E+00										
8.61E+03	-2.51E-01	-2.16E+00										
0.00E+00	-8.62E-01	0.00E+00										
0.00E+00	-9.46E-01	0.00E+00										
0.00E+00	-9.56E-01	0.00E+00										
0.00E+00	-9.61E-01	0.00E+00										
0.00E+00	-9.63E-01	0.00E+00										
0.00E+00	-9.67E-01	0.00E+00										
5.03E+01	-9.67E-01	-4.87E-02										
1.03E+02	-8.73E-01	-9.02E-02										
1.56E+02	-8.31E-01	-1.29E-01										
2.07E+02	-8.10E-01	-1.67E-01										
2.62E+02	-7.95E-01	-2.08E-01										
3.13E+02	-7.82E-01	-2.45E-01										
3.65E+02	-7.72E-01	-2.81E-01										
4.16E+02	-7.62E-01	-3.17E-01										
4.70E+02	-7.54E-01	-3.55E-01										
5.21E+02	-7.45E-01	-3.88E-01										
5.73E+02	-7.38E-01	-4.23E-01										
6.23E+02	-7.31E-01	-4.56E-01										
6.76E+02	-7.24E-01	-4.90E-01										
7.29E+02	-7.18E-01	-5.24E-01										
7.80E+02	-7.11E-01	-5.55E-01										
8.33E+02	-7.06E-01	-5.88E-01										
8.84E+02	-7.00E-01	-6.19E-01										
9.36E+02	-6.94E-01	-6.50E-01										
9.86E+02	-6.89E-01	-6.80E-01										
1.04E+03	-6.84E-01	-7.09E-01										
1.09E+03	-6.79E-01	-7.39E-01										
1.14E+03	-6.74E-01	-7.71E-01										
1.20E+03	-6.69E-01	-8.01E-01										
1.25E+03	-6.64E-01	-8.31E-01										
1.30E+03	-6.59E-01	-8.58E-01										
1.35E+03	-6.55E-01	-8.85E-01										
1.40E+03	-6.51E-01	-9.12E-01										
1.45E+03	-6.47E-01	-9.40E-01										
1.50E+03	-6.42E-01	-9.66E-01										
1.55E+03	-6.39E-01	-9.93E-01										
1.61E+03	-6.34E-01	-1.02E+00										
1.66E+03	-6.30E-01	-1.05E+00										
1.71E+03	-6.26E-01	-1.07E+00										
1.76E+03	-6.23E-01	-1.10E+00										
1.81E+03	-6.19E-01	-1.12E+00										
1.87E+03	-6.15E-01	-1.15E+00										
1.92E+03	-6.12E-01	-1.17E+00										
1.97E+03	-6.08E-01	-1.20E+00										
2.02E+03	-6.04E-01	-1.22E+00										
2.07E+03	-6.01E-01	-1.24E+00										
2.12E+03	-5.98E-01	-1.27E+00										
2.18E+03	-5.94E-01	-1.29E+00										
2.23E+03	-5.91E-01	-1.31E+00										
2.28E+03	-5.87E-01	-1.34E+00										
2.33E+03	-5.84E-01	-1.36E+00										
2.38E+03	-5.81E-01	-1.38E+00										
2.43E+03	-5.77E-01	-1.40E+00										
2.48E+03	-5.74E-01	-1.42E+00										
2.53E+03	-5.71E-01	-1.45E+00										
2.59E+03	-5.68E-01	-1.47E+00										
2.64E+03	-5.65E-01	-1.49E+00										
2.69E+03	-5.61E-01	-1.51E+00										
2.74E+03	-5.58E-01	-1.53E+00										
2.79E+03	-5.55E-01	-1.55E+00										
2.84E+03	-5.52E-01	-1.57E+00										
2.90E+03	-5.49E-01	-1.59E+00										
2.95E+03	-5.46E-01	-1.61E+00										
3.00E+03	-5.43E-01	-1.63E+00										
3.05E+03	-5.40E-01	-1.65E+00										
3.10E+03	-5.37E-01	-1.67E+00										
3.15E+03	-5.34E-01	-1.69E+00										
3.20E+03	-5.31E-01	-1.70E+00										
3.26E+03	-5.29E-01	-1.72E+00										
3.31E+03	-5.26E-01	-1.74E+00										
3.36E+03	-5.23E-01	-1.76E+00										
3.41E+03	-5.20E-01	-1.77E+00										
3.46E+03	-5.17E-01	-1.79E+00										
3.51E+03	-5.15E-01	-1.81E+00										
3.56E+03	-5.12E-01	-1.82E+00										
3.61E+03	-5.09E-01	-1.84E+00										
3.66E+03	-5.07E-01	-1.86E+00										
3.71E+03	-5.04E-01	-1.87E+00										
3.77E+03	-5.01E-01	-1.89E+00										
3.82E+03	-4.99E-01	-1.90E+00										
3.87E+03	-4.96E-01	-1.92E+00										
3.92E+03	-4.93E-01	-1.93E+00										
3.97E+03	-4.91E-01	-1.95E+00										
4.02E+03	-4.88E-01	-1.96E+00										
4.07E+03	-4.85E-01	-1.98E+00										
4.12E+03	-4.83E-01	-1.99E+00										
4.18E+03	-4.80E-01	-2.01E+00										
4.23E+03	-4.78E-01	-2.02E+00										
4.28E+03	-4.75E-01	-2.03E+00										
4.34E+03	-4.72E-01	-2.05E+00										
4.39E+03	-4.70E-01	-2.06E+00										
4.44E+03	-4.67E-01	-2.07E+00										
4.49E+03	-4.64E-01	-2.09E+00										
4.55E+03	-4.62E-01	-2.10E+00										
4.60E+03	-4.59E-01	-2.11E+00										
4.65E+03	-4.57E-01	-2.12E+00										
4.70E+03	-4.54E-01	-2.13E+00										
4.75E+03	-4.52E-01	-2.15E+00										
4.80E+03	-4.49E-01	-2.16E+00										
4.86E+03	-4.47E-01	-2.17E+00										
4.91E+03	-4.44E-01	-2.18E+00										
4.96E+03	-4.42E-01	-2.19E+00										
5.01E+03	-4.39E-01	-2.20E+00										
5.06E+03	-4.37E-01	-2.21E+00										
5.11E+03	-4.34E-01	-2.22E+00										
5.17E+03	-4.32E-01	-2.23E+00										
5.22E+03	-4.29E-01	-2.24E+00										
5.27E+03	-4.27E-01	-2.25E+00										
5.32E+03	-4.24E-01	-2.25E+00										
5.37E+03	-4.21E-01	-2.26E+00										
5.42E+03	-4.19E-01	-2.27E+00										
5.48E+03	-4.16E-01	-2.28E+00										
5.53E+03	-4.14E-01	-2.29E+00										
5.58E+03	-4.11E-01	-2.30E+00										
5.63E+03	-4.09E-01	-2.30E+00										
5.69E+03	-4.06E-01	-2.31E+00										
5.74E+03	-4.04E-01	-2.32E+00										
5.79E+03	-4.01E-01	-2.32E+00										
5.84E+03	-3.99E-01	-2.33E+00										
5.89E+03	-3.96E-01	-2.34E+00										
5.94E+03	-3.94E-01	-2.34E+00										
5.99E+03	-3.91E-01	-2.35E+00										
6.05E+03	-3.89E-01	-2.35E+00										
6.10E+03	-3.86E-01	-2.36E+00										
6.15E+03	-3.84E-01	-2.36E+00										
6.20E+03	-3.81E-01	-2.36E+00										
6.25E+03	-3.79E-01	-2.37E+00										
6.30E+03	-3.76E-01	-2.37E+00										
6.35E+03	-3.74E-01	-2.38E+00										
6.41E+03	-3.71E-01	-2.38E+00										
6.46E+03	-3.69E-01	-2.38E+00										
6.51E+03	-3.66E-01	-2.38E+00										
6.56E+03	-3.64E-01	-2.39E+00										
6.61E+03	-3.61E-01	-2.39E+00										
6.66E+03	-3.59E-01	-2.39E+00										
6.71E+03	-3.56E-01	-2.39E+00										
6.76E+03	-3.54E-01	-2.39E+00										
6.82E+03	-3.52E-01	-2.40E+00										
6.87E+03	-3.49E-01	-2.39E+00										
6.92E+03	-3.46E-01	-2.39E+00										
6.97E+03	-3.43E-01	-2.39E+00										
7.02E+03	-3.41E-01	-2.39E+00										
7.07E+03	-3.38E-01	-2.39E+00										
7.13E+03	-3.36E-01	-2.39E+00										
7.18E+03	-3.33E-01	-2.39E+00										
7.23E+03	-3.30E-01	-2.38E+00										
7.28E+03	-3.27E-01	-2.38E+00										
7.33E+03	-3.25E-01	-2.38E+00										
7.38E+03	-3.22E-01	-2.38E+00										
7.43E+03	-3.19E-01	-2.37E+00										
7.48E+03	-3.17E-01	-2.37E+00										
7.53E+03	-3.14E-01	-2.36E+00										
7.59E+03	-3.11E-01	-2.36E+00										
7.64E+03	-3.08E-01	-2.35E+00										
7.69E+03	-3.05E-01	-2.35E+00										
7.74E+03	-3.03E-01	-2.34E+00										
7.79E+03	-3.00E-01	-2.34E+00										
7.84E+03	-2.97E-01	-2.33E+00										
7.89E+03	-2.94E-01	-2.32E+00										
7.95E+03	-2.91E-01	-2.31E+00										
8.00E+03	-2.89E-01	-2.31E+00										
8.05E+03	-2.85E-01	-2.30E+00										
8.10E+03	-2.83E-01	-2.29E+00										
8.15E+03	-2.79E-01	-2.28E+00										
8.21E+03	-2.77E-01	-2.27E+00										
8.26E+03	-2.73E-01	-2.26E+00										
8.31E+03	-2.70E-01	-2.25E+00										
8.37E+03	-2.67E-01	-2.24E+00										
8.42E+03	-2.64E-01	-2.22E+00										
8.47E+03	-2.61E-01	-2.21E+00										
8.52E+03	-2.58E-01	-2.20E+00										
8.57E+03	-2.55E-01	-2.19E+00										
8.63E+03	-2.52E-01	-2.17E+00										
8.61E+03	-2.51E-01	-2.17E+00										
0.00E+00	-8.62E-01	0.00E+00										
0.00E+00	-9.46E-01	0.00E+00										
0.00E+00	-9.56E-01	0.00E+00										
0.00E+00	-9.60E-01	0.00E+00										
0.00E+00	-9.63E-01	0.00E+00										
0.00E+00	-9.67E-01	0.00E+00										
4.63E+01	-9.67E-01	-4.47E-02										
9.67E+01	-8.78E-01	-8.49E-02										
1.48E+02	-8.35E-01	-1.24E-01										
1.99E+02	-8.13E-01	-1.61E-01										
2.50E+02	-7.98E-01	-2.00E-01										
3.01E+02	-7.85E-01	-2.36E-01										
3.52E+02	-7.75E-01	-2.73E-01										
4.03E+02	-7.65E-01	-3.09E-01										
4.54E+02	-7.56E-01	-3.43E-01										
5.05E+02	-7.48E-01	-3.78E-01										
5.56E+02	-7.41E-01	-4.12E-01										
6.07E+02	-7.33E-01	-4.45E-01										
6.58E+02	-7.27E-01	-4.78E-01										
7.11E+02	-7.20E-01	-5.12E-01										
7.61E+02	-7.14E-01	-5.43E-01										
8.13E+02	-7.08E-01	-5.75E-01										
8.64E+02	-7.02E-01	-6.06E-01										
9.16E+02	-6.97E-01	-6.39E-01										
9.68E+02	-6.91E-01	-6.69E-01										
1.02E+03	-6.86E-01	-7.00E-01										
1.07E+03	-6.81E-01	-7.30E-01										
1.12E+03	-6.76E-01	-7.60E-01										
1.18E+03	-6.71E-01	-7.89E-01										
1.23E+03	-6.66E-01	-8.17E-01										
1.28E+03	-6.61E-01	-8.45E-01										
1.33E+03	-6.57E-01	-8.72E-01										
1.38E+03	-6.53E-01	-9.01E-01										
1.43E+03	-6.48E-01	-9.27E-01										
1.48E+03	-6.45E-01	-9.54E-01										
1.53E+03	-6.40E-01	-9.81E-01										
1.58E+03	-6.36E-01	-1.01E+00										
1.64E+03	-6.32E-01	-1.03E+00										
1.69E+03	-6.28E-01	-1.06E+00										
1.74E+03	-6.24E-01	-1.09E+00										
1.79E+03	-6.21E-01	-1.11E+00										
1.84E+03	-6.17E-01	-1.14E+00										
1.89E+03	-6.13E-01	-1.16E+00										
1.94E+03	-6.10E-01	-1.18E+00										
1.99E+03	-6.06E-01	-1.21E+00										
2.04E+03	-6.03E-01	-1.23E+00										
2.10E+03	-5.99E-01	-1.26E+00										
2.15E+03	-5.96E-01	-1.28E+00										
2.20E+03	-5.92E-01	-1.30E+00										
2.25E+03	-5.89E-01	-1.33E+00										
2.30E+03	-5.85E-01	-1.35E+00										
2.35E+03	-5.82E-01	-1.37E+00										
2.41E+03	-5.79E-01	-1.39E+00										
2.46E+03	-5.76E-01	-1.42E+00										
2.51E+03	-5.73E-01	-1.44E+00										
2.56E+03	-5.69E-01	-1.46E+00										
2.61E+03	-5.66E-01	-1.48E+00										
2.67E+03	-5.63E-01	-1.50E+00										
2.72E+03	-5.60E-01	-1.52E+00										
2.77E+03	-5.57E-01	-1.54E+00										
2.82E+03	-5.54E-01	-1.56E+00										
2.87E+03	-5.50E-01	-1.58E+00										
2.92E+03	-5.48E-01	-1.60E+00										
2.97E+03	-5.45E-01	-1.62E+00										
3.02E+03	-5.42E-01	-1.64E+00										
3.07E+03	-5.39E-01	-1.66E+00										
3.13E+03	-5.36E-01	-1.68E+00										
3.18E+03	-5.33E-01	-1.69E+00										
3.23E+03	-5.30E-01	-1.71E+00										
3.29E+03	-5.27E-01	-1.73E+00										
3.34E+03	-5.24E-01	-1.75E+00										
3.39E+03	-5.21E-01	-1.77E+00										
3.44E+03	-5.18E-01	-1.78E+00										
3.49E+03	-5.15E-01	-1.80E+00										
3.55E+03	-5.13E-01	-1.82E+00										
3.60E+03	-5.10E-01	-1.83E+00										
3.65E+03	-5.07E-01	-1.85E+00										
3.70E+03	-5.05E-01	-1.87E+00										
3.75E+03	-5.02E-01	-1.88E+00										
3.81E+03	-4.99E-01	-1.90E+00										
3.86E+03	-4.96E-01	-1.91E+00										
3.91E+03	-4.94E-01	-1.93E+00										
3.96E+03	-4.91E-01	-1.94E+00										
4.01E+03	-4.88E-01	-1.96E+00										
4.06E+03	-4.86E-01	-1.97E+00										
4.11E+03	-4.83E-01	-1.99E+00										
4.17E+03	-4.81E-01	-2.00E+00										
4.22E+03	-4.77E-01	-2.02E+00										
4.28E+03	-4.75E-01	-2.03E+00										
4.33E+03	-4.72E-01	-2.04E+00										
4.38E+03	-4.70E-01	-2.06E+00										
4.43E+03	-4.67E-01	-2.07E+00										
4.49E+03	-4.64E-01	-2.08E+00										
4.54E+03	-4.62E-01	-2.10E+00										
4.59E+03	-4.59E-01	-2.11E+00										
4.64E+03	-4.57E-01	-2.12E+00										
4.70E+03	-4.54E-01	-2.13E+00										
4.75E+03	-4.51E-01	-2.14E+00										
4.80E+03	-4.49E-01	-2.15E+00										
4.85E+03	-4.46E-01	-2.16E+00										
4.90E+03	-4.44E-01	-2.18E+00										
4.96E+03	-4.41E-01	-2.19E+00										
5.01E+03	-4.39E-01	-2.20E+00										
5.06E+03	-4.36E-01	-2.21E+00										
5.11E+03	-4.34E-01	-2.22E+00										
5.17E+03	-4.31E-01	-2.23E+00										
5.22E+03	-4.28E-01	-2.23E+00										
5.27E+03	-4.26E-01	-2.25E+00										
5.32E+03	-4.23E-01	-2.25E+00										
5.38E+03	-4.21E-01	-2.26E+00										
5.43E+03	-4.18E-01	-2.27E+00										
5.48E+03	-4.16E-01	-2.28E+00										
5.53E+03	-4.13E-01	-2.28E+00										
5.58E+03	-4.11E-01	-2.29E+00										
5.63E+03	-4.08E-01	-2.30E+00										
5.68E+03	-4.06E-01	-2.31E+00										
5.74E+03	-4.03E-01	-2.31E+00										
5.79E+03	-4.01E-01	-2.32E+00										
5.84E+03	-3.98E-01	-2.33E+00										
5.90E+03	-3.96E-01	-2.33E+00										
5.95E+03	-3.93E-01	-2.34E+00										
6.00E+03	-3.90E-01	-2.34E+00										
6.05E+03	-3.88E-01	-2.35E+00										
6.10E+03	-3.86E-01	-2.35E+00										
6.15E+03	-3.83E-01	-2.36E+00										
6.21E+03	-3.80E-01	-2.36E+00										
6.26E+03	-3.78E-01	-2.36E+00										
6.31E+03	-3.75E-01	-2.37E+00										
6.36E+03	-3.73E-01	-2.37E+00										
6.42E+03	-3.70E-01	-2.37E+00										
6.47E+03	-3.67E-01	-2.38E+00										
6.52E+03	-3.65E-01	-2.38E+00										
6.57E+03	-3.62E-01	-2.38E+00										
6.62E+03	-3.60E-01	-2.38E+00										
6.67E+03	-3.57E-01	-2.38E+00										
6.73E+03	-3.54E-01	-2.38E+00										
6.78E+03	-3.52E-01	-2.38E+00										
6.83E+03	-3.49E-01	-2.38E+00										
6.88E+03	-3.46E-01	-2.38E+00										
6.93E+03	-3.44E-01	-2.38E+00										
6.98E+03	-3.41E-01	-2.38E+00										
7.04E+03	-3.38E-01	-2.38E+00										
7.09E+03	-3.36E-01	-2.38E+00										
7.14E+03	-3.33E-01	-2.38E+00										
7.20E+03	-3.30E-01	-2.38E+00										
7.25E+03	-3.27E-01	-2.37E+00										
7.30E+03	-3.25E-01	-2.37E+00										
7.35E+03	-3.22E-01	-2.37E+00										
7.40E+03	-3.19E-01	-2.36E+00										
7.45E+03	-3.16E-01	-2.36E+00										
7.50E+03	-3.14E-01	-2.35E+00										
7.56E+03	-3.11E-01	-2.35E+00										
7.61E+03	-3.08E-01	-2.34E+00										
7.66E+03	-3.05E-01	-2.34E+00										
7.71E+03	-3.03E-01	-2.33E+00										
7.76E+03	-3.00E-01	-2.33E+00										
7.81E+03	-2.97E-01	-2.32E+00										
7.86E+03	-2.94E-01	-2.31E+00										
7.92E+03	-2.91E-01	-2.31E+00										
7.97E+03	-2.89E-01	-2.30E+00										
8.02E+03	-2.85E-01	-2.29E+00										
8.07E+03	-2.83E-01	-2.28E+00										
8.12E+03	-2.80E-01	-2.27E+00										
8.18E+03	-2.77E-01	-2.26E+00										
8.23E+03	-2.74E-01	-2.25E+00										
8.28E+03	-2.71E-01	-2.24E+00										
8.33E+03	-2.68E-01	-2.23E+00										
8.38E+03	-2.65E-01	-2.22E+00										
8.43E+03	-2.62E-01	-2.21E+00										
8.49E+03	-2.58E-01	-2.19E+00										
8.54E+03	-2.55E-01	-2.18E+00										
8.59E+03	-2.52E-01	-2.17E+00										
8.59E+03	-2.51E-01	-2.16E+00										
0.00E+00	-8.62E-01	0.00E+00										
0.00E+00	-9.46E-01	0.00E+00										
0.00E+00	-9.55E-01	0.00E+00										
0.00E+00	-9.60E-01	0.00E+00										
0.00E+00	-9.63E-01	0.00E+00										
0.00E+00	-9.67E-01	0.00E+00										
5.19E+01	-9.67E-01	-5.01E-02										
1.02E+02	-8.70E-01	-8.90E-02										
1.55E+02	-8.33E-01	-1.29E-01										
2.06E+02	-8.11E-01	-1.67E-01										
2.56E+02	-7.96E-01	-2.04E-01										
3.07E+02	-7.84E-01	-2.41E-01										
3.58E+02	-7.73E-01	-2.77E-01										
4.09E+02	-7.64E-01	-3.12E-01										
4.63E+02	-7.55E-01	-3.49E-01										
5.14E+02	-7.46E-01	-3.83E-01										
5.66E+02	-7.39E-01	-4.18E-01										
6.19E+02	-7.31E-01	-4.52E-01										
6.72E+02	-7.25E-01	-4.87E-01										
7.22E+02	-7.18E-01	-5.18E-01										
7.72E+02	-7.12E-01	-5.50E-01										
8.25E+02	-7.06E-01	-5.83E-01										
8.76E+02	-7.00E-01	-6.13E-01										
9.27E+02	-6.95E-01	-6.44E-01										
9.78E+02	-6.90E-01	-6.75E-01										
1.03E+03	-6.84E-01	-7.04E-01										
1.08E+03	-6.79E-01	-7.34E-01										
1.13E+03	-6.75E-01	-7.63E-01										
1.18E+03	-6.70E-01	-7.92E-01										
1.23E+03	-6.65E-01	-8.21E-01										
1.29E+03	-6.60E-01	-8.50E-01										
1.34E+03	-6.56E-01	-8.78E-01										
1.39E+03	-6.52E-01	-9.06E-01										
1.44E+03	-6.48E-01	-9.33E-01										
1.49E+03	-6.43E-01	-9.60E-01										
1.54E+03	-6.39E-01	-9.86E-01										
1.59E+03	-6.35E-01	-1.01E+00										
1.64E+03	-6.31E-01	-1.04E+00										
1.70E+03	-6.28E-01	-1.06E+00										
1.75E+03	-6.24E-01	-1.09E+00										
1.80E+03	-6.20E-01	-1.11E+00										
1.85E+03	-6.16E-01	-1.14E+00										
1.90E+03	-6.12E-01	-1.16E+00										
1.95E+03	-6.09E-01	-1.19E+00										
2.00E+03	-6.05E-01	-1.21E+00										
2.05E+03	-6.02E-01	-1.24E+00										
2.10E+03	-5.98E-01	-1.26E+00										
2.16E+03	-5.95E-01	-1.28E+00										
2.21E+03	-5.91E-01	-1.31E+00										
2.26E+03	-5.88E-01	-1.33E+00										
2.31E+03	-5.85E-01	-1.35E+00										
2.36E+03	-5.81E-01	-1.37E+00										
2.41E+03	-5.78E-01	-1.40E+00										
2.46E+03	-5.75E-01	-1.42E+00										
2.52E+03	-5.72E-01	-1.44E+00										
2.57E+03	-5.68E-01	-1.46E+00										
2.62E+03	-5.65E-01	-1.48E+00										
2.67E+03	-5.62E-01	-1.50E+00										
2.72E+03	-5.59E-01	-1.52E+00										
2.78E+03	-5.56E-01	-1.54E+00										
2.83E+03	-5.53E-01	-1.56E+00										
2.88E+03	-5.50E-01	-1.58E+00										
2.93E+03	-5.47E-01	-1.60E+00										
2.98E+03	-5.44E-01	-1.62E+00										
3.04E+03	-5.41E-01	-1.64E+00										
3.09E+03	-5.38E-01	-1.66E+00										
3.14E+03	-5.35E-01	-1.68E+00										
3.19E+03	-5.32E-01	-1.70E+00										
3.24E+03	-5.29E-01	-1.72E+00										
3.29E+03	-5.26E-01	-1.73E+00										
3.35E+03	-5.23E-01	-1.75E+00										
3.40E+03	-5.20E-01	-1.77E+00										
3.45E+03	-5.17E-01	-1.79E+00										
3.50E+03	-5.15E-01	-1.80E+00										
3.55E+03	-5.12E-01	-1.82E+00										
3.60E+03	-5.09E-01	-1.83E+00										
3.65E+03	-5.06E-01	-1.85E+00										
3.70E+03	-5.04E-01	-1.87E+00										
3.76E+03	-5.01E-01	-1.88E+00										
3.81E+03	-4.98E-01	-1.90E+00										
3.86E+03	-4.96E-01	-1.91E+00										
3.91E+03	-4.93E-01	-1.93E+00										
3.96E+03	-4.90E-01	-1.94E+00										
4.01E+03	-4.88E-01	-1.96E+00										
4.06E+03	-4.85E-01	-1.97E+00										
4.11E+03	-4.82E-01	-1.98E+00										
4.16E+03	-4.80E-01	-2.00E+00										
4.21E+03	-4.77E-01	-2.01E+00										
4.27E+03	-4.75E-01	-2.03E+00										
4.32E+03	-4.72E-01	-2.04E+00										
4.37E+03	-4.70E-01	-2.05E+00										
4.42E+03	-4.67E-01	-2.06E+00										
4.47E+03	-4.64E-01	-2.08E+00										
4.52E+03	-4.62E-01	-2.09E+00										
4.58E+03	-4.59E-01	-2.10E+00										
4.63E+03	-4.57E-01	-2.11E+00										
4.68E+03	-4.54E-01	-2.13E+00										
4.73E+03	-4.51E-01	-2.14E+00										
4.78E+03	-4.49E-01	-2.15E+00										
4.84E+03	-4.46E-01	-2.16E+00										
4.89E+03	-4.43E-01	-2.17E+00										
4.94E+03	-4.41E-01	-2.18E+00										
4.99E+03	-4.39E-01	-2.19E+00										
5.04E+03	-4.36E-01	-2.20E+00										
5.10E+03	-4.34E-01	-2.21E+00										
5.15E+03	-4.31E-01	-2.22E+00										
5.20E+03	-4.29E-01	-2.23E+00										
5.25E+03	-4.26E-01	-2.24E+00										
5.31E+03	-4.23E-01	-2.25E+00										
5.36E+03	-4.21E-01	-2.25E+00										
5.41E+03	-4.18E-01	-2.26E+00										
5.46E+03	-4.16E-01	-2.27E+00										
5.51E+03	-4.13E-01	-2.28E+00										
5.56E+03	-4.11E-01	-2.29E+00										
5.61E+03	-4.08E-01	-2.29E+00										
5.66E+03	-4.06E-01	-2.30E+00										
5.71E+03	-4.03E-01	-2.30E+00										
5.77E+03	-4.01E-01	-2.31E+00										
5.82E+03	-3.98E-01	-2.32E+00										
5.87E+03	-3.96E-01	-2.32E+00										
5.92E+03	-3.93E-01	-2.33E+00										
5.97E+03	-3.91E-01	-2.33E+00										
6.03E+03	-3.88E-01	-2.34E+00										
6.08E+03	-3.86E-01	-2.34E+00										
6.13E+03	-3.83E-01	-2.35E+00										
6.18E+03	-3.81E-01	-2.35E+00										
6.23E+03	-3.78E-01	-2.36E+00										
6.28E+03	-3.75E-01	-2.36E+00										
6.33E+03	-3.73E-01	-2.37E+00										
6.39E+03	-3.71E-01	-2.37E+00										
6.44E+03	-3.68E-01	-2.37E+00										
6.49E+03	-3.65E-01	-2.37E+00										
6.54E+03	-3.63E-01	-2.38E+00										
6.59E+03	-3.60E-01	-2.38E+00										
6.65E+03	-3.58E-01	-2.38E+00										
6.70E+03	-3.55E-01	-2.38E+00										
6.75E+03	-3.53E-01	-2.38E+00										
6.80E+03	-3.50E-01	-2.38E+00										
6.85E+03	-3.47E-01	-2.38E+00										
6.90E+03	-3.45E-01	-2.38E+00										
6.95E+03	-3.42E-01	-2.38E+00										
7.00E+03	-3.40E-01	-2.38E+00										
7.05E+03	-3.37E-01	-2.38E+00										
7.10E+03	-3.34E-01	-2.37E+00										
7.16E+03	-3.32E-01	-2.37E+00										
7.21E+03	-3.29E-01	-2.37E+00										
7.26E+03	-3.26E-01	-2.37E+00										
7.31E+03	-3.24E-01	-2.37E+00										
7.36E+03	-3.21E-01	-2.36E+00										
7.42E+03	-3.19E-01	-2.36E+00										
7.47E+03	-3.15E-01	-2.36E+00										
7.52E+03	-3.12E-01	-2.35E+00										
7.57E+03	-3.10E-01	-2.34E+00										
7.62E+03	-3.07E-01	-2.34E+00										
7.67E+03	-3.04E-01	-2.34E+00										
7.73E+03	-3.02E-01	-2.33E+00										
7.78E+03	-2.99E-01	-2.32E+00										
7.84E+03	-2.96E-01	-2.32E+00										
7.89E+03	-2.93E-01	-2.31E+00										
7.94E+03	-2.90E-01	-2.30E+00										
7.99E+03	-2.87E-01	-2.29E+00										
8.04E+03	-2.84E-01	-2.28E+00										
8.09E+03	-2.81E-01	-2.27E+00										
8.14E+03	-2.78E-01	-2.27E+00										
8.20E+03	-2.75E-01	-2.26E+00										
8.25E+03	-2.72E-01	-2.25E+00										
8.30E+03	-2.69E-01	-2.23E+00										
8.35E+03	-2.66E-01	-2.22E+00										
8.41E+03	-2.63E-01	-2.21E+00										
8.46E+03	-2.60E-01	-2.20E+00										
8.51E+03	-2.57E-01	-2.19E+00										
8.56E+03	-2.54E-01	-2.18E+00										
8.61E+03	-2.51E-01	-2.16E+00										
8.60E+03	-2.51E-01	-2.16E+00										
0.00E+00	-8.62E-01	0.00E+00										
0.00E+00	-9.46E-01	0.00E+00										
0.00E+00	-9.56E-01	0.00E+00										
0.00E+00	-9.60E-01	0.00E+00										
0.00E+00	-9.63E-01	0.00E+00										
0.00E+00	-9.67E-01	0.00E+00										
4.83E+01	-9.67E-01	-4.67E-02										
1.00E+02	-8.77E-01	-8.79E-02										
1.52E+02	-8.33E-01	-1.27E-01										
2.07E+02	-8.11E-01	-1.68E-01										
2.59E+02	-7.95E-01	-2.06E-01										
3.10E+02	-7.84E-01	-2.43E-01										
3.61E+02	-7.73E-01	-2.79E-01										
4.12E+02	-7.63E-01	-3.14E-01										
4.63E+02	-7.55E-01	-3.49E-01										
5.14E+02	-7.47E-01	-3.84E-01										
5.65E+02	-7.39E-01	-4.18E-01										
6.18E+02	-7.32E-01	-4.52E-01										
6.68E+02	-7.25E-01	-4.84E-01										
7.20E+02	-7.19E-01	-5.18E-01										
7.71E+02	-7.12E-01	-5.49E-01										
8.23E+02	-7.06E-01	-5.81E-01										
8.74E+02	-7.01E-01	-6.12E-01										
9.32E+02	-6.95E-01	-6.48E-01										
9.84E+02	-6.89E-01	-6.78E-01										
1.04E+03	-6.84E-01	-7.08E-01										
1.09E+03	-6.79E-01	-7.38E-01										
1.14E+03	-6.74E-01	-7.69E-01										
1.19E+03	-6.69E-01	-7.97E-01										
1.24E+03	-6.65E-01	-8.26E-01										
1.30E+03	-6.60E-01	-8.56E-01										
1.35E+03	-6.55E-01	-8.83E-01										
1.40E+03	-6.51E-01	-9.11E-01										
1.45E+03	-6.47E-01	-9.38E-01										
1.50E+03	-6.42E-01	-9.64E-01										
1.55E+03	-6.38E-01	-9.90E-01										
1.60E+03	-6.35E-01	-1.02E+00										
1.65E+03	-6.31E-01	-1.04E+00										
1.70E+03	-6.27E-01	-1.07E+00										
1.75E+03	-6.23E-01	-1.09E+00										
1.81E+03	-6.19E-01	-1.12E+00										
1.86E+03	-6.16E-01	-1.14E+00										
1.91E+03	-6.12E-01	-1.17E+00										
1.96E+03	-6.08E-01	-1.19E+00										
2.01E+03	-6.05E-01	-1.22E+00										
2.06E+03	-6.01E-01	-1.24E+00										
2.12E+03	-5.97E-01	-1.26E+00										
2.17E+03	-5.94E-01	-1.29E+00										
2.22E+03	-5.91E-01	-1.31E+00										
2.27E+03	-5.87E-01	-1.33E+00										
2.32E+03	-5.84E-01	-1.36E+00										
2.37E+03	-5.81E-01	-1.38E+00										
2.42E+03	-5.78E-01	-1.40E+00										
2.47E+03	-5.74E-01	-1.42E+00										
2.52E+03	-5.71E-01	-1.44E+00										
2.57E+03	-5.68E-01	-1.46E+00										
2.63E+03	-5.65E-01	-1.48E+00										
2.68E+03	-5.62E-01	-1.50E+00										
2.73E+03	-5.59E-01	-1.52E+00										
2.78E+03	-5.56E-01	-1.54E+00										
2.83E+03	-5.53E-01	-1.56E+00										
2.88E+03	-5.50E-01	-1.59E+00										
2.94E+03	-5.47E-01	-1.60E+00										
2.99E+03	-5.43E-01	-1.62E+00										
3.04E+03	-5.41E-01	-1.64E+00										
3.09E+03	-5.38E-01	-1.66E+00										
3.14E+03	-5.34E-01	-1.68E+00										
3.20E+03	-5.32E-01	-1.70E+00										
3.25E+03	-5.29E-01	-1.72E+00										
3.30E+03	-5.26E-01	-1.73E+00										
3.35E+03	-5.23E-01	-1.75E+00										
3.40E+03	-5.20E-01	-1.77E+00										
3.45E+03	-5.18E-01	-1.79E+00										
3.50E+03	-5.15E-01	-1.80E+00										
3.55E+03	-5.12E-01	-1.82E+00										
3.61E+03	-5.09E-01	-1.84E+00										
3.66E+03	-5.06E-01	-1.85E+00										
3.71E+03	-5.04E-01	-1.87E+00										
3.76E+03	-5.01E-01	-1.88E+00										
3.81E+03	-4.98E-01	-1.90E+00										
3.86E+03	-4.96E-01	-1.91E+00										
3.92E+03	-4.93E-01	-1.93E+00										
3.97E+03	-4.90E-01	-1.94E+00										
4.02E+03	-4.88E-01	-1.96E+00										
4.07E+03	-4.85E-01	-1.97E+00										
4.12E+03	-4.82E-01	-1.99E+00										
4.18E+03	-4.80E-01	-2.00E+00										
4.23E+03	-4.77E-01	-2.02E+00										
4.28E+03	-4.74E-01	-2.03E+00										
4.33E+03	-4.72E-01	-2.04E+00										
4.38E+03	-4.69E-01	-2.06E+00										
4.44E+03	-4.66E-01	-2.07E+00										
4.49E+03	-4.64E-01	-2.08E+00										
4.54E+03	-4.61E-01	-2.09E+00										
4.59E+03	-4.59E-01	-2.11E+00										
4.64E+03	-4.56E-01	-2.12E+00										
4.69E+03	-4.53E-01	-2.13E+00										
4.74E+03	-4.51E-01	-2.14E+00										
4.80E+03	-4.49E-01	-2.15E+00										
4.85E+03	-4.46E-01	-2.16E+00										
4.90E+03	-4.43E-01	-2.17E+00										
4.95E+03	-4.41E-01	-2.18E+00										
5.00E+03	-4.38E-01	-2.19E+00										
5.05E+03	-4.36E-01	-2.20E+00										
5.11E+03	-4.33E-01	-2.21E+00										
5.16E+03	-4.31E-01	-2.22E+00										
5.21E+03	-4.28E-01	-2.23E+00										
5.26E+03	-4.26E-01	-2.24E+00										
5.31E+03	-4.23E-01	-2.25E+00										
5.36E+03	-4.21E-01	-2.26E+00										
5.42E+03	-4.18E-01	-2.27E+00										
5.47E+03	-4.16E-01	-2.28E+00										
5.53E+03	-4.13E-01	-2.28E+00										
5.58E+03	-4.11E-01	-2.29E+00										
5.63E+03	-4.08E-01	-2.30E+00										
5.68E+03	-4.05E-01	-2.30E+00										
5.73E+03	-4.03E-01	-2.31E+00										
5.79E+03	-4.00E-01	-2.32E+00										
5.84E+03	-3.98E-01	-2.32E+00										
5.90E+03	-3.95E-01	-2.33E+00										
5.95E+03	-3.93E-01	-2.34E+00										
6.00E+03	-3.90E-01	-2.34E+00										
6.05E+03	-3.87E-01	-2.34E+00										
6.10E+03	-3.85E-01	-2.35E+00										
6.15E+03	-3.83E-01	-2.35E+00										
6.20E+03	-3.80E-01	-2.36E+00										
6.25E+03	-3.78E-01	-2.36E+00										
6.31E+03	-3.75E-01	-2.36E+00										
6.36E+03	-3.72E-01	-2.37E+00										
6.41E+03	-3.70E-01	-2.37E+00										
6.46E+03	-3.67E-01	-2.37E+00										
6.51E+03	-3.65E-01	-2.38E+00										
6.57E+03	-3.62E-01	-2.38E+00										
6.62E+03	-3.59E-01	-2.38E+00										
6.68E+03	-3.57E-01	-2.38E+00										
6.73E+03	-3.54E-01	-2.38E+00										
6.78E+03	-3.51E-01	-2.38E+00										
6.83E+03	-3.49E-01	-2.38E+00										
6.88E+03	-3.46E-01	-2.38E+00										
6.94E+03	-3.43E-01	-2.38E+00										
6.99E+03	-3.41E-01	-2.38E+00										
7.04E+03	-3.38E-01	-2.38E+00										
7.09E+03	-3.35E-01	-2.38E+00										
7.15E+03	-3.32E-01	-2.38E+00										
7.20E+03	-3.30E-01	-2.37E+00										
7.25E+03	-3.27E-01	-2.37E+00										
7.30E+03	-3.24E-01	-2.37E+00										
7.35E+03	-3.22E-01	-2.37E+00										
7.41E+03	-3.19E-01	-2.36E+00										
7.46E+03	-3.16E-01	-2.36E+00										
7.51E+03	-3.13E-01	-2.35E+00										
7.56E+03	-3.11E-01	-2.35E+00										
7.61E+03	-3.08E-01	-2.34E+00										
7.66E+03	-3.05E-01	-2.34E+00										
7.71E+03	-3.03E-01	-2.33E+00										
7.77E+03	-3.00E-01	-2.33E+00										
7.82E+03	-2.97E-01	-2.32E+00										
7.87E+03	-2.94E-01	-2.31E+00										
7.92E+03	-2.91E-01	-2.30E+00										
7.97E+03	-2.88E-01	-2.30E+00										
8.02E+03	-2.85E-01	-2.29E+00										
8.08E+03	-2.83E-01	-2.28E+00										
8.13E+03	-2.79E-01	-2.27E+00										
8.18E+03	-2.76E-01	-2.26E+00										
8.23E+03	-2.73E-01	-2.25E+00										
8.28E+03	-2.71E-01	-2.24E+00										
8.33E+03	-2.68E-01	-2.23E+00										
8.38E+03	-2.65E-01	-2.22E+00										
8.43E+03	-2.62E-01	-2.21E+00										
8.48E+03	-2.59E-01	-2.19E+00										
8.54E+03	-2.56E-01	-2.18E+00										
8.59E+03	-2.53E-01	-2.17E+00										
8.59E+03	-2.51E-01	-2.16E+00										
0.00E+00	-8.62E-01	0.00E+00										
0.00E+00	-9.46E-01	0.00E+00										
0.00E+00	-9.55E-01	0.00E+00										
0.00E+00	-9.60E-01	0.00E+00										
0.00E+00	-9.63E-01	0.00E+00										
0.00E+00	-9.67E-01	0.00E+00										
5.29E+01	-9.67E-01	-5.11E-02										
1.05E+02	-8.67E-01	-9.13E-02										
1.59E+02	-8.30E-01	-1.32E-01										
2.09E+02	-8.09E-01	-1.69E-01										
2.60E+02	-7.95E-01	-2.07E-01										
3.12E+02	-7.83E-01	-2.44E-01										
3.62E+02	-7.72E-01	-2.80E-01										
4.13E+02	-7.63E-01	-3.15E-01										
4.64E+02	-7.54E-01	-3.50E-01										
5.17E+02	-7.46E-01	-3.86E-01										
5.69E+02	-7.39E-01	-4.20E-01										
6.21E+02	-7.32E-01	-4.54E-01										
6.71E+02	-7.24E-01	-4.86E-01										
7.22E+02	-7.18E-01	-5.19E-01										
7.73E+02	-7.12E-01	-5.50E-01										
8.23E+02	-7.06E-01	-5.81E-01										
8.75E+02	-7.01E-01	-6.13E-01										
9.29E+02	-6.95E-01	-6.46E-01										
9.80E+02	-6.90E-01	-6.76E-01										
1.03E+03	-6.84E-01	-7.06E-01										
1.08E+03	-6.79E-01	-7.35E-01										
1.13E+03	-6.74E-01	-7.65E-01										
1.18E+03	-6.69E-01	-7.93E-01										
1.24E+03	-6.65E-01	-8.22E-01										
1.29E+03	-6.60E-01	-8.50E-01										
1.34E+03	-6.56E-01	-8.79E-01										
1.39E+03	-6.52E-01	-9.06E-01										
1.44E+03	-6.47E-01	-9.34E-01										
1.50E+03	-6.43E-01	-9.62E-01										
1.55E+03	-6.39E-01	-9.88E-01										
1.60E+03	-6.35E-01	-1.01E+00										
1.65E+03	-6.30E-01	-1.04E+00										
1.70E+03	-6.27E-01	-1.07E+00										
1.75E+03	-6.23E-01	-1.09E+00										
1.80E+03	-6.19E-01	-1.12E+00										
1.85E+03	-6.15E-01	-1.14E+00										
1.91E+03	-6.12E-01	-1.17E+00										
1.96E+03	-6.08E-01	-1.19E+00										
2.01E+03	-6.04E-01	-1.21E+00										
2.06E+03	-6.01E-01	-1.24E+00										
2.11E+03	-5.97E-01	-1.26E+00										
2.16E+03	-5.94E-01	-1.28E+00										
2.21E+03	-5.91E-01	-1.31E+00										
2.26E+03	-5.87E-01	-1.33E+00										
2.31E+03	-5.84E-01	-1.35E+00										
2.37E+03	-5.81E-01	-1.37E+00										
2.42E+03	-5.77E-01	-1.39E+00										
2.47E+03	-5.74E-01	-1.42E+00										
2.52E+03	-5.71E-01	-1.44E+00										
2.57E+03	-5.68E-01	-1.46E+00										
2.62E+03	-5.65E-01	-1.48E+00										
2.67E+03	-5.62E-01	-1.50E+00										
2.72E+03	-5.58E-01	-1.52E+00										
2.78E+03	-5.55E-01	-1.54E+00										
2.83E+03	-5.52E-01	-1.56E+00										
2.88E+03	-5.49E-01	-1.58E+00										
2.93E+03	-5.46E-01	-1.60E+00										
2.98E+03	-5.43E-01	-1.62E+00										
3.03E+03	-5.40E-01	-1.64E+00										
3.09E+03	-5.37E-01	-1.66E+00										
3.14E+03	-5.34E-01	-1.68E+00										
3.19E+03	-5.31E-01	-1.69E+00										
3.24E+03	-5.28E-01	-1.71E+00										
3.29E+03	-5.25E-01	-1.73E+00										
3.34E+03	-5.23E-01	-1.75E+00										
3.40E+03	-5.20E-01	-1.76E+00										
3.45E+03	-5.17E-01	-1.78E+00										
3.50E+03	-5.14E-01	-1.80E+00										
3.55E+03	-5.11E-01	-1.82E+00										
3.60E+03	-5.09E-01	-1.83E+00										
3.65E+03	-5.05E-01	-1.85E+00										
3.71E+03	-5.03E-01	-1.86E+00										
3.76E+03	-5.00E-01	-1.88E+00										
3.81E+03	-4.98E-01	-1.90E+00										
3.86E+03	-4.95E-01	-1.91E+00										
3.91E+03	-4.92E-01	-1.92E+00										
3.96E+03	-4.90E-01	-1.94E+00										
4.02E+03	-4.87E-01	-1.95E+00										
4.07E+03	-4.84E-01	-1.97E+00										
4.12E+03	-4.82E-01	-1.98E+00										
4.17E+03	-4.79E-01	-2.00E+00										
4.22E+03	-4.76E-01	-2.01E+00										
4.28E+03	-4.73E-01	-2.02E+00										
4.33E+03	-4.71E-01	-2.04E+00										
4.38E+03	-4.68E-01	-2.05E+00										
4.43E+03	-4.66E-01	-2.06E+00										
4.48E+03	-4.63E-01	-2.08E+00										
4.53E+03	-4.60E-01	-2.09E+00										
4.58E+03	-4.58E-01	-2.10E+00										
4.63E+03	-4.55E-01	-2.11E+00										
4.68E+03	-4.53E-01	-2.12E+00										
4.74E+03	-4.50E-01	-2.13E+00										
4.79E+03	-4.48E-01	-2.14E+00										
4.84E+03	-4.45E-01	-2.15E+00										
4.89E+03	-4.43E-01	-2.17E+00										
4.94E+03	-4.40E-01	-2.18E+00										
5.00E+03	-4.37E-01	-2.19E+00										
5.05E+03	-4.35E-01	-2.20E+00										
5.10E+03	-4.33E-01	-2.21E+00										
5.15E+03	-4.30E-01	-2.21E+00										
5.20E+03	-4.27E-01	-2.22E+00										
5.25E+03	-4.25E-01	-2.23E+00										
5.30E+03	-4.22E-01	-2.24E+00										
5.36E+03	-4.20E-01	-2.25E+00										
5.41E+03	-4.17E-01	-2.26E+00										
5.46E+03	-4.15E-01	-2.26E+00										
5.51E+03	-4.12E-01	-2.27E+00										
5.56E+03	-4.10E-01	-2.28E+00										
5.61E+03	-4.07E-01	-2.29E+00										
5.66E+03	-4.05E-01	-2.29E+00										
5.71E+03	-4.02E-01	-2.30E+00										
5.76E+03	-4.00E-01	-2.30E+00										
5.82E+03	-3.97E-01	-2.31E+00										
5.87E+03	-3.95E-01	-2.32E+00										
5.92E+03	-3.92E-01	-2.32E+00										
5.97E+03	-3.90E-01	-2.33E+00										
6.02E+03	-3.87E-01	-2.33E+00										
6.07E+03	-3.85E-01	-2.34E+00										
6.12E+03	-3.82E-01	-2.34E+00										
6.17E+03	-3.80E-01	-2.34E+00										
6.23E+03	-3.77E-01	-2.35E+00										
6.28E+03	-3.74E-01	-2.35E+00										
6.33E+03	-3.72E-01	-2.35E+00										
6.38E+03	-3.69E-01	-2.35E+00										
6.43E+03	-3.67E-01	-2.36E+00										
6.48E+03	-3.64E-01	-2.36E+00										
6.53E+03	-3.62E-01	-2.36E+00										
6.59E+03	-3.59E-01	-2.36E+00										
6.64E+03	-3.56E-01	-2.36E+00										
6.69E+03	-3.54E-01	-2.37E+00										
6.74E+03	-3.51E-01	-2.37E+00										
6.79E+03	-3.48E-01	-2.37E+00										
6.84E+03	-3.46E-01	-2.36E+00										
6.90E+03	-3.43E-01	-2.36E+00										
6.95E+03	-3.40E-01	-2.36E+00										
7.00E+03	-3.37E-01	-2.36E+00										
7.05E+03	-3.35E-01	-2.36E+00										
7.10E+03	-3.32E-01	-2.36E+00										
7.15E+03	-3.29E-01	-2.36E+00										
7.20E+03	-3.27E-01	-2.35E+00										
7.25E+03	-3.24E-01	-2.35E+00										
7.31E+03	-3.21E-01	-2.35E+00										
7.36E+03	-3.19E-01	-2.34E+00										
7.41E+03	-3.16E-01	-2.34E+00										
7.46E+03	-3.13E-01	-2.33E+00										
7.51E+03	-3.10E-01	-2.33E+00										
7.56E+03	-3.07E-01	-2.33E+00										
7.61E+03	-3.05E-01	-2.32E+00										
7.66E+03	-3.02E-01	-2.31E+00										
7.71E+03	-2.99E-01	-2.31E+00										
7.77E+03	-2.96E-01	-2.30E+00										
7.82E+03	-2.93E-01	-2.29E+00										
7.87E+03	-2.90E-01	-2.29E+00										
7.93E+03	-2.87E-01	-2.28E+00										
7.98E+03	-2.84E-01	-2.27E+00										
8.03E+03	-2.81E-01	-2.26E+00										
8.08E+03	-2.78E-01	-2.25E+00										
8.13E+03	-2.75E-01	-2.24E+00										
8.18E+03	-2.72E-01	-2.23E+00										
8.23E+03	-2.70E-01	-2.22E+00										
8.28E+03	-2.66E-01	-2.21E+00										
8.33E+03	-2.63E-01	-2.20E+00										
8.39E+03	-2.60E-01	-2.18E+00										
8.44E+03	-2.57E-01	-2.17E+00										
8.49E+03	-2.54E-01	-2.16E+00										
8.53E+03	-2.51E-01	-2.14E+00										
0.00E+00	-8.62E-01	0.00E+00										
0.00E+00	-9.46E-01	0.00E+00										
0.00E+00	-9.55E-01	0.00E+00										
0.00E+00	-9.60E-01	0.00E+00										
0.00E+00	-9.63E-01	0.00E+00										
0.00E+00	-9.67E-01	0.00E+00										
4.63E+01	-9.67E-01	-4.47E-02										
9.67E+01	-8.81E-01	-8.52E-02										
1.48E+02	-8.36E-01	-1.23E-01										
1.99E+02	-8.14E-01	-1.62E-01										
2.50E+02	-7.97E-01	-1.99E-01										
3.04E+02	-7.85E-01	-2.38E-01										
3.56E+02	-7.74E-01	-2.75E-01										
4.06E+02	-7.64E-01	-3.10E-01										
4.59E+02	-7.55E-01	-3.47E-01										
5.10E+02	-7.47E-01	-3.81E-01										
5.66E+02	-7.39E-01	-4.18E-01										
6.16E+02	-7.31E-01	-4.50E-01										
6.68E+02	-7.24E-01	-4.84E-01										
7.18E+02	-7.18E-01	-5.16E-01										
7.70E+02	-7.12E-01	-5.48E-01										
8.22E+02	-7.05E-01	-5.80E-01										
8.74E+02	-7.00E-01	-6.12E-01										
9.27E+02	-6.94E-01	-6.43E-01										
9.79E+02	-6.89E-01	-6.74E-01										
1.03E+03	-6.83E-01	-7.03E-01										
1.08E+03	-6.79E-01	-7.33E-01										
1.13E+03	-6.74E-01	-7.62E-01										
1.18E+03	-6.69E-01	-7.90E-01										
1.23E+03	-6.64E-01	-8.19E-01										
1.28E+03	-6.60E-01	-8.47E-01										
1.34E+03	-6.55E-01	-8.75E-01										
1.39E+03	-6.51E-01	-9.05E-01										
1.44E+03	-6.46E-01	-9.31E-01										
1.49E+03	-6.42E-01	-9.58E-01										
1.54E+03	-6.38E-01	-9.85E-01										
1.59E+03	-6.33E-01	-1.01E+00										
1.65E+03	-6.30E-01	-1.04E+00										
1.70E+03	-6.26E-01	-1.06E+00										
1.75E+03	-6.22E-01	-1.09E+00										
1.80E+03	-6.18E-01	-1.11E+00										
1.85E+03	-6.15E-01	-1.14E+00										
1.90E+03	-6.10E-01	-1.16E+00										
1.95E+03	-6.07E-01	-1.19E+00										
2.01E+03	-6.03E-01	-1.21E+00										
2.06E+03	-6.00E-01	-1.23E+00										
2.11E+03	-5.96E-01	-1.26E+00										
2.17E+03	-5.92E-01	-1.28E+00										
2.22E+03	-5.89E-01	-1.31E+00										
2.27E+03	-5.86E-01	-1.33E+00										
2.32E+03	-5.82E-01	-1.35E+00										
2.37E+03	-5.79E-01	-1.37E+00										
2.42E+03	-5.76E-01	-1.39E+00										
2.47E+03	-5.73E-01	-1.42E+00										
2.53E+03	-5.69E-01	-1.44E+00										
2.58E+03	-5.66E-01	-1.46E+00										
2.63E+03	-5.63E-01	-1.48E+00										
2.68E+03	-5.59E-01	-1.50E+00										
2.74E+03	-5.56E-01	-1.52E+00										
2.79E+03	-5.53E-01	-1.54E+00										
2.84E+03	-5.50E-01	-1.56E+00										
2.90E+03	-5.47E-01	-1.58E+00										
2.95E+03	-5.43E-01	-1.60E+00										
3.00E+03	-5.41E-01	-1.62E+00										
3.06E+03	-5.37E-01	-1.64E+00										
3.11E+03	-5.34E-01	-1.66E+00										
3.16E+03	-5.31E-01	-1.68E+00										
3.21E+03	-5.29E-01	-1.70E+00										
3.26E+03	-5.26E-01	-1.71E+00										
3.31E+03	-5.23E-01	-1.73E+00										
3.37E+03	-5.20E-01	-1.75E+00										
3.42E+03	-5.17E-01	-1.77E+00										
3.47E+03	-5.14E-01	-1.78E+00										
3.52E+03	-5.11E-01	-1.80E+00										
3.57E+03	-5.08E-01	-1.82E+00										
3.62E+03	-5.06E-01	-1.83E+00										
3.68E+03	-5.03E-01	-1.85E+00										
3.73E+03	-5.00E-01	-1.86E+00										
3.78E+03	-4.97E-01	-1.88E+00										
3.83E+03	-4.95E-01	-1.89E+00										
3.88E+03	-4.92E-01	-1.91E+00										
3.93E+03	-4.89E-01	-1.92E+00										
3.98E+03	-4.86E-01	-1.94E+00										
4.04E+03	-4.84E-01	-1.95E+00										
4.09E+03	-4.81E-01	-1.97E+00										
4.14E+03	-4.78E-01	-1.98E+00										
4.19E+03	-4.76E-01	-1.99E+00										
4.25E+03	-4.73E-01	-2.01E+00										
4.30E+03	-4.71E-01	-2.02E+00										
4.35E+03	-4.68E-01	-2.03E+00										
4.40E+03	-4.65E-01	-2.05E+00										
4.45E+03	-4.62E-01	-2.06E+00										
4.51E+03	-4.60E-01	-2.07E+00										
4.56E+03	-4.57E-01	-2.08E+00										
4.61E+03	-4.55E-01	-2.10E+00										
4.66E+03	-4.52E-01	-2.11E+00										
4.71E+03	-4.50E-01	-2.12E+00										
4.76E+03	-4.47E-01	-2.13E+00										
4.81E+03	-4.45E-01	-2.14E+00										
4.86E+03	-4.42E-01	-2.15E+00										
4.92E+03	-4.39E-01	-2.16E+00										
4.97E+03	-4.37E-01	-2.17E+00										
5.02E+03	-4.34E-01	-2.18E+00										
5.07E+03	-4.32E-01	-2.19E+00										
5.12E+03	-4.29E-01	-2.20E+00										
5.17E+03	-4.26E-01	-2.21E+00										
5.22E+03	-4.24E-01	-2.21E+00										
5.28E+03	-4.22E-01	-2.22E+00										
5.33E+03	-4.19E-01	-2.23E+00										
5.38E+03	-4.17E-01	-2.24E+00										
5.43E+03	-4.14E-01	-2.25E+00										
5.48E+03	-4.12E-01	-2.25E+00										
5.53E+03	-4.09E-01	-2.26E+00										
5.58E+03	-4.07E-01	-2.27E+00										
5.63E+03	-4.04E-01	-2.28E+00										
5.68E+03	-4.02E-01	-2.28E+00										
5.74E+03	-3.99E-01	-2.29E+00										
5.79E+03	-3.96E-01	-2.30E+00										
5.84E+03	-3.94E-01	-2.30E+00										
5.89E+03	-3.91E-01	-2.31E+00										
5.95E+03	-3.89E-01	-2.31E+00										
6.00E+03	-3.86E-01	-2.32E+00										
6.06E+03	-3.83E-01	-2.32E+00										
6.11E+03	-3.80E-01	-2.32E+00										
6.16E+03	-3.78E-01	-2.33E+00										
6.21E+03	-3.76E-01	-2.33E+00										
6.26E+03	-3.73E-01	-2.34E+00										
6.32E+03	-3.71E-01	-2.34E+00										
6.37E+03	-3.68E-01	-2.34E+00										
6.42E+03	-3.65E-01	-2.34E+00										
6.47E+03	-3.63E-01	-2.35E+00										
6.52E+03	-3.60E-01	-2.35E+00										
6.57E+03	-3.57E-01	-2.35E+00										
6.62E+03	-3.55E-01	-2.35E+00										
6.67E+03	-3.52E-01	-2.35E+00										
6.73E+03	-3.50E-01	-2.35E+00										
6.78E+03	-3.47E-01	-2.35E+00										
6.83E+03	-3.45E-01	-2.35E+00										
6.88E+03	-3.42E-01	-2.35E+00										
6.93E+03	-3.39E-01	-2.35E+00										
6.99E+03	-3.36E-01	-2.35E+00										
7.04E+03	-3.34E-01	-2.35E+00										
7.09E+03	-3.31E-01	-2.35E+00										
7.14E+03	-3.29E-01	-2.35E+00										
7.19E+03	-3.26E-01	-2.34E+00										
7.24E+03	-3.23E-01	-2.34E+00										
7.30E+03	-3.21E-01	-2.34E+00										
7.35E+03	-3.18E-01	-2.33E+00										
7.40E+03	-3.15E-01	-2.33E+00										
7.45E+03	-3.12E-01	-2.33E+00										
7.51E+03	-3.09E-01	-2.32E+00										
7.56E+03	-3.06E-01	-2.32E+00										
7.61E+03	-3.04E-01	-2.31E+00										
7.66E+03	-3.01E-01	-2.30E+00										
7.71E+03	-2.98E-01	-2.30E+00										
7.76E+03	-2.95E-01	-2.29E+00										
7.81E+03	-2.93E-01	-2.29E+00										
7.87E+03	-2.90E-01	-2.28E+00										
7.92E+03	-2.87E-01	-2.27E+00										
7.97E+03	-2.84E-01	-2.26E+00										
8.02E+03	-2.81E-01	-2.25E+00										
8.07E+03	-2.78E-01	-2.25E+00										
8.12E+03	-2.75E-01	-2.23E+00										
8.17E+03	-2.72E-01	-2.22E+00										
8.23E+03	-2.69E-01	-2.21E+00										
8.28E+03	-2.66E-01	-2.20E+00										
8.33E+03	-2.63E-01	-2.19E+00										
8.38E+03	-2.60E-01	-2.18E+00										
8.44E+03	-2.57E-01	-2.17E+00										
8.49E+03	-2.54E-01	-2.16E+00										
8.51E+03	-2.52E-01	-2.14E+00										
0.00E+00	-8.62E-01	0.00E+00										
0.00E+00	-9.46E-01	0.00E+00										
0.00E+00	-9.56E-01	0.00E+00										
0.00E+00	-9.60E-01	0.00E+00										
0.00E+00	-9.63E-01	0.00E+00										
0.00E+00	-9.67E-01	0.00E+00										
5.09E+01	-9.67E-01	-4.92E-02										
1.01E+02	-8.74E-01	-8.85E-02										
1.53E+02	-8.32E-01	-1.27E-01										
2.05E+02	-8.12E-01	-1.66E-01										
2.56E+02	-7.95E-01	-2.03E-01										
3.07E+02	-7.84E-01	-2.41E-01										
3.59E+02	-7.73E-01	-2.77E-01										
4.11E+02	-7.63E-01	-3.14E-01										
4.62E+02	-7.54E-01	-3.48E-01										
5.16E+02	-7.46E-01	-3.85E-01										
5.67E+02	-7.38E-01	-4.18E-01										
6.18E+02	-7.32E-01	-4.52E-01										
6.68E+02	-7.25E-01	-4.84E-01										
7.20E+02	-7.18E-01	-5.17E-01										
7.70E+02	-7.12E-01	-5.48E-01										
8.22E+02	-7.06E-01	-5.80E-01										
8.74E+02	-7.00E-01	-6.12E-01										
9.26E+02	-6.95E-01	-6.43E-01										
9.79E+02	-6.89E-01	-6.74E-01										
1.03E+03	-6.84E-01	-7.04E-01										
1.08E+03	-6.79E-01	-7.34E-01										
1.13E+03	-6.74E-01	-7.63E-01										
1.18E+03	-6.69E-01	-7.91E-01										
1.24E+03	-6.64E-01	-8.21E-01										
1.29E+03	-6.59E-01	-8.49E-01										
1.34E+03	-6.55E-01	-8.79E-01										
1.40E+03	-6.50E-01	-9.08E-01										
1.45E+03	-6.46E-01	-9.36E-01										
1.50E+03	-6.41E-01	-9.62E-01										
1.55E+03	-6.38E-01	-9.89E-01										
1.60E+03	-6.33E-01	-1.02E+00										
1.65E+03	-6.29E-01	-1.04E+00										
1.70E+03	-6.25E-01	-1.07E+00										
1.76E+03	-6.22E-01	-1.09E+00										
1.81E+03	-6.18E-01	-1.12E+00										
1.86E+03	-6.14E-01	-1.14E+00										
1.91E+03	-6.10E-01	-1.17E+00										
1.96E+03	-6.07E-01	-1.19E+00										
2.01E+03	-6.03E-01	-1.21E+00										
2.06E+03	-6.00E-01	-1.24E+00										
2.11E+03	-5.96E-01	-1.26E+00										
2.16E+03	-5.93E-01	-1.28E+00										
2.22E+03	-5.89E-01	-1.31E+00										
2.27E+03	-5.86E-01	-1.33E+00										
2.32E+03	-5.83E-01	-1.35E+00										
2.37E+03	-5.79E-01	-1.37E+00										
2.42E+03	-5.76E-01	-1.39E+00										
2.47E+03	-5.73E-01	-1.42E+00										
2.52E+03	-5.70E-01	-1.44E+00										
2.57E+03	-5.66E-01	-1.46E+00										
2.63E+03	-5.63E-01	-1.48E+00										
2.68E+03	-5.60E-01	-1.50E+00										
2.73E+03	-5.57E-01	-1.52E+00										
2.78E+03	-5.54E-01	-1.54E+00										
2.83E+03	-5.51E-01	-1.56E+00										
2.88E+03	-5.48E-01	-1.58E+00										
2.94E+03	-5.45E-01	-1.60E+00										
2.99E+03	-5.41E-01	-1.62E+00										
3.04E+03	-5.38E-01	-1.64E+00										
3.09E+03	-5.35E-01	-1.66E+00										
3.15E+03	-5.32E-01	-1.68E+00										
3.20E+03	-5.29E-01	-1.69E+00										
3.25E+03	-5.27E-01	-1.71E+00										
3.30E+03	-5.24E-01	-1.73E+00										
3.36E+03	-5.20E-01	-1.75E+00										
3.41E+03	-5.18E-01	-1.77E+00										
3.46E+03	-5.15E-01	-1.78E+00										
3.51E+03	-5.12E-01	-1.80E+00										
3.56E+03	-5.09E-01	-1.81E+00										
3.61E+03	-5.07E-01	-1.83E+00										
3.67E+03	-5.04E-01	-1.85E+00										
3.72E+03	-5.01E-01	-1.86E+00										
3.77E+03	-4.98E-01	-1.88E+00										
3.82E+03	-4.95E-01	-1.89E+00										
3.87E+03	-4.93E-01	-1.91E+00										
3.93E+03	-4.90E-01	-1.92E+00										
3.98E+03	-4.87E-01	-1.94E+00										
4.03E+03	-4.85E-01	-1.95E+00										
4.08E+03	-4.82E-01	-1.97E+00										
4.13E+03	-4.79E-01	-1.98E+00										
4.19E+03	-4.77E-01	-2.00E+00										
4.24E+03	-4.74E-01	-2.01E+00										
4.29E+03	-4.71E-01	-2.02E+00										
4.34E+03	-4.69E-01	-2.03E+00										
4.39E+03	-4.66E-01	-2.05E+00										
4.44E+03	-4.64E-01	-2.06E+00										
4.49E+03	-4.61E-01	-2.07E+00										
4.55E+03	-4.58E-01	-2.08E+00										
4.60E+03	-4.56E-01	-2.10E+00										
4.65E+03	-4.53E-01	-2.11E+00										
4.70E+03	-4.51E-01	-2.12E+00										
4.75E+03	-4.48E-01	-2.13E+00										
4.80E+03	-4.46E-01	-2.14E+00										
4.85E+03	-4.43E-01	-2.15E+00										
4.90E+03	-4.41E-01	-2.16E+00										
4.96E+03	-4.38E-01	-2.17E+00										
5.01E+03	-4.35E-01	-2.18E+00										
5.06E+03	-4.33E-01	-2.19E+00										
5.11E+03	-4.30E-01	-2.20E+00										
5.16E+03	-4.28E-01	-2.21E+00										
5.22E+03	-4.25E-01	-2.22E+00										
5.27E+03	-4.23E-01	-2.23E+00										
5.32E+03	-4.20E-01	-2.23E+00										
5.38E+03	-4.17E-01	-2.25E+00										
5.43E+03	-4.15E-01	-2.25E+00										
5.48E+03	-4.12E-01	-2.26E+00										
5.53E+03	-4.10E-01	-2.27E+00										
5.59E+03	-4.07E-01	-2.27E+00										
5.64E+03	-4.05E-01	-2.28E+00										
5.69E+03	-4.02E-01	-2.29E+00										
5.74E+03	-3.99E-01	-2.29E+00										
5.79E+03	-3.97E-01	-2.30E+00										
5.84E+03	-3.94E-01	-2.31E+00										
5.90E+03	-3.92E-01	-2.31E+00										
5.95E+03	-3.89E-01	-2.32E+00										
6.01E+03	-3.86E-01	-2.32E+00										
6.06E+03	-3.84E-01	-2.33E+00										
6.11E+03	-3.81E-01	-2.33E+00										
6.16E+03	-3.79E-01	-2.33E+00										
6.21E+03	-3.76E-01	-2.34E+00										
6.26E+03	-3.74E-01	-2.34E+00										
6.31E+03	-3.71E-01	-2.34E+00										
6.36E+03	-3.69E-01	-2.35E+00										
6.42E+03	-3.66E-01	-2.35E+00										
6.47E+03	-3.63E-01	-2.35E+00										
6.52E+03	-3.61E-01	-2.35E+00										
6.57E+03	-3.58E-01	-2.35E+00										
6.62E+03	-3.56E-01	-2.36E+00										
6.68E+03	-3.53E-01	-2.36E+00										
6.73E+03	-3.50E-01	-2.36E+00										
6.78E+03	-3.47E-01	-2.36E+00										
6.83E+03	-3.45E-01	-2.36E+00										
6.89E+03	-3.42E-01	-2.36E+00										
6.94E+03	-3.40E-01	-2.36E+00										
6.99E+03	-3.37E-01	-2.36E+00										
7.04E+03	-3.34E-01	-2.35E+00										
7.10E+03	-3.31E-01	-2.35E+00										
7.15E+03	-3.29E-01	-2.35E+00										
7.20E+03	-3.26E-01	-2.35E+00										
7.25E+03	-3.23E-01	-2.34E+00										
7.30E+03	-3.21E-01	-2.34E+00										
7.36E+03	-3.18E-01	-2.34E+00										
7.41E+03	-3.16E-01	-2.34E+00										
7.46E+03	-3.13E-01	-2.33E+00										
7.51E+03	-3.10E-01	-2.33E+00										
7.56E+03	-3.07E-01	-2.32E+00										
7.61E+03	-3.04E-01	-2.32E+00										
7.67E+03	-3.01E-01	-2.31E+00										
7.72E+03	-2.98E-01	-2.30E+00										
7.77E+03	-2.95E-01	-2.30E+00										
7.83E+03	-2.93E-01	-2.29E+00										
7.88E+03	-2.89E-01	-2.28E+00										
7.93E+03	-2.86E-01	-2.27E+00										
7.98E+03	-2.84E-01	-2.26E+00										
8.03E+03	-2.81E-01	-2.25E+00										
8.08E+03	-2.78E-01	-2.25E+00										
8.13E+03	-2.75E-01	-2.24E+00										
8.19E+03	-2.72E-01	-2.23E+00										
8.24E+03	-2.69E-01	-2.22E+00										
8.29E+03	-2.66E-01	-2.20E+00										
8.34E+03	-2.63E-01	-2.19E+00										
8.39E+03	-2.60E-01	-2.18E+00										
8.45E+03	-2.57E-01	-2.17E+00										
8.50E+03	-2.54E-01	-2.15E+00										
8.53E+03	-2.52E-01	-2.15E+00										
0.00E+00	-8.62E-01	0.00E+00										
0.00E+00	-9.46E-01	0.00E+00										
0.00E+00	-9.56E-01	0.00E+00										
0.00E+00	-9.60E-01	0.00E+00										
0.00E+00	-9.63E-01	0.00E+00										
0.00E+00	-9.67E-01	0.00E+00										
4.83E+01	-9.67E-01	-4.67E-02										
9.87E+01	-8.76E-01	-8.64E-02										
1.51E+02	-8.34E-01	-1.26E-01										
2.04E+02	-8.12E-01	-1.65E-01										
2.55E+02	-7.96E-01	-2.03E-01										
3.06E+02	-7.84E-01	-2.40E-01										
3.58E+02	-7.73E-01	-2.77E-01										
4.11E+02	-7.64E-01	-3.14E-01										
4.66E+02	-7.54E-01	-3.52E-01										
5.20E+02	-7.45E-01	-3.87E-01										
5.73E+02	-7.38E-01	-4.23E-01										
6.23E+02	-7.30E-01	-4.55E-01										
6.75E+02	-7.23E-01	-4.88E-01										
7.27E+02	-7.17E-01	-5.21E-01										
7.78E+02	-7.11E-01	-5.53E-01										
8.29E+02	-7.05E-01	-5.85E-01										
8.81E+02	-6.99E-01	-6.16E-01										
9.34E+02	-6.94E-01	-6.48E-01										
9.85E+02	-6.88E-01	-6.78E-01										
1.04E+03	-6.83E-01	-7.09E-01										
1.09E+03	-6.78E-01	-7.38E-01										
1.14E+03	-6.73E-01	-7.67E-01										
1.19E+03	-6.69E-01	-7.95E-01										
1.24E+03	-6.64E-01	-8.24E-01										
1.29E+03	-6.59E-01	-8.51E-01										
1.34E+03	-6.55E-01	-8.79E-01										
1.39E+03	-6.51E-01	-9.06E-01										
1.44E+03	-6.46E-01	-9.33E-01										
1.49E+03	-6.42E-01	-9.59E-01										
1.55E+03	-6.38E-01	-9.87E-01										
1.60E+03	-6.34E-01	-1.01E+00										
1.65E+03	-6.30E-01	-1.04E+00										
1.70E+03	-6.26E-01	-1.06E+00										
1.75E+03	-6.22E-01	-1.09E+00										
1.80E+03	-6.18E-01	-1.11E+00										
1.85E+03	-6.15E-01	-1.14E+00										
1.91E+03	-6.11E-01	-1.16E+00										
1.96E+03	-6.07E-01	-1.19E+00										
2.01E+03	-6.03E-01	-1.21E+00										
2.06E+03	-6.00E-01	-1.24E+00										
2.11E+03	-5.97E-01	-1.26E+00										
2.16E+03	-5.93E-01	-1.28E+00										
2.21E+03	-5.90E-01	-1.30E+00										
2.26E+03	-5.87E-01	-1.33E+00										
2.31E+03	-5.83E-01	-1.35E+00										
2.37E+03	-5.80E-01	-1.37E+00										
2.42E+03	-5.77E-01	-1.39E+00										
2.47E+03	-5.73E-01	-1.42E+00										
2.52E+03	-5.70E-01	-1.44E+00										
2.57E+03	-5.67E-01	-1.46E+00										
2.62E+03	-5.64E-01	-1.48E+00										
2.67E+03	-5.61E-01	-1.50E+00										
2.72E+03	-5.58E-01	-1.52E+00										
2.78E+03	-5.54E-01	-1.54E+00										
2.83E+03	-5.51E-01	-1.56E+00										
2.88E+03	-5.48E-01	-1.58E+00										
2.93E+03	-5.45E-01	-1.60E+00										
2.99E+03	-5.42E-01	-1.62E+00										
3.04E+03	-5.39E-01	-1.64E+00										
3.09E+03	-5.36E-01	-1.66E+00										
3.14E+03	-5.33E-01	-1.67E+00										
3.19E+03	-5.30E-01	-1.69E+00										
3.24E+03	-5.27E-01	-1.71E+00										
3.29E+03	-5.25E-01	-1.73E+00										
3.34E+03	-5.22E-01	-1.74E+00										
3.39E+03	-5.19E-01	-1.76E+00										
3.45E+03	-5.16E-01	-1.78E+00										
3.50E+03	-5.13E-01	-1.80E+00										
3.55E+03	-5.11E-01	-1.81E+00										
3.60E+03	-5.08E-01	-1.83E+00										
3.65E+03	-5.05E-01	-1.84E+00										
3.70E+03	-5.03E-01	-1.86E+00										
3.76E+03	-5.00E-01	-1.88E+00										
3.81E+03	-4.97E-01	-1.89E+00										
3.86E+03	-4.94E-01	-1.91E+00										
3.92E+03	-4.91E-01	-1.93E+00										
3.97E+03	-4.88E-01	-1.94E+00										
4.02E+03	-4.86E-01	-1.95E+00										
4.07E+03	-4.83E-01	-1.97E+00										
4.12E+03	-4.81E-01	-1.98E+00										
4.17E+03	-4.78E-01	-2.00E+00										
4.22E+03	-4.75E-01	-2.01E+00										
4.28E+03	-4.73E-01	-2.02E+00										
4.33E+03	-4.70E-01	-2.03E+00										
4.38E+03	-4.67E-01	-2.05E+00										
4.43E+03	-4.65E-01	-2.06E+00										
4.48E+03	-4.63E-01	-2.07E+00										
4.53E+03	-4.60E-01	-2.09E+00										
4.59E+03	-4.57E-01	-2.10E+00										
4.64E+03	-4.55E-01	-2.11E+00										
4.69E+03	-4.52E-01	-2.12E+00										
4.74E+03	-4.50E-01	-2.13E+00										
4.79E+03	-4.47E-01	-2.14E+00										
4.84E+03	-4.45E-01	-2.15E+00										
4.89E+03	-4.42E-01	-2.16E+00										
4.94E+03	-4.39E-01	-2.17E+00										
5.00E+03	-4.37E-01	-2.18E+00										
5.05E+03	-4.34E-01	-2.19E+00										
5.10E+03	-4.32E-01	-2.20E+00										
5.15E+03	-4.29E-01	-2.21E+00										
5.21E+03	-4.27E-01	-2.22E+00										
5.26E+03	-4.24E-01	-2.23E+00										
5.31E+03	-4.21E-01	-2.24E+00										
5.37E+03	-4.19E-01	-2.25E+00										
5.43E+03	-4.16E-01	-2.26E+00										
5.48E+03	-4.13E-01	-2.27E+00										
5.53E+03	-4.11E-01	-2.27E+00										
5.58E+03	-4.09E-01	-2.28E+00										
5.63E+03	-4.06E-01	-2.29E+00										
5.68E+03	-4.04E-01	-2.29E+00										
5.74E+03	-4.01E-01	-2.30E+00										
5.79E+03	-3.98E-01	-2.31E+00										
5.84E+03	-3.96E-01	-2.31E+00										
5.89E+03	-3.93E-01	-2.32E+00										
5.95E+03	-3.91E-01	-2.33E+00										
6.00E+03	-3.88E-01	-2.33E+00										
6.05E+03	-3.86E-01	-2.33E+00										
6.10E+03	-3.83E-01	-2.34E+00										
6.15E+03	-3.81E-01	-2.34E+00										
6.20E+03	-3.78E-01	-2.35E+00										
6.25E+03	-3.76E-01	-2.35E+00										
6.30E+03	-3.73E-01	-2.35E+00										
6.35E+03	-3.71E-01	-2.36E+00										
6.41E+03	-3.68E-01	-2.36E+00										
6.46E+03	-3.66E-01	-2.36E+00										
6.51E+03	-3.63E-01	-2.36E+00										
6.56E+03	-3.60E-01	-2.36E+00										
6.61E+03	-3.58E-01	-2.36E+00										
6.66E+03	-3.55E-01	-2.37E+00										
6.71E+03	-3.53E-01	-2.37E+00										
6.77E+03	-3.50E-01	-2.37E+00										
6.82E+03	-3.48E-01	-2.37E+00										
6.87E+03	-3.45E-01	-2.37E+00										
6.92E+03	-3.42E-01	-2.37E+00										
6.97E+03	-3.40E-01	-2.37E+00										
7.03E+03	-3.37E-01	-2.37E+00										
7.08E+03	-3.34E-01	-2.36E+00										
7.13E+03	-3.31E-01	-2.36E+00										
7.18E+03	-3.29E-01	-2.36E+00										
7.23E+03	-3.26E-01	-2.36E+00										
7.28E+03	-3.23E-01	-2.36E+00										
7.34E+03	-3.21E-01	-2.36E+00										
7.39E+03	-3.18E-01	-2.35E+00										
7.44E+03	-3.15E-01	-2.35E+00										
7.49E+03	-3.13E-01	-2.34E+00										
7.54E+03	-3.10E-01	-2.34E+00										
7.59E+03	-3.07E-01	-2.33E+00										
7.64E+03	-3.04E-01	-2.33E+00										
7.69E+03	-3.01E-01	-2.32E+00										
7.74E+03	-2.99E-01	-2.31E+00										
7.80E+03	-2.96E-01	-2.31E+00										
7.85E+03	-2.93E-01	-2.30E+00										
7.90E+03	-2.90E-01	-2.29E+00										
7.95E+03	-2.87E-01	-2.28E+00										
8.00E+03	-2.85E-01	-2.28E+00										
8.06E+03	-2.82E-01	-2.27E+00										
8.11E+03	-2.79E-01	-2.26E+00										
8.16E+03	-2.76E-01	-2.25E+00										
8.21E+03	-2.73E-01	-2.24E+00										
8.26E+03	-2.70E-01	-2.23E+00										
8.31E+03	-2.67E-01	-2.22E+00										
8.36E+03	-2.64E-01	-2.21E+00										
8.42E+03	-2.61E-01	-2.20E+00										
8.47E+03	-2.58E-01	-2.19E+00										
8.52E+03	-2.55E-01	-2.17E+00										
8.57E+03	-2.52E-01	-2.16E+00										
8.57E+03	-2.51E-01	-2.15E+00										
0.00E+00	-8.62E-01	0.00E+00										
0.00E+00	-9.45E-01	0.00E+00										
0.00E+00	-9.56E-01	0.00E+00										
0.00E+00	-9.60E-01	0.00E+00										
0.00E+00	-9.63E-01	0.00E+00										
0.00E+00	-9.67E-01	0.00E+00										
4.37E+01	-9.67E-01	-4.23E-02										
9.46E+01	-8.83E-01	-8.36E-02										
1.46E+02	-8.36E-01	-1.22E-01										
1.98E+02	-8.14E-01	-1.61E-01										
2.48E+02	-7.97E-01	-1.98E-01										
3.01E+02	-7.86E-01	-2.36E-01										
3.52E+02	-7.75E-01	-2.73E-01										
4.03E+02	-7.65E-01	-3.08E-01										
4.56E+02	-7.55E-01	-3.44E-01										
5.07E+02	-7.47E-01	-3.79E-01										
5.65E+02	-7.40E-01	-4.18E-01										
6.18E+02	-7.32E-01	-4.52E-01										
6.71E+02	-7.25E-01	-4.86E-01										
7.22E+02	-7.18E-01	-5.18E-01										
7.72E+02	-7.12E-01	-5.50E-01										
8.24E+02	-7.06E-01	-5.82E-01										
8.75E+02	-7.00E-01	-6.13E-01										
9.32E+02	-6.95E-01	-6.47E-01										
9.84E+02	-6.89E-01	-6.78E-01										
1.03E+03	-6.83E-01	-7.07E-01										
1.09E+03	-6.79E-01	-7.36E-01										
1.14E+03	-6.74E-01	-7.66E-01										
1.19E+03	-6.69E-01	-7.94E-01										
1.24E+03	-6.64E-01	-8.22E-01										
1.29E+03	-6.60E-01	-8.50E-01										
1.34E+03	-6.55E-01	-8.77E-01										
1.39E+03	-6.51E-01	-9.05E-01										
1.44E+03	-6.47E-01	-9.32E-01										
1.49E+03	-6.43E-01	-9.60E-01										
1.54E+03	-6.39E-01	-9.87E-01										
1.60E+03	-6.34E-01	-1.01E+00										
1.65E+03	-6.31E-01	-1.04E+00										
1.70E+03	-6.27E-01	-1.06E+00										
1.75E+03	-6.23E-01	-1.09E+00										
1.80E+03	-6.19E-01	-1.11E+00										
1.85E+03	-6.16E-01	-1.14E+00										
1.90E+03	-6.12E-01	-1.16E+00										
1.96E+03	-6.08E-01	-1.19E+00										
2.01E+03	-6.05E-01	-1.21E+00										
2.06E+03	-6.01E-01	-1.24E+00										
2.11E+03	-5.98E-01	-1.26E+00										
2.16E+03	-5.94E-01	-1.29E+00										
2.21E+03	-5.91E-01	-1.31E+00										
2.27E+03	-5.87E-01	-1.33E+00										
2.32E+03	-5.84E-01	-1.35E+00										
2.37E+03	-5.81E-01	-1.37E+00										
2.42E+03	-5.77E-01	-1.40E+00										
2.47E+03	-5.74E-01	-1.42E+00										
2.52E+03	-5.71E-01	-1.44E+00										
2.57E+03	-5.68E-01	-1.46E+00										
2.62E+03	-5.64E-01	-1.48E+00										
2.68E+03	-5.61E-01	-1.50E+00										
2.73E+03	-5.58E-01	-1.52E+00										
2.78E+03	-5.55E-01	-1.54E+00										
2.83E+03	-5.52E-01	-1.56E+00										
2.88E+03	-5.49E-01	-1.58E+00										
2.93E+03	-5.46E-01	-1.60E+00										
2.99E+03	-5.43E-01	-1.62E+00										
3.04E+03	-5.40E-01	-1.64E+00										
3.09E+03	-5.37E-01	-1.66E+00										
3.14E+03	-5.34E-01	-1.68E+00										
3.19E+03	-5.32E-01	-1.69E+00										
3.24E+03	-5.28E-01	-1.71E+00										
3.29E+03	-5.26E-01	-1.73E+00										
3.34E+03	-5.23E-01	-1.75E+00										
3.40E+03	-5.20E-01	-1.77E+00										
3.45E+03	-5.17E-01	-1.78E+00										
3.50E+03	-5.14E-01	-1.80E+00										
3.55E+03	-5.11E-01	-1.82E+00										
3.60E+03	-5.09E-01	-1.83E+00										
3.65E+03	-5.06E-01	-1.85E+00										
3.70E+03	-5.03E-01	-1.86E+00										
3.76E+03	-5.00E-01	-1.88E+00										
3.81E+03	-4.98E-01	-1.90E+00										
3.86E+03	-4.95E-01	-1.91E+00										
3.91E+03	-4.92E-01	-1.93E+00										
3.96E+03	-4.90E-01	-1.94E+00										
4.02E+03	-4.87E-01	-1.96E+00										
4.07E+03	-4.84E-01	-1.97E+00										
4.12E+03	-4.82E-01	-1.98E+00										
4.17E+03	-4.79E-01	-2.00E+00										
4.22E+03	-4.76E-01	-2.01E+00										
4.27E+03	-4.74E-01	-2.02E+00										
4.33E+03	-4.71E-01	-2.04E+00										
4.38E+03	-4.68E-01	-2.05E+00										
4.43E+03	-4.66E-01	-2.07E+00										
4.48E+03	-4.63E-01	-2.08E+00										
4.53E+03	-4.61E-01	-2.09E+00										
4.59E+03	-4.58E-01	-2.10E+00										
4.64E+03	-4.55E-01	-2.11E+00										
4.69E+03	-4.53E-01	-2.13E+00										
4.75E+03	-4.50E-01	-2.14E+00										
4.80E+03	-4.47E-01	-2.15E+00										
4.85E+03	-4.45E-01	-2.16E+00										
4.90E+03	-4.42E-01	-2.17E+00										
4.95E+03	-4.40E-01	-2.18E+00										
5.01E+03	-4.38E-01	-2.19E+00										
5.06E+03	-4.35E-01	-2.20E+00										
5.11E+03	-4.32E-01	-2.21E+00										
5.16E+03	-4.30E-01	-2.22E+00										
5.21E+03	-4.27E-01	-2.23E+00										
5.26E+03	-4.25E-01	-2.24E+00										
5.31E+03	-4.22E-01	-2.24E+00										
5.36E+03	-4.20E-01	-2.25E+00										
5.42E+03	-4.18E-01	-2.26E+00										
5.47E+03	-4.15E-01	-2.27E+00										
5.52E+03	-4.13E-01	-2.28E+00										
5.57E+03	-4.10E-01	-2.28E+00										
5.62E+03	-4.07E-01	-2.29E+00										
5.67E+03	-4.05E-01	-2.30E+00										
5.73E+03	-4.03E-01	-2.31E+00										
5.78E+03	-4.00E-01	-2.31E+00										
5.83E+03	-3.97E-01	-2.32E+00										
5.88E+03	-3.95E-01	-2.32E+00										
5.94E+03	-3.92E-01	-2.33E+00										
5.99E+03	-3.90E-01	-2.33E+00										
6.04E+03	-3.87E-01	-2.34E+00										
6.09E+03	-3.84E-01	-2.34E+00										
6.14E+03	-3.82E-01	-2.35E+00										
6.20E+03	-3.80E-01	-2.35E+00										
6.25E+03	-3.77E-01	-2.35E+00										
6.30E+03	-3.74E-01	-2.36E+00										
6.35E+03	-3.72E-01	-2.36E+00										
6.40E+03	-3.69E-01	-2.36E+00										
6.46E+03	-3.66E-01	-2.37E+00										
6.51E+03	-3.64E-01	-2.37E+00										
6.56E+03	-3.61E-01	-2.37E+00										
6.61E+03	-3.59E-01	-2.37E+00										
6.66E+03	-3.56E-01	-2.37E+00										
6.71E+03	-3.54E-01	-2.37E+00										
6.76E+03	-3.51E-01	-2.37E+00										
6.81E+03	-3.49E-01	-2.38E+00										
6.87E+03	-3.46E-01	-2.38E+00										
6.92E+03	-3.43E-01	-2.38E+00										
6.97E+03	-3.41E-01	-2.37E+00										
7.02E+03	-3.38E-01	-2.37E+00										
7.07E+03	-3.35E-01	-2.37E+00										
7.12E+03	-3.33E-01	-2.37E+00										
7.18E+03	-3.30E-01	-2.37E+00										
7.23E+03	-3.27E-01	-2.37E+00										
7.28E+03	-3.25E-01	-2.36E+00										
7.33E+03	-3.22E-01	-2.36E+00										
7.38E+03	-3.19E-01	-2.36E+00										
7.43E+03	-3.17E-01	-2.35E+00										
7.49E+03	-3.14E-01	-2.35E+00										
7.54E+03	-3.11E-01	-2.34E+00										
7.59E+03	-3.08E-01	-2.34E+00										
7.64E+03	-3.06E-01	-2.34E+00										
7.69E+03	-3.03E-01	-2.33E+00										
7.74E+03	-3.00E-01	-2.32E+00										
7.79E+03	-2.97E-01	-2.32E+00										
7.84E+03	-2.94E-01	-2.31E+00										
7.90E+03	-2.92E-01	-2.30E+00										
7.95E+03	-2.89E-01	-2.29E+00										
8.00E+03	-2.86E-01	-2.29E+00										
8.05E+03	-2.83E-01	-2.28E+00										
8.10E+03	-2.80E-01	-2.27E+00										
8.15E+03	-2.77E-01	-2.26E+00										
8.20E+03	-2.74E-01	-2.25E+00										
8.25E+03	-2.71E-01	-2.24E+00										
8.31E+03	-2.68E-01	-2.23E+00										
8.36E+03	-2.65E-01	-2.22E+00										
8.41E+03	-2.62E-01	-2.21E+00										
8.46E+03	-2.59E-01	-2.20E+00										
8.52E+03	-2.56E-01	-2.18E+00										
8.57E+03	-2.53E-01	-2.17E+00										
8.59E+03	-2.51E-01	-2.16E+00										
0.00E+00	-8.62E-01	0.00E+00										
0.00E+00	-9.45E-01	0.00E+00										
0.00E+00	-9.55E-01	0.00E+00										
0.00E+00	-9.60E-01	0.00E+00										
0.00E+00	-9.63E-01	0.00E+00										
0.00E+00	-9.67E-01	0.00E+00										
4.78E+01	-9.67E-01	-4.62E-02										
9.87E+01	-8.76E-01	-8.65E-02										
1.49E+02	-8.35E-01	-1.24E-01										
2.00E+02	-8.13E-01	-1.63E-01										
2.50E+02	-7.97E-01	-2.00E-01										
3.04E+02	-7.85E-01	-2.39E-01										
3.55E+02	-7.74E-01	-2.75E-01										
4.07E+02	-7.64E-01	-3.11E-01										
4.60E+02	-7.55E-01	-3.47E-01										
5.12E+02	-7.46E-01	-3.82E-01										
5.63E+02	-7.39E-01	-4.16E-01										
6.14E+02	-7.32E-01	-4.49E-01										
6.70E+02	-7.25E-01	-4.86E-01										
7.20E+02	-7.18E-01	-5.17E-01										
7.73E+02	-7.12E-01	-5.50E-01										
8.23E+02	-7.06E-01	-5.81E-01										
8.74E+02	-7.01E-01	-6.12E-01										
9.24E+02	-6.95E-01	-6.42E-01										
9.75E+02	-6.90E-01	-6.72E-01										
1.03E+03	-6.85E-01	-7.02E-01										
1.08E+03	-6.79E-01	-7.34E-01										
1.13E+03	-6.74E-01	-7.62E-01										
1.18E+03	-6.70E-01	-7.92E-01										
1.23E+03	-6.65E-01	-8.20E-01										
1.28E+03	-6.60E-01	-8.48E-01										
1.34E+03	-6.56E-01	-8.76E-01										
1.39E+03	-6.52E-01	-9.05E-01										
1.44E+03	-6.47E-01	-9.32E-01										
1.49E+03	-6.43E-01	-9.59E-01										
1.54E+03	-6.39E-01	-9.87E-01										
1.59E+03	-6.35E-01	-1.01E+00										
1.65E+03	-6.31E-01	-1.04E+00										
1.70E+03	-6.27E-01	-1.06E+00										
1.75E+03	-6.23E-01	-1.09E+00										
1.80E+03	-6.19E-01	-1.11E+00										
1.85E+03	-6.16E-01	-1.14E+00										
1.90E+03	-6.12E-01	-1.17E+00										
1.96E+03	-6.08E-01	-1.19E+00										
2.01E+03	-6.05E-01	-1.21E+00										
2.06E+03	-6.01E-01	-1.24E+00										
2.11E+03	-5.97E-01	-1.26E+00										
2.16E+03	-5.94E-01	-1.29E+00										
2.22E+03	-5.90E-01	-1.31E+00										
2.27E+03	-5.87E-01	-1.33E+00										
2.32E+03	-5.84E-01	-1.35E+00										
2.37E+03	-5.80E-01	-1.37E+00										
2.42E+03	-5.77E-01	-1.40E+00										
2.47E+03	-5.74E-01	-1.42E+00										
2.52E+03	-5.71E-01	-1.44E+00										
2.58E+03	-5.67E-01	-1.46E+00										
2.63E+03	-5.64E-01	-1.48E+00										
2.68E+03	-5.61E-01	-1.50E+00										
2.73E+03	-5.58E-01	-1.52E+00										
2.78E+03	-5.55E-01	-1.54E+00										
2.84E+03	-5.52E-01	-1.56E+00										
2.89E+03	-5.49E-01	-1.58E+00										
2.94E+03	-5.46E-01	-1.60E+00										
2.99E+03	-5.43E-01	-1.62E+00										
3.04E+03	-5.40E-01	-1.64E+00										
3.09E+03	-5.37E-01	-1.66E+00										
3.15E+03	-5.34E-01	-1.68E+00										
3.20E+03	-5.31E-01	-1.70E+00										
3.25E+03	-5.28E-01	-1.71E+00										
3.30E+03	-5.25E-01	-1.73E+00										
3.35E+03	-5.22E-01	-1.75E+00										
3.40E+03	-5.20E-01	-1.77E+00										
3.45E+03	-5.17E-01	-1.79E+00										
3.51E+03	-5.14E-01	-1.80E+00										
3.56E+03	-5.11E-01	-1.82E+00										
3.62E+03	-5.08E-01	-1.84E+00										
3.67E+03	-5.05E-01	-1.85E+00										
3.72E+03	-5.03E-01	-1.87E+00										
3.77E+03	-5.00E-01	-1.88E+00										
3.82E+03	-4.97E-01	-1.90E+00										
3.87E+03	-4.95E-01	-1.91E+00										
3.92E+03	-4.92E-01	-1.93E+00										
3.97E+03	-4.89E-01	-1.94E+00										
4.02E+03	-4.87E-01	-1.96E+00										
4.07E+03	-4.84E-01	-1.97E+00										
4.12E+03	-4.81E-01	-1.99E+00										
4.17E+03	-4.79E-01	-2.00E+00										
4.23E+03	-4.76E-01	-2.01E+00										
4.28E+03	-4.74E-01	-2.03E+00										
4.33E+03	-4.71E-01	-2.04E+00										
4.38E+03	-4.69E-01	-2.05E+00										
4.44E+03	-4.66E-01	-2.07E+00										
4.49E+03	-4.63E-01	-2.08E+00										
4.54E+03	-4.61E-01	-2.09E+00										
4.59E+03	-4.58E-01	-2.10E+00										
4.65E+03	-4.55E-01	-2.12E+00										
4.70E+03	-4.53E-01	-2.13E+00										
4.75E+03	-4.50E-01	-2.14E+00										
4.80E+03	-4.48E-01	-2.15E+00										
4.86E+03	-4.45E-01	-2.16E+00										
4.91E+03	-4.42E-01	-2.17E+00										
4.96E+03	-4.40E-01	-2.18E+00										
5.02E+03	-4.37E-01	-2.19E+00										
5.07E+03	-4.34E-01	-2.20E+00										
5.12E+03	-4.32E-01	-2.21E+00										
5.17E+03	-4.30E-01	-2.22E+00										
5.22E+03	-4.27E-01	-2.23E+00										
5.28E+03	-4.25E-01	-2.24E+00										
5.33E+03	-4.22E-01	-2.25E+00										
5.38E+03	-4.19E-01	-2.26E+00										
5.43E+03	-4.17E-01	-2.26E+00										
5.48E+03	-4.14E-01	-2.27E+00										
5.53E+03	-4.12E-01	-2.28E+00										
5.59E+03	-4.09E-01	-2.29E+00										
5.64E+03	-4.07E-01	-2.30E+00										
5.69E+03	-4.04E-01	-2.30E+00										
5.74E+03	-4.02E-01	-2.31E+00										
5.79E+03	-3.99E-01	-2.31E+00										
5.84E+03	-3.97E-01	-2.32E+00										
5.90E+03	-3.95E-01	-2.33E+00										
5.95E+03	-3.92E-01	-2.33E+00										
6.00E+03	-3.90E-01	-2.34E+00										
6.05E+03	-3.87E-01	-2.34E+00										
6.11E+03	-3.84E-01	-2.35E+00										
6.16E+03	-3.82E-01	-2.35E+00										
6.21E+03	-3.79E-01	-2.36E+00										
6.26E+03	-3.77E-01	-2.36E+00										
6.31E+03	-3.74E-01	-2.36E+00										
6.36E+03	-3.72E-01	-2.36E+00										
6.41E+03	-3.69E-01	-2.37E+00										
6.46E+03	-3.66E-01	-2.37E+00										
6.51E+03	-3.64E-01	-2.37E+00										
6.57E+03	-3.62E-01	-2.37E+00										
6.62E+03	-3.59E-01	-2.37E+00										
6.67E+03	-3.56E-01	-2.37E+00										
6.72E+03	-3.53E-01	-2.38E+00										
6.78E+03	-3.51E-01	-2.38E+00										
6.83E+03	-3.48E-01	-2.38E+00										
6.88E+03	-3.46E-01	-2.38E+00										
6.93E+03	-3.43E-01	-2.38E+00										
6.98E+03	-3.40E-01	-2.38E+00										
7.03E+03	-3.38E-01	-2.37E+00										
7.08E+03	-3.35E-01	-2.37E+00										
7.13E+03	-3.33E-01	-2.37E+00										
7.18E+03	-3.30E-01	-2.37E+00										
7.23E+03	-3.27E-01	-2.37E+00										
7.29E+03	-3.24E-01	-2.36E+00										
7.34E+03	-3.22E-01	-2.36E+00										
7.39E+03	-3.19E-01	-2.36E+00										
7.45E+03	-3.16E-01	-2.36E+00										
7.50E+03	-3.13E-01	-2.35E+00										
7.55E+03	-3.11E-01	-2.34E+00										
7.60E+03	-3.08E-01	-2.34E+00										
7.66E+03	-3.05E-01	-2.33E+00										
7.71E+03	-3.02E-01	-2.33E+00										
7.76E+03	-2.99E-01	-2.32E+00										
7.81E+03	-2.96E-01	-2.31E+00										
7.86E+03	-2.94E-01	-2.31E+00										
7.91E+03	-2.91E-01	-2.30E+00										
7.96E+03	-2.88E-01	-2.29E+00										
8.01E+03	-2.85E-01	-2.28E+00										
8.07E+03	-2.82E-01	-2.27E+00										
8.12E+03	-2.79E-01	-2.27E+00										
8.17E+03	-2.76E-01	-2.26E+00										
8.22E+03	-2.73E-01	-2.25E+00										
8.27E+03	-2.70E-01	-2.24E+00										
8.32E+03	-2.67E-01	-2.23E+00										
8.38E+03	-2.64E-01	-2.21E+00										
8.43E+03	-2.61E-01	-2.20E+00										
8.48E+03	-2.58E-01	-2.19E+00										
8.53E+03	-2.55E-01	-2.18E+00										
8.59E+03	-2.52E-01	-2.16E+00										
8.58E+03	-2.51E-01	-2.16E+00										
0.00E+00	-8.62E-01	0.00E+00										
0.00E+00	-9.45E-01	0.00E+00										
0.00E+00	-9.55E-01	0.00E+00										
0.00E+00	-9.60E-01	0.00E+00										
0.00E+00	-9.63E-01	0.00E+00										
0.00E+00	-9.66E-01	0.00E+00										
4.98E+01	-9.66E-01	-4.82E-02										
1.01E+02	-8.71E-01	-8.82E-02										
1.53E+02	-8.33E-01	-1.27E-01										
2.03E+02	-8.12E-01	-1.65E-01										
2.54E+02	-7.96E-01	-2.02E-01										
3.05E+02	-7.84E-01	-2.39E-01										
3.57E+02	-7.73E-01	-2.76E-01										
4.07E+02	-7.64E-01	-3.11E-01										
4.61E+02	-7.55E-01	-3.48E-01										
5.12E+02	-7.47E-01	-3.82E-01										
5.63E+02	-7.39E-01	-4.16E-01										
6.16E+02	-7.32E-01	-4.51E-01										
6.66E+02	-7.25E-01	-4.83E-01										
7.21E+02	-7.19E-01	-5.18E-01										
7.72E+02	-7.12E-01	-5.50E-01										
8.22E+02	-7.06E-01	-5.81E-01										
8.73E+02	-7.01E-01	-6.12E-01										
9.23E+02	-6.95E-01	-6.41E-01										
9.74E+02	-6.90E-01	-6.72E-01										
1.03E+03	-6.85E-01	-7.02E-01										
1.08E+03	-6.80E-01	-7.31E-01										
1.13E+03	-6.75E-01	-7.60E-01										
1.18E+03	-6.71E-01	-7.90E-01										
1.23E+03	-6.66E-01	-8.17E-01										
1.28E+03	-6.61E-01	-8.45E-01										
1.33E+03	-6.57E-01	-8.73E-01										
1.38E+03	-6.52E-01	-9.03E-01										
1.43E+03	-6.48E-01	-9.29E-01										
1.49E+03	-6.43E-01	-9.58E-01										
1.54E+03	-6.39E-01	-9.83E-01										
1.59E+03	-6.35E-01	-1.01E+00										
1.64E+03	-6.31E-01	-1.04E+00										
1.70E+03	-6.27E-01	-1.06E+00										
1.75E+03	-6.23E-01	-1.09E+00										
1.80E+03	-6.19E-01	-1.12E+00										
1.86E+03	-6.15E-01	-1.14E+00										
1.91E+03	-6.11E-01	-1.17E+00										
1.96E+03	-6.08E-01	-1.19E+00										
2.01E+03	-6.04E-01	-1.22E+00										
2.06E+03	-6.00E-01	-1.24E+00										
2.12E+03	-5.97E-01	-1.26E+00										
2.17E+03	-5.94E-01	-1.29E+00										
2.22E+03	-5.90E-01	-1.31E+00										
2.27E+03	-5.87E-01	-1.33E+00										
2.32E+03	-5.84E-01	-1.35E+00										
2.37E+03	-5.80E-01	-1.38E+00										
2.43E+03	-5.77E-01	-1.40E+00										
2.48E+03	-5.73E-01	-1.42E+00										
2.53E+03	-5.70E-01	-1.44E+00										
2.58E+03	-5.67E-01	-1.46E+00										
2.63E+03	-5.64E-01	-1.48E+00										
2.68E+03	-5.61E-01	-1.51E+00										
2.73E+03	-5.58E-01	-1.52E+00										
2.79E+03	-5.54E-01	-1.54E+00										
2.84E+03	-5.52E-01	-1.57E+00										
2.89E+03	-5.49E-01	-1.59E+00										
2.94E+03	-5.46E-01	-1.61E+00										
2.99E+03	-5.42E-01	-1.62E+00										
3.05E+03	-5.40E-01	-1.64E+00										
3.10E+03	-5.37E-01	-1.66E+00										
3.15E+03	-5.34E-01	-1.68E+00										
3.20E+03	-5.31E-01	-1.70E+00										
3.25E+03	-5.28E-01	-1.71E+00										
3.30E+03	-5.25E-01	-1.73E+00										
3.35E+03	-5.22E-01	-1.75E+00										
3.41E+03	-5.19E-01	-1.77E+00										
3.46E+03	-5.16E-01	-1.79E+00										
3.51E+03	-5.14E-01	-1.80E+00										
3.56E+03	-5.11E-01	-1.82E+00										
3.61E+03	-5.08E-01	-1.83E+00										
3.66E+03	-5.05E-01	-1.85E+00										
3.71E+03	-5.03E-01	-1.87E+00										
3.76E+03	-5.00E-01	-1.88E+00										
3.82E+03	-4.97E-01	-1.90E+00										
3.87E+03	-4.95E-01	-1.91E+00										
3.92E+03	-4.92E-01	-1.93E+00										
3.97E+03	-4.90E-01	-1.94E+00										
4.02E+03	-4.87E-01	-1.96E+00										
4.07E+03	-4.84E-01	-1.97E+00										
4.13E+03	-4.81E-01	-1.99E+00										
4.18E+03	-4.79E-01	-2.00E+00										
4.23E+03	-4.76E-01	-2.01E+00										
4.28E+03	-4.73E-01	-2.03E+00										
4.33E+03	-4.71E-01	-2.04E+00										
4.38E+03	-4.68E-01	-2.05E+00										
4.43E+03	-4.66E-01	-2.06E+00										
4.49E+03	-4.63E-01	-2.08E+00										
4.54E+03	-4.61E-01	-2.09E+00										
4.59E+03	-4.58E-01	-2.10E+00										
4.64E+03	-4.55E-01	-2.11E+00										
4.69E+03	-4.53E-01	-2.12E+00										
4.74E+03	-4.50E-01	-2.13E+00										
4.79E+03	-4.48E-01	-2.15E+00										
4.85E+03	-4.45E-01	-2.16E+00										
4.90E+03	-4.43E-01	-2.17E+00										
4.95E+03	-4.40E-01	-2.18E+00										
5.01E+03	-4.37E-01	-2.19E+00										
5.06E+03	-4.35E-01	-2.20E+00										
5.11E+03	-4.32E-01	-2.21E+00										
5.16E+03	-4.30E-01	-2.22E+00										
5.21E+03	-4.27E-01	-2.23E+00										
5.26E+03	-4.25E-01	-2.24E+00										
5.31E+03	-4.22E-01	-2.24E+00										
5.37E+03	-4.20E-01	-2.25E+00										
5.42E+03	-4.17E-01	-2.26E+00										
5.47E+03	-4.15E-01	-2.27E+00										
5.52E+03	-4.13E-01	-2.28E+00										
5.57E+03	-4.10E-01	-2.28E+00										
5.62E+03	-4.07E-01	-2.29E+00										
5.67E+03	-4.05E-01	-2.30E+00										
5.73E+03	-4.02E-01	-2.30E+00										
5.78E+03	-4.00E-01	-2.31E+00										
5.83E+03	-3.97E-01	-2.32E+00										
5.88E+03	-3.95E-01	-2.32E+00										
5.93E+03	-3.92E-01	-2.33E+00										
5.98E+03	-3.90E-01	-2.33E+00										
6.03E+03	-3.87E-01	-2.34E+00										
6.08E+03	-3.85E-01	-2.34E+00										
6.13E+03	-3.82E-01	-2.35E+00										
6.19E+03	-3.80E-01	-2.35E+00										
6.24E+03	-3.77E-01	-2.35E+00										
6.29E+03	-3.75E-01	-2.36E+00										
6.34E+03	-3.72E-01	-2.36E+00										
6.39E+03	-3.70E-01	-2.36E+00										
6.44E+03	-3.67E-01	-2.37E+00										
6.49E+03	-3.64E-01	-2.37E+00										
6.54E+03	-3.62E-01	-2.37E+00										
6.60E+03	-3.60E-01	-2.37E+00										
6.65E+03	-3.57E-01	-2.37E+00										
6.70E+03	-3.54E-01	-2.37E+00										
6.75E+03	-3.52E-01	-2.37E+00										
6.80E+03	-3.49E-01	-2.37E+00										
6.86E+03	-3.46E-01	-2.38E+00										
6.91E+03	-3.44E-01	-2.37E+00										
6.96E+03	-3.41E-01	-2.37E+00										
7.01E+03	-3.38E-01	-2.37E+00										
7.07E+03	-3.36E-01	-2.37E+00										
7.12E+03	-3.33E-01	-2.37E+00										
7.17E+03	-3.30E-01	-2.37E+00										
7.22E+03	-3.27E-01	-2.36E+00										
7.28E+03	-3.25E-01	-2.36E+00										
7.33E+03	-3.22E-01	-2.36E+00										
7.38E+03	-3.19E-01	-2.36E+00										
7.43E+03	-3.17E-01	-2.35E+00										
7.48E+03	-3.14E-01	-2.35E+00										
7.53E+03	-3.11E-01	-2.34E+00										
7.58E+03	-3.08E-01	-2.34E+00										
7.63E+03	-3.06E-01	-2.33E+00										
7.69E+03	-3.03E-01	-2.33E+00										
7.74E+03	-3.00E-01	-2.32E+00										
7.80E+03	-2.97E-01	-2.32E+00										
7.85E+03	-2.94E-01	-2.31E+00										
7.90E+03	-2.91E-01	-2.30E+00										
7.95E+03	-2.88E-01	-2.29E+00										
8.00E+03	-2.85E-01	-2.28E+00										
8.05E+03	-2.82E-01	-2.27E+00										
8.10E+03	-2.80E-01	-2.27E+00										
8.15E+03	-2.77E-01	-2.26E+00										
8.20E+03	-2.74E-01	-2.25E+00										
8.25E+03	-2.71E-01	-2.24E+00										
8.30E+03	-2.68E-01	-2.22E+00										
8.36E+03	-2.65E-01	-2.21E+00										
8.41E+03	-2.62E-01	-2.20E+00										
8.46E+03	-2.59E-01	-2.19E+00										
8.51E+03	-2.56E-01	-2.18E+00										
8.56E+03	-2.53E-01	-2.16E+00										
8.58E+03	-2.52E-01	-2.16E+00										
0.00E+00	-8.62E-01	0.00E+00										
0.00E+00	-9.45E-01	0.00E+00										
0.00E+00	-9.55E-01	0.00E+00										
0.00E+00	-9.60E-01	0.00E+00										
0.00E+00	-9.63E-01	0.00E+00										
0.00E+00	-9.67E-01	0.00E+00										
5.24E+01	-9.67E-01	-5.06E-02										
1.03E+02	-8.68E-01	-8.97E-02										
1.54E+02	-8.31E-01	-1.28E-01										
2.08E+02	-8.11E-01	-1.69E-01										
2.59E+02	-7.95E-01	-2.06E-01										
3.12E+02	-7.83E-01	-2.44E-01										
3.63E+02	-7.72E-01	-2.80E-01										
4.13E+02	-7.62E-01	-3.15E-01										
4.64E+02	-7.55E-01	-3.50E-01										
5.15E+02	-7.46E-01	-3.85E-01										
5.66E+02	-7.38E-01	-4.18E-01										
6.18E+02	-7.32E-01	-4.52E-01										
6.68E+02	-7.25E-01	-4.84E-01										
7.18E+02	-7.18E-01	-5.16E-01										
7.71E+02	-7.12E-01	-5.49E-01										
8.22E+02	-7.06E-01	-5.81E-01										
8.73E+02	-7.00E-01	-6.11E-01										
9.23E+02	-6.95E-01	-6.41E-01										
9.75E+02	-6.90E-01	-6.72E-01										
1.02E+03	-6.84E-01	-7.01E-01										
1.08E+03	-6.80E-01	-7.31E-01										
1.13E+03	-6.75E-01	-7.61E-01										
1.18E+03	-6.70E-01	-7.89E-01										
1.23E+03	-6.65E-01	-8.17E-01										
1.28E+03	-6.61E-01	-8.45E-01										
1.33E+03	-6.56E-01	-8.73E-01										
1.38E+03	-6.52E-01	-9.00E-01										
1.43E+03	-6.47E-01	-9.27E-01										
1.48E+03	-6.44E-01	-9.54E-01										
1.54E+03	-6.40E-01	-9.82E-01										
1.59E+03	-6.35E-01	-1.01E+00										
1.64E+03	-6.32E-01	-1.03E+00										
1.69E+03	-6.27E-01	-1.06E+00										
1.74E+03	-6.23E-01	-1.09E+00										
1.79E+03	-6.19E-01	-1.11E+00										
1.85E+03	-6.16E-01	-1.14E+00										
1.90E+03	-6.12E-01	-1.16E+00										
1.95E+03	-6.08E-01	-1.19E+00										
2.00E+03	-6.05E-01	-1.21E+00										
2.05E+03	-6.01E-01	-1.23E+00										
2.10E+03	-5.98E-01	-1.26E+00										
2.15E+03	-5.94E-01	-1.28E+00										
2.20E+03	-5.91E-01	-1.30E+00										
2.26E+03	-5.87E-01	-1.33E+00										
2.31E+03	-5.84E-01	-1.35E+00										
2.36E+03	-5.81E-01	-1.37E+00										
2.41E+03	-5.78E-01	-1.39E+00										
2.46E+03	-5.74E-01	-1.41E+00										
2.51E+03	-5.71E-01	-1.43E+00										
2.57E+03	-5.68E-01	-1.46E+00										
2.62E+03	-5.65E-01	-1.48E+00										
2.67E+03	-5.61E-01	-1.50E+00										
2.72E+03	-5.58E-01	-1.52E+00										
2.78E+03	-5.55E-01	-1.54E+00										
2.83E+03	-5.52E-01	-1.56E+00										
2.89E+03	-5.49E-01	-1.58E+00										
2.94E+03	-5.46E-01	-1.61E+00										
2.99E+03	-5.42E-01	-1.62E+00										
3.04E+03	-5.39E-01	-1.64E+00										
3.09E+03	-5.36E-01	-1.66E+00										
3.15E+03	-5.33E-01	-1.68E+00										
3.20E+03	-5.31E-01	-1.70E+00										
3.25E+03	-5.28E-01	-1.71E+00										
3.30E+03	-5.25E-01	-1.73E+00										
3.35E+03	-5.22E-01	-1.75E+00										
3.40E+03	-5.19E-01	-1.77E+00										
3.45E+03	-5.16E-01	-1.78E+00										
3.51E+03	-5.14E-01	-1.80E+00										
3.56E+03	-5.11E-01	-1.82E+00										
3.61E+03	-5.08E-01	-1.83E+00										
3.66E+03	-5.05E-01	-1.85E+00										
3.71E+03	-5.02E-01	-1.86E+00										
3.76E+03	-5.00E-01	-1.88E+00										
3.81E+03	-4.97E-01	-1.90E+00										
3.86E+03	-4.94E-01	-1.91E+00										
3.92E+03	-4.92E-01	-1.93E+00										
3.97E+03	-4.89E-01	-1.94E+00										
4.02E+03	-4.86E-01	-1.96E+00										
4.07E+03	-4.84E-01	-1.97E+00										
4.13E+03	-4.81E-01	-1.98E+00										
4.18E+03	-4.78E-01	-2.00E+00										
4.23E+03	-4.76E-01	-2.01E+00										
4.28E+03	-4.73E-01	-2.02E+00										
4.33E+03	-4.70E-01	-2.04E+00										
4.39E+03	-4.68E-01	-2.05E+00										
4.44E+03	-4.65E-01	-2.06E+00										
4.49E+03	-4.63E-01	-2.08E+00										
4.54E+03	-4.60E-01	-2.09E+00										
4.59E+03	-4.57E-01	-2.10E+00										
4.65E+03	-4.54E-01	-2.11E+00										
4.70E+03	-4.52E-01	-2.12E+00										
4.75E+03	-4.49E-01	-2.13E+00										
4.80E+03	-4.47E-01	-2.15E+00										
4.85E+03	-4.44E-01	-2.16E+00										
4.90E+03	-4.42E-01	-2.17E+00										
4.96E+03	-4.39E-01	-2.18E+00										
5.01E+03	-4.37E-01	-2.19E+00										
5.06E+03	-4.34E-01	-2.20E+00										
5.11E+03	-4.32E-01	-2.21E+00										
5.16E+03	-4.29E-01	-2.21E+00										
5.21E+03	-4.27E-01	-2.22E+00										
5.27E+03	-4.24E-01	-2.23E+00										
5.32E+03	-4.21E-01	-2.24E+00										
5.37E+03	-4.19E-01	-2.25E+00										
5.43E+03	-4.16E-01	-2.26E+00										
5.48E+03	-4.14E-01	-2.27E+00										
5.53E+03	-4.11E-01	-2.27E+00										
5.58E+03	-4.09E-01	-2.28E+00										
5.63E+03	-4.06E-01	-2.29E+00										
5.69E+03	-4.04E-01	-2.30E+00										
5.74E+03	-4.01E-01	-2.30E+00										
5.79E+03	-3.99E-01	-2.31E+00										
5.84E+03	-3.96E-01	-2.31E+00										
5.89E+03	-3.93E-01	-2.32E+00										
5.95E+03	-3.91E-01	-2.32E+00										
6.00E+03	-3.88E-01	-2.33E+00										
6.05E+03	-3.86E-01	-2.33E+00										
6.10E+03	-3.83E-01	-2.34E+00										
6.15E+03	-3.81E-01	-2.34E+00										
6.21E+03	-3.78E-01	-2.35E+00										
6.26E+03	-3.75E-01	-2.35E+00										
6.31E+03	-3.72E-01	-2.35E+00										
6.36E+03	-3.70E-01	-2.36E+00										
6.41E+03	-3.68E-01	-2.36E+00										
6.47E+03	-3.65E-01	-2.36E+00										
6.52E+03	-3.62E-01	-2.36E+00										
6.57E+03	-3.59E-01	-2.36E+00										
6.63E+03	-3.57E-01	-2.36E+00										
6.68E+03	-3.54E-01	-2.36E+00										
6.73E+03	-3.52E-01	-2.37E+00										
6.78E+03	-3.49E-01	-2.36E+00										
6.83E+03	-3.46E-01	-2.37E+00										
6.88E+03	-3.44E-01	-2.37E+00										
6.94E+03	-3.41E-01	-2.37E+00										
6.99E+03	-3.38E-01	-2.36E+00										
7.04E+03	-3.36E-01	-2.36E+00										
7.09E+03	-3.33E-01	-2.36E+00										
7.14E+03	-3.30E-01	-2.36E+00										
7.19E+03	-3.28E-01	-2.36E+00										
7.25E+03	-3.25E-01	-2.35E+00										
7.30E+03	-3.22E-01	-2.35E+00										
7.35E+03	-3.20E-01	-2.35E+00										
7.40E+03	-3.17E-01	-2.34E+00										
7.46E+03	-3.14E-01	-2.34E+00										
7.51E+03	-3.11E-01	-2.34E+00										
7.56E+03	-3.08E-01	-2.33E+00										
7.61E+03	-3.06E-01	-2.33E+00										
7.66E+03	-3.03E-01	-2.32E+00										
7.72E+03	-3.00E-01	-2.31E+00										
7.77E+03	-2.97E-01	-2.31E+00										
7.82E+03	-2.94E-01	-2.30E+00										
7.87E+03	-2.91E-01	-2.29E+00										
7.92E+03	-2.88E-01	-2.28E+00										
7.98E+03	-2.85E-01	-2.28E+00										
8.03E+03	-2.83E-01	-2.27E+00										
8.08E+03	-2.80E-01	-2.26E+00										
8.13E+03	-2.76E-01	-2.25E+00										
8.18E+03	-2.73E-01	-2.24E+00										
8.23E+03	-2.71E-01	-2.23E+00										
8.29E+03	-2.67E-01	-2.22E+00										
8.34E+03	-2.64E-01	-2.20E+00										
8.39E+03	-2.61E-01	-2.19E+00										
8.44E+03	-2.58E-01	-2.18E+00										
8.49E+03	-2.55E-01	-2.17E+00										
8.55E+03	-2.52E-01	-2.16E+00										
8.54E+03	-2.52E-01	-2.15E+00										
0.00E+00	-8.62E-01	0.00E+00										
0.00E+00	-9.45E-01	0.00E+00										
0.00E+00	-9.55E-01	0.00E+00										
0.00E+00	-9.60E-01	0.00E+00										
0.00E+00	-9.63E-01	0.00E+00										
0.00E+00	-9.66E-01	0.00E+00										
4.47E+01	-9.67E-01	-4.33E-02										
9.57E+01	-8.82E-01	-8.44E-02										
1.46E+02	-8.35E-01	-1.22E-01										
2.00E+02	-8.13E-01	-1.62E-01										
2.50E+02	-7.97E-01	-1.99E-01										
3.00E+02	-7.85E-01	-2.36E-01										
3.54E+02	-7.74E-01	-2.74E-01										
4.05E+02	-7.64E-01	-3.10E-01										
4.58E+02	-7.55E-01	-3.46E-01										
5.09E+02	-7.47E-01	-3.80E-01										
5.63E+02	-7.39E-01	-4.16E-01										
6.14E+02	-7.31E-01	-4.49E-01										
6.64E+02	-7.25E-01	-4.81E-01										
7.16E+02	-7.19E-01	-5.15E-01										
7.67E+02	-7.12E-01	-5.46E-01										
8.18E+02	-7.06E-01	-5.78E-01										
8.70E+02	-7.01E-01	-6.09E-01										
9.20E+02	-6.95E-01	-6.39E-01										
9.71E+02	-6.90E-01	-6.70E-01										
1.02E+03	-6.84E-01	-6.99E-01										
1.07E+03	-6.79E-01	-7.29E-01										
1.12E+03	-6.74E-01	-7.58E-01										
1.18E+03	-6.69E-01	-7.88E-01										
1.23E+03	-6.65E-01	-8.17E-01										
1.28E+03	-6.60E-01	-8.44E-01										
1.33E+03	-6.56E-01	-8.72E-01										
1.38E+03	-6.51E-01	-8.99E-01										
1.43E+03	-6.47E-01	-9.26E-01										
1.48E+03	-6.43E-01	-9.52E-01										
1.53E+03	-6.39E-01	-9.80E-01										
1.59E+03	-6.34E-01	-1.01E+00										
1.64E+03	-6.30E-01	-1.03E+00										
1.69E+03	-6.27E-01	-1.06E+00										
1.74E+03	-6.23E-01	-1.08E+00										
1.79E+03	-6.19E-01	-1.11E+00										
1.84E+03	-6.15E-01	-1.13E+00										
1.89E+03	-6.11E-01	-1.16E+00										
1.94E+03	-6.08E-01	-1.18E+00										
2.00E+03	-6.04E-01	-1.21E+00										
2.05E+03	-6.00E-01	-1.23E+00										
2.10E+03	-5.97E-01	-1.25E+00										
2.15E+03	-5.93E-01	-1.28E+00										
2.20E+03	-5.90E-01	-1.30E+00										
2.26E+03	-5.87E-01	-1.32E+00										
2.31E+03	-5.83E-01	-1.34E+00										
2.36E+03	-5.80E-01	-1.37E+00										
2.41E+03	-5.77E-01	-1.39E+00										
2.46E+03	-5.73E-01	-1.41E+00										
2.51E+03	-5.70E-01	-1.43E+00										
2.56E+03	-5.67E-01	-1.45E+00										
2.61E+03	-5.63E-01	-1.47E+00										
2.67E+03	-5.60E-01	-1.49E+00										
2.72E+03	-5.57E-01	-1.51E+00										
2.77E+03	-5.54E-01	-1.53E+00										
2.82E+03	-5.51E-01	-1.55E+00										
2.87E+03	-5.48E-01	-1.57E+00										
2.92E+03	-5.45E-01	-1.59E+00										
2.97E+03	-5.42E-01	-1.61E+00										
3.02E+03	-5.39E-01	-1.63E+00										
3.08E+03	-5.36E-01	-1.65E+00										
3.13E+03	-5.33E-01	-1.67E+00										
3.18E+03	-5.30E-01	-1.69E+00										
3.23E+03	-5.27E-01	-1.70E+00										
3.28E+03	-5.24E-01	-1.72E+00										
3.34E+03	-5.21E-01	-1.74E+00										
3.39E+03	-5.18E-01	-1.75E+00										
3.44E+03	-5.15E-01	-1.77E+00										
3.49E+03	-5.13E-01	-1.79E+00										
3.54E+03	-5.10E-01	-1.80E+00										
3.59E+03	-5.07E-01	-1.82E+00										
3.64E+03	-5.04E-01	-1.84E+00										
3.70E+03	-5.02E-01	-1.85E+00										
3.75E+03	-4.99E-01	-1.87E+00										
3.80E+03	-4.96E-01	-1.88E+00										
3.85E+03	-4.93E-01	-1.90E+00										
3.90E+03	-4.91E-01	-1.91E+00										
3.95E+03	-4.88E-01	-1.93E+00										
4.00E+03	-4.85E-01	-1.94E+00										
4.06E+03	-4.83E-01	-1.96E+00										
4.11E+03	-4.80E-01	-1.97E+00										
4.16E+03	-4.77E-01	-1.99E+00										
4.22E+03	-4.74E-01	-2.00E+00										
4.27E+03	-4.72E-01	-2.01E+00										
4.32E+03	-4.69E-01	-2.02E+00										
4.37E+03	-4.66E-01	-2.04E+00										
4.42E+03	-4.64E-01	-2.05E+00										
4.48E+03	-4.61E-01	-2.06E+00										
4.53E+03	-4.58E-01	-2.08E+00										
4.58E+03	-4.56E-01	-2.09E+00										
4.63E+03	-4.53E-01	-2.10E+00										
4.68E+03	-4.51E-01	-2.11E+00										
4.73E+03	-4.48E-01	-2.12E+00										
4.78E+03	-4.45E-01	-2.13E+00										
4.83E+03	-4.43E-01	-2.14E+00										
4.88E+03	-4.41E-01	-2.15E+00										
4.93E+03	-4.38E-01	-2.16E+00										
4.99E+03	-4.36E-01	-2.17E+00										
5.04E+03	-4.33E-01	-2.18E+00										
5.09E+03	-4.30E-01	-2.19E+00										
5.14E+03	-4.28E-01	-2.20E+00										
5.20E+03	-4.25E-01	-2.21E+00										
5.25E+03	-4.23E-01	-2.22E+00										
5.30E+03	-4.20E-01	-2.23E+00										
5.35E+03	-4.18E-01	-2.23E+00										
5.40E+03	-4.15E-01	-2.24E+00										
5.46E+03	-4.13E-01	-2.25E+00										
5.51E+03	-4.10E-01	-2.26E+00										
5.56E+03	-4.08E-01	-2.27E+00										
5.61E+03	-4.05E-01	-2.27E+00										
5.66E+03	-4.02E-01	-2.28E+00										
5.72E+03	-4.00E-01	-2.29E+00										
5.77E+03	-3.97E-01	-2.29E+00										
5.82E+03	-3.95E-01	-2.30E+00										
5.87E+03	-3.92E-01	-2.30E+00										
5.92E+03	-3.90E-01	-2.31E+00										
5.98E+03	-3.87E-01	-2.31E+00										
6.03E+03	-3.84E-01	-2.32E+00										
6.08E+03	-3.82E-01	-2.32E+00										
6.13E+03	-3.79E-01	-2.33E+00										
6.18E+03	-3.77E-01	-2.33E+00										
6.23E+03	-3.74E-01	-2.33E+00										
6.29E+03	-3.72E-01	-2.34E+00										
6.34E+03	-3.69E-01	-2.34E+00										
6.39E+03	-3.66E-01	-2.34E+00										
6.44E+03	-3.64E-01	-2.34E+00										
6.50E+03	-3.61E-01	-2.35E+00										
6.55E+03	-3.58E-01	-2.35E+00										
6.60E+03	-3.55E-01	-2.35E+00										
6.65E+03	-3.53E-01	-2.35E+00										
6.71E+03	-3.50E-01	-2.35E+00										
6.76E+03	-3.48E-01	-2.35E+00										
6.81E+03	-3.45E-01	-2.35E+00										
6.86E+03	-3.42E-01	-2.35E+00										
6.92E+03	-3.40E-01	-2.35E+00										
6.97E+03	-3.37E-01	-2.35E+00										
7.02E+03	-3.34E-01	-2.35E+00										
7.07E+03	-3.32E-01	-2.35E+00										
7.13E+03	-3.29E-01	-2.34E+00										
7.18E+03	-3.26E-01	-2.34E+00										
7.23E+03	-3.23E-01	-2.34E+00										
7.28E+03	-3.21E-01	-2.34E+00										
7.33E+03	-3.18E-01	-2.33E+00										
7.38E+03	-3.15E-01	-2.33E+00										
7.44E+03	-3.13E-01	-2.32E+00										
7.49E+03	-3.10E-01	-2.32E+00										
7.54E+03	-3.07E-01	-2.31E+00										
7.59E+03	-3.04E-01	-2.31E+00										
7.64E+03	-3.02E-01	-2.31E+00										
7.70E+03	-2.99E-01	-2.30E+00										
7.75E+03	-2.96E-01	-2.29E+00										
7.80E+03	-2.93E-01	-2.28E+00										
7.85E+03	-2.90E-01	-2.27E+00										
7.90E+03	-2.87E-01	-2.27E+00										
7.95E+03	-2.84E-01	-2.26E+00										
8.01E+03	-2.81E-01	-2.25E+00										
8.06E+03	-2.78E-01	-2.24E+00										
8.11E+03	-2.75E-01	-2.23E+00										
8.17E+03	-2.72E-01	-2.22E+00										
8.22E+03	-2.69E-01	-2.21E+00										
8.27E+03	-2.66E-01	-2.20E+00										
8.32E+03	-2.63E-01	-2.19E+00										
8.37E+03	-2.60E-01	-2.18E+00										
8.42E+03	-2.57E-01	-2.16E+00										
8.47E+03	-2.54E-01	-2.15E+00										
8.51E+03	-2.52E-01	-2.14E+00										
0.00E+00	-8.62E-01	0.00E+00										
0.00E+00	-9.45E-01	0.00E+00										
0.00E+00	-9.55E-01	0.00E+00										
0.00E+00	-9.60E-01	0.00E+00										
0.00E+00	-9.63E-01	0.00E+00										
0.00E+00	-9.66E-01	0.00E+00										
5.49E+01	-9.66E-01	-5.31E-02										
1.05E+02	-8.66E-01	-9.12E-02										
1.60E+02	-8.29E-01	-1.33E-01										
2.11E+02	-8.09E-01	-1.71E-01										
2.64E+02	-7.94E-01	-2.09E-01										
3.15E+02	-7.81E-01	-2.46E-01										
3.66E+02	-7.72E-01	-2.82E-01										
4.16E+02	-7.62E-01	-3.17E-01										
4.70E+02	-7.53E-01	-3.54E-01										
5.21E+02	-7.45E-01	-3.88E-01										
5.72E+02	-7.37E-01	-4.22E-01										
6.24E+02	-7.30E-01	-4.56E-01										
6.76E+02	-7.23E-01	-4.89E-01										
7.27E+02	-7.17E-01	-5.21E-01										
7.77E+02	-7.11E-01	-5.52E-01										
8.28E+02	-7.05E-01	-5.83E-01										
8.81E+02	-6.99E-01	-6.16E-01										
9.38E+02	-6.93E-01	-6.51E-01										
9.91E+02	-6.87E-01	-6.81E-01										
1.04E+03	-6.82E-01	-7.11E-01										
1.09E+03	-6.77E-01	-7.41E-01										
1.15E+03	-6.72E-01	-7.72E-01										
1.20E+03	-6.67E-01	-8.00E-01										
1.25E+03	-6.62E-01	-8.30E-01										
1.30E+03	-6.57E-01	-8.57E-01										
1.36E+03	-6.53E-01	-8.85E-01										
1.41E+03	-6.49E-01	-9.12E-01										
1.46E+03	-6.44E-01	-9.38E-01										
1.51E+03	-6.40E-01	-9.66E-01										
1.56E+03	-6.37E-01	-9.93E-01										
1.61E+03	-6.32E-01	-1.02E+00										
1.66E+03	-6.28E-01	-1.04E+00										
1.71E+03	-6.24E-01	-1.07E+00										
1.77E+03	-6.20E-01	-1.10E+00										
1.82E+03	-6.16E-01	-1.12E+00										
1.87E+03	-6.12E-01	-1.15E+00										
1.92E+03	-6.09E-01	-1.17E+00										
1.98E+03	-6.05E-01	-1.20E+00										
2.03E+03	-6.01E-01	-1.22E+00										
2.08E+03	-5.98E-01	-1.25E+00										
2.13E+03	-5.94E-01	-1.27E+00										
2.18E+03	-5.91E-01	-1.29E+00										
2.23E+03	-5.88E-01	-1.31E+00										
2.29E+03	-5.84E-01	-1.33E+00										
2.34E+03	-5.81E-01	-1.36E+00										
2.39E+03	-5.77E-01	-1.38E+00										
2.44E+03	-5.74E-01	-1.40E+00										
2.49E+03	-5.71E-01	-1.42E+00										
2.55E+03	-5.68E-01	-1.45E+00										
2.60E+03	-5.64E-01	-1.47E+00										
2.65E+03	-5.61E-01	-1.49E+00										
2.70E+03	-5.58E-01	-1.51E+00										
2.75E+03	-5.55E-01	-1.53E+00										
2.80E+03	-5.52E-01	-1.55E+00										
2.85E+03	-5.49E-01	-1.57E+00										
2.91E+03	-5.46E-01	-1.59E+00										
2.96E+03	-5.43E-01	-1.61E+00										
3.01E+03	-5.39E-01	-1.62E+00										
3.06E+03	-5.37E-01	-1.64E+00										
3.11E+03	-5.34E-01	-1.66E+00										
3.17E+03	-5.31E-01	-1.68E+00										
3.22E+03	-5.28E-01	-1.70E+00										
3.27E+03	-5.25E-01	-1.72E+00										
3.32E+03	-5.22E-01	-1.73E+00										
3.38E+03	-5.19E-01	-1.75E+00										
3.43E+03	-5.16E-01	-1.77E+00										
3.48E+03	-5.13E-01	-1.79E+00										
3.53E+03	-5.10E-01	-1.80E+00										
3.58E+03	-5.08E-01	-1.82E+00										
3.64E+03	-5.05E-01	-1.84E+00										
3.69E+03	-5.02E-01	-1.85E+00										
3.74E+03	-4.99E-01	-1.87E+00										
3.79E+03	-4.97E-01	-1.88E+00										
3.84E+03	-4.94E-01	-1.90E+00										
3.89E+03	-4.91E-01	-1.91E+00										
3.95E+03	-4.88E-01	-1.93E+00										
4.00E+03	-4.85E-01	-1.94E+00										
4.05E+03	-4.83E-01	-1.95E+00										
4.10E+03	-4.80E-01	-1.97E+00										
4.15E+03	-4.78E-01	-1.98E+00										
4.20E+03	-4.75E-01	-2.00E+00										
4.25E+03	-4.72E-01	-2.01E+00										
4.30E+03	-4.70E-01	-2.02E+00										
4.36E+03	-4.67E-01	-2.03E+00										
4.41E+03	-4.64E-01	-2.05E+00										
4.46E+03	-4.62E-01	-2.06E+00										
4.51E+03	-4.59E-01	-2.07E+00										
4.56E+03	-4.57E-01	-2.08E+00										
4.61E+03	-4.54E-01	-2.09E+00										
4.67E+03	-4.51E-01	-2.11E+00										
4.72E+03	-4.49E-01	-2.12E+00										
4.77E+03	-4.46E-01	-2.13E+00										
4.82E+03	-4.44E-01	-2.14E+00										
4.87E+03	-4.41E-01	-2.15E+00										
4.93E+03	-4.39E-01	-2.16E+00										
4.98E+03	-4.36E-01	-2.17E+00										
5.03E+03	-4.33E-01	-2.18E+00										
5.08E+03	-4.31E-01	-2.19E+00										
5.13E+03	-4.28E-01	-2.20E+00										
5.18E+03	-4.26E-01	-2.21E+00										
5.24E+03	-4.23E-01	-2.22E+00										
5.29E+03	-4.21E-01	-2.23E+00										
5.34E+03	-4.18E-01	-2.23E+00										
5.39E+03	-4.16E-01	-2.24E+00										
5.44E+03	-4.13E-01	-2.25E+00										
5.50E+03	-4.11E-01	-2.26E+00										
5.55E+03	-4.08E-01	-2.26E+00										
5.60E+03	-4.06E-01	-2.27E+00										
5.65E+03	-4.03E-01	-2.28E+00										
5.71E+03	-4.00E-01	-2.28E+00										
5.76E+03	-3.98E-01	-2.29E+00										
5.81E+03	-3.96E-01	-2.30E+00										
5.87E+03	-3.93E-01	-2.30E+00										
5.92E+03	-3.90E-01	-2.31E+00										
5.97E+03	-3.88E-01	-2.31E+00										
6.02E+03	-3.85E-01	-2.32E+00										
6.07E+03	-3.82E-01	-2.32E+00										
6.12E+03	-3.80E-01	-2.33E+00										
6.17E+03	-3.77E-01	-2.33E+00										
6.22E+03	-3.75E-01	-2.33E+00										
6.28E+03	-3.72E-01	-2.34E+00										
6.33E+03	-3.70E-01	-2.34E+00										
6.38E+03	-3.67E-01	-2.34E+00										
6.43E+03	-3.65E-01	-2.35E+00										
6.48E+03	-3.62E-01	-2.35E+00										
6.54E+03	-3.60E-01	-2.35E+00										
6.59E+03	-3.57E-01	-2.35E+00										
6.64E+03	-3.54E-01	-2.35E+00										
6.69E+03	-3.52E-01	-2.35E+00										
6.74E+03	-3.49E-01	-2.35E+00										
6.79E+03	-3.46E-01	-2.35E+00										
6.84E+03	-3.44E-01	-2.35E+00										
6.90E+03	-3.41E-01	-2.35E+00										
6.95E+03	-3.39E-01	-2.35E+00										
7.00E+03	-3.36E-01	-2.35E+00										
7.05E+03	-3.33E-01	-2.35E+00										
7.10E+03	-3.30E-01	-2.35E+00										
7.15E+03	-3.28E-01	-2.34E+00										
7.21E+03	-3.25E-01	-2.34E+00										
7.26E+03	-3.23E-01	-2.34E+00										
7.31E+03	-3.20E-01	-2.34E+00										
7.36E+03	-3.17E-01	-2.33E+00										
7.41E+03	-3.14E-01	-2.33E+00										
7.46E+03	-3.11E-01	-2.32E+00										
7.51E+03	-3.09E-01	-2.32E+00										
7.57E+03	-3.06E-01	-2.32E+00										
7.62E+03	-3.03E-01	-2.31E+00										
7.67E+03	-3.00E-01	-2.30E+00										
7.72E+03	-2.98E-01	-2.30E+00										
7.77E+03	-2.95E-01	-2.29E+00										
7.82E+03	-2.92E-01	-2.28E+00										
7.88E+03	-2.89E-01	-2.28E+00										
7.93E+03	-2.86E-01	-2.27E+00										
7.98E+03	-2.83E-01	-2.26E+00										
8.03E+03	-2.81E-01	-2.25E+00										
8.08E+03	-2.77E-01	-2.24E+00										
8.13E+03	-2.75E-01	-2.23E+00										
8.19E+03	-2.72E-01	-2.22E+00										
8.24E+03	-2.68E-01	-2.21E+00										
8.29E+03	-2.65E-01	-2.20E+00										
8.34E+03	-2.62E-01	-2.19E+00										
8.40E+03	-2.59E-01	-2.18E+00										
8.45E+03	-2.56E-01	-2.16E+00										
8.50E+03	-2.53E-01	-2.15E+00										
8.52E+03	-2.52E-01	-2.14E+00										
0.00E+00	-8.62E-01	0.00E+00										
0.00E+00	-9.45E-01	0.00E+00										
0.00E+00	-9.55E-01	0.00E+00										
0.00E+00	-9.60E-01	0.00E+00										
0.00E+00	-9.63E-01	0.00E+00										
0.00E+00	-9.66E-01	0.00E+00										
4.22E+01	-9.66E-01	-4.08E-02										
9.36E+01	-8.86E-01	-8.30E-02										
1.44E+02	-8.37E-01	-1.21E-01										
1.96E+02	-8.14E-01	-1.60E-01										
2.47E+02	-7.99E-01	-1.98E-01										
3.00E+02	-7.86E-01	-2.36E-01										
3.50E+02	-7.74E-01	-2.71E-01										
4.01E+02	-7.65E-01	-3.07E-01										
4.55E+02	-7.55E-01	-3.43E-01										
5.06E+02	-7.47E-01	-3.78E-01										
5.58E+02	-7.39E-01	-4.13E-01										
6.09E+02	-7.32E-01	-4.46E-01										
6.61E+02	-7.25E-01	-4.80E-01										
7.14E+02	-7.19E-01	-5.13E-01										
7.66E+02	-7.12E-01	-5.45E-01										
8.18E+02	-7.06E-01	-5.77E-01										
8.70E+02	-7.00E-01	-6.09E-01										
9.21E+02	-6.94E-01	-6.39E-01										
9.71E+02	-6.89E-01	-6.70E-01										
1.02E+03	-6.84E-01	-6.99E-01										
1.07E+03	-6.79E-01	-7.29E-01										
1.13E+03	-6.74E-01	-7.58E-01										
1.18E+03	-6.69E-01	-7.88E-01										
1.23E+03	-6.64E-01	-8.16E-01										
1.28E+03	-6.60E-01	-8.44E-01										
1.33E+03	-6.55E-01	-8.71E-01										
1.38E+03	-6.51E-01	-8.98E-01										
1.43E+03	-6.47E-01	-9.25E-01										
1.48E+03	-6.43E-01	-9.53E-01										
1.53E+03	-6.38E-01	-9.79E-01										
1.58E+03	-6.34E-01	-1.00E+00										
1.64E+03	-6.30E-01	-1.03E+00										
1.69E+03	-6.26E-01	-1.06E+00										
1.74E+03	-6.22E-01	-1.08E+00										
1.79E+03	-6.19E-01	-1.11E+00										
1.84E+03	-6.15E-01	-1.13E+00										
1.89E+03	-6.11E-01	-1.16E+00										
1.94E+03	-6.07E-01	-1.18E+00										
1.99E+03	-6.04E-01	-1.20E+00										
2.04E+03	-6.00E-01	-1.23E+00										
2.10E+03	-5.97E-01	-1.25E+00										
2.15E+03	-5.93E-01	-1.27E+00										
2.20E+03	-5.90E-01	-1.30E+00										
2.25E+03	-5.87E-01	-1.32E+00										
2.30E+03	-5.83E-01	-1.34E+00										
2.35E+03	-5.79E-01	-1.36E+00										
2.41E+03	-5.76E-01	-1.39E+00										
2.46E+03	-5.73E-01	-1.41E+00										
2.51E+03	-5.70E-01	-1.43E+00										
2.56E+03	-5.66E-01	-1.45E+00										
2.61E+03	-5.63E-01	-1.47E+00										
2.67E+03	-5.60E-01	-1.49E+00										
2.72E+03	-5.57E-01	-1.52E+00										
2.78E+03	-5.53E-01	-1.54E+00										
2.83E+03	-5.50E-01	-1.55E+00										
2.88E+03	-5.47E-01	-1.57E+00										
2.93E+03	-5.44E-01	-1.59E+00										
2.98E+03	-5.41E-01	-1.61E+00										
3.03E+03	-5.38E-01	-1.63E+00										
3.08E+03	-5.35E-01	-1.65E+00										
3.13E+03	-5.32E-01	-1.67E+00										
3.18E+03	-5.29E-01	-1.69E+00										
3.24E+03	-5.26E-01	-1.70E+00										
3.29E+03	-5.23E-01	-1.72E+00										
3.34E+03	-5.21E-01	-1.74E+00										
3.39E+03	-5.18E-01	-1.76E+00										
3.44E+03	-5.15E-01	-1.77E+00										
3.49E+03	-5.12E-01	-1.79E+00										
3.55E+03	-5.09E-01	-1.81E+00										
3.60E+03	-5.07E-01	-1.82E+00										
3.65E+03	-5.04E-01	-1.84E+00										
3.70E+03	-5.01E-01	-1.85E+00										
3.75E+03	-4.98E-01	-1.87E+00										
3.80E+03	-4.96E-01	-1.88E+00										
3.85E+03	-4.93E-01	-1.90E+00										
3.90E+03	-4.90E-01	-1.91E+00										
3.96E+03	-4.87E-01	-1.93E+00										
4.01E+03	-4.85E-01	-1.95E+00										
4.07E+03	-4.82E-01	-1.96E+00										
4.12E+03	-4.79E-01	-1.97E+00										
4.17E+03	-4.76E-01	-1.99E+00										
4.22E+03	-4.74E-01	-2.00E+00										
4.27E+03	-4.71E-01	-2.01E+00										
4.32E+03	-4.69E-01	-2.03E+00										
4.38E+03	-4.66E-01	-2.04E+00										
4.43E+03	-4.63E-01	-2.05E+00										
4.48E+03	-4.61E-01	-2.06E+00										
4.53E+03	-4.58E-01	-2.08E+00										
4.59E+03	-4.55E-01	-2.09E+00										
4.64E+03	-4.53E-01	-2.10E+00										
4.69E+03	-4.50E-01	-2.11E+00										
4.74E+03	-4.47E-01	-2.12E+00										
4.79E+03	-4.45E-01	-2.13E+00										
4.85E+03	-4.42E-01	-2.14E+00										
4.90E+03	-4.40E-01	-2.15E+00										
4.95E+03	-4.37E-01	-2.16E+00										
5.00E+03	-4.35E-01	-2.17E+00										
5.05E+03	-4.32E-01	-2.18E+00										
5.11E+03	-4.29E-01	-2.19E+00										
5.16E+03	-4.27E-01	-2.20E+00										
5.21E+03	-4.24E-01	-2.21E+00										
5.26E+03	-4.22E-01	-2.22E+00										
5.31E+03	-4.19E-01	-2.23E+00										
5.36E+03	-4.17E-01	-2.24E+00										
5.42E+03	-4.14E-01	-2.24E+00										
5.47E+03	-4.12E-01	-2.25E+00										
5.52E+03	-4.09E-01	-2.26E+00										
5.57E+03	-4.06E-01	-2.26E+00										
5.62E+03	-4.04E-01	-2.27E+00										
5.67E+03	-4.02E-01	-2.28E+00										
5.73E+03	-3.99E-01	-2.28E+00										
5.78E+03	-3.96E-01	-2.29E+00										
5.83E+03	-3.94E-01	-2.30E+00										
5.89E+03	-3.91E-01	-2.30E+00										
5.94E+03	-3.89E-01	-2.31E+00										
5.99E+03	-3.86E-01	-2.31E+00										
6.04E+03	-3.83E-01	-2.32E+00										
6.09E+03	-3.81E-01	-2.32E+00										
6.14E+03	-3.78E-01	-2.33E+00										
6.20E+03	-3.76E-01	-2.33E+00										
6.25E+03	-3.73E-01	-2.33E+00										
6.30E+03	-3.71E-01	-2.33E+00										
6.35E+03	-3.68E-01	-2.34E+00										
6.40E+03	-3.66E-01	-2.34E+00										
6.46E+03	-3.63E-01	-2.34E+00										
6.51E+03	-3.60E-01	-2.34E+00										
6.56E+03	-3.58E-01	-2.35E+00										
6.61E+03	-3.55E-01	-2.35E+00										
6.66E+03	-3.52E-01	-2.35E+00										
6.72E+03	-3.50E-01	-2.35E+00										
6.77E+03	-3.47E-01	-2.35E+00										
6.82E+03	-3.44E-01	-2.35E+00										
6.87E+03	-3.42E-01	-2.35E+00										
6.93E+03	-3.39E-01	-2.35E+00										
6.98E+03	-3.36E-01	-2.35E+00										
7.03E+03	-3.34E-01	-2.35E+00										
7.08E+03	-3.31E-01	-2.34E+00										
7.13E+03	-3.28E-01	-2.34E+00										
7.18E+03	-3.26E-01	-2.34E+00										
7.23E+03	-3.23E-01	-2.34E+00										
7.28E+03	-3.20E-01	-2.33E+00										
7.34E+03	-3.17E-01	-2.33E+00										
7.39E+03	-3.15E-01	-2.33E+00										
7.44E+03	-3.12E-01	-2.32E+00										
7.49E+03	-3.09E-01	-2.32E+00										
7.54E+03	-3.07E-01	-2.31E+00										
7.59E+03	-3.04E-01	-2.31E+00										
7.64E+03	-3.01E-01	-2.30E+00										
7.69E+03	-2.98E-01	-2.29E+00										
7.75E+03	-2.96E-01	-2.29E+00										
7.80E+03	-2.93E-01	-2.28E+00										
7.85E+03	-2.90E-01	-2.27E+00										
7.90E+03	-2.87E-01	-2.26E+00										
7.95E+03	-2.84E-01	-2.26E+00										
8.00E+03	-2.81E-01	-2.25E+00										
8.06E+03	-2.78E-01	-2.24E+00										
8.11E+03	-2.75E-01	-2.23E+00										
8.16E+03	-2.72E-01	-2.22E+00										
8.21E+03	-2.69E-01	-2.21E+00										
8.26E+03	-2.66E-01	-2.20E+00										
8.31E+03	-2.63E-01	-2.19E+00										
8.37E+03	-2.60E-01	-2.17E+00										
8.42E+03	-2.57E-01	-2.16E+00										
8.47E+03	-2.53E-01	-2.15E+00										
8.50E+03	-2.51E-01	-2.14E+00										
0.00E+00	-8.62E-01	0.00E+00										
0.00E+00	-9.46E-01	0.00E+00										
0.00E+00	-9.55E-01	0.00E+00										
0.00E+00	-9.60E-01	0.00E+00										
0.00E+00	-9.63E-01	0.00E+00										
0.00E+00	-9.66E-01	0.00E+00										
3.81E+01	-9.67E-01	-3.69E-02										
8.90E+01	-8.90E-01	-7.93E-02										
1.40E+02	-8.38E-01	-1.17E-01										
1.93E+02	-8.16E-01	-1.58E-01										
2.48E+02	-7.98E-01	-1.98E-01										
2.99E+02	-7.85E-01	-2.35E-01										
3.49E+02	-7.74E-01	-2.70E-01										
4.01E+02	-7.64E-01	-3.07E-01										
4.53E+02	-7.55E-01	-3.42E-01										
5.05E+02	-7.47E-01	-3.77E-01										
5.56E+02	-7.39E-01	-4.11E-01										
6.09E+02	-7.32E-01	-4.46E-01										
6.62E+02	-7.25E-01	-4.80E-01										
7.13E+02	-7.18E-01	-5.12E-01										
7.63E+02	-7.12E-01	-5.43E-01										
8.14E+02	-7.06E-01	-5.75E-01										
8.65E+02	-7.00E-01	-6.06E-01										
9.15E+02	-6.94E-01	-6.36E-01										
9.68E+02	-6.89E-01	-6.67E-01										
1.02E+03	-6.84E-01	-6.97E-01										
1.07E+03	-6.79E-01	-7.27E-01										
1.12E+03	-6.73E-01	-7.57E-01										
1.18E+03	-6.68E-01	-7.86E-01										
1.23E+03	-6.64E-01	-8.14E-01										
1.28E+03	-6.59E-01	-8.44E-01										
1.33E+03	-6.54E-01	-8.72E-01										
1.38E+03	-6.50E-01	-8.99E-01										
1.44E+03	-6.46E-01	-9.27E-01										
1.49E+03	-6.41E-01	-9.55E-01										
1.54E+03	-6.37E-01	-9.81E-01										
1.59E+03	-6.33E-01	-1.01E+00										
1.64E+03	-6.29E-01	-1.03E+00										
1.69E+03	-6.25E-01	-1.06E+00										
1.74E+03	-6.21E-01	-1.08E+00										
1.79E+03	-6.17E-01	-1.11E+00										
1.85E+03	-6.14E-01	-1.14E+00										
1.90E+03	-6.10E-01	-1.16E+00										
1.95E+03	-6.06E-01	-1.18E+00										
2.00E+03	-6.02E-01	-1.21E+00										
2.06E+03	-5.99E-01	-1.23E+00										
2.11E+03	-5.95E-01	-1.25E+00										
2.16E+03	-5.92E-01	-1.28E+00										
2.21E+03	-5.88E-01	-1.30E+00										
2.26E+03	-5.85E-01	-1.32E+00										
2.31E+03	-5.82E-01	-1.34E+00										
2.36E+03	-5.78E-01	-1.37E+00										
2.41E+03	-5.75E-01	-1.39E+00										
2.47E+03	-5.72E-01	-1.41E+00										
2.52E+03	-5.68E-01	-1.43E+00										
2.57E+03	-5.65E-01	-1.45E+00										
2.62E+03	-5.62E-01	-1.47E+00										
2.67E+03	-5.59E-01	-1.49E+00										
2.73E+03	-5.56E-01	-1.51E+00										
2.78E+03	-5.52E-01	-1.53E+00										
2.83E+03	-5.49E-01	-1.55E+00										
2.88E+03	-5.46E-01	-1.57E+00										
2.93E+03	-5.43E-01	-1.59E+00										
2.99E+03	-5.40E-01	-1.61E+00										
3.04E+03	-5.37E-01	-1.63E+00										
3.09E+03	-5.34E-01	-1.65E+00										
3.14E+03	-5.31E-01	-1.67E+00										
3.19E+03	-5.28E-01	-1.69E+00										
3.25E+03	-5.25E-01	-1.71E+00										
3.30E+03	-5.22E-01	-1.72E+00										
3.35E+03	-5.19E-01	-1.74E+00										
3.40E+03	-5.16E-01	-1.76E+00										
3.46E+03	-5.13E-01	-1.77E+00										
3.51E+03	-5.10E-01	-1.79E+00										
3.56E+03	-5.08E-01	-1.81E+00										
3.61E+03	-5.05E-01	-1.82E+00										
3.66E+03	-5.02E-01	-1.84E+00										
3.71E+03	-4.99E-01	-1.85E+00										
3.77E+03	-4.96E-01	-1.87E+00										
3.82E+03	-4.94E-01	-1.89E+00										
3.87E+03	-4.91E-01	-1.90E+00										
3.92E+03	-4.88E-01	-1.92E+00										
3.97E+03	-4.85E-01	-1.93E+00										
4.03E+03	-4.83E-01	-1.94E+00										
4.08E+03	-4.80E-01	-1.96E+00										
4.13E+03	-4.77E-01	-1.97E+00										
4.19E+03	-4.75E-01	-1.99E+00										
4.24E+03	-4.72E-01	-2.00E+00										
4.29E+03	-4.69E-01	-2.01E+00										
4.34E+03	-4.66E-01	-2.02E+00										
4.39E+03	-4.64E-01	-2.04E+00										
4.44E+03	-4.62E-01	-2.05E+00										
4.50E+03	-4.59E-01	-2.06E+00										
4.55E+03	-4.56E-01	-2.07E+00										
4.60E+03	-4.54E-01	-2.08E+00										
4.65E+03	-4.51E-01	-2.10E+00										
4.70E+03	-4.49E-01	-2.11E+00										
4.75E+03	-4.46E-01	-2.12E+00										
4.80E+03	-4.43E-01	-2.13E+00										
4.85E+03	-4.41E-01	-2.14E+00										
4.91E+03	-4.38E-01	-2.15E+00										
4.96E+03	-4.35E-01	-2.16E+00										
5.01E+03	-4.33E-01	-2.17E+00										
5.06E+03	-4.30E-01	-2.18E+00										
5.12E+03	-4.28E-01	-2.19E+00										
5.17E+03	-4.25E-01	-2.20E+00										
5.22E+03	-4.22E-01	-2.21E+00										
5.27E+03	-4.20E-01	-2.21E+00										
5.33E+03	-4.17E-01	-2.22E+00										
5.38E+03	-4.15E-01	-2.23E+00										
5.43E+03	-4.12E-01	-2.24E+00										
5.48E+03	-4.10E-01	-2.25E+00										
5.53E+03	-4.07E-01	-2.25E+00										
5.58E+03	-4.05E-01	-2.26E+00										
5.64E+03	-4.02E-01	-2.27E+00										
5.69E+03	-3.99E-01	-2.27E+00										
5.74E+03	-3.97E-01	-2.28E+00										
5.79E+03	-3.94E-01	-2.28E+00										
5.84E+03	-3.92E-01	-2.29E+00										
5.89E+03	-3.89E-01	-2.30E+00										
5.95E+03	-3.87E-01	-2.30E+00										
6.00E+03	-3.84E-01	-2.30E+00										
6.05E+03	-3.82E-01	-2.31E+00										
6.10E+03	-3.79E-01	-2.31E+00										
6.15E+03	-3.77E-01	-2.32E+00										
6.20E+03	-3.74E-01	-2.32E+00										
6.25E+03	-3.72E-01	-2.32E+00										
6.31E+03	-3.69E-01	-2.33E+00										
6.36E+03	-3.66E-01	-2.33E+00										
6.41E+03	-3.64E-01	-2.33E+00										
6.46E+03	-3.61E-01	-2.33E+00										
6.52E+03	-3.59E-01	-2.34E+00										
6.57E+03	-3.56E-01	-2.34E+00										
6.62E+03	-3.53E-01	-2.34E+00										
6.67E+03	-3.51E-01	-2.34E+00										
6.72E+03	-3.48E-01	-2.34E+00										
6.77E+03	-3.45E-01	-2.34E+00										
6.83E+03	-3.43E-01	-2.34E+00										
6.88E+03	-3.40E-01	-2.34E+00										
6.93E+03	-3.37E-01	-2.34E+00										
6.98E+03	-3.34E-01	-2.34E+00										
7.04E+03	-3.32E-01	-2.33E+00										
7.09E+03	-3.29E-01	-2.33E+00										
7.14E+03	-3.26E-01	-2.33E+00										
7.19E+03	-3.24E-01	-2.33E+00										
7.24E+03	-3.21E-01	-2.32E+00										
7.29E+03	-3.18E-01	-2.32E+00										
7.35E+03	-3.15E-01	-2.32E+00										
7.40E+03	-3.12E-01	-2.31E+00										
7.45E+03	-3.10E-01	-2.31E+00										
7.50E+03	-3.07E-01	-2.30E+00										
7.55E+03	-3.04E-01	-2.30E+00										
7.60E+03	-3.01E-01	-2.29E+00										
7.66E+03	-2.99E-01	-2.29E+00										
7.71E+03	-2.96E-01	-2.28E+00										
7.76E+03	-2.93E-01	-2.27E+00										
7.81E+03	-2.90E-01	-2.27E+00										
7.86E+03	-2.87E-01	-2.26E+00										
7.91E+03	-2.84E-01	-2.25E+00										
7.96E+03	-2.81E-01	-2.24E+00										
8.01E+03	-2.78E-01	-2.23E+00										
8.06E+03	-2.75E-01	-2.22E+00										
8.11E+03	-2.73E-01	-2.21E+00										
8.17E+03	-2.70E-01	-2.20E+00										
8.22E+03	-2.66E-01	-2.19E+00										
8.28E+03	-2.63E-01	-2.18E+00										
8.33E+03	-2.60E-01	-2.17E+00										
8.38E+03	-2.57E-01	-2.15E+00										
8.43E+03	-2.54E-01	-2.14E+00										
8.46E+03	-2.51E-01	-2.13E+00										
0.00E+00	-8.61E-01	0.00E+00										
0.00E+00	-9.45E-01	0.00E+00										
0.00E+00	-9.55E-01	0.00E+00										
0.00E+00	-9.60E-01	0.00E+00										
0.00E+00	-9.63E-01	0.00E+00										
0.00E+00	-9.66E-01	0.00E+00										
5.59E+01	-9.66E-01	-5.41E-02										
1.07E+02	-8.64E-01	-9.23E-02										
1.58E+02	-8.29E-01	-1.31E-01										
2.10E+02	-8.10E-01	-1.70E-01										
2.60E+02	-7.93E-01	-2.06E-01										
3.11E+02	-7.82E-01	-2.43E-01										
3.62E+02	-7.72E-01	-2.79E-01										
4.13E+02	-7.63E-01	-3.15E-01										
4.63E+02	-7.53E-01	-3.49E-01										
5.14E+02	-7.45E-01	-3.83E-01										
5.65E+02	-7.38E-01	-4.17E-01										
6.15E+02	-7.31E-01	-4.49E-01										
6.67E+02	-7.24E-01	-4.83E-01										
7.18E+02	-7.17E-01	-5.15E-01										
7.71E+02	-7.11E-01	-5.48E-01										
8.23E+02	-7.05E-01	-5.80E-01										
8.76E+02	-6.99E-01	-6.13E-01										
9.28E+02	-6.94E-01	-6.44E-01										
9.79E+02	-6.88E-01	-6.73E-01										
1.03E+03	-6.83E-01	-7.03E-01										
1.08E+03	-6.78E-01	-7.34E-01										
1.13E+03	-6.72E-01	-7.63E-01										
1.19E+03	-6.68E-01	-7.95E-01										
1.24E+03	-6.62E-01	-8.24E-01										
1.29E+03	-6.58E-01	-8.51E-01										
1.35E+03	-6.54E-01	-8.79E-01										
1.40E+03	-6.49E-01	-9.09E-01										
1.45E+03	-6.45E-01	-9.36E-01										
1.51E+03	-6.40E-01	-9.63E-01										
1.56E+03	-6.36E-01	-9.89E-01										
1.61E+03	-6.32E-01	-1.01E+00										
1.66E+03	-6.28E-01	-1.04E+00										
1.71E+03	-6.24E-01	-1.07E+00										
1.76E+03	-6.20E-01	-1.09E+00										
1.81E+03	-6.16E-01	-1.12E+00										
1.86E+03	-6.13E-01	-1.14E+00										
1.92E+03	-6.09E-01	-1.17E+00										
1.97E+03	-6.05E-01	-1.19E+00										
2.02E+03	-6.01E-01	-1.21E+00										
2.07E+03	-5.98E-01	-1.24E+00										
2.12E+03	-5.94E-01	-1.26E+00										
2.17E+03	-5.91E-01	-1.28E+00										
2.23E+03	-5.87E-01	-1.31E+00										
2.28E+03	-5.84E-01	-1.33E+00										
2.33E+03	-5.81E-01	-1.35E+00										
2.38E+03	-5.77E-01	-1.37E+00										
2.43E+03	-5.74E-01	-1.39E+00										
2.48E+03	-5.70E-01	-1.41E+00										
2.53E+03	-5.67E-01	-1.44E+00										
2.58E+03	-5.64E-01	-1.46E+00										
2.64E+03	-5.61E-01	-1.48E+00										
2.69E+03	-5.58E-01	-1.50E+00										
2.74E+03	-5.55E-01	-1.52E+00										
2.79E+03	-5.51E-01	-1.54E+00										
2.85E+03	-5.48E-01	-1.56E+00										
2.90E+03	-5.45E-01	-1.58E+00										
2.95E+03	-5.42E-01	-1.60E+00										
3.00E+03	-5.39E-01	-1.62E+00										
3.05E+03	-5.36E-01	-1.64E+00										
3.10E+03	-5.33E-01	-1.66E+00										
3.15E+03	-5.30E-01	-1.67E+00										
3.21E+03	-5.27E-01	-1.69E+00										
3.26E+03	-5.24E-01	-1.71E+00										
3.31E+03	-5.21E-01	-1.73E+00										
3.36E+03	-5.18E-01	-1.74E+00										
3.42E+03	-5.16E-01	-1.76E+00										
3.47E+03	-5.13E-01	-1.78E+00										
3.52E+03	-5.10E-01	-1.79E+00										
3.57E+03	-5.07E-01	-1.81E+00										
3.62E+03	-5.04E-01	-1.83E+00										
3.67E+03	-5.02E-01	-1.84E+00										
3.72E+03	-4.99E-01	-1.86E+00										
3.77E+03	-4.96E-01	-1.87E+00										
3.83E+03	-4.93E-01	-1.89E+00										
3.88E+03	-4.91E-01	-1.90E+00										
3.93E+03	-4.88E-01	-1.92E+00										
3.98E+03	-4.85E-01	-1.93E+00										
4.04E+03	-4.83E-01	-1.95E+00										
4.09E+03	-4.80E-01	-1.96E+00										
4.14E+03	-4.77E-01	-1.98E+00										
4.19E+03	-4.74E-01	-1.99E+00										
4.24E+03	-4.72E-01	-2.00E+00										
4.29E+03	-4.69E-01	-2.01E+00										
4.35E+03	-4.66E-01	-2.03E+00										
4.40E+03	-4.64E-01	-2.04E+00										
4.45E+03	-4.61E-01	-2.05E+00										
4.51E+03	-4.58E-01	-2.06E+00										
4.56E+03	-4.56E-01	-2.08E+00										
4.61E+03	-4.53E-01	-2.09E+00										
4.66E+03	-4.51E-01	-2.10E+00										
4.71E+03	-4.48E-01	-2.11E+00										
4.77E+03	-4.45E-01	-2.12E+00										
4.82E+03	-4.43E-01	-2.13E+00										
4.87E+03	-4.40E-01	-2.14E+00										
4.92E+03	-4.37E-01	-2.15E+00										
4.98E+03	-4.35E-01	-2.16E+00										
5.03E+03	-4.32E-01	-2.17E+00										
5.08E+03	-4.30E-01	-2.18E+00										
5.13E+03	-4.27E-01	-2.19E+00										
5.18E+03	-4.25E-01	-2.20E+00										
5.23E+03	-4.22E-01	-2.21E+00										
5.29E+03	-4.19E-01	-2.22E+00										
5.34E+03	-4.17E-01	-2.23E+00										
5.39E+03	-4.14E-01	-2.23E+00										
5.44E+03	-4.12E-01	-2.24E+00										
5.50E+03	-4.09E-01	-2.25E+00										
5.55E+03	-4.07E-01	-2.26E+00										
5.60E+03	-4.04E-01	-2.26E+00										
5.65E+03	-4.01E-01	-2.27E+00										
5.71E+03	-3.99E-01	-2.28E+00										
5.76E+03	-3.96E-01	-2.28E+00										
5.81E+03	-3.94E-01	-2.29E+00										
5.86E+03	-3.91E-01	-2.29E+00										
5.91E+03	-3.89E-01	-2.30E+00										
5.96E+03	-3.86E-01	-2.30E+00										
6.01E+03	-3.84E-01	-2.31E+00										
6.06E+03	-3.81E-01	-2.31E+00										
6.12E+03	-3.79E-01	-2.32E+00										
6.17E+03	-3.76E-01	-2.32E+00										
6.22E+03	-3.73E-01	-2.32E+00										
6.27E+03	-3.71E-01	-2.33E+00										
6.32E+03	-3.68E-01	-2.33E+00										
6.38E+03	-3.66E-01	-2.33E+00										
6.43E+03	-3.63E-01	-2.33E+00										
6.48E+03	-3.60E-01	-2.33E+00										
6.53E+03	-3.58E-01	-2.34E+00										
6.58E+03	-3.55E-01	-2.34E+00										
6.63E+03	-3.53E-01	-2.34E+00										
6.69E+03	-3.50E-01	-2.34E+00										
6.74E+03	-3.47E-01	-2.34E+00										
6.79E+03	-3.45E-01	-2.34E+00										
6.84E+03	-3.42E-01	-2.34E+00										
6.89E+03	-3.39E-01	-2.34E+00										
6.94E+03	-3.37E-01	-2.34E+00										
6.99E+03	-3.34E-01	-2.34E+00										
7.04E+03	-3.31E-01	-2.33E+00										
7.09E+03	-3.29E-01	-2.33E+00										
7.14E+03	-3.26E-01	-2.33E+00										
7.20E+03	-3.23E-01	-2.33E+00										
7.25E+03	-3.21E-01	-2.32E+00										
7.30E+03	-3.18E-01	-2.32E+00										
7.35E+03	-3.15E-01	-2.32E+00										
7.41E+03	-3.12E-01	-2.31E+00										
7.46E+03	-3.09E-01	-2.31E+00										
7.51E+03	-3.06E-01	-2.30E+00										
7.56E+03	-3.04E-01	-2.30E+00										
7.61E+03	-3.01E-01	-2.29E+00										
7.67E+03	-2.98E-01	-2.28E+00										
7.72E+03	-2.95E-01	-2.28E+00										
7.77E+03	-2.92E-01	-2.27E+00										
7.82E+03	-2.89E-01	-2.26E+00										
7.87E+03	-2.86E-01	-2.25E+00										
7.93E+03	-2.83E-01	-2.25E+00										
7.98E+03	-2.80E-01	-2.24E+00										
8.03E+03	-2.77E-01	-2.23E+00										
8.08E+03	-2.74E-01	-2.22E+00										
8.13E+03	-2.71E-01	-2.21E+00										
8.19E+03	-2.69E-01	-2.20E+00										
8.24E+03	-2.65E-01	-2.19E+00										
8.29E+03	-2.62E-01	-2.18E+00										
8.34E+03	-2.59E-01	-2.16E+00										
8.39E+03	-2.57E-01	-2.15E+00										
8.44E+03	-2.53E-01	-2.14E+00										
8.47E+03	-2.51E-01	-2.13E+00										
0.00E+00	-8.61E-01	0.00E+00										
0.00E+00	-9.45E-01	0.00E+00										
0.00E+00	-9.55E-01	0.00E+00										
0.00E+00	-9.60E-01	0.00E+00										
0.00E+00	-9.63E-01	0.00E+00										
0.00E+00	-9.67E-01	0.00E+00										
4.53E+01	-9.67E-01	-4.37E-02										
9.62E+01	-8.79E-01	-8.45E-02										
1.48E+02	-8.35E-01	-1.23E-01										
2.01E+02	-8.13E-01	-1.63E-01										
2.51E+02	-7.96E-01	-2.00E-01										
3.02E+02	-7.84E-01	-2.37E-01										
3.53E+02	-7.73E-01	-2.73E-01										
4.04E+02	-7.64E-01	-3.09E-01										
4.56E+02	-7.55E-01	-3.44E-01										
5.07E+02	-7.47E-01	-3.78E-01										
5.59E+02	-7.39E-01	-4.13E-01										
6.09E+02	-7.32E-01	-4.46E-01										
6.59E+02	-7.25E-01	-4.78E-01										
7.12E+02	-7.18E-01	-5.12E-01										
7.63E+02	-7.12E-01	-5.43E-01										
8.14E+02	-7.06E-01	-5.74E-01										
8.65E+02	-7.00E-01	-6.05E-01										
9.18E+02	-6.95E-01	-6.38E-01										
9.69E+02	-6.89E-01	-6.68E-01										
1.02E+03	-6.84E-01	-6.99E-01										
1.08E+03	-6.78E-01	-7.31E-01										
1.13E+03	-6.73E-01	-7.60E-01										
1.18E+03	-6.69E-01	-7.89E-01										
1.23E+03	-6.64E-01	-8.17E-01										
1.28E+03	-6.59E-01	-8.45E-01										
1.33E+03	-6.55E-01	-8.73E-01										
1.38E+03	-6.50E-01	-9.00E-01										
1.43E+03	-6.46E-01	-9.27E-01										
1.49E+03	-6.42E-01	-9.54E-01										
1.54E+03	-6.38E-01	-9.80E-01										
1.59E+03	-6.34E-01	-1.01E+00										
1.64E+03	-6.30E-01	-1.03E+00										
1.69E+03	-6.26E-01	-1.06E+00										
1.74E+03	-6.22E-01	-1.08E+00										
1.79E+03	-6.18E-01	-1.11E+00										
1.84E+03	-6.14E-01	-1.13E+00										
1.90E+03	-6.11E-01	-1.16E+00										
1.95E+03	-6.07E-01	-1.18E+00										
2.00E+03	-6.03E-01	-1.21E+00										
2.06E+03	-5.99E-01	-1.23E+00										
2.11E+03	-5.95E-01	-1.26E+00										
2.16E+03	-5.92E-01	-1.28E+00										
2.22E+03	-5.88E-01	-1.30E+00										
2.27E+03	-5.85E-01	-1.33E+00										
2.32E+03	-5.81E-01	-1.35E+00										
2.37E+03	-5.78E-01	-1.37E+00										
2.42E+03	-5.75E-01	-1.39E+00										
2.47E+03	-5.72E-01	-1.41E+00										
2.53E+03	-5.68E-01	-1.44E+00										
2.58E+03	-5.65E-01	-1.46E+00										
2.63E+03	-5.62E-01	-1.48E+00										
2.68E+03	-5.59E-01	-1.50E+00										
2.73E+03	-5.56E-01	-1.52E+00										
2.78E+03	-5.53E-01	-1.54E+00										
2.83E+03	-5.49E-01	-1.56E+00										
2.88E+03	-5.46E-01	-1.58E+00										
2.94E+03	-5.43E-01	-1.60E+00										
2.99E+03	-5.40E-01	-1.61E+00										
3.04E+03	-5.38E-01	-1.63E+00										
3.09E+03	-5.35E-01	-1.65E+00										
3.14E+03	-5.32E-01	-1.67E+00										
3.19E+03	-5.29E-01	-1.69E+00										
3.24E+03	-5.26E-01	-1.71E+00										
3.30E+03	-5.23E-01	-1.72E+00										
3.35E+03	-5.20E-01	-1.74E+00										
3.40E+03	-5.17E-01	-1.76E+00										
3.45E+03	-5.14E-01	-1.77E+00										
3.50E+03	-5.12E-01	-1.79E+00										
3.55E+03	-5.09E-01	-1.81E+00										
3.60E+03	-5.06E-01	-1.82E+00										
3.65E+03	-5.03E-01	-1.84E+00										
3.70E+03	-5.01E-01	-1.85E+00										
3.75E+03	-4.98E-01	-1.87E+00										
3.81E+03	-4.95E-01	-1.88E+00										
3.86E+03	-4.92E-01	-1.90E+00										
3.91E+03	-4.90E-01	-1.91E+00										
3.96E+03	-4.87E-01	-1.93E+00										
4.01E+03	-4.84E-01	-1.94E+00										
4.06E+03	-4.82E-01	-1.96E+00										
4.12E+03	-4.79E-01	-1.97E+00										
4.17E+03	-4.76E-01	-1.99E+00										
4.22E+03	-4.74E-01	-2.00E+00										
4.28E+03	-4.71E-01	-2.01E+00										
4.33E+03	-4.68E-01	-2.03E+00										
4.38E+03	-4.65E-01	-2.04E+00										
4.43E+03	-4.63E-01	-2.05E+00										
4.48E+03	-4.60E-01	-2.06E+00										
4.53E+03	-4.58E-01	-2.07E+00										
4.59E+03	-4.55E-01	-2.09E+00										
4.64E+03	-4.52E-01	-2.10E+00										
4.69E+03	-4.50E-01	-2.11E+00										
4.75E+03	-4.47E-01	-2.12E+00										
4.80E+03	-4.45E-01	-2.13E+00										
4.85E+03	-4.42E-01	-2.14E+00										
4.90E+03	-4.40E-01	-2.15E+00										
4.95E+03	-4.37E-01	-2.16E+00										
5.00E+03	-4.35E-01	-2.17E+00										
5.05E+03	-4.32E-01	-2.18E+00										
5.11E+03	-4.29E-01	-2.19E+00										
5.16E+03	-4.27E-01	-2.20E+00										
5.21E+03	-4.24E-01	-2.21E+00										
5.26E+03	-4.22E-01	-2.22E+00										
5.31E+03	-4.19E-01	-2.23E+00										
5.36E+03	-4.17E-01	-2.24E+00										
5.42E+03	-4.14E-01	-2.24E+00										
5.47E+03	-4.12E-01	-2.25E+00										
5.52E+03	-4.09E-01	-2.26E+00										
5.57E+03	-4.07E-01	-2.27E+00										
5.62E+03	-4.04E-01	-2.27E+00										
5.67E+03	-4.02E-01	-2.28E+00										
5.72E+03	-3.99E-01	-2.28E+00										
5.77E+03	-3.97E-01	-2.29E+00										
5.82E+03	-3.94E-01	-2.30E+00										
5.88E+03	-3.92E-01	-2.30E+00										
5.93E+03	-3.89E-01	-2.31E+00										
5.98E+03	-3.87E-01	-2.31E+00										
6.03E+03	-3.84E-01	-2.32E+00										
6.08E+03	-3.82E-01	-2.32E+00										
6.13E+03	-3.79E-01	-2.33E+00										
6.18E+03	-3.77E-01	-2.33E+00										
6.24E+03	-3.74E-01	-2.33E+00										
6.29E+03	-3.72E-01	-2.34E+00										
6.34E+03	-3.69E-01	-2.34E+00										
6.39E+03	-3.66E-01	-2.34E+00										
6.44E+03	-3.64E-01	-2.35E+00										
6.49E+03	-3.61E-01	-2.35E+00										
6.54E+03	-3.59E-01	-2.35E+00										
6.59E+03	-3.57E-01	-2.35E+00										
6.65E+03	-3.54E-01	-2.35E+00										
6.70E+03	-3.51E-01	-2.35E+00										
6.75E+03	-3.49E-01	-2.35E+00										
6.80E+03	-3.46E-01	-2.35E+00										
6.85E+03	-3.44E-01	-2.36E+00										
6.90E+03	-3.41E-01	-2.36E+00										
6.95E+03	-3.39E-01	-2.35E+00										
7.01E+03	-3.36E-01	-2.35E+00										
7.06E+03	-3.33E-01	-2.35E+00										
7.11E+03	-3.30E-01	-2.35E+00										
7.16E+03	-3.27E-01	-2.34E+00										
7.21E+03	-3.25E-01	-2.34E+00										
7.27E+03	-3.22E-01	-2.34E+00										
7.32E+03	-3.19E-01	-2.34E+00										
7.37E+03	-3.16E-01	-2.33E+00										
7.42E+03	-3.14E-01	-2.33E+00										
7.47E+03	-3.11E-01	-2.32E+00										
7.52E+03	-3.08E-01	-2.32E+00										
7.57E+03	-3.06E-01	-2.32E+00										
7.63E+03	-3.03E-01	-2.31E+00										
7.68E+03	-3.00E-01	-2.30E+00										
7.73E+03	-2.97E-01	-2.30E+00										
7.78E+03	-2.94E-01	-2.29E+00										
7.83E+03	-2.92E-01	-2.28E+00										
7.88E+03	-2.89E-01	-2.28E+00										
7.94E+03	-2.86E-01	-2.27E+00										
7.99E+03	-2.83E-01	-2.26E+00										
8.04E+03	-2.80E-01	-2.25E+00										
8.09E+03	-2.77E-01	-2.24E+00										
8.14E+03	-2.74E-01	-2.23E+00										
8.19E+03	-2.71E-01	-2.22E+00										
8.24E+03	-2.68E-01	-2.21E+00										
8.30E+03	-2.65E-01	-2.20E+00										
8.35E+03	-2.62E-01	-2.19E+00										
8.40E+03	-2.59E-01	-2.18E+00										
8.45E+03	-2.57E-01	-2.17E+00										
8.50E+03	-2.54E-01	-2.16E+00										
8.53E+03	-2.51E-01	-2.15E+00										
0.00E+00	-8.62E-01	0.00E+00										
0.00E+00	-9.45E-01	0.00E+00										
0.00E+00	-9.55E-01	0.00E+00										
0.00E+00	-9.60E-01	0.00E+00										
0.00E+00	-9.63E-01	0.00E+00										
0.00E+00	-9.66E-01	0.00E+00										
5.24E+01	-9.66E-01	-5.06E-02										
1.03E+02	-8.70E-01	-8.94E-02										
1.55E+02	-8.31E-01	-1.29E-01										
2.05E+02	-8.10E-01	-1.66E-01										
2.57E+02	-7.95E-01	-2.04E-01										
3.09E+02	-7.82E-01	-2.41E-01										
3.59E+02	-7.73E-01	-2.77E-01										
4.11E+02	-7.63E-01	-3.13E-01										
4.61E+02	-7.53E-01	-3.48E-01										
5.13E+02	-7.46E-01	-3.82E-01										
5.65E+02	-7.39E-01	-4.18E-01										
6.18E+02	-7.31E-01	-4.52E-01										
6.69E+02	-7.24E-01	-4.84E-01										
7.20E+02	-7.18E-01	-5.17E-01										
7.71E+02	-7.12E-01	-5.49E-01										
8.22E+02	-7.06E-01	-5.80E-01										
8.74E+02	-7.00E-01	-6.12E-01										
9.26E+02	-6.94E-01	-6.43E-01										
9.76E+02	-6.89E-01	-6.72E-01										
1.03E+03	-6.84E-01	-7.03E-01										
1.08E+03	-6.79E-01	-7.34E-01										
1.13E+03	-6.73E-01	-7.62E-01										
1.18E+03	-6.69E-01	-7.91E-01										
1.23E+03	-6.64E-01	-8.20E-01										
1.29E+03	-6.59E-01	-8.48E-01										
1.34E+03	-6.55E-01	-8.75E-01										
1.39E+03	-6.50E-01	-9.03E-01										
1.44E+03	-6.47E-01	-9.32E-01										
1.49E+03	-6.42E-01	-9.58E-01										
1.54E+03	-6.38E-01	-9.84E-01										
1.59E+03	-6.34E-01	-1.01E+00										
1.65E+03	-6.30E-01	-1.04E+00										
1.70E+03	-6.26E-01	-1.06E+00										
1.75E+03	-6.22E-01	-1.09E+00										
1.80E+03	-6.18E-01	-1.11E+00										
1.85E+03	-6.15E-01	-1.14E+00										
1.90E+03	-6.11E-01	-1.16E+00										
1.96E+03	-6.07E-01	-1.19E+00										
2.02E+03	-6.03E-01	-1.22E+00										
2.07E+03	-5.99E-01	-1.24E+00										
2.12E+03	-5.96E-01	-1.26E+00										
2.17E+03	-5.92E-01	-1.29E+00										
2.23E+03	-5.89E-01	-1.31E+00										
2.28E+03	-5.85E-01	-1.33E+00										
2.33E+03	-5.82E-01	-1.35E+00										
2.38E+03	-5.79E-01	-1.38E+00										
2.43E+03	-5.75E-01	-1.40E+00										
2.49E+03	-5.72E-01	-1.42E+00										
2.54E+03	-5.68E-01	-1.44E+00										
2.59E+03	-5.65E-01	-1.47E+00										
2.65E+03	-5.62E-01	-1.49E+00										
2.70E+03	-5.59E-01	-1.51E+00										
2.75E+03	-5.55E-01	-1.53E+00										
2.80E+03	-5.53E-01	-1.55E+00										
2.85E+03	-5.50E-01	-1.57E+00										
2.90E+03	-5.47E-01	-1.59E+00										
2.95E+03	-5.43E-01	-1.61E+00										
3.01E+03	-5.40E-01	-1.62E+00										
3.06E+03	-5.37E-01	-1.64E+00										
3.11E+03	-5.34E-01	-1.66E+00										
3.16E+03	-5.31E-01	-1.68E+00										
3.22E+03	-5.28E-01	-1.70E+00										
3.27E+03	-5.26E-01	-1.72E+00										
3.32E+03	-5.23E-01	-1.73E+00										
3.37E+03	-5.20E-01	-1.75E+00										
3.42E+03	-5.17E-01	-1.77E+00										
3.47E+03	-5.14E-01	-1.79E+00										
3.53E+03	-5.11E-01	-1.80E+00										
3.58E+03	-5.09E-01	-1.82E+00										
3.63E+03	-5.06E-01	-1.84E+00										
3.68E+03	-5.03E-01	-1.85E+00										
3.73E+03	-5.00E-01	-1.87E+00										
3.78E+03	-4.98E-01	-1.88E+00										
3.83E+03	-4.95E-01	-1.90E+00										
3.89E+03	-4.92E-01	-1.91E+00										
3.94E+03	-4.89E-01	-1.93E+00										
3.99E+03	-4.86E-01	-1.94E+00										
4.04E+03	-4.84E-01	-1.96E+00										
4.10E+03	-4.81E-01	-1.97E+00										
4.15E+03	-4.78E-01	-1.98E+00										
4.20E+03	-4.76E-01	-2.00E+00										
4.25E+03	-4.73E-01	-2.01E+00										
4.30E+03	-4.71E-01	-2.03E+00										
4.36E+03	-4.68E-01	-2.04E+00										
4.41E+03	-4.65E-01	-2.05E+00										
4.46E+03	-4.62E-01	-2.06E+00										
4.51E+03	-4.60E-01	-2.07E+00										
4.56E+03	-4.58E-01	-2.09E+00										
4.61E+03	-4.55E-01	-2.10E+00										
4.66E+03	-4.53E-01	-2.11E+00										
4.71E+03	-4.50E-01	-2.12E+00										
4.76E+03	-4.47E-01	-2.13E+00										
4.82E+03	-4.45E-01	-2.14E+00										
4.87E+03	-4.42E-01	-2.15E+00										
4.92E+03	-4.40E-01	-2.16E+00										
4.97E+03	-4.37E-01	-2.17E+00										
5.02E+03	-4.35E-01	-2.18E+00										
5.07E+03	-4.32E-01	-2.19E+00										
5.12E+03	-4.30E-01	-2.20E+00										
5.18E+03	-4.27E-01	-2.21E+00										
5.23E+03	-4.25E-01	-2.22E+00										
5.28E+03	-4.22E-01	-2.23E+00										
5.33E+03	-4.19E-01	-2.24E+00										
5.39E+03	-4.17E-01	-2.24E+00										
5.44E+03	-4.14E-01	-2.25E+00										
5.49E+03	-4.12E-01	-2.26E+00										
5.54E+03	-4.10E-01	-2.27E+00										
5.59E+03	-4.07E-01	-2.27E+00										
5.64E+03	-4.05E-01	-2.28E+00										
5.69E+03	-4.02E-01	-2.29E+00										
5.75E+03	-4.00E-01	-2.30E+00										
5.80E+03	-3.97E-01	-2.30E+00										
5.85E+03	-3.94E-01	-2.31E+00										
5.90E+03	-3.92E-01	-2.31E+00										
5.95E+03	-3.89E-01	-2.32E+00										
6.00E+03	-3.87E-01	-2.32E+00										
6.05E+03	-3.84E-01	-2.33E+00										
6.10E+03	-3.82E-01	-2.33E+00										
6.15E+03	-3.79E-01	-2.33E+00										
6.21E+03	-3.77E-01	-2.34E+00										
6.26E+03	-3.74E-01	-2.34E+00										
6.31E+03	-3.72E-01	-2.34E+00										
6.36E+03	-3.69E-01	-2.35E+00										
6.41E+03	-3.67E-01	-2.35E+00										
6.46E+03	-3.64E-01	-2.35E+00										
6.51E+03	-3.61E-01	-2.35E+00										
6.56E+03	-3.59E-01	-2.36E+00										
6.62E+03	-3.56E-01	-2.36E+00										
6.67E+03	-3.54E-01	-2.36E+00										
6.72E+03	-3.51E-01	-2.36E+00										
6.77E+03	-3.48E-01	-2.36E+00										
6.82E+03	-3.46E-01	-2.36E+00										
6.87E+03	-3.43E-01	-2.36E+00										
6.92E+03	-3.41E-01	-2.36E+00										
6.98E+03	-3.38E-01	-2.36E+00										
7.03E+03	-3.35E-01	-2.36E+00										
7.08E+03	-3.33E-01	-2.35E+00										
7.13E+03	-3.30E-01	-2.35E+00										
7.18E+03	-3.27E-01	-2.35E+00										
7.23E+03	-3.25E-01	-2.35E+00										
7.28E+03	-3.22E-01	-2.35E+00										
7.33E+03	-3.19E-01	-2.34E+00										
7.39E+03	-3.17E-01	-2.34E+00										
7.44E+03	-3.14E-01	-2.34E+00										
7.49E+03	-3.11E-01	-2.33E+00										
7.54E+03	-3.08E-01	-2.32E+00										
7.59E+03	-3.06E-01	-2.32E+00										
7.64E+03	-3.03E-01	-2.32E+00										
7.69E+03	-3.00E-01	-2.31E+00										
7.74E+03	-2.97E-01	-2.30E+00										
7.80E+03	-2.94E-01	-2.30E+00										
7.85E+03	-2.92E-01	-2.29E+00										
7.90E+03	-2.89E-01	-2.28E+00										
7.95E+03	-2.86E-01	-2.27E+00										
8.00E+03	-2.83E-01	-2.26E+00										
8.06E+03	-2.80E-01	-2.26E+00										
8.11E+03	-2.77E-01	-2.25E+00										
8.16E+03	-2.74E-01	-2.24E+00										
8.21E+03	-2.71E-01	-2.23E+00										
8.26E+03	-2.68E-01	-2.22E+00										
8.31E+03	-2.65E-01	-2.20E+00										
8.37E+03	-2.62E-01	-2.19E+00										
8.42E+03	-2.59E-01	-2.18E+00										
8.47E+03	-2.56E-01	-2.17E+00										
8.53E+03	-2.53E-01	-2.16E+00										
8.53E+03	-2.51E-01	-2.15E+00										
0.00E+00	-8.61E-01	0.00E+00										
0.00E+00	-9.45E-01	0.00E+00										
0.00E+00	-9.55E-01	0.00E+00										
0.00E+00	-9.60E-01	0.00E+00										
0.00E+00	-9.63E-01	0.00E+00										
0.00E+00	-9.66E-01	0.00E+00										
4.73E+01	-9.66E-01	-4.57E-02										
9.97E+01	-8.73E-01	-8.71E-02										
1.53E+02	-8.34E-01	-1.27E-01										
2.04E+02	-8.11E-01	-1.66E-01										
2.56E+02	-7.96E-01	-2.04E-01										
3.06E+02	-7.83E-01	-2.40E-01										
3.58E+02	-7.73E-01	-2.77E-01										
4.08E+02	-7.63E-01	-3.12E-01										
4.59E+02	-7.55E-01	-3.46E-01										
5.09E+02	-7.47E-01	-3.80E-01										
5.60E+02	-7.39E-01	-4.14E-01										
6.10E+02	-7.32E-01	-4.47E-01										
6.62E+02	-7.25E-01	-4.80E-01										
7.13E+02	-7.19E-01	-5.12E-01										
7.64E+02	-7.12E-01	-5.44E-01										
8.15E+02	-7.06E-01	-5.76E-01										
8.69E+02	-7.01E-01	-6.09E-01										
9.20E+02	-6.95E-01	-6.39E-01										
9.72E+02	-6.90E-01	-6.70E-01										
1.03E+03	-6.84E-01	-7.03E-01										
1.08E+03	-6.79E-01	-7.31E-01										
1.13E+03	-6.74E-01	-7.60E-01										
1.18E+03	-6.69E-01	-7.89E-01										
1.23E+03	-6.64E-01	-8.17E-01										
1.28E+03	-6.60E-01	-8.45E-01										
1.33E+03	-6.56E-01	-8.73E-01										
1.38E+03	-6.51E-01	-9.01E-01										
1.43E+03	-6.47E-01	-9.28E-01										
1.49E+03	-6.43E-01	-9.55E-01										
1.54E+03	-6.38E-01	-9.85E-01										
1.60E+03	-6.34E-01	-1.01E+00										
1.65E+03	-6.30E-01	-1.04E+00										
1.70E+03	-6.26E-01	-1.06E+00										
1.75E+03	-6.22E-01	-1.09E+00										
1.80E+03	-6.19E-01	-1.11E+00										
1.85E+03	-6.15E-01	-1.14E+00										
1.90E+03	-6.11E-01	-1.16E+00										
1.96E+03	-6.07E-01	-1.19E+00										
2.01E+03	-6.04E-01	-1.21E+00										
2.06E+03	-6.00E-01	-1.23E+00										
2.11E+03	-5.97E-01	-1.26E+00										
2.16E+03	-5.93E-01	-1.28E+00										
2.21E+03	-5.90E-01	-1.30E+00										
2.26E+03	-5.86E-01	-1.33E+00										
2.32E+03	-5.83E-01	-1.35E+00										
2.37E+03	-5.80E-01	-1.37E+00										
2.42E+03	-5.76E-01	-1.39E+00										
2.47E+03	-5.73E-01	-1.41E+00										
2.52E+03	-5.70E-01	-1.44E+00										
2.57E+03	-5.67E-01	-1.46E+00										
2.62E+03	-5.64E-01	-1.48E+00										
2.67E+03	-5.60E-01	-1.50E+00										
2.73E+03	-5.57E-01	-1.52E+00										
2.78E+03	-5.54E-01	-1.54E+00										
2.83E+03	-5.51E-01	-1.56E+00										
2.88E+03	-5.48E-01	-1.58E+00										
2.93E+03	-5.45E-01	-1.60E+00										
2.98E+03	-5.42E-01	-1.62E+00										
3.03E+03	-5.39E-01	-1.64E+00										
3.08E+03	-5.36E-01	-1.65E+00										
3.14E+03	-5.33E-01	-1.67E+00										
3.19E+03	-5.30E-01	-1.69E+00										
3.24E+03	-5.27E-01	-1.71E+00										
3.30E+03	-5.24E-01	-1.73E+00										
3.35E+03	-5.22E-01	-1.75E+00										
3.40E+03	-5.19E-01	-1.76E+00										
3.45E+03	-5.16E-01	-1.78E+00										
3.50E+03	-5.13E-01	-1.79E+00										
3.55E+03	-5.10E-01	-1.81E+00										
3.60E+03	-5.07E-01	-1.83E+00										
3.66E+03	-5.05E-01	-1.85E+00										
3.71E+03	-5.02E-01	-1.86E+00										
3.76E+03	-4.99E-01	-1.88E+00										
3.81E+03	-4.96E-01	-1.89E+00										
3.86E+03	-4.94E-01	-1.91E+00										
3.92E+03	-4.91E-01	-1.92E+00										
3.97E+03	-4.88E-01	-1.94E+00										
4.02E+03	-4.86E-01	-1.95E+00										
4.07E+03	-4.83E-01	-1.97E+00										
4.12E+03	-4.80E-01	-1.98E+00										
4.18E+03	-4.78E-01	-1.99E+00										
4.23E+03	-4.75E-01	-2.01E+00										
4.28E+03	-4.72E-01	-2.02E+00										
4.33E+03	-4.70E-01	-2.03E+00										
4.38E+03	-4.67E-01	-2.05E+00										
4.44E+03	-4.64E-01	-2.06E+00										
4.49E+03	-4.62E-01	-2.07E+00										
4.54E+03	-4.59E-01	-2.08E+00										
4.59E+03	-4.56E-01	-2.09E+00										
4.64E+03	-4.54E-01	-2.11E+00										
4.69E+03	-4.51E-01	-2.12E+00										
4.75E+03	-4.49E-01	-2.13E+00										
4.80E+03	-4.46E-01	-2.14E+00										
4.85E+03	-4.44E-01	-2.15E+00										
4.90E+03	-4.41E-01	-2.16E+00										
4.95E+03	-4.39E-01	-2.17E+00										
5.00E+03	-4.36E-01	-2.18E+00										
5.05E+03	-4.34E-01	-2.19E+00										
5.11E+03	-4.31E-01	-2.20E+00										
5.16E+03	-4.29E-01	-2.21E+00										
5.21E+03	-4.26E-01	-2.22E+00										
5.26E+03	-4.24E-01	-2.23E+00										
5.31E+03	-4.21E-01	-2.24E+00										
5.36E+03	-4.19E-01	-2.24E+00										
5.41E+03	-4.16E-01	-2.25E+00										
5.46E+03	-4.14E-01	-2.26E+00										
5.51E+03	-4.11E-01	-2.27E+00										
5.57E+03	-4.09E-01	-2.27E+00										
5.62E+03	-4.06E-01	-2.28E+00										
5.67E+03	-4.04E-01	-2.29E+00										
5.72E+03	-4.01E-01	-2.29E+00										
5.77E+03	-3.99E-01	-2.30E+00										
5.82E+03	-3.96E-01	-2.31E+00										
5.88E+03	-3.94E-01	-2.31E+00										
5.93E+03	-3.91E-01	-2.32E+00										
5.98E+03	-3.89E-01	-2.32E+00										
6.03E+03	-3.86E-01	-2.33E+00										
6.09E+03	-3.83E-01	-2.33E+00										
6.14E+03	-3.81E-01	-2.34E+00										
6.19E+03	-3.78E-01	-2.34E+00										
6.24E+03	-3.76E-01	-2.35E+00										
6.30E+03	-3.73E-01	-2.35E+00										
6.35E+03	-3.71E-01	-2.35E+00										
6.40E+03	-3.68E-01	-2.35E+00										
6.45E+03	-3.66E-01	-2.36E+00										
6.50E+03	-3.63E-01	-2.36E+00										
6.55E+03	-3.60E-01	-2.36E+00										
6.61E+03	-3.58E-01	-2.36E+00										
6.66E+03	-3.55E-01	-2.36E+00										
6.71E+03	-3.52E-01	-2.36E+00										
6.76E+03	-3.50E-01	-2.37E+00										
6.81E+03	-3.47E-01	-2.37E+00										
6.86E+03	-3.45E-01	-2.37E+00										
6.92E+03	-3.42E-01	-2.37E+00										
6.97E+03	-3.39E-01	-2.36E+00										
7.02E+03	-3.37E-01	-2.36E+00										
7.08E+03	-3.34E-01	-2.36E+00										
7.13E+03	-3.31E-01	-2.36E+00										
7.18E+03	-3.28E-01	-2.36E+00										
7.23E+03	-3.26E-01	-2.36E+00										
7.29E+03	-3.23E-01	-2.35E+00										
7.34E+03	-3.20E-01	-2.35E+00										
7.39E+03	-3.17E-01	-2.35E+00										
7.45E+03	-3.15E-01	-2.34E+00										
7.50E+03	-3.12E-01	-2.34E+00										
7.55E+03	-3.09E-01	-2.33E+00										
7.60E+03	-3.06E-01	-2.33E+00										
7.65E+03	-3.04E-01	-2.32E+00										
7.70E+03	-3.01E-01	-2.32E+00										
7.75E+03	-2.98E-01	-2.31E+00										
7.80E+03	-2.96E-01	-2.31E+00										
7.86E+03	-2.93E-01	-2.30E+00										
7.91E+03	-2.91E-01	-2.30E+00										
7.96E+03	-2.87E-01	-2.29E+00										
8.01E+03	-2.84E-01	-2.28E+00										
8.06E+03	-2.81E-01	-2.27E+00										
8.11E+03	-2.78E-01	-2.26E+00										
8.16E+03	-2.75E-01	-2.25E+00										
8.21E+03	-2.72E-01	-2.24E+00										
8.26E+03	-2.69E-01	-2.22E+00										
8.31E+03	-2.66E-01	-2.22E+00										
8.37E+03	-2.63E-01	-2.20E+00										
8.42E+03	-2.60E-01	-2.19E+00										
8.47E+03	-2.58E-01	-2.18E+00										
8.52E+03	-2.55E-01	-2.17E+00										
8.57E+03	-2.51E-01	-2.16E+00										
8.56E+03	-2.52E-01	-2.15E+00										
0.00E+00	-8.61E-01	0.00E+00										
0.00E+00	-9.45E-01	0.00E+00										
0.00E+00	-9.55E-01	0.00E+00										
0.00E+00	-9.60E-01	0.00E+00										
0.00E+00	-9.63E-01	0.00E+00										
0.00E+00	-9.66E-01	0.00E+00										
5.34E+01	-9.66E-01	-5.16E-02										
1.04E+02	-8.69E-01	-9.07E-02										
1.55E+02	-8.30E-01	-1.29E-01										
2.06E+02	-8.11E-01	-1.67E-01										
2.57E+02	-7.95E-01	-2.04E-01										
3.09E+02	-7.83E-01	-2.42E-01										
3.59E+02	-7.73E-01	-2.77E-01										
4.11E+02	-7.64E-01	-3.14E-01										
4.62E+02	-7.54E-01	-3.48E-01										
5.12E+02	-7.47E-01	-3.82E-01										
5.63E+02	-7.39E-01	-4.16E-01										
6.16E+02	-7.31E-01	-4.51E-01										
6.66E+02	-7.25E-01	-4.83E-01										
7.17E+02	-7.18E-01	-5.15E-01										
7.68E+02	-7.12E-01	-5.47E-01										
8.21E+02	-7.06E-01	-5.79E-01										
8.73E+02	-7.00E-01	-6.11E-01										
9.24E+02	-6.95E-01	-6.42E-01										
9.77E+02	-6.90E-01	-6.74E-01										
1.03E+03	-6.84E-01	-7.04E-01										
1.08E+03	-6.79E-01	-7.33E-01										
1.13E+03	-6.74E-01	-7.64E-01										
1.18E+03	-6.69E-01	-7.92E-01										
1.24E+03	-6.64E-01	-8.25E-01										
1.30E+03	-6.59E-01	-8.54E-01										
1.35E+03	-6.55E-01	-8.83E-01										
1.40E+03	-6.50E-01	-9.11E-01										
1.45E+03	-6.46E-01	-9.38E-01										
1.50E+03	-6.42E-01	-9.65E-01										
1.56E+03	-6.37E-01	-9.92E-01										
1.61E+03	-6.33E-01	-1.02E+00										
1.66E+03	-6.30E-01	-1.04E+00										
1.71E+03	-6.25E-01	-1.07E+00										
1.76E+03	-6.22E-01	-1.09E+00										
1.81E+03	-6.18E-01	-1.12E+00										
1.86E+03	-6.14E-01	-1.14E+00										
1.91E+03	-6.11E-01	-1.17E+00										
1.96E+03	-6.07E-01	-1.19E+00										
2.02E+03	-6.03E-01	-1.22E+00										
2.07E+03	-6.00E-01	-1.24E+00										
2.12E+03	-5.97E-01	-1.26E+00										
2.17E+03	-5.93E-01	-1.29E+00										
2.22E+03	-5.89E-01	-1.31E+00										
2.27E+03	-5.86E-01	-1.33E+00										
2.33E+03	-5.83E-01	-1.36E+00										
2.38E+03	-5.80E-01	-1.38E+00										
2.43E+03	-5.76E-01	-1.40E+00										
2.48E+03	-5.73E-01	-1.42E+00										
2.53E+03	-5.70E-01	-1.44E+00										
2.58E+03	-5.67E-01	-1.46E+00										
2.63E+03	-5.64E-01	-1.49E+00										
2.69E+03	-5.60E-01	-1.51E+00										
2.74E+03	-5.57E-01	-1.52E+00										
2.79E+03	-5.54E-01	-1.55E+00										
2.84E+03	-5.51E-01	-1.57E+00										
2.89E+03	-5.48E-01	-1.58E+00										
2.94E+03	-5.45E-01	-1.60E+00										
2.99E+03	-5.42E-01	-1.62E+00										
3.05E+03	-5.39E-01	-1.64E+00										
3.10E+03	-5.36E-01	-1.66E+00										
3.15E+03	-5.33E-01	-1.68E+00										
3.21E+03	-5.30E-01	-1.70E+00										
3.26E+03	-5.27E-01	-1.72E+00										
3.31E+03	-5.24E-01	-1.73E+00										
3.36E+03	-5.21E-01	-1.75E+00										
3.41E+03	-5.19E-01	-1.77E+00										
3.47E+03	-5.15E-01	-1.79E+00										
3.52E+03	-5.13E-01	-1.80E+00										
3.57E+03	-5.10E-01	-1.82E+00										
3.62E+03	-5.07E-01	-1.84E+00										
3.67E+03	-5.05E-01	-1.85E+00										
3.72E+03	-5.02E-01	-1.87E+00										
3.78E+03	-4.99E-01	-1.89E+00										
3.83E+03	-4.96E-01	-1.90E+00										
3.88E+03	-4.94E-01	-1.91E+00										
3.93E+03	-4.91E-01	-1.93E+00										
3.98E+03	-4.88E-01	-1.94E+00										
4.03E+03	-4.85E-01	-1.96E+00										
4.08E+03	-4.83E-01	-1.97E+00										
4.13E+03	-4.80E-01	-1.99E+00										
4.19E+03	-4.78E-01	-2.00E+00										
4.24E+03	-4.75E-01	-2.01E+00										
4.29E+03	-4.73E-01	-2.03E+00										
4.34E+03	-4.70E-01	-2.04E+00										
4.39E+03	-4.67E-01	-2.05E+00										
4.44E+03	-4.65E-01	-2.06E+00										
4.50E+03	-4.62E-01	-2.08E+00										
4.55E+03	-4.60E-01	-2.09E+00										
4.60E+03	-4.57E-01	-2.10E+00										
4.65E+03	-4.54E-01	-2.11E+00										
4.70E+03	-4.52E-01	-2.12E+00										
4.75E+03	-4.49E-01	-2.14E+00										
4.81E+03	-4.47E-01	-2.15E+00										
4.86E+03	-4.44E-01	-2.16E+00										
4.91E+03	-4.42E-01	-2.17E+00										
4.96E+03	-4.39E-01	-2.18E+00										
5.01E+03	-4.36E-01	-2.19E+00										
5.06E+03	-4.34E-01	-2.20E+00										
5.11E+03	-4.32E-01	-2.21E+00										
5.17E+03	-4.29E-01	-2.22E+00										
5.22E+03	-4.26E-01	-2.22E+00										
5.27E+03	-4.24E-01	-2.23E+00										
5.32E+03	-4.22E-01	-2.24E+00										
5.37E+03	-4.19E-01	-2.25E+00										
5.43E+03	-4.17E-01	-2.26E+00										
5.48E+03	-4.14E-01	-2.27E+00										
5.53E+03	-4.11E-01	-2.27E+00										
5.58E+03	-4.09E-01	-2.28E+00										
5.63E+03	-4.07E-01	-2.29E+00										
5.68E+03	-4.04E-01	-2.30E+00										
5.73E+03	-4.01E-01	-2.30E+00										
5.78E+03	-3.99E-01	-2.31E+00										
5.83E+03	-3.97E-01	-2.31E+00										
5.89E+03	-3.94E-01	-2.32E+00										
5.94E+03	-3.92E-01	-2.33E+00										
5.99E+03	-3.89E-01	-2.33E+00										
6.04E+03	-3.87E-01	-2.34E+00										
6.09E+03	-3.84E-01	-2.34E+00										
6.14E+03	-3.82E-01	-2.34E+00										
6.20E+03	-3.79E-01	-2.35E+00										
6.25E+03	-3.77E-01	-2.35E+00										
6.30E+03	-3.74E-01	-2.36E+00										
6.35E+03	-3.71E-01	-2.36E+00										
6.40E+03	-3.69E-01	-2.36E+00										
6.45E+03	-3.67E-01	-2.37E+00										
6.51E+03	-3.64E-01	-2.37E+00										
6.56E+03	-3.61E-01	-2.37E+00										
6.61E+03	-3.59E-01	-2.37E+00										
6.66E+03	-3.56E-01	-2.37E+00										
6.71E+03	-3.54E-01	-2.37E+00										
6.77E+03	-3.51E-01	-2.37E+00										
6.82E+03	-3.48E-01	-2.37E+00										
6.87E+03	-3.45E-01	-2.37E+00										
6.92E+03	-3.43E-01	-2.37E+00										
6.97E+03	-3.40E-01	-2.37E+00										
7.02E+03	-3.37E-01	-2.37E+00										
7.08E+03	-3.35E-01	-2.37E+00										
7.13E+03	-3.32E-01	-2.37E+00										
7.18E+03	-3.29E-01	-2.36E+00										
7.23E+03	-3.27E-01	-2.36E+00										
7.28E+03	-3.24E-01	-2.36E+00										
7.33E+03	-3.22E-01	-2.36E+00										
7.38E+03	-3.19E-01	-2.35E+00										
7.44E+03	-3.16E-01	-2.35E+00										
7.49E+03	-3.13E-01	-2.35E+00										
7.54E+03	-3.11E-01	-2.34E+00										
7.59E+03	-3.08E-01	-2.34E+00										
7.64E+03	-3.05E-01	-2.33E+00										
7.69E+03	-3.02E-01	-2.33E+00										
7.74E+03	-3.00E-01	-2.32E+00										
7.79E+03	-2.97E-01	-2.32E+00										
7.84E+03	-2.94E-01	-2.31E+00										
7.90E+03	-2.92E-01	-2.30E+00										
7.95E+03	-2.89E-01	-2.30E+00										
8.00E+03	-2.86E-01	-2.29E+00										
8.06E+03	-2.83E-01	-2.28E+00										
8.11E+03	-2.80E-01	-2.27E+00										
8.16E+03	-2.77E-01	-2.26E+00										
8.21E+03	-2.74E-01	-2.25E+00										
8.26E+03	-2.71E-01	-2.24E+00										
8.31E+03	-2.68E-01	-2.23E+00										
8.36E+03	-2.65E-01	-2.22E+00										
8.41E+03	-2.62E-01	-2.20E+00										
8.47E+03	-2.59E-01	-2.19E+00										
8.52E+03	-2.56E-01	-2.18E+00										
8.57E+03	-2.53E-01	-2.16E+00										
8.59E+03	-2.51E-01	-2.16E+00										
0.00E+00	-8.61E-01	0.00E+00										
0.00E+00	-9.45E-01	0.00E+00										
0.00E+00	-9.55E-01	0.00E+00										
0.00E+00	-9.60E-01	0.00E+00										
0.00E+00	-9.63E-01	0.00E+00										
0.00E+00	-9.66E-01	0.00E+00										
5.29E+01	-9.66E-01	-5.11E-02										
1.04E+02	-8.68E-01	-9.06E-02										
1.56E+02	-8.31E-01	-1.29E-01										
2.07E+02	-8.10E-01	-1.67E-01										
2.59E+02	-7.95E-01	-2.06E-01										
3.12E+02	-7.83E-01	-2.44E-01										
3.62E+02	-7.72E-01	-2.80E-01										
4.14E+02	-7.63E-01	-3.16E-01										
4.65E+02	-7.54E-01	-3.51E-01										
5.16E+02	-7.46E-01	-3.85E-01										
5.67E+02	-7.39E-01	-4.18E-01										
6.18E+02	-7.31E-01	-4.52E-01										
6.68E+02	-7.25E-01	-4.84E-01										
7.18E+02	-7.18E-01	-5.16E-01										
7.69E+02	-7.12E-01	-5.48E-01										
8.21E+02	-7.06E-01	-5.80E-01										
8.72E+02	-7.01E-01	-6.11E-01										
9.22E+02	-6.95E-01	-6.41E-01										
9.72E+02	-6.90E-01	-6.71E-01										
1.02E+03	-6.85E-01	-7.00E-01										
1.07E+03	-6.80E-01	-7.30E-01										
1.12E+03	-6.75E-01	-7.59E-01										
1.18E+03	-6.70E-01	-7.87E-01										
1.23E+03	-6.65E-01	-8.16E-01										
1.28E+03	-6.61E-01	-8.45E-01										
1.33E+03	-6.56E-01	-8.74E-01										
1.38E+03	-6.52E-01	-9.01E-01										
1.43E+03	-6.48E-01	-9.29E-01										
1.49E+03	-6.43E-01	-9.56E-01										
1.54E+03	-6.39E-01	-9.82E-01										
1.59E+03	-6.35E-01	-1.01E+00										
1.64E+03	-6.31E-01	-1.04E+00										
1.69E+03	-6.27E-01	-1.06E+00										
1.75E+03	-6.24E-01	-1.09E+00										
1.80E+03	-6.19E-01	-1.11E+00										
1.85E+03	-6.16E-01	-1.14E+00										
1.90E+03	-6.12E-01	-1.16E+00										
1.95E+03	-6.08E-01	-1.19E+00										
2.00E+03	-6.04E-01	-1.21E+00										
2.06E+03	-6.01E-01	-1.24E+00										
2.11E+03	-5.97E-01	-1.26E+00										
2.16E+03	-5.94E-01	-1.28E+00										
2.22E+03	-5.90E-01	-1.31E+00										
2.27E+03	-5.87E-01	-1.33E+00										
2.32E+03	-5.84E-01	-1.35E+00										
2.37E+03	-5.80E-01	-1.38E+00										
2.42E+03	-5.77E-01	-1.40E+00										
2.47E+03	-5.74E-01	-1.42E+00										
2.52E+03	-5.71E-01	-1.44E+00										
2.58E+03	-5.67E-01	-1.46E+00										
2.63E+03	-5.64E-01	-1.48E+00										
2.68E+03	-5.61E-01	-1.50E+00										
2.73E+03	-5.58E-01	-1.52E+00										
2.78E+03	-5.55E-01	-1.54E+00										
2.83E+03	-5.52E-01	-1.56E+00										
2.88E+03	-5.49E-01	-1.58E+00										
2.94E+03	-5.46E-01	-1.60E+00										
2.99E+03	-5.43E-01	-1.62E+00										
3.04E+03	-5.40E-01	-1.64E+00										
3.09E+03	-5.37E-01	-1.66E+00										
3.14E+03	-5.34E-01	-1.68E+00										
3.19E+03	-5.31E-01	-1.70E+00										
3.24E+03	-5.28E-01	-1.71E+00										
3.29E+03	-5.26E-01	-1.73E+00										
3.35E+03	-5.23E-01	-1.75E+00										
3.40E+03	-5.20E-01	-1.77E+00										
3.45E+03	-5.17E-01	-1.78E+00										
3.50E+03	-5.14E-01	-1.80E+00										
3.55E+03	-5.11E-01	-1.82E+00										
3.60E+03	-5.09E-01	-1.83E+00										
3.66E+03	-5.06E-01	-1.85E+00										
3.71E+03	-5.03E-01	-1.87E+00										
3.76E+03	-5.00E-01	-1.88E+00										
3.81E+03	-4.98E-01	-1.90E+00										
3.87E+03	-4.95E-01	-1.91E+00										
3.92E+03	-4.92E-01	-1.93E+00										
3.97E+03	-4.90E-01	-1.94E+00										
4.02E+03	-4.87E-01	-1.96E+00										
4.07E+03	-4.85E-01	-1.97E+00										
4.12E+03	-4.82E-01	-1.99E+00										
4.17E+03	-4.80E-01	-2.00E+00										
4.22E+03	-4.77E-01	-2.01E+00										
4.27E+03	-4.74E-01	-2.03E+00										
4.33E+03	-4.72E-01	-2.04E+00										
4.38E+03	-4.69E-01	-2.05E+00										
4.43E+03	-4.66E-01	-2.07E+00										
4.48E+03	-4.64E-01	-2.08E+00										
4.54E+03	-4.61E-01	-2.09E+00										
4.59E+03	-4.58E-01	-2.10E+00										
4.64E+03	-4.56E-01	-2.11E+00										
4.69E+03	-4.53E-01	-2.13E+00										
4.74E+03	-4.51E-01	-2.14E+00										
4.79E+03	-4.48E-01	-2.15E+00										
4.85E+03	-4.46E-01	-2.16E+00										
4.90E+03	-4.43E-01	-2.17E+00										
4.95E+03	-4.41E-01	-2.18E+00										
5.00E+03	-4.38E-01	-2.19E+00										
5.05E+03	-4.36E-01	-2.20E+00										
5.11E+03	-4.33E-01	-2.21E+00										
5.16E+03	-4.31E-01	-2.22E+00										
5.21E+03	-4.28E-01	-2.23E+00										
5.26E+03	-4.25E-01	-2.24E+00										
5.32E+03	-4.23E-01	-2.25E+00										
5.37E+03	-4.20E-01	-2.26E+00										
5.42E+03	-4.18E-01	-2.26E+00										
5.47E+03	-4.15E-01	-2.27E+00										
5.52E+03	-4.13E-01	-2.28E+00										
5.57E+03	-4.11E-01	-2.29E+00										
5.62E+03	-4.08E-01	-2.29E+00										
5.68E+03	-4.06E-01	-2.30E+00										
5.73E+03	-4.03E-01	-2.31E+00										
5.78E+03	-4.01E-01	-2.31E+00										
5.83E+03	-3.98E-01	-2.32E+00										
5.88E+03	-3.96E-01	-2.33E+00										
5.93E+03	-3.93E-01	-2.33E+00										
5.98E+03	-3.91E-01	-2.34E+00										
6.03E+03	-3.88E-01	-2.34E+00										
6.08E+03	-3.86E-01	-2.35E+00										
6.13E+03	-3.83E-01	-2.35E+00										
6.19E+03	-3.80E-01	-2.35E+00										
6.24E+03	-3.78E-01	-2.36E+00										
6.29E+03	-3.75E-01	-2.36E+00										
6.34E+03	-3.73E-01	-2.37E+00										
6.39E+03	-3.70E-01	-2.37E+00										
6.44E+03	-3.68E-01	-2.37E+00										
6.50E+03	-3.66E-01	-2.38E+00										
6.55E+03	-3.63E-01	-2.38E+00										
6.60E+03	-3.60E-01	-2.38E+00										
6.65E+03	-3.58E-01	-2.38E+00										
6.70E+03	-3.55E-01	-2.38E+00										
6.75E+03	-3.53E-01	-2.38E+00										
6.80E+03	-3.50E-01	-2.38E+00										
6.85E+03	-3.48E-01	-2.38E+00										
6.91E+03	-3.45E-01	-2.38E+00										
6.96E+03	-3.42E-01	-2.38E+00										
7.01E+03	-3.40E-01	-2.38E+00										
7.06E+03	-3.37E-01	-2.38E+00										
7.11E+03	-3.35E-01	-2.38E+00										
7.17E+03	-3.32E-01	-2.38E+00										
7.22E+03	-3.29E-01	-2.38E+00										
7.27E+03	-3.26E-01	-2.37E+00										
7.33E+03	-3.24E-01	-2.37E+00										
7.38E+03	-3.21E-01	-2.37E+00										
7.43E+03	-3.18E-01	-2.36E+00										
7.48E+03	-3.15E-01	-2.36E+00										
7.53E+03	-3.13E-01	-2.35E+00										
7.58E+03	-3.10E-01	-2.35E+00										
7.64E+03	-3.07E-01	-2.34E+00										
7.69E+03	-3.04E-01	-2.34E+00										
7.74E+03	-3.02E-01	-2.33E+00										
7.79E+03	-2.99E-01	-2.33E+00										
7.84E+03	-2.96E-01	-2.32E+00										
7.89E+03	-2.93E-01	-2.32E+00										
7.95E+03	-2.90E-01	-2.31E+00										
8.00E+03	-2.87E-01	-2.30E+00										
8.05E+03	-2.84E-01	-2.29E+00										
8.10E+03	-2.82E-01	-2.28E+00										
8.15E+03	-2.79E-01	-2.27E+00										
8.20E+03	-2.76E-01	-2.26E+00										
8.26E+03	-2.73E-01	-2.25E+00										
8.31E+03	-2.70E-01	-2.24E+00										
8.36E+03	-2.67E-01	-2.23E+00										
8.41E+03	-2.64E-01	-2.22E+00										
8.46E+03	-2.61E-01	-2.21E+00										
8.52E+03	-2.58E-01	-2.20E+00										
8.57E+03	-2.55E-01	-2.18E+00										
8.62E+03	-2.52E-01	-2.17E+00										
8.62E+03	-2.51E-01	-2.16E+00										
0.00E+00	-8.62E-01	0.00E+00										
0.00E+00	-9.45E-01	0.00E+00										
0.00E+00	-9.55E-01	0.00E+00										
0.00E+00	-9.60E-01	0.00E+00										
0.00E+00	-9.63E-01	0.00E+00										
0.00E+00	-9.66E-01	0.00E+00										
5.39E+01	-9.66E-01	-5.21E-02										
1.04E+02	-8.67E-01	-9.04E-02										
1.55E+02	-8.31E-01	-1.29E-01										
2.07E+02	-8.10E-01	-1.68E-01										
2.59E+02	-7.95E-01	-2.06E-01										
3.09E+02	-7.83E-01	-2.42E-01										
3.59E+02	-7.73E-01	-2.78E-01										
4.10E+02	-7.63E-01	-3.13E-01										
4.62E+02	-7.55E-01	-3.49E-01										
5.13E+02	-7.47E-01	-3.83E-01										
5.64E+02	-7.39E-01	-4.17E-01										
6.16E+02	-7.32E-01	-4.50E-01										
6.66E+02	-7.25E-01	-4.83E-01										
7.17E+02	-7.19E-01	-5.15E-01										
7.68E+02	-7.13E-01	-5.47E-01										
8.21E+02	-7.06E-01	-5.80E-01										
8.72E+02	-7.01E-01	-6.11E-01										
9.23E+02	-6.95E-01	-6.42E-01										
9.75E+02	-6.90E-01	-6.72E-01										
1.03E+03	-6.84E-01	-7.03E-01										
1.08E+03	-6.80E-01	-7.32E-01										
1.13E+03	-6.75E-01	-7.62E-01										
1.18E+03	-6.70E-01	-7.91E-01										
1.23E+03	-6.65E-01	-8.20E-01										
1.28E+03	-6.60E-01	-8.48E-01										
1.33E+03	-6.56E-01	-8.75E-01										
1.38E+03	-6.52E-01	-9.03E-01										
1.44E+03	-6.48E-01	-9.30E-01										
1.49E+03	-6.43E-01	-9.57E-01										
1.54E+03	-6.39E-01	-9.83E-01										
1.59E+03	-6.36E-01	-1.01E+00										
1.64E+03	-6.31E-01	-1.04E+00										
1.69E+03	-6.27E-01	-1.06E+00										
1.74E+03	-6.24E-01	-1.09E+00										
1.79E+03	-6.20E-01	-1.11E+00										
1.85E+03	-6.16E-01	-1.14E+00										
1.90E+03	-6.13E-01	-1.16E+00										
1.95E+03	-6.09E-01	-1.19E+00										
2.00E+03	-6.05E-01	-1.21E+00										
2.05E+03	-6.02E-01	-1.23E+00										
2.11E+03	-5.98E-01	-1.26E+00										
2.16E+03	-5.94E-01	-1.28E+00										
2.21E+03	-5.91E-01	-1.31E+00										
2.26E+03	-5.88E-01	-1.33E+00										
2.32E+03	-5.84E-01	-1.35E+00										
2.37E+03	-5.81E-01	-1.37E+00										
2.42E+03	-5.78E-01	-1.40E+00										
2.47E+03	-5.74E-01	-1.42E+00										
2.52E+03	-5.71E-01	-1.44E+00										
2.58E+03	-5.68E-01	-1.46E+00										
2.63E+03	-5.65E-01	-1.48E+00										
2.68E+03	-5.62E-01	-1.50E+00										
2.73E+03	-5.59E-01	-1.52E+00										
2.78E+03	-5.56E-01	-1.54E+00										
2.83E+03	-5.53E-01	-1.56E+00										
2.88E+03	-5.49E-01	-1.58E+00										
2.93E+03	-5.46E-01	-1.60E+00										
2.99E+03	-5.43E-01	-1.62E+00										
3.04E+03	-5.40E-01	-1.64E+00										
3.09E+03	-5.38E-01	-1.66E+00										
3.14E+03	-5.34E-01	-1.68E+00										
3.20E+03	-5.31E-01	-1.70E+00										
3.25E+03	-5.29E-01	-1.72E+00										
3.30E+03	-5.26E-01	-1.73E+00										
3.35E+03	-5.23E-01	-1.75E+00										
3.40E+03	-5.20E-01	-1.77E+00										
3.45E+03	-5.17E-01	-1.79E+00										
3.51E+03	-5.14E-01	-1.80E+00										
3.56E+03	-5.12E-01	-1.82E+00										
3.61E+03	-5.09E-01	-1.84E+00										
3.66E+03	-5.06E-01	-1.85E+00										
3.71E+03	-5.03E-01	-1.87E+00										
3.77E+03	-5.00E-01	-1.89E+00										
3.82E+03	-4.98E-01	-1.90E+00										
3.87E+03	-4.95E-01	-1.92E+00										
3.92E+03	-4.93E-01	-1.93E+00										
3.97E+03	-4.90E-01	-1.95E+00										
4.03E+03	-4.87E-01	-1.96E+00										
4.08E+03	-4.84E-01	-1.97E+00										
4.13E+03	-4.82E-01	-1.99E+00										
4.18E+03	-4.79E-01	-2.00E+00										
4.23E+03	-4.77E-01	-2.02E+00										
4.28E+03	-4.74E-01	-2.03E+00										
4.34E+03	-4.71E-01	-2.04E+00										
4.39E+03	-4.69E-01	-2.06E+00										
4.44E+03	-4.66E-01	-2.07E+00										
4.49E+03	-4.63E-01	-2.08E+00										
4.55E+03	-4.61E-01	-2.10E+00										
4.60E+03	-4.58E-01	-2.11E+00										
4.65E+03	-4.56E-01	-2.12E+00										
4.70E+03	-4.53E-01	-2.13E+00										
4.75E+03	-4.51E-01	-2.14E+00										
4.80E+03	-4.48E-01	-2.15E+00										
4.85E+03	-4.46E-01	-2.16E+00										
4.90E+03	-4.43E-01	-2.17E+00										
4.96E+03	-4.41E-01	-2.18E+00										
5.01E+03	-4.38E-01	-2.19E+00										
5.06E+03	-4.36E-01	-2.20E+00										
5.11E+03	-4.33E-01	-2.22E+00										
5.17E+03	-4.31E-01	-2.22E+00										
5.22E+03	-4.28E-01	-2.23E+00										
5.27E+03	-4.25E-01	-2.24E+00										
5.32E+03	-4.23E-01	-2.25E+00										
5.37E+03	-4.20E-01	-2.26E+00										
5.43E+03	-4.18E-01	-2.27E+00										
5.48E+03	-4.15E-01	-2.28E+00										
5.53E+03	-4.13E-01	-2.28E+00										
5.58E+03	-4.10E-01	-2.29E+00										
5.63E+03	-4.08E-01	-2.30E+00										
5.68E+03	-4.06E-01	-2.31E+00										
5.74E+03	-4.03E-01	-2.31E+00										
5.79E+03	-4.00E-01	-2.32E+00										
5.84E+03	-3.98E-01	-2.32E+00										
5.89E+03	-3.95E-01	-2.33E+00										
5.95E+03	-3.93E-01	-2.34E+00										
6.00E+03	-3.90E-01	-2.34E+00										
6.05E+03	-3.88E-01	-2.35E+00										
6.10E+03	-3.85E-01	-2.35E+00										
6.15E+03	-3.83E-01	-2.35E+00										
6.20E+03	-3.81E-01	-2.36E+00										
6.25E+03	-3.78E-01	-2.36E+00										
6.30E+03	-3.75E-01	-2.37E+00										
6.36E+03	-3.73E-01	-2.37E+00										
6.41E+03	-3.70E-01	-2.37E+00										
6.46E+03	-3.68E-01	-2.37E+00										
6.51E+03	-3.65E-01	-2.38E+00										
6.57E+03	-3.62E-01	-2.38E+00										
6.62E+03	-3.60E-01	-2.38E+00										
6.67E+03	-3.57E-01	-2.38E+00										
6.72E+03	-3.55E-01	-2.38E+00										
6.77E+03	-3.52E-01	-2.39E+00										
6.82E+03	-3.50E-01	-2.39E+00										
6.87E+03	-3.47E-01	-2.39E+00										
6.92E+03	-3.45E-01	-2.39E+00										
6.97E+03	-3.42E-01	-2.39E+00										
7.02E+03	-3.40E-01	-2.39E+00										
7.08E+03	-3.37E-01	-2.38E+00										
7.13E+03	-3.35E-01	-2.39E+00										
7.18E+03	-3.32E-01	-2.38E+00										
7.23E+03	-3.29E-01	-2.38E+00										
7.28E+03	-3.26E-01	-2.38E+00										
7.33E+03	-3.24E-01	-2.37E+00										
7.39E+03	-3.21E-01	-2.37E+00										
7.44E+03	-3.18E-01	-2.37E+00										
7.49E+03	-3.15E-01	-2.36E+00										
7.54E+03	-3.12E-01	-2.36E+00										
7.59E+03	-3.10E-01	-2.35E+00										
7.65E+03	-3.07E-01	-2.35E+00										
7.70E+03	-3.04E-01	-2.34E+00										
7.75E+03	-3.01E-01	-2.34E+00										
7.81E+03	-2.99E-01	-2.33E+00										
7.86E+03	-2.96E-01	-2.32E+00										
7.91E+03	-2.93E-01	-2.32E+00										
7.96E+03	-2.90E-01	-2.31E+00										
8.01E+03	-2.87E-01	-2.30E+00										
8.06E+03	-2.84E-01	-2.29E+00										
8.12E+03	-2.82E-01	-2.29E+00										
8.17E+03	-2.79E-01	-2.28E+00										
8.22E+03	-2.75E-01	-2.26E+00										
8.27E+03	-2.72E-01	-2.25E+00										
8.32E+03	-2.70E-01	-2.24E+00										
8.37E+03	-2.67E-01	-2.23E+00										
8.42E+03	-2.64E-01	-2.22E+00										
8.48E+03	-2.61E-01	-2.21E+00										
8.53E+03	-2.58E-01	-2.20E+00										
8.58E+03	-2.55E-01	-2.19E+00										
8.63E+03	-2.52E-01	-2.17E+00										
8.63E+03	-2.51E-01	-2.17E+00										
0.00E+00	-8.61E-01	0.00E+00										
0.00E+00	-9.45E-01	0.00E+00										
0.00E+00	-9.55E-01	0.00E+00										
0.00E+00	-9.60E-01	0.00E+00										
0.00E+00	-9.63E-01	0.00E+00										
0.00E+00	-9.66E-01	0.00E+00										
4.22E+01	-9.66E-01	-4.08E-02										
9.26E+01	-8.87E-01	-8.21E-02										
1.45E+02	-8.37E-01	-1.21E-01										
1.95E+02	-8.16E-01	-1.59E-01										
2.51E+02	-7.98E-01	-2.00E-01										
3.01E+02	-7.86E-01	-2.37E-01										
3.53E+02	-7.74E-01	-2.73E-01										
4.05E+02	-7.65E-01	-3.09E-01										
4.56E+02	-7.56E-01	-3.45E-01										
5.07E+02	-7.47E-01	-3.79E-01										
5.57E+02	-7.40E-01	-4.13E-01										
6.10E+02	-7.33E-01	-4.47E-01										
6.61E+02	-7.25E-01	-4.79E-01										
7.11E+02	-7.19E-01	-5.12E-01										
7.62E+02	-7.13E-01	-5.43E-01										
8.13E+02	-7.07E-01	-5.75E-01										
8.64E+02	-7.02E-01	-6.06E-01										
9.15E+02	-6.96E-01	-6.37E-01										
9.69E+02	-6.91E-01	-6.70E-01										
1.02E+03	-6.85E-01	-6.99E-01										
1.07E+03	-6.80E-01	-7.28E-01										
1.12E+03	-6.76E-01	-7.58E-01										
1.17E+03	-6.71E-01	-7.88E-01										
1.23E+03	-6.66E-01	-8.16E-01										
1.28E+03	-6.61E-01	-8.44E-01										
1.33E+03	-6.57E-01	-8.72E-01										
1.38E+03	-6.53E-01	-9.00E-01										
1.43E+03	-6.48E-01	-9.28E-01										
1.48E+03	-6.44E-01	-9.55E-01										
1.53E+03	-6.40E-01	-9.82E-01										
1.59E+03	-6.36E-01	-1.01E+00										
1.64E+03	-6.32E-01	-1.04E+00										
1.69E+03	-6.28E-01	-1.06E+00										
1.74E+03	-6.24E-01	-1.09E+00										
1.79E+03	-6.20E-01	-1.11E+00										
1.85E+03	-6.16E-01	-1.14E+00										
1.90E+03	-6.12E-01	-1.16E+00										
1.95E+03	-6.09E-01	-1.19E+00										
2.00E+03	-6.05E-01	-1.21E+00										
2.05E+03	-6.02E-01	-1.23E+00										
2.10E+03	-5.99E-01	-1.26E+00										
2.15E+03	-5.95E-01	-1.28E+00										
2.20E+03	-5.92E-01	-1.30E+00										
2.25E+03	-5.88E-01	-1.33E+00										
2.30E+03	-5.85E-01	-1.35E+00										
2.35E+03	-5.82E-01	-1.37E+00										
2.40E+03	-5.79E-01	-1.39E+00										
2.46E+03	-5.75E-01	-1.41E+00										
2.51E+03	-5.72E-01	-1.44E+00										
2.56E+03	-5.69E-01	-1.46E+00										
2.61E+03	-5.66E-01	-1.48E+00										
2.66E+03	-5.63E-01	-1.50E+00										
2.72E+03	-5.60E-01	-1.52E+00										
2.77E+03	-5.57E-01	-1.54E+00										
2.82E+03	-5.53E-01	-1.56E+00										
2.87E+03	-5.50E-01	-1.58E+00										
2.92E+03	-5.47E-01	-1.60E+00										
2.97E+03	-5.44E-01	-1.62E+00										
3.02E+03	-5.42E-01	-1.64E+00										
3.07E+03	-5.39E-01	-1.66E+00										
3.13E+03	-5.36E-01	-1.68E+00										
3.18E+03	-5.33E-01	-1.69E+00										
3.23E+03	-5.30E-01	-1.71E+00										
3.28E+03	-5.27E-01	-1.73E+00										
3.34E+03	-5.24E-01	-1.75E+00										
3.39E+03	-5.21E-01	-1.76E+00										
3.44E+03	-5.19E-01	-1.78E+00										
3.49E+03	-5.15E-01	-1.80E+00										
3.54E+03	-5.13E-01	-1.82E+00										
3.59E+03	-5.10E-01	-1.83E+00										
3.64E+03	-5.07E-01	-1.85E+00										
3.69E+03	-5.04E-01	-1.86E+00										
3.74E+03	-5.02E-01	-1.88E+00										
3.79E+03	-4.99E-01	-1.89E+00										
3.85E+03	-4.97E-01	-1.91E+00										
3.90E+03	-4.94E-01	-1.92E+00										
3.95E+03	-4.91E-01	-1.94E+00										
4.00E+03	-4.89E-01	-1.96E+00										
4.05E+03	-4.86E-01	-1.97E+00										
4.10E+03	-4.83E-01	-1.98E+00										
4.16E+03	-4.81E-01	-2.00E+00										
4.21E+03	-4.78E-01	-2.01E+00										
4.26E+03	-4.76E-01	-2.03E+00										
4.31E+03	-4.73E-01	-2.04E+00										
4.36E+03	-4.70E-01	-2.05E+00										
4.41E+03	-4.68E-01	-2.06E+00										
4.46E+03	-4.65E-01	-2.08E+00										
4.51E+03	-4.63E-01	-2.09E+00										
4.56E+03	-4.60E-01	-2.10E+00										
4.62E+03	-4.58E-01	-2.11E+00										
4.67E+03	-4.55E-01	-2.13E+00										
4.72E+03	-4.53E-01	-2.14E+00										
4.77E+03	-4.50E-01	-2.15E+00										
4.82E+03	-4.48E-01	-2.16E+00										
4.87E+03	-4.46E-01	-2.17E+00										
4.92E+03	-4.43E-01	-2.18E+00										
4.97E+03	-4.40E-01	-2.19E+00										
5.03E+03	-4.37E-01	-2.20E+00										
5.08E+03	-4.35E-01	-2.21E+00										
5.13E+03	-4.32E-01	-2.22E+00										
5.19E+03	-4.30E-01	-2.23E+00										
5.24E+03	-4.28E-01	-2.24E+00										
5.29E+03	-4.25E-01	-2.25E+00										
5.34E+03	-4.22E-01	-2.26E+00										
5.39E+03	-4.20E-01	-2.26E+00										
5.44E+03	-4.18E-01	-2.27E+00										
5.50E+03	-4.15E-01	-2.28E+00										
5.55E+03	-4.12E-01	-2.29E+00										
5.60E+03	-4.10E-01	-2.30E+00										
5.65E+03	-4.08E-01	-2.30E+00										
5.70E+03	-4.05E-01	-2.31E+00										
5.75E+03	-4.03E-01	-2.32E+00										
5.80E+03	-4.00E-01	-2.32E+00										
5.86E+03	-3.98E-01	-2.33E+00										
5.91E+03	-3.95E-01	-2.33E+00										
5.96E+03	-3.93E-01	-2.34E+00										
6.01E+03	-3.90E-01	-2.34E+00										
6.06E+03	-3.88E-01	-2.35E+00										
6.11E+03	-3.85E-01	-2.35E+00										
6.16E+03	-3.83E-01	-2.36E+00										
6.21E+03	-3.80E-01	-2.36E+00										
6.27E+03	-3.78E-01	-2.37E+00										
6.32E+03	-3.75E-01	-2.37E+00										
6.37E+03	-3.73E-01	-2.37E+00										
6.42E+03	-3.70E-01	-2.38E+00										
6.47E+03	-3.68E-01	-2.38E+00										
6.52E+03	-3.65E-01	-2.38E+00										
6.57E+03	-3.63E-01	-2.38E+00										
6.63E+03	-3.60E-01	-2.39E+00										
6.68E+03	-3.57E-01	-2.39E+00										
6.73E+03	-3.55E-01	-2.39E+00										
6.79E+03	-3.52E-01	-2.39E+00										
6.84E+03	-3.49E-01	-2.39E+00										
6.89E+03	-3.47E-01	-2.39E+00										
6.94E+03	-3.44E-01	-2.39E+00										
6.99E+03	-3.41E-01	-2.39E+00										
7.05E+03	-3.39E-01	-2.39E+00										
7.10E+03	-3.36E-01	-2.39E+00										
7.15E+03	-3.34E-01	-2.39E+00										
7.20E+03	-3.31E-01	-2.38E+00										
7.25E+03	-3.28E-01	-2.38E+00										
7.30E+03	-3.26E-01	-2.38E+00										
7.35E+03	-3.23E-01	-2.38E+00										
7.40E+03	-3.21E-01	-2.37E+00										
7.46E+03	-3.18E-01	-2.37E+00										
7.51E+03	-3.15E-01	-2.37E+00										
7.56E+03	-3.12E-01	-2.36E+00										
7.61E+03	-3.10E-01	-2.36E+00										
7.66E+03	-3.07E-01	-2.35E+00										
7.71E+03	-3.04E-01	-2.35E+00										
7.77E+03	-3.01E-01	-2.34E+00										
7.82E+03	-2.99E-01	-2.33E+00										
7.87E+03	-2.96E-01	-2.33E+00										
7.92E+03	-2.93E-01	-2.32E+00										
7.97E+03	-2.90E-01	-2.31E+00										
8.02E+03	-2.87E-01	-2.31E+00										
8.08E+03	-2.84E-01	-2.30E+00										
8.13E+03	-2.81E-01	-2.29E+00										
8.18E+03	-2.78E-01	-2.28E+00										
8.23E+03	-2.75E-01	-2.27E+00										
8.29E+03	-2.73E-01	-2.26E+00										
8.34E+03	-2.69E-01	-2.25E+00										
8.39E+03	-2.67E-01	-2.24E+00										
8.44E+03	-2.64E-01	-2.22E+00										
8.49E+03	-2.61E-01	-2.21E+00										
8.54E+03	-2.58E-01	-2.20E+00										
8.60E+03	-2.54E-01	-2.19E+00										
8.65E+03	-2.51E-01	-2.17E+00										
8.64E+03	-2.51E-01	-2.17E+00										
0.00E+00	-8.62E-01	0.00E+00										
0.00E+00	-9.45E-01	0.00E+00										
0.00E+00	-9.55E-01	0.00E+00										
0.00E+00	-9.60E-01	0.00E+00										
0.00E+00	-9.63E-01	0.00E+00										
0.00E+00	-9.66E-01	0.00E+00										
4.93E+01	-9.66E-01	-4.77E-02										
1.00E+02	-8.72E-01	-8.74E-02										
1.53E+02	-8.33E-01	-1.27E-01										
2.03E+02	-8.11E-01	-1.65E-01										
2.54E+02	-7.97E-01	-2.02E-01										
3.06E+02	-7.84E-01	-2.40E-01										
3.57E+02	-7.73E-01	-2.76E-01										
4.11E+02	-7.64E-01	-3.14E-01										
4.62E+02	-7.55E-01	-3.49E-01										
5.15E+02	-7.47E-01	-3.85E-01										
5.68E+02	-7.39E-01	-4.20E-01										
6.19E+02	-7.32E-01	-4.53E-01										
6.70E+02	-7.24E-01	-4.85E-01										
7.21E+02	-7.18E-01	-5.18E-01										
7.72E+02	-7.12E-01	-5.50E-01										
8.22E+02	-7.07E-01	-5.81E-01										
8.73E+02	-7.00E-01	-6.11E-01										
9.23E+02	-6.95E-01	-6.42E-01										
9.74E+02	-6.90E-01	-6.72E-01										
1.03E+03	-6.85E-01	-7.03E-01										
1.08E+03	-6.79E-01	-7.31E-01										
1.13E+03	-6.75E-01	-7.61E-01										
1.18E+03	-6.70E-01	-7.90E-01										
1.23E+03	-6.65E-01	-8.17E-01										
1.28E+03	-6.61E-01	-8.45E-01										
1.33E+03	-6.57E-01	-8.73E-01										
1.38E+03	-6.52E-01	-9.00E-01										
1.43E+03	-6.48E-01	-9.27E-01										
1.48E+03	-6.44E-01	-9.54E-01										
1.53E+03	-6.40E-01	-9.80E-01										
1.58E+03	-6.36E-01	-1.01E+00										
1.63E+03	-6.32E-01	-1.03E+00										
1.68E+03	-6.28E-01	-1.06E+00										
1.74E+03	-6.24E-01	-1.08E+00										
1.79E+03	-6.20E-01	-1.11E+00										
1.84E+03	-6.17E-01	-1.14E+00										
1.89E+03	-6.13E-01	-1.16E+00										
1.95E+03	-6.09E-01	-1.19E+00										
2.00E+03	-6.06E-01	-1.21E+00										
2.05E+03	-6.02E-01	-1.23E+00										
2.10E+03	-5.99E-01	-1.26E+00										
2.15E+03	-5.95E-01	-1.28E+00										
2.20E+03	-5.92E-01	-1.30E+00										
2.25E+03	-5.88E-01	-1.33E+00										
2.30E+03	-5.85E-01	-1.35E+00										
2.35E+03	-5.82E-01	-1.37E+00										
2.41E+03	-5.79E-01	-1.39E+00										
2.46E+03	-5.76E-01	-1.42E+00										
2.51E+03	-5.72E-01	-1.44E+00										
2.56E+03	-5.69E-01	-1.46E+00										
2.62E+03	-5.66E-01	-1.48E+00										
2.67E+03	-5.63E-01	-1.50E+00										
2.72E+03	-5.59E-01	-1.52E+00										
2.77E+03	-5.56E-01	-1.54E+00										
2.82E+03	-5.53E-01	-1.56E+00										
2.87E+03	-5.50E-01	-1.58E+00										
2.92E+03	-5.47E-01	-1.60E+00										
2.98E+03	-5.44E-01	-1.62E+00										
3.03E+03	-5.41E-01	-1.64E+00										
3.08E+03	-5.38E-01	-1.66E+00										
3.13E+03	-5.35E-01	-1.68E+00										
3.19E+03	-5.32E-01	-1.70E+00										
3.24E+03	-5.29E-01	-1.71E+00										
3.29E+03	-5.27E-01	-1.73E+00										
3.34E+03	-5.24E-01	-1.75E+00										
3.39E+03	-5.21E-01	-1.77E+00										
3.45E+03	-5.18E-01	-1.78E+00										
3.50E+03	-5.15E-01	-1.80E+00										
3.55E+03	-5.12E-01	-1.82E+00										
3.60E+03	-5.10E-01	-1.83E+00										
3.65E+03	-5.07E-01	-1.85E+00										
3.70E+03	-5.04E-01	-1.87E+00										
3.75E+03	-5.01E-01	-1.88E+00										
3.81E+03	-4.99E-01	-1.90E+00										
3.86E+03	-4.96E-01	-1.91E+00										
3.91E+03	-4.93E-01	-1.93E+00										
3.96E+03	-4.91E-01	-1.94E+00										
4.01E+03	-4.88E-01	-1.96E+00										
4.07E+03	-4.85E-01	-1.97E+00										
4.12E+03	-4.83E-01	-1.99E+00										
4.17E+03	-4.80E-01	-2.00E+00										
4.22E+03	-4.77E-01	-2.02E+00										
4.27E+03	-4.75E-01	-2.03E+00										
4.33E+03	-4.72E-01	-2.04E+00										
4.38E+03	-4.70E-01	-2.06E+00										
4.43E+03	-4.67E-01	-2.07E+00										
4.48E+03	-4.65E-01	-2.08E+00										
4.53E+03	-4.62E-01	-2.09E+00										
4.58E+03	-4.59E-01	-2.10E+00										
4.63E+03	-4.57E-01	-2.12E+00										
4.68E+03	-4.54E-01	-2.13E+00										
4.73E+03	-4.52E-01	-2.14E+00										
4.79E+03	-4.49E-01	-2.15E+00										
4.84E+03	-4.47E-01	-2.16E+00										
4.89E+03	-4.44E-01	-2.17E+00										
4.94E+03	-4.42E-01	-2.18E+00										
4.99E+03	-4.39E-01	-2.19E+00										
5.04E+03	-4.37E-01	-2.20E+00										
5.10E+03	-4.34E-01	-2.21E+00										
5.15E+03	-4.32E-01	-2.22E+00										
5.20E+03	-4.29E-01	-2.23E+00										
5.25E+03	-4.26E-01	-2.24E+00										
5.30E+03	-4.24E-01	-2.25E+00										
5.35E+03	-4.21E-01	-2.26E+00										
5.40E+03	-4.19E-01	-2.27E+00										
5.45E+03	-4.17E-01	-2.27E+00										
5.51E+03	-4.14E-01	-2.28E+00										
5.56E+03	-4.12E-01	-2.29E+00										
5.61E+03	-4.09E-01	-2.30E+00										
5.66E+03	-4.07E-01	-2.30E+00										
5.72E+03	-4.04E-01	-2.31E+00										
5.77E+03	-4.01E-01	-2.32E+00										
5.82E+03	-3.99E-01	-2.32E+00										
5.87E+03	-3.96E-01	-2.33E+00										
5.93E+03	-3.94E-01	-2.33E+00										
5.98E+03	-3.91E-01	-2.34E+00										
6.03E+03	-3.89E-01	-2.34E+00										
6.08E+03	-3.86E-01	-2.35E+00										
6.13E+03	-3.84E-01	-2.35E+00										
6.18E+03	-3.81E-01	-2.36E+00										
6.23E+03	-3.79E-01	-2.36E+00										
6.29E+03	-3.76E-01	-2.37E+00										
6.34E+03	-3.74E-01	-2.37E+00										
6.39E+03	-3.71E-01	-2.37E+00										
6.44E+03	-3.69E-01	-2.38E+00										
6.49E+03	-3.66E-01	-2.38E+00										
6.54E+03	-3.64E-01	-2.38E+00										
6.59E+03	-3.61E-01	-2.38E+00										
6.65E+03	-3.59E-01	-2.38E+00										
6.70E+03	-3.56E-01	-2.38E+00										
6.75E+03	-3.53E-01	-2.39E+00										
6.80E+03	-3.51E-01	-2.39E+00										
6.85E+03	-3.48E-01	-2.39E+00										
6.90E+03	-3.46E-01	-2.39E+00										
6.96E+03	-3.43E-01	-2.39E+00										
7.01E+03	-3.40E-01	-2.39E+00										
7.06E+03	-3.38E-01	-2.38E+00										
7.11E+03	-3.35E-01	-2.38E+00										
7.16E+03	-3.33E-01	-2.38E+00										
7.22E+03	-3.30E-01	-2.38E+00										
7.27E+03	-3.27E-01	-2.38E+00										
7.32E+03	-3.25E-01	-2.38E+00										
7.37E+03	-3.22E-01	-2.37E+00										
7.42E+03	-3.19E-01	-2.37E+00										
7.47E+03	-3.16E-01	-2.36E+00										
7.53E+03	-3.14E-01	-2.36E+00										
7.58E+03	-3.11E-01	-2.35E+00										
7.63E+03	-3.09E-01	-2.35E+00										
7.68E+03	-3.06E-01	-2.35E+00										
7.73E+03	-3.03E-01	-2.34E+00										
7.78E+03	-3.00E-01	-2.33E+00										
7.83E+03	-2.97E-01	-2.33E+00										
7.89E+03	-2.94E-01	-2.32E+00										
7.94E+03	-2.92E-01	-2.31E+00										
7.99E+03	-2.89E-01	-2.31E+00										
8.04E+03	-2.86E-01	-2.30E+00										
8.09E+03	-2.83E-01	-2.29E+00										
8.14E+03	-2.80E-01	-2.28E+00										
8.19E+03	-2.77E-01	-2.27E+00										
8.24E+03	-2.74E-01	-2.26E+00										
8.30E+03	-2.72E-01	-2.25E+00										
8.35E+03	-2.68E-01	-2.24E+00										
8.41E+03	-2.65E-01	-2.23E+00										
8.46E+03	-2.62E-01	-2.22E+00										
8.51E+03	-2.59E-01	-2.21E+00										
8.56E+03	-2.56E-01	-2.19E+00										
8.61E+03	-2.53E-01	-2.18E+00										
8.64E+03	-2.51E-01	-2.17E+00										
0.00E+00	-8.61E-01	0.00E+00										
0.00E+00	-9.45E-01	0.00E+00										
0.00E+00	-9.55E-01	0.00E+00										
0.00E+00	-9.60E-01	0.00E+00										
0.00E+00	-9.62E-01	0.00E+00										
0.00E+00	-9.66E-01	0.00E+00										
4.37E+01	-9.66E-01	-4.22E-02										
9.52E+01	-8.83E-01	-8.41E-02										
1.48E+02	-8.35E-01	-1.23E-01										
1.99E+02	-8.13E-01	-1.62E-01										
2.55E+02	-7.97E-01	-2.03E-01										
3.07E+02	-7.84E-01	-2.41E-01										
3.58E+02	-7.73E-01	-2.77E-01										
4.09E+02	-7.64E-01	-3.12E-01										
4.60E+02	-7.55E-01	-3.47E-01										
5.11E+02	-7.47E-01	-3.81E-01										
5.63E+02	-7.40E-01	-4.17E-01										
6.15E+02	-7.33E-01	-4.50E-01										
6.65E+02	-7.26E-01	-4.83E-01										
7.16E+02	-7.19E-01	-5.15E-01										
7.68E+02	-7.13E-01	-5.47E-01										
8.19E+02	-7.07E-01	-5.79E-01										
8.72E+02	-7.01E-01	-6.11E-01										
9.22E+02	-6.95E-01	-6.41E-01										
9.75E+02	-6.90E-01	-6.72E-01										
1.03E+03	-6.85E-01	-7.04E-01										
1.08E+03	-6.79E-01	-7.33E-01										
1.13E+03	-6.75E-01	-7.63E-01										
1.18E+03	-6.70E-01	-7.91E-01										
1.23E+03	-6.65E-01	-8.19E-01										
1.28E+03	-6.61E-01	-8.48E-01										
1.33E+03	-6.56E-01	-8.76E-01										
1.39E+03	-6.52E-01	-9.03E-01										
1.44E+03	-6.48E-01	-9.30E-01										
1.49E+03	-6.43E-01	-9.56E-01										
1.54E+03	-6.39E-01	-9.83E-01										
1.59E+03	-6.35E-01	-1.01E+00										
1.64E+03	-6.32E-01	-1.04E+00										
1.69E+03	-6.28E-01	-1.06E+00										
1.74E+03	-6.24E-01	-1.09E+00										
1.80E+03	-6.20E-01	-1.11E+00										
1.85E+03	-6.16E-01	-1.14E+00										
1.90E+03	-6.13E-01	-1.16E+00										
1.95E+03	-6.09E-01	-1.19E+00										
2.00E+03	-6.05E-01	-1.21E+00										
2.05E+03	-6.02E-01	-1.23E+00										
2.10E+03	-5.99E-01	-1.26E+00										
2.15E+03	-5.95E-01	-1.28E+00										
2.20E+03	-5.92E-01	-1.30E+00										
2.25E+03	-5.89E-01	-1.33E+00										
2.31E+03	-5.85E-01	-1.35E+00										
2.36E+03	-5.82E-01	-1.37E+00										
2.41E+03	-5.79E-01	-1.39E+00										
2.46E+03	-5.76E-01	-1.42E+00										
2.52E+03	-5.72E-01	-1.44E+00										
2.57E+03	-5.68E-01	-1.46E+00										
2.62E+03	-5.66E-01	-1.48E+00										
2.67E+03	-5.63E-01	-1.50E+00										
2.72E+03	-5.59E-01	-1.52E+00										
2.77E+03	-5.56E-01	-1.54E+00										
2.82E+03	-5.53E-01	-1.56E+00										
2.87E+03	-5.50E-01	-1.58E+00										
2.92E+03	-5.47E-01	-1.60E+00										
2.97E+03	-5.45E-01	-1.62E+00										
3.03E+03	-5.42E-01	-1.64E+00										
3.08E+03	-5.38E-01	-1.66E+00										
3.14E+03	-5.35E-01	-1.68E+00										
3.19E+03	-5.32E-01	-1.70E+00										
3.24E+03	-5.29E-01	-1.72E+00										
3.29E+03	-5.27E-01	-1.73E+00										
3.35E+03	-5.24E-01	-1.75E+00										
3.40E+03	-5.21E-01	-1.77E+00										
3.45E+03	-5.18E-01	-1.79E+00										
3.50E+03	-5.15E-01	-1.80E+00										
3.55E+03	-5.12E-01	-1.82E+00										
3.60E+03	-5.10E-01	-1.84E+00										
3.65E+03	-5.07E-01	-1.85E+00										
3.71E+03	-5.04E-01	-1.87E+00										
3.76E+03	-5.02E-01	-1.88E+00										
3.81E+03	-4.99E-01	-1.90E+00										
3.86E+03	-4.96E-01	-1.92E+00										
3.91E+03	-4.94E-01	-1.93E+00										
3.96E+03	-4.91E-01	-1.95E+00										
4.01E+03	-4.88E-01	-1.96E+00										
4.06E+03	-4.86E-01	-1.97E+00										
4.12E+03	-4.83E-01	-1.99E+00										
4.17E+03	-4.81E-01	-2.00E+00										
4.22E+03	-4.78E-01	-2.02E+00										
4.27E+03	-4.75E-01	-2.03E+00										
4.33E+03	-4.72E-01	-2.04E+00										
4.38E+03	-4.70E-01	-2.06E+00										
4.43E+03	-4.67E-01	-2.07E+00										
4.48E+03	-4.65E-01	-2.08E+00										
4.54E+03	-4.62E-01	-2.10E+00										
4.59E+03	-4.60E-01	-2.11E+00										
4.64E+03	-4.57E-01	-2.12E+00										
4.69E+03	-4.54E-01	-2.13E+00										
4.74E+03	-4.52E-01	-2.14E+00										
4.80E+03	-4.49E-01	-2.15E+00										
4.85E+03	-4.47E-01	-2.17E+00										
4.90E+03	-4.44E-01	-2.18E+00										
4.95E+03	-4.42E-01	-2.19E+00										
5.00E+03	-4.40E-01	-2.20E+00										
5.05E+03	-4.37E-01	-2.21E+00										
5.10E+03	-4.35E-01	-2.22E+00										
5.16E+03	-4.32E-01	-2.23E+00										
5.21E+03	-4.29E-01	-2.24E+00										
5.26E+03	-4.27E-01	-2.25E+00										
5.31E+03	-4.25E-01	-2.26E+00										
5.36E+03	-4.22E-01	-2.26E+00										
5.41E+03	-4.19E-01	-2.27E+00										
5.47E+03	-4.17E-01	-2.28E+00										
5.52E+03	-4.15E-01	-2.29E+00										
5.57E+03	-4.12E-01	-2.30E+00										
5.62E+03	-4.09E-01	-2.30E+00										
5.68E+03	-4.07E-01	-2.31E+00										
5.73E+03	-4.04E-01	-2.32E+00										
5.78E+03	-4.02E-01	-2.32E+00										
5.83E+03	-4.00E-01	-2.33E+00										
5.88E+03	-3.97E-01	-2.34E+00										
5.94E+03	-3.95E-01	-2.34E+00										
5.99E+03	-3.92E-01	-2.35E+00										
6.04E+03	-3.90E-01	-2.35E+00										
6.09E+03	-3.87E-01	-2.36E+00										
6.14E+03	-3.84E-01	-2.36E+00										
6.20E+03	-3.82E-01	-2.37E+00										
6.25E+03	-3.79E-01	-2.37E+00										
6.30E+03	-3.77E-01	-2.37E+00										
6.35E+03	-3.74E-01	-2.38E+00										
6.40E+03	-3.72E-01	-2.38E+00										
6.46E+03	-3.69E-01	-2.38E+00										
6.51E+03	-3.67E-01	-2.39E+00										
6.56E+03	-3.64E-01	-2.39E+00										
6.61E+03	-3.61E-01	-2.39E+00										
6.67E+03	-3.59E-01	-2.39E+00										
6.72E+03	-3.56E-01	-2.39E+00										
6.77E+03	-3.54E-01	-2.39E+00										
6.82E+03	-3.51E-01	-2.40E+00										
6.87E+03	-3.49E-01	-2.40E+00										
6.93E+03	-3.46E-01	-2.40E+00										
6.98E+03	-3.44E-01	-2.40E+00										
7.03E+03	-3.41E-01	-2.40E+00										
7.08E+03	-3.38E-01	-2.39E+00										
7.13E+03	-3.36E-01	-2.39E+00										
7.18E+03	-3.33E-01	-2.39E+00										
7.23E+03	-3.30E-01	-2.39E+00										
7.28E+03	-3.28E-01	-2.39E+00										
7.33E+03	-3.25E-01	-2.38E+00										
7.38E+03	-3.22E-01	-2.38E+00										
7.43E+03	-3.20E-01	-2.38E+00										
7.49E+03	-3.17E-01	-2.38E+00										
7.54E+03	-3.14E-01	-2.37E+00										
7.59E+03	-3.12E-01	-2.37E+00										
7.64E+03	-3.09E-01	-2.36E+00										
7.70E+03	-3.06E-01	-2.36E+00										
7.75E+03	-3.03E-01	-2.35E+00										
7.80E+03	-3.01E-01	-2.34E+00										
7.85E+03	-2.98E-01	-2.34E+00										
7.90E+03	-2.95E-01	-2.33E+00										
7.95E+03	-2.92E-01	-2.32E+00										
8.01E+03	-2.90E-01	-2.32E+00										
8.06E+03	-2.87E-01	-2.31E+00										
8.11E+03	-2.84E-01	-2.30E+00										
8.16E+03	-2.81E-01	-2.29E+00										
8.21E+03	-2.78E-01	-2.28E+00										
8.27E+03	-2.75E-01	-2.27E+00										
8.32E+03	-2.72E-01	-2.26E+00										
8.37E+03	-2.69E-01	-2.25E+00										
8.42E+03	-2.66E-01	-2.24E+00										
8.48E+03	-2.63E-01	-2.23E+00										
8.53E+03	-2.60E-01	-2.22E+00										
8.58E+03	-2.57E-01	-2.20E+00										
8.63E+03	-2.54E-01	-2.19E+00										
8.67E+03	-2.51E-01	-2.18E+00										
0.00E+00	-8.61E-01	0.00E+00										
0.00E+00	-9.45E-01	0.00E+00										
0.00E+00	-9.55E-01	0.00E+00										
0.00E+00	-9.60E-01	0.00E+00										
0.00E+00	-9.62E-01	0.00E+00										
0.00E+00	-9.66E-01	0.00E+00										
5.19E+01	-9.66E-01	-5.01E-02										
1.02E+02	-8.70E-01	-8.90E-02										
1.53E+02	-8.32E-01	-1.27E-01										
2.03E+02	-8.13E-01	-1.65E-01										
2.55E+02	-7.97E-01	-2.03E-01										
3.05E+02	-7.84E-01	-2.39E-01										
3.56E+02	-7.74E-01	-2.76E-01										
4.07E+02	-7.64E-01	-3.11E-01										
4.59E+02	-7.56E-01	-3.47E-01										
5.10E+02	-7.47E-01	-3.81E-01										
5.61E+02	-7.40E-01	-4.15E-01										
6.11E+02	-7.33E-01	-4.48E-01										
6.62E+02	-7.26E-01	-4.81E-01										
7.15E+02	-7.19E-01	-5.14E-01										
7.65E+02	-7.13E-01	-5.46E-01										
8.17E+02	-7.07E-01	-5.77E-01										
8.67E+02	-7.02E-01	-6.08E-01										
9.19E+02	-6.97E-01	-6.40E-01										
9.72E+02	-6.91E-01	-6.72E-01										
1.02E+03	-6.85E-01	-7.01E-01										
1.07E+03	-6.80E-01	-7.30E-01										
1.12E+03	-6.76E-01	-7.59E-01										
1.17E+03	-6.71E-01	-7.88E-01										
1.23E+03	-6.67E-01	-8.17E-01										
1.28E+03	-6.62E-01	-8.49E-01										
1.34E+03	-6.57E-01	-8.77E-01										
1.39E+03	-6.52E-01	-9.04E-01										
1.44E+03	-6.48E-01	-9.33E-01										
1.49E+03	-6.44E-01	-9.59E-01										
1.54E+03	-6.40E-01	-9.86E-01										
1.59E+03	-6.36E-01	-1.01E+00										
1.64E+03	-6.33E-01	-1.04E+00										
1.69E+03	-6.28E-01	-1.06E+00										
1.74E+03	-6.24E-01	-1.09E+00										
1.80E+03	-6.20E-01	-1.12E+00										
1.85E+03	-6.17E-01	-1.14E+00										
1.90E+03	-6.13E-01	-1.17E+00										
1.95E+03	-6.10E-01	-1.19E+00										
2.00E+03	-6.06E-01	-1.21E+00										
2.05E+03	-6.03E-01	-1.24E+00										
2.10E+03	-5.99E-01	-1.26E+00										
2.16E+03	-5.96E-01	-1.29E+00										
2.21E+03	-5.92E-01	-1.31E+00										
2.26E+03	-5.89E-01	-1.33E+00										
2.31E+03	-5.86E-01	-1.35E+00										
2.36E+03	-5.83E-01	-1.38E+00										
2.42E+03	-5.79E-01	-1.40E+00										
2.47E+03	-5.76E-01	-1.42E+00										
2.52E+03	-5.73E-01	-1.44E+00										
2.57E+03	-5.69E-01	-1.46E+00										
2.62E+03	-5.66E-01	-1.49E+00										
2.67E+03	-5.63E-01	-1.51E+00										
2.73E+03	-5.60E-01	-1.53E+00										
2.78E+03	-5.57E-01	-1.55E+00										
2.83E+03	-5.54E-01	-1.57E+00										
2.88E+03	-5.51E-01	-1.59E+00										
2.93E+03	-5.48E-01	-1.61E+00										
2.98E+03	-5.45E-01	-1.63E+00										
3.03E+03	-5.42E-01	-1.65E+00										
3.09E+03	-5.39E-01	-1.67E+00										
3.14E+03	-5.36E-01	-1.68E+00										
3.19E+03	-5.34E-01	-1.70E+00										
3.24E+03	-5.31E-01	-1.72E+00										
3.29E+03	-5.28E-01	-1.74E+00										
3.35E+03	-5.25E-01	-1.76E+00										
3.40E+03	-5.22E-01	-1.77E+00										
3.45E+03	-5.19E-01	-1.79E+00										
3.50E+03	-5.17E-01	-1.81E+00										
3.55E+03	-5.14E-01	-1.83E+00										
3.60E+03	-5.11E-01	-1.84E+00										
3.65E+03	-5.09E-01	-1.86E+00										
3.70E+03	-5.06E-01	-1.87E+00										
3.75E+03	-5.03E-01	-1.89E+00										
3.81E+03	-5.00E-01	-1.91E+00										
3.86E+03	-4.98E-01	-1.92E+00										
3.91E+03	-4.96E-01	-1.94E+00										
3.96E+03	-4.93E-01	-1.95E+00										
4.01E+03	-4.90E-01	-1.97E+00										
4.06E+03	-4.87E-01	-1.98E+00										
4.11E+03	-4.85E-01	-1.99E+00										
4.17E+03	-4.82E-01	-2.01E+00										
4.22E+03	-4.80E-01	-2.02E+00										
4.27E+03	-4.77E-01	-2.04E+00										
4.32E+03	-4.75E-01	-2.05E+00										
4.37E+03	-4.72E-01	-2.06E+00										
4.42E+03	-4.69E-01	-2.08E+00										
4.48E+03	-4.67E-01	-2.09E+00										
4.53E+03	-4.65E-01	-2.10E+00										
4.58E+03	-4.62E-01	-2.11E+00										
4.63E+03	-4.59E-01	-2.13E+00										
4.68E+03	-4.57E-01	-2.14E+00										
4.73E+03	-4.54E-01	-2.15E+00										
4.78E+03	-4.52E-01	-2.16E+00										
4.84E+03	-4.49E-01	-2.17E+00										
4.89E+03	-4.47E-01	-2.18E+00										
4.94E+03	-4.44E-01	-2.19E+00										
4.99E+03	-4.42E-01	-2.20E+00										
5.04E+03	-4.39E-01	-2.22E+00										
5.10E+03	-4.37E-01	-2.23E+00										
5.15E+03	-4.34E-01	-2.24E+00										
5.20E+03	-4.32E-01	-2.24E+00										
5.25E+03	-4.30E-01	-2.25E+00										
5.30E+03	-4.27E-01	-2.26E+00										
5.35E+03	-4.25E-01	-2.27E+00										
5.40E+03	-4.22E-01	-2.28E+00										
5.45E+03	-4.20E-01	-2.29E+00										
5.51E+03	-4.17E-01	-2.30E+00										
5.56E+03	-4.15E-01	-2.31E+00										
5.61E+03	-4.12E-01	-2.31E+00										
5.66E+03	-4.10E-01	-2.32E+00										
5.71E+03	-4.08E-01	-2.33E+00										
5.76E+03	-4.05E-01	-2.34E+00										
5.81E+03	-4.03E-01	-2.34E+00										
5.87E+03	-4.00E-01	-2.35E+00										
5.92E+03	-3.98E-01	-2.35E+00										
5.97E+03	-3.95E-01	-2.36E+00										
6.02E+03	-3.93E-01	-2.36E+00										
6.07E+03	-3.90E-01	-2.37E+00										
6.12E+03	-3.88E-01	-2.38E+00										
6.17E+03	-3.85E-01	-2.38E+00										
6.23E+03	-3.83E-01	-2.38E+00										
6.28E+03	-3.80E-01	-2.39E+00										
6.33E+03	-3.78E-01	-2.39E+00										
6.38E+03	-3.75E-01	-2.39E+00										
6.43E+03	-3.73E-01	-2.40E+00										
6.49E+03	-3.70E-01	-2.40E+00										
6.54E+03	-3.68E-01	-2.40E+00										
6.59E+03	-3.65E-01	-2.41E+00										
6.64E+03	-3.63E-01	-2.41E+00										
6.69E+03	-3.60E-01	-2.41E+00										
6.75E+03	-3.58E-01	-2.41E+00										
6.80E+03	-3.55E-01	-2.41E+00										
6.85E+03	-3.52E-01	-2.41E+00										
6.90E+03	-3.49E-01	-2.41E+00										
6.96E+03	-3.47E-01	-2.41E+00										
7.01E+03	-3.45E-01	-2.41E+00										
7.06E+03	-3.42E-01	-2.41E+00										
7.11E+03	-3.39E-01	-2.41E+00										
7.16E+03	-3.37E-01	-2.41E+00										
7.21E+03	-3.34E-01	-2.41E+00										
7.26E+03	-3.32E-01	-2.41E+00										
7.31E+03	-3.29E-01	-2.41E+00										
7.36E+03	-3.27E-01	-2.40E+00										
7.42E+03	-3.24E-01	-2.40E+00										
7.47E+03	-3.21E-01	-2.40E+00										
7.52E+03	-3.19E-01	-2.40E+00										
7.57E+03	-3.16E-01	-2.39E+00										
7.62E+03	-3.13E-01	-2.39E+00										
7.67E+03	-3.11E-01	-2.38E+00										
7.72E+03	-3.08E-01	-2.38E+00										
7.77E+03	-3.05E-01	-2.37E+00										
7.82E+03	-3.03E-01	-2.37E+00										
7.87E+03	-3.00E-01	-2.36E+00										
7.92E+03	-2.97E-01	-2.36E+00										
7.97E+03	-2.94E-01	-2.35E+00										
8.03E+03	-2.92E-01	-2.34E+00										
8.08E+03	-2.89E-01	-2.33E+00										
8.13E+03	-2.86E-01	-2.33E+00										
8.18E+03	-2.83E-01	-2.32E+00										
8.23E+03	-2.80E-01	-2.31E+00										
8.29E+03	-2.77E-01	-2.30E+00										
8.34E+03	-2.74E-01	-2.29E+00										
8.40E+03	-2.71E-01	-2.28E+00										
8.45E+03	-2.68E-01	-2.27E+00										
8.50E+03	-2.66E-01	-2.26E+00										
8.55E+03	-2.63E-01	-2.25E+00										
8.60E+03	-2.60E-01	-2.23E+00										
8.65E+03	-2.57E-01	-2.22E+00										
8.70E+03	-2.54E-01	-2.21E+00										
8.74E+03	-2.51E-01	-2.20E+00										
0.00E+00	-8.62E-01	0.00E+00										
0.00E+00	-9.45E-01	0.00E+00										
0.00E+00	-9.55E-01	0.00E+00										
0.00E+00	-9.59E-01	0.00E+00										
0.00E+00	-9.62E-01	0.00E+00										
0.00E+00	-9.66E-01	0.00E+00										
4.88E+01	-9.66E-01	-4.71E-02										
9.92E+01	-8.77E-01	-8.70E-02										
1.50E+02	-8.35E-01	-1.25E-01										
2.05E+02	-8.12E-01	-1.66E-01										
2.56E+02	-7.97E-01	-2.04E-01										
3.06E+02	-7.84E-01	-2.40E-01										
3.57E+02	-7.74E-01	-2.76E-01										
4.08E+02	-7.64E-01	-3.12E-01										
4.59E+02	-7.56E-01	-3.47E-01										
5.09E+02	-7.47E-01	-3.81E-01										
5.60E+02	-7.41E-01	-4.14E-01										
6.12E+02	-7.33E-01	-4.49E-01										
6.65E+02	-7.27E-01	-4.83E-01										
7.17E+02	-7.20E-01	-5.16E-01										
7.67E+02	-7.14E-01	-5.48E-01										
8.20E+02	-7.08E-01	-5.80E-01										
8.71E+02	-7.02E-01	-6.11E-01										
9.23E+02	-6.97E-01	-6.43E-01										
9.75E+02	-6.92E-01	-6.74E-01										
1.03E+03	-6.86E-01	-7.05E-01										
1.08E+03	-6.81E-01	-7.35E-01										
1.13E+03	-6.76E-01	-7.67E-01										
1.19E+03	-6.71E-01	-7.96E-01										
1.24E+03	-6.66E-01	-8.23E-01										
1.29E+03	-6.62E-01	-8.53E-01										
1.34E+03	-6.57E-01	-8.82E-01										
1.39E+03	-6.53E-01	-9.10E-01										
1.45E+03	-6.49E-01	-9.39E-01										
1.50E+03	-6.44E-01	-9.65E-01										
1.55E+03	-6.40E-01	-9.92E-01										
1.60E+03	-6.36E-01	-1.02E+00										
1.65E+03	-6.32E-01	-1.05E+00										
1.70E+03	-6.29E-01	-1.07E+00										
1.76E+03	-6.25E-01	-1.10E+00										
1.81E+03	-6.21E-01	-1.12E+00										
1.86E+03	-6.17E-01	-1.15E+00										
1.91E+03	-6.14E-01	-1.17E+00										
1.96E+03	-6.10E-01	-1.20E+00										
2.01E+03	-6.07E-01	-1.22E+00										
2.06E+03	-6.03E-01	-1.25E+00										
2.12E+03	-6.00E-01	-1.27E+00										
2.17E+03	-5.96E-01	-1.29E+00										
2.22E+03	-5.93E-01	-1.31E+00										
2.27E+03	-5.90E-01	-1.34E+00										
2.32E+03	-5.87E-01	-1.36E+00										
2.37E+03	-5.84E-01	-1.38E+00										
2.42E+03	-5.80E-01	-1.40E+00										
2.47E+03	-5.77E-01	-1.43E+00										
2.52E+03	-5.74E-01	-1.45E+00										
2.57E+03	-5.71E-01	-1.47E+00										
2.62E+03	-5.68E-01	-1.49E+00										
2.68E+03	-5.65E-01	-1.51E+00										
2.73E+03	-5.62E-01	-1.53E+00										
2.78E+03	-5.59E-01	-1.55E+00										
2.83E+03	-5.56E-01	-1.57E+00										
2.88E+03	-5.53E-01	-1.59E+00										
2.93E+03	-5.50E-01	-1.61E+00										
2.98E+03	-5.47E-01	-1.63E+00										
3.03E+03	-5.44E-01	-1.65E+00										
3.09E+03	-5.41E-01	-1.67E+00										
3.14E+03	-5.38E-01	-1.69E+00										
3.19E+03	-5.36E-01	-1.71E+00										
3.25E+03	-5.32E-01	-1.73E+00										
3.30E+03	-5.30E-01	-1.75E+00										
3.35E+03	-5.27E-01	-1.76E+00										
3.40E+03	-5.24E-01	-1.78E+00										
3.45E+03	-5.21E-01	-1.80E+00										
3.50E+03	-5.19E-01	-1.82E+00										
3.55E+03	-5.16E-01	-1.83E+00										
3.60E+03	-5.13E-01	-1.85E+00										
3.65E+03	-5.11E-01	-1.87E+00										
3.71E+03	-5.08E-01	-1.88E+00										
3.76E+03	-5.05E-01	-1.90E+00										
3.81E+03	-5.03E-01	-1.92E+00										
3.86E+03	-5.00E-01	-1.93E+00										
3.92E+03	-4.97E-01	-1.95E+00										
3.97E+03	-4.94E-01	-1.96E+00										
4.02E+03	-4.92E-01	-1.98E+00										
4.07E+03	-4.89E-01	-1.99E+00										
4.13E+03	-4.87E-01	-2.01E+00										
4.18E+03	-4.84E-01	-2.02E+00										
4.23E+03	-4.82E-01	-2.04E+00										
4.28E+03	-4.79E-01	-2.05E+00										
4.33E+03	-4.76E-01	-2.06E+00										
4.38E+03	-4.74E-01	-2.08E+00										
4.44E+03	-4.71E-01	-2.09E+00										
4.49E+03	-4.69E-01	-2.10E+00										
4.54E+03	-4.67E-01	-2.12E+00										
4.59E+03	-4.64E-01	-2.13E+00										
4.65E+03	-4.61E-01	-2.14E+00										
4.70E+03	-4.58E-01	-2.15E+00										
4.75E+03	-4.56E-01	-2.17E+00										
4.80E+03	-4.53E-01	-2.18E+00										
4.86E+03	-4.51E-01	-2.19E+00										
4.91E+03	-4.48E-01	-2.20E+00										
4.96E+03	-4.46E-01	-2.21E+00										
5.01E+03	-4.44E-01	-2.22E+00										
5.06E+03	-4.41E-01	-2.23E+00										
5.12E+03	-4.39E-01	-2.24E+00										
5.17E+03	-4.36E-01	-2.26E+00										
5.22E+03	-4.34E-01	-2.27E+00										
5.27E+03	-4.31E-01	-2.27E+00										
5.32E+03	-4.29E-01	-2.28E+00										
5.38E+03	-4.26E-01	-2.29E+00										
5.43E+03	-4.24E-01	-2.30E+00										
5.48E+03	-4.22E-01	-2.31E+00										
5.53E+03	-4.19E-01	-2.32E+00										
5.59E+03	-4.17E-01	-2.33E+00										
5.64E+03	-4.14E-01	-2.33E+00										
5.69E+03	-4.11E-01	-2.34E+00										
5.74E+03	-4.09E-01	-2.35E+00										
5.79E+03	-4.07E-01	-2.36E+00										
5.84E+03	-4.04E-01	-2.36E+00										
5.90E+03	-4.02E-01	-2.37E+00										
5.95E+03	-3.99E-01	-2.38E+00										
6.00E+03	-3.97E-01	-2.38E+00										
6.05E+03	-3.94E-01	-2.39E+00										
6.11E+03	-3.92E-01	-2.39E+00										
6.16E+03	-3.89E-01	-2.40E+00										
6.21E+03	-3.87E-01	-2.40E+00										
6.27E+03	-3.84E-01	-2.41E+00										
6.32E+03	-3.82E-01	-2.41E+00										
6.37E+03	-3.79E-01	-2.41E+00										
6.42E+03	-3.77E-01	-2.42E+00										
6.47E+03	-3.74E-01	-2.42E+00										
6.52E+03	-3.72E-01	-2.42E+00										
6.57E+03	-3.69E-01	-2.43E+00										
6.63E+03	-3.67E-01	-2.43E+00										
6.68E+03	-3.64E-01	-2.43E+00										
6.73E+03	-3.62E-01	-2.43E+00										
6.78E+03	-3.59E-01	-2.44E+00										
6.83E+03	-3.57E-01	-2.44E+00										
6.88E+03	-3.54E-01	-2.44E+00										
6.93E+03	-3.52E-01	-2.44E+00										
6.99E+03	-3.49E-01	-2.44E+00										
7.04E+03	-3.47E-01	-2.44E+00										
7.09E+03	-3.44E-01	-2.44E+00										
7.14E+03	-3.41E-01	-2.44E+00										
7.19E+03	-3.39E-01	-2.44E+00										
7.25E+03	-3.36E-01	-2.44E+00										
7.30E+03	-3.34E-01	-2.44E+00										
7.35E+03	-3.31E-01	-2.43E+00										
7.40E+03	-3.28E-01	-2.43E+00										
7.45E+03	-3.26E-01	-2.43E+00										
7.50E+03	-3.23E-01	-2.43E+00										
7.55E+03	-3.21E-01	-2.42E+00										
7.61E+03	-3.18E-01	-2.42E+00										
7.66E+03	-3.15E-01	-2.41E+00										
7.72E+03	-3.12E-01	-2.41E+00										
7.77E+03	-3.09E-01	-2.40E+00										
7.82E+03	-3.07E-01	-2.40E+00										
7.87E+03	-3.04E-01	-2.39E+00										
7.92E+03	-3.01E-01	-2.39E+00										
7.97E+03	-2.98E-01	-2.38E+00										
8.03E+03	-2.96E-01	-2.37E+00										
8.08E+03	-2.93E-01	-2.37E+00										
8.13E+03	-2.90E-01	-2.36E+00										
8.18E+03	-2.87E-01	-2.35E+00										
8.23E+03	-2.85E-01	-2.34E+00										
8.28E+03	-2.82E-01	-2.33E+00										
8.33E+03	-2.79E-01	-2.33E+00										
8.39E+03	-2.76E-01	-2.32E+00										
8.44E+03	-2.73E-01	-2.31E+00										
8.49E+03	-2.70E-01	-2.29E+00										
8.54E+03	-2.67E-01	-2.28E+00										
8.60E+03	-2.64E-01	-2.27E+00										
8.65E+03	-2.61E-01	-2.26E+00										
8.70E+03	-2.58E-01	-2.25E+00										
8.75E+03	-2.55E-01	-2.23E+00										
8.81E+03	-2.52E-01	-2.22E+00										
8.81E+03	-2.52E-01	-2.22E+00										
0.00E+00	-8.62E-01	0.00E+00										
0.00E+00	-9.45E-01	0.00E+00										
0.00E+00	-9.55E-01	0.00E+00										
0.00E+00	-9.59E-01	0.00E+00										
0.00E+00	-9.62E-01	0.00E+00										
0.00E+00	-9.65E-01	0.00E+00										
4.93E+01	-9.65E-01	-4.76E-02										
1.01E+02	-8.73E-01	-8.80E-02										
1.51E+02	-8.33E-01	-1.26E-01										
2.03E+02	-8.12E-01	-1.65E-01										
2.56E+02	-7.97E-01	-2.04E-01										
3.06E+02	-7.84E-01	-2.40E-01										
3.60E+02	-7.74E-01	-2.79E-01										
4.12E+02	-7.64E-01	-3.15E-01										
4.64E+02	-7.55E-01	-3.51E-01										
5.15E+02	-7.47E-01	-3.85E-01										
5.67E+02	-7.40E-01	-4.19E-01										
6.19E+02	-7.33E-01	-4.54E-01										
6.70E+02	-7.27E-01	-4.87E-01										
7.21E+02	-7.20E-01	-5.19E-01										
7.74E+02	-7.14E-01	-5.53E-01										
8.25E+02	-7.07E-01	-5.83E-01										
8.77E+02	-7.02E-01	-6.16E-01										
9.28E+02	-6.96E-01	-6.46E-01										
9.81E+02	-6.91E-01	-6.78E-01										
1.03E+03	-6.86E-01	-7.08E-01										
1.08E+03	-6.81E-01	-7.38E-01										
1.14E+03	-6.76E-01	-7.68E-01										
1.19E+03	-6.72E-01	-7.97E-01										
1.24E+03	-6.67E-01	-8.25E-01										
1.29E+03	-6.63E-01	-8.53E-01										
1.34E+03	-6.58E-01	-8.82E-01										
1.39E+03	-6.54E-01	-9.10E-01										
1.44E+03	-6.50E-01	-9.37E-01										
1.49E+03	-6.45E-01	-9.64E-01										
1.54E+03	-6.42E-01	-9.90E-01										
1.59E+03	-6.38E-01	-1.02E+00										
1.64E+03	-6.34E-01	-1.04E+00										
1.70E+03	-6.30E-01	-1.07E+00										
1.75E+03	-6.26E-01	-1.10E+00										
1.80E+03	-6.23E-01	-1.12E+00										
1.85E+03	-6.19E-01	-1.15E+00										
1.91E+03	-6.15E-01	-1.17E+00										
1.96E+03	-6.12E-01	-1.20E+00										
2.01E+03	-6.08E-01	-1.22E+00										
2.06E+03	-6.05E-01	-1.25E+00										
2.11E+03	-6.01E-01	-1.27E+00										
2.16E+03	-5.98E-01	-1.29E+00										
2.21E+03	-5.95E-01	-1.32E+00										
2.27E+03	-5.91E-01	-1.34E+00										
2.32E+03	-5.88E-01	-1.36E+00										
2.37E+03	-5.85E-01	-1.39E+00										
2.43E+03	-5.81E-01	-1.41E+00										
2.48E+03	-5.78E-01	-1.43E+00										
2.54E+03	-5.75E-01	-1.46E+00										
2.59E+03	-5.71E-01	-1.48E+00										
2.64E+03	-5.68E-01	-1.50E+00										
2.70E+03	-5.65E-01	-1.52E+00										
2.75E+03	-5.62E-01	-1.54E+00										
2.80E+03	-5.59E-01	-1.56E+00										
2.85E+03	-5.56E-01	-1.59E+00										
2.90E+03	-5.53E-01	-1.61E+00										
2.96E+03	-5.50E-01	-1.63E+00										
3.01E+03	-5.47E-01	-1.65E+00										
3.06E+03	-5.44E-01	-1.67E+00										
3.11E+03	-5.41E-01	-1.69E+00										
3.17E+03	-5.38E-01	-1.70E+00										
3.22E+03	-5.36E-01	-1.72E+00										
3.27E+03	-5.33E-01	-1.74E+00										
3.32E+03	-5.30E-01	-1.76E+00										
3.37E+03	-5.27E-01	-1.78E+00										
3.43E+03	-5.25E-01	-1.80E+00										
3.48E+03	-5.22E-01	-1.81E+00										
3.53E+03	-5.19E-01	-1.83E+00										
3.58E+03	-5.17E-01	-1.85E+00										
3.63E+03	-5.14E-01	-1.87E+00										
3.68E+03	-5.11E-01	-1.88E+00										
3.74E+03	-5.08E-01	-1.90E+00										
3.79E+03	-5.06E-01	-1.92E+00										
3.84E+03	-5.03E-01	-1.93E+00										
3.89E+03	-5.00E-01	-1.95E+00										
3.94E+03	-4.98E-01	-1.96E+00										
3.99E+03	-4.95E-01	-1.98E+00										
4.04E+03	-4.93E-01	-1.99E+00										
4.10E+03	-4.90E-01	-2.01E+00										
4.15E+03	-4.88E-01	-2.02E+00										
4.20E+03	-4.85E-01	-2.04E+00										
4.25E+03	-4.83E-01	-2.05E+00										
4.30E+03	-4.80E-01	-2.07E+00										
4.36E+03	-4.78E-01	-2.08E+00										
4.41E+03	-4.75E-01	-2.09E+00										
4.46E+03	-4.72E-01	-2.11E+00										
4.51E+03	-4.70E-01	-2.12E+00										
4.56E+03	-4.68E-01	-2.13E+00										
4.61E+03	-4.65E-01	-2.15E+00										
4.66E+03	-4.63E-01	-2.16E+00										
4.71E+03	-4.60E-01	-2.17E+00										
4.76E+03	-4.58E-01	-2.18E+00										
4.81E+03	-4.55E-01	-2.19E+00										
4.87E+03	-4.53E-01	-2.20E+00										
4.92E+03	-4.50E-01	-2.22E+00										
4.97E+03	-4.48E-01	-2.23E+00										
5.02E+03	-4.45E-01	-2.24E+00										
5.08E+03	-4.43E-01	-2.25E+00										
5.13E+03	-4.41E-01	-2.26E+00										
5.18E+03	-4.38E-01	-2.27E+00										
5.23E+03	-4.36E-01	-2.28E+00										
5.28E+03	-4.33E-01	-2.29E+00										
5.34E+03	-4.31E-01	-2.30E+00										
5.39E+03	-4.28E-01	-2.31E+00										
5.44E+03	-4.26E-01	-2.32E+00										
5.50E+03	-4.23E-01	-2.33E+00										
5.55E+03	-4.21E-01	-2.34E+00										
5.60E+03	-4.19E-01	-2.34E+00										
5.65E+03	-4.16E-01	-2.35E+00										
5.71E+03	-4.14E-01	-2.36E+00										
5.76E+03	-4.11E-01	-2.37E+00										
5.81E+03	-4.09E-01	-2.37E+00										
5.86E+03	-4.06E-01	-2.38E+00										
5.91E+03	-4.04E-01	-2.39E+00										
5.96E+03	-4.02E-01	-2.39E+00										
6.01E+03	-3.99E-01	-2.40E+00										
6.06E+03	-3.97E-01	-2.41E+00										
6.12E+03	-3.94E-01	-2.41E+00										
6.17E+03	-3.92E-01	-2.42E+00										
6.22E+03	-3.89E-01	-2.42E+00										
6.27E+03	-3.87E-01	-2.43E+00										
6.32E+03	-3.84E-01	-2.43E+00										
6.37E+03	-3.82E-01	-2.43E+00										
6.43E+03	-3.79E-01	-2.44E+00										
6.48E+03	-3.77E-01	-2.44E+00										
6.53E+03	-3.75E-01	-2.45E+00										
6.58E+03	-3.72E-01	-2.45E+00										
6.63E+03	-3.70E-01	-2.45E+00										
6.69E+03	-3.67E-01	-2.45E+00										
6.74E+03	-3.65E-01	-2.46E+00										
6.79E+03	-3.62E-01	-2.46E+00										
6.84E+03	-3.59E-01	-2.46E+00										
6.89E+03	-3.57E-01	-2.46E+00										
6.95E+03	-3.55E-01	-2.46E+00										
7.00E+03	-3.52E-01	-2.46E+00										
7.05E+03	-3.50E-01	-2.46E+00										
7.10E+03	-3.47E-01	-2.46E+00										
7.15E+03	-3.44E-01	-2.46E+00										
7.20E+03	-3.42E-01	-2.46E+00										
7.26E+03	-3.39E-01	-2.46E+00										
7.31E+03	-3.36E-01	-2.46E+00										
7.36E+03	-3.34E-01	-2.46E+00										
7.41E+03	-3.31E-01	-2.46E+00										
7.46E+03	-3.29E-01	-2.45E+00										
7.52E+03	-3.26E-01	-2.45E+00										
7.57E+03	-3.23E-01	-2.45E+00										
7.62E+03	-3.21E-01	-2.44E+00										
7.67E+03	-3.18E-01	-2.44E+00										
7.72E+03	-3.16E-01	-2.44E+00										
7.77E+03	-3.13E-01	-2.43E+00										
7.82E+03	-3.10E-01	-2.43E+00										
7.87E+03	-3.08E-01	-2.42E+00										
7.93E+03	-3.05E-01	-2.42E+00										
7.98E+03	-3.02E-01	-2.41E+00										
8.03E+03	-3.00E-01	-2.41E+00										
8.08E+03	-2.97E-01	-2.40E+00										
8.13E+03	-2.94E-01	-2.39E+00										
8.18E+03	-2.91E-01	-2.38E+00										
8.23E+03	-2.88E-01	-2.37E+00										
8.28E+03	-2.85E-01	-2.36E+00										
8.33E+03	-2.82E-01	-2.35E+00										
8.38E+03	-2.80E-01	-2.34E+00										
8.44E+03	-2.77E-01	-2.34E+00										
8.49E+03	-2.74E-01	-2.33E+00										
8.54E+03	-2.71E-01	-2.32E+00										
8.59E+03	-2.68E-01	-2.31E+00										
8.65E+03	-2.65E-01	-2.29E+00										
8.70E+03	-2.62E-01	-2.28E+00										
8.75E+03	-2.59E-01	-2.27E+00										
8.80E+03	-2.57E-01	-2.26E+00										
8.85E+03	-2.53E-01	-2.24E+00										
8.87E+03	-2.52E-01	-2.23E+00										
0.00E+00	-8.62E-01	0.00E+00										
0.00E+00	-9.45E-01	0.00E+00										
0.00E+00	-9.55E-01	0.00E+00										
0.00E+00	-9.59E-01	0.00E+00										
0.00E+00	-9.62E-01	0.00E+00										
0.00E+00	-9.65E-01	0.00E+00										
5.29E+01	-9.65E-01	-5.11E-02										
1.04E+02	-8.71E-01	-9.04E-02										
1.55E+02	-8.31E-01	-1.29E-01										
2.06E+02	-8.12E-01	-1.67E-01										
2.57E+02	-7.96E-01	-2.04E-01										
3.07E+02	-7.84E-01	-2.41E-01										
3.58E+02	-7.74E-01	-2.77E-01										
4.09E+02	-7.65E-01	-3.13E-01										
4.60E+02	-7.57E-01	-3.48E-01										
5.11E+02	-7.48E-01	-3.82E-01										
5.61E+02	-7.41E-01	-4.16E-01										
6.12E+02	-7.34E-01	-4.50E-01										
6.65E+02	-7.27E-01	-4.84E-01										
7.15E+02	-7.21E-01	-5.16E-01										
7.67E+02	-7.15E-01	-5.48E-01										
8.19E+02	-7.09E-01	-5.80E-01										
8.71E+02	-7.03E-01	-6.13E-01										
9.23E+02	-6.98E-01	-6.44E-01										
9.74E+02	-6.93E-01	-6.75E-01										
1.03E+03	-6.87E-01	-7.06E-01										
1.08E+03	-6.82E-01	-7.37E-01										
1.13E+03	-6.77E-01	-7.66E-01										
1.18E+03	-6.73E-01	-7.96E-01										
1.24E+03	-6.68E-01	-8.25E-01										
1.29E+03	-6.63E-01	-8.53E-01										
1.34E+03	-6.59E-01	-8.81E-01										
1.39E+03	-6.55E-01	-9.10E-01										
1.44E+03	-6.51E-01	-9.37E-01										
1.49E+03	-6.46E-01	-9.64E-01										
1.54E+03	-6.42E-01	-9.91E-01										
1.59E+03	-6.39E-01	-1.02E+00										
1.65E+03	-6.35E-01	-1.04E+00										
1.70E+03	-6.31E-01	-1.07E+00										
1.75E+03	-6.27E-01	-1.10E+00										
1.80E+03	-6.24E-01	-1.12E+00										
1.85E+03	-6.20E-01	-1.15E+00										
1.90E+03	-6.16E-01	-1.17E+00										
1.96E+03	-6.12E-01	-1.20E+00										
2.01E+03	-6.09E-01	-1.22E+00										
2.06E+03	-6.06E-01	-1.25E+00										
2.11E+03	-6.02E-01	-1.27E+00										
2.16E+03	-5.99E-01	-1.30E+00										
2.22E+03	-5.95E-01	-1.32E+00										
2.27E+03	-5.91E-01	-1.34E+00										
2.33E+03	-5.88E-01	-1.37E+00										
2.38E+03	-5.85E-01	-1.39E+00										
2.43E+03	-5.82E-01	-1.41E+00										
2.48E+03	-5.79E-01	-1.44E+00										
2.53E+03	-5.76E-01	-1.46E+00										
2.58E+03	-5.73E-01	-1.48E+00										
2.63E+03	-5.70E-01	-1.50E+00										
2.68E+03	-5.67E-01	-1.52E+00										
2.74E+03	-5.64E-01	-1.54E+00										
2.79E+03	-5.61E-01	-1.56E+00										
2.84E+03	-5.58E-01	-1.58E+00										
2.89E+03	-5.55E-01	-1.61E+00										
2.95E+03	-5.52E-01	-1.63E+00										
3.00E+03	-5.49E-01	-1.64E+00										
3.05E+03	-5.46E-01	-1.66E+00										
3.10E+03	-5.43E-01	-1.68E+00										
3.15E+03	-5.40E-01	-1.70E+00										
3.20E+03	-5.38E-01	-1.72E+00										
3.25E+03	-5.35E-01	-1.74E+00										
3.31E+03	-5.32E-01	-1.76E+00										
3.36E+03	-5.29E-01	-1.78E+00										
3.41E+03	-5.26E-01	-1.80E+00										
3.46E+03	-5.23E-01	-1.81E+00										
3.51E+03	-5.21E-01	-1.83E+00										
3.57E+03	-5.18E-01	-1.85E+00										
3.62E+03	-5.16E-01	-1.86E+00										
3.67E+03	-5.13E-01	-1.88E+00										
3.72E+03	-5.10E-01	-1.90E+00										
3.77E+03	-5.08E-01	-1.92E+00										
3.82E+03	-5.05E-01	-1.93E+00										
3.88E+03	-5.02E-01	-1.95E+00										
3.93E+03	-5.00E-01	-1.96E+00										
3.98E+03	-4.97E-01	-1.98E+00										
4.03E+03	-4.95E-01	-1.99E+00										
4.08E+03	-4.92E-01	-2.01E+00										
4.13E+03	-4.90E-01	-2.02E+00										
4.18E+03	-4.87E-01	-2.04E+00										
4.23E+03	-4.85E-01	-2.05E+00										
4.29E+03	-4.82E-01	-2.07E+00										
4.34E+03	-4.80E-01	-2.08E+00										
4.39E+03	-4.77E-01	-2.09E+00										
4.44E+03	-4.75E-01	-2.11E+00										
4.49E+03	-4.72E-01	-2.12E+00										
4.54E+03	-4.70E-01	-2.13E+00										
4.59E+03	-4.67E-01	-2.15E+00										
4.64E+03	-4.65E-01	-2.16E+00										
4.69E+03	-4.62E-01	-2.17E+00										
4.75E+03	-4.60E-01	-2.18E+00										
4.80E+03	-4.58E-01	-2.20E+00										
4.85E+03	-4.55E-01	-2.21E+00										
4.91E+03	-4.52E-01	-2.22E+00										
4.96E+03	-4.50E-01	-2.23E+00										
5.01E+03	-4.48E-01	-2.24E+00										
5.06E+03	-4.45E-01	-2.25E+00										
5.12E+03	-4.42E-01	-2.27E+00										
5.17E+03	-4.40E-01	-2.27E+00										
5.22E+03	-4.37E-01	-2.28E+00										
5.27E+03	-4.35E-01	-2.29E+00										
5.32E+03	-4.33E-01	-2.30E+00										
5.38E+03	-4.30E-01	-2.31E+00										
5.43E+03	-4.28E-01	-2.32E+00										
5.48E+03	-4.25E-01	-2.33E+00										
5.53E+03	-4.23E-01	-2.34E+00										
5.59E+03	-4.20E-01	-2.35E+00										
5.64E+03	-4.18E-01	-2.36E+00										
5.69E+03	-4.15E-01	-2.36E+00										
5.74E+03	-4.13E-01	-2.37E+00										
5.79E+03	-4.11E-01	-2.38E+00										
5.84E+03	-4.09E-01	-2.39E+00										
5.89E+03	-4.06E-01	-2.39E+00										
5.95E+03	-4.03E-01	-2.40E+00										
6.00E+03	-4.01E-01	-2.41E+00										
6.06E+03	-3.98E-01	-2.41E+00										
6.11E+03	-3.96E-01	-2.42E+00										
6.16E+03	-3.93E-01	-2.42E+00										
6.21E+03	-3.91E-01	-2.43E+00										
6.26E+03	-3.88E-01	-2.43E+00										
6.31E+03	-3.86E-01	-2.44E+00										
6.36E+03	-3.84E-01	-2.44E+00										
6.41E+03	-3.81E-01	-2.44E+00										
6.47E+03	-3.79E-01	-2.45E+00										
6.52E+03	-3.76E-01	-2.45E+00										
6.57E+03	-3.74E-01	-2.46E+00										
6.62E+03	-3.71E-01	-2.46E+00										
6.68E+03	-3.69E-01	-2.46E+00										
6.73E+03	-3.66E-01	-2.46E+00										
6.78E+03	-3.64E-01	-2.47E+00										
6.83E+03	-3.61E-01	-2.47E+00										
6.88E+03	-3.59E-01	-2.47E+00										
6.93E+03	-3.56E-01	-2.47E+00										
6.98E+03	-3.54E-01	-2.47E+00										
7.04E+03	-3.51E-01	-2.47E+00										
7.09E+03	-3.48E-01	-2.47E+00										
7.14E+03	-3.46E-01	-2.47E+00										
7.19E+03	-3.44E-01	-2.47E+00										
7.24E+03	-3.41E-01	-2.47E+00										
7.30E+03	-3.38E-01	-2.47E+00										
7.35E+03	-3.36E-01	-2.47E+00										
7.40E+03	-3.33E-01	-2.46E+00										
7.45E+03	-3.30E-01	-2.46E+00										
7.50E+03	-3.28E-01	-2.46E+00										
7.55E+03	-3.25E-01	-2.45E+00										
7.60E+03	-3.22E-01	-2.45E+00										
7.66E+03	-3.20E-01	-2.45E+00										
7.71E+03	-3.17E-01	-2.44E+00										
7.76E+03	-3.15E-01	-2.44E+00										
7.81E+03	-3.12E-01	-2.44E+00										
7.86E+03	-3.09E-01	-2.43E+00										
7.92E+03	-3.06E-01	-2.43E+00										
7.97E+03	-3.03E-01	-2.42E+00										
8.02E+03	-3.01E-01	-2.41E+00										
8.08E+03	-2.98E-01	-2.41E+00										
8.13E+03	-2.95E-01	-2.40E+00										
8.18E+03	-2.92E-01	-2.39E+00										
8.23E+03	-2.90E-01	-2.38E+00										
8.28E+03	-2.87E-01	-2.38E+00										
8.34E+03	-2.84E-01	-2.37E+00										
8.39E+03	-2.81E-01	-2.36E+00										
8.44E+03	-2.78E-01	-2.34E+00										
8.49E+03	-2.75E-01	-2.34E+00										
8.54E+03	-2.72E-01	-2.33E+00										
8.59E+03	-2.69E-01	-2.31E+00										
8.65E+03	-2.66E-01	-2.30E+00										
8.70E+03	-2.63E-01	-2.29E+00										
8.75E+03	-2.61E-01	-2.28E+00										
8.80E+03	-2.57E-01	-2.26E+00										
8.85E+03	-2.54E-01	-2.25E+00										
8.90E+03	-2.51E-01	-2.24E+00										
8.89E+03	-2.51E-01	-2.24E+00										
0.00E+00	-8.62E-01	0.00E+00										
0.00E+00	-9.45E-01	0.00E+00										
0.00E+00	-9.54E-01	0.00E+00										
0.00E+00	-9.59E-01	0.00E+00										
0.00E+00	-9.62E-01	0.00E+00										
0.00E+00	-9.65E-01	0.00E+00										
5.85E+01	-9.65E-01	-5.65E-02										
1.10E+02	-8.62E-01	-9.47E-02										
1.61E+02	-8.29E-01	-1.34E-01										
2.12E+02	-8.11E-01	-1.72E-01										
2.63E+02	-7.95E-01	-2.09E-01										
3.15E+02	-7.83E-01	-2.46E-01										
3.67E+02	-7.72E-01	-2.84E-01										
4.18E+02	-7.63E-01	-3.19E-01										
4.68E+02	-7.55E-01	-3.53E-01										
5.21E+02	-7.47E-01	-3.89E-01										
5.73E+02	-7.39E-01	-4.23E-01										
6.23E+02	-7.32E-01	-4.56E-01										
6.74E+02	-7.26E-01	-4.89E-01										
7.25E+02	-7.20E-01	-5.21E-01										
7.75E+02	-7.13E-01	-5.53E-01										
8.25E+02	-7.08E-01	-5.84E-01										
8.77E+02	-7.02E-01	-6.16E-01										
9.28E+02	-6.97E-01	-6.47E-01										
9.80E+02	-6.92E-01	-6.77E-01										
1.03E+03	-6.87E-01	-7.08E-01										
1.08E+03	-6.82E-01	-7.39E-01										
1.14E+03	-6.77E-01	-7.68E-01										
1.19E+03	-6.72E-01	-7.97E-01										
1.24E+03	-6.67E-01	-8.25E-01										
1.29E+03	-6.63E-01	-8.53E-01										
1.34E+03	-6.59E-01	-8.83E-01										
1.39E+03	-6.54E-01	-9.11E-01										
1.44E+03	-6.50E-01	-9.39E-01										
1.50E+03	-6.46E-01	-9.66E-01										
1.55E+03	-6.42E-01	-9.93E-01										
1.60E+03	-6.38E-01	-1.02E+00										
1.65E+03	-6.34E-01	-1.05E+00										
1.70E+03	-6.30E-01	-1.07E+00										
1.75E+03	-6.27E-01	-1.10E+00										
1.81E+03	-6.23E-01	-1.13E+00										
1.86E+03	-6.19E-01	-1.15E+00										
1.91E+03	-6.16E-01	-1.18E+00										
1.96E+03	-6.12E-01	-1.20E+00										
2.01E+03	-6.08E-01	-1.22E+00										
2.06E+03	-6.05E-01	-1.25E+00										
2.11E+03	-6.02E-01	-1.27E+00										
2.16E+03	-5.99E-01	-1.29E+00										
2.21E+03	-5.95E-01	-1.32E+00										
2.27E+03	-5.92E-01	-1.34E+00										
2.32E+03	-5.88E-01	-1.37E+00										
2.37E+03	-5.85E-01	-1.39E+00										
2.43E+03	-5.82E-01	-1.41E+00										
2.48E+03	-5.79E-01	-1.43E+00										
2.53E+03	-5.75E-01	-1.46E+00										
2.58E+03	-5.72E-01	-1.48E+00										
2.63E+03	-5.69E-01	-1.50E+00										
2.68E+03	-5.67E-01	-1.52E+00										
2.73E+03	-5.64E-01	-1.54E+00										
2.79E+03	-5.60E-01	-1.56E+00										
2.84E+03	-5.58E-01	-1.58E+00										
2.89E+03	-5.54E-01	-1.60E+00										
2.94E+03	-5.52E-01	-1.62E+00										
2.99E+03	-5.49E-01	-1.64E+00										
3.04E+03	-5.46E-01	-1.66E+00										
3.09E+03	-5.43E-01	-1.68E+00										
3.15E+03	-5.40E-01	-1.70E+00										
3.20E+03	-5.37E-01	-1.72E+00										
3.25E+03	-5.35E-01	-1.74E+00										
3.30E+03	-5.32E-01	-1.76E+00										
3.35E+03	-5.29E-01	-1.77E+00										
3.40E+03	-5.26E-01	-1.79E+00										
3.46E+03	-5.24E-01	-1.81E+00										
3.51E+03	-5.21E-01	-1.83E+00										
3.56E+03	-5.18E-01	-1.84E+00										
3.61E+03	-5.15E-01	-1.86E+00										
3.66E+03	-5.13E-01	-1.88E+00										
3.71E+03	-5.10E-01	-1.89E+00										
3.76E+03	-5.08E-01	-1.91E+00										
3.82E+03	-5.05E-01	-1.93E+00										
3.87E+03	-5.02E-01	-1.94E+00										
3.92E+03	-5.00E-01	-1.96E+00										
3.97E+03	-4.97E-01	-1.97E+00										
4.02E+03	-4.95E-01	-1.99E+00										
4.07E+03	-4.92E-01	-2.00E+00										
4.12E+03	-4.90E-01	-2.02E+00										
4.17E+03	-4.87E-01	-2.03E+00										
4.22E+03	-4.84E-01	-2.05E+00										
4.27E+03	-4.82E-01	-2.06E+00										
4.32E+03	-4.80E-01	-2.08E+00										
4.37E+03	-4.77E-01	-2.09E+00										
4.43E+03	-4.75E-01	-2.10E+00										
4.48E+03	-4.72E-01	-2.11E+00										
4.53E+03	-4.70E-01	-2.13E+00										
4.58E+03	-4.67E-01	-2.14E+00										
4.63E+03	-4.65E-01	-2.15E+00										
4.68E+03	-4.63E-01	-2.17E+00										
4.74E+03	-4.60E-01	-2.18E+00										
4.79E+03	-4.57E-01	-2.19E+00										
4.84E+03	-4.55E-01	-2.20E+00										
4.89E+03	-4.52E-01	-2.21E+00										
4.94E+03	-4.50E-01	-2.23E+00										
5.00E+03	-4.48E-01	-2.24E+00										
5.05E+03	-4.45E-01	-2.25E+00										
5.10E+03	-4.42E-01	-2.26E+00										
5.15E+03	-4.40E-01	-2.27E+00										
5.20E+03	-4.37E-01	-2.28E+00										
5.26E+03	-4.35E-01	-2.29E+00										
5.31E+03	-4.33E-01	-2.30E+00										
5.36E+03	-4.30E-01	-2.31E+00										
5.41E+03	-4.28E-01	-2.31E+00										
5.46E+03	-4.26E-01	-2.32E+00										
5.51E+03	-4.23E-01	-2.33E+00										
5.56E+03	-4.21E-01	-2.34E+00										
5.61E+03	-4.18E-01	-2.35E+00										
5.66E+03	-4.16E-01	-2.35E+00										
5.71E+03	-4.14E-01	-2.36E+00										
5.76E+03	-4.11E-01	-2.37E+00										
5.81E+03	-4.09E-01	-2.38E+00										
5.86E+03	-4.07E-01	-2.38E+00										
5.92E+03	-4.04E-01	-2.39E+00										
5.97E+03	-4.02E-01	-2.40E+00										
6.02E+03	-3.99E-01	-2.40E+00										
6.07E+03	-3.97E-01	-2.41E+00										
6.12E+03	-3.94E-01	-2.42E+00										
6.18E+03	-3.92E-01	-2.42E+00										
6.23E+03	-3.89E-01	-2.42E+00										
6.28E+03	-3.87E-01	-2.43E+00										
6.33E+03	-3.84E-01	-2.43E+00										
6.39E+03	-3.82E-01	-2.44E+00										
6.44E+03	-3.79E-01	-2.44E+00										
6.49E+03	-3.77E-01	-2.44E+00										
6.54E+03	-3.74E-01	-2.45E+00										
6.59E+03	-3.72E-01	-2.45E+00										
6.64E+03	-3.69E-01	-2.45E+00										
6.69E+03	-3.67E-01	-2.46E+00										
6.75E+03	-3.64E-01	-2.46E+00										
6.80E+03	-3.62E-01	-2.46E+00										
6.85E+03	-3.59E-01	-2.46E+00										
6.91E+03	-3.57E-01	-2.46E+00										
6.96E+03	-3.54E-01	-2.46E+00										
7.01E+03	-3.51E-01	-2.46E+00										
7.06E+03	-3.49E-01	-2.46E+00										
7.11E+03	-3.46E-01	-2.46E+00										
7.16E+03	-3.44E-01	-2.46E+00										
7.22E+03	-3.41E-01	-2.46E+00										
7.27E+03	-3.38E-01	-2.46E+00										
7.32E+03	-3.36E-01	-2.46E+00										
7.38E+03	-3.33E-01	-2.46E+00										
7.43E+03	-3.30E-01	-2.46E+00										
7.48E+03	-3.28E-01	-2.45E+00										
7.53E+03	-3.25E-01	-2.45E+00										
7.58E+03	-3.22E-01	-2.45E+00										
7.64E+03	-3.20E-01	-2.44E+00										
7.69E+03	-3.17E-01	-2.44E+00										
7.74E+03	-3.15E-01	-2.44E+00										
7.79E+03	-3.12E-01	-2.43E+00										
7.84E+03	-3.09E-01	-2.42E+00										
7.89E+03	-3.06E-01	-2.42E+00										
7.95E+03	-3.04E-01	-2.41E+00										
8.00E+03	-3.01E-01	-2.40E+00										
8.05E+03	-2.98E-01	-2.40E+00										
8.10E+03	-2.95E-01	-2.39E+00										
8.15E+03	-2.92E-01	-2.38E+00										
8.20E+03	-2.90E-01	-2.38E+00										
8.25E+03	-2.87E-01	-2.37E+00										
8.31E+03	-2.84E-01	-2.36E+00										
8.36E+03	-2.81E-01	-2.35E+00										
8.41E+03	-2.78E-01	-2.34E+00										
8.46E+03	-2.76E-01	-2.33E+00										
8.52E+03	-2.73E-01	-2.32E+00										
8.57E+03	-2.69E-01	-2.31E+00										
8.62E+03	-2.66E-01	-2.30E+00										
8.68E+03	-2.63E-01	-2.28E+00										
8.73E+03	-2.60E-01	-2.27E+00										
8.78E+03	-2.57E-01	-2.26E+00										
8.83E+03	-2.54E-01	-2.25E+00										
8.88E+03	-2.51E-01	-2.23E+00										
8.88E+03	-2.51E-01	-2.23E+00										
0.00E+00	-8.62E-01	0.00E+00										
0.00E+00	-9.45E-01	0.00E+00										
0.00E+00	-9.54E-01	0.00E+00										
0.00E+00	-9.59E-01	0.00E+00										
0.00E+00	-9.62E-01	0.00E+00										
0.00E+00	-9.65E-01	0.00E+00										
4.73E+01	-9.65E-01	-4.57E-02										
9.77E+01	-8.79E-01	-8.58E-02										
1.49E+02	-8.34E-01	-1.24E-01										
1.99E+02	-8.13E-01	-1.62E-01										
2.50E+02	-7.98E-01	-2.00E-01										
3.03E+02	-7.86E-01	-2.38E-01										
3.54E+02	-7.75E-01	-2.75E-01										
4.05E+02	-7.65E-01	-3.10E-01										
4.56E+02	-7.57E-01	-3.45E-01										
5.07E+02	-7.49E-01	-3.80E-01										
5.59E+02	-7.42E-01	-4.14E-01										
6.12E+02	-7.34E-01	-4.49E-01										
6.64E+02	-7.27E-01	-4.83E-01										
7.14E+02	-7.21E-01	-5.15E-01										
7.65E+02	-7.15E-01	-5.47E-01										
8.16E+02	-7.09E-01	-5.79E-01										
8.67E+02	-7.04E-01	-6.10E-01										
9.17E+02	-6.98E-01	-6.41E-01										
9.68E+02	-6.93E-01	-6.71E-01										
1.02E+03	-6.88E-01	-7.01E-01										
1.07E+03	-6.83E-01	-7.31E-01										
1.12E+03	-6.78E-01	-7.61E-01										
1.17E+03	-6.74E-01	-7.89E-01										
1.22E+03	-6.69E-01	-8.19E-01										
1.28E+03	-6.64E-01	-8.47E-01										
1.33E+03	-6.60E-01	-8.76E-01										
1.38E+03	-6.56E-01	-9.03E-01										
1.43E+03	-6.52E-01	-9.31E-01										
1.48E+03	-6.48E-01	-9.59E-01										
1.53E+03	-6.44E-01	-9.85E-01										
1.58E+03	-6.39E-01	-1.01E+00										
1.63E+03	-6.36E-01	-1.04E+00										
1.68E+03	-6.32E-01	-1.06E+00										
1.74E+03	-6.28E-01	-1.09E+00										
1.79E+03	-6.25E-01	-1.12E+00										
1.84E+03	-6.21E-01	-1.14E+00										
1.89E+03	-6.17E-01	-1.17E+00										
1.94E+03	-6.14E-01	-1.19E+00										
2.00E+03	-6.10E-01	-1.22E+00										
2.05E+03	-6.07E-01	-1.24E+00										
2.10E+03	-6.03E-01	-1.27E+00										
2.15E+03	-6.00E-01	-1.29E+00										
2.20E+03	-5.97E-01	-1.31E+00										
2.25E+03	-5.93E-01	-1.34E+00										
2.30E+03	-5.90E-01	-1.36E+00										
2.35E+03	-5.87E-01	-1.38E+00										
2.41E+03	-5.84E-01	-1.41E+00										
2.46E+03	-5.81E-01	-1.43E+00										
2.51E+03	-5.77E-01	-1.45E+00										
2.57E+03	-5.74E-01	-1.47E+00										
2.62E+03	-5.71E-01	-1.49E+00										
2.67E+03	-5.68E-01	-1.52E+00										
2.72E+03	-5.65E-01	-1.54E+00										
2.77E+03	-5.62E-01	-1.56E+00										
2.82E+03	-5.59E-01	-1.58E+00										
2.87E+03	-5.56E-01	-1.60E+00										
2.92E+03	-5.53E-01	-1.62E+00										
2.98E+03	-5.51E-01	-1.64E+00										
3.03E+03	-5.47E-01	-1.66E+00										
3.08E+03	-5.45E-01	-1.68E+00										
3.13E+03	-5.42E-01	-1.70E+00										
3.18E+03	-5.39E-01	-1.71E+00										
3.23E+03	-5.36E-01	-1.73E+00										
3.28E+03	-5.34E-01	-1.75E+00										
3.34E+03	-5.31E-01	-1.77E+00										
3.39E+03	-5.28E-01	-1.79E+00										
3.44E+03	-5.25E-01	-1.81E+00										
3.50E+03	-5.22E-01	-1.83E+00										
3.56E+03	-5.20E-01	-1.85E+00										
3.61E+03	-5.16E-01	-1.86E+00										
3.66E+03	-5.14E-01	-1.88E+00										
3.71E+03	-5.11E-01	-1.90E+00										
3.76E+03	-5.09E-01	-1.91E+00										
3.81E+03	-5.06E-01	-1.93E+00										
3.87E+03	-5.04E-01	-1.95E+00										
3.92E+03	-5.01E-01	-1.96E+00										
3.97E+03	-4.98E-01	-1.98E+00										
4.02E+03	-4.96E-01	-1.99E+00										
4.07E+03	-4.93E-01	-2.01E+00										
4.12E+03	-4.91E-01	-2.02E+00										
4.17E+03	-4.88E-01	-2.04E+00										
4.22E+03	-4.86E-01	-2.05E+00										
4.28E+03	-4.83E-01	-2.07E+00										
4.33E+03	-4.81E-01	-2.08E+00										
4.38E+03	-4.78E-01	-2.09E+00										
4.43E+03	-4.76E-01	-2.11E+00										
4.48E+03	-4.73E-01	-2.12E+00										
4.53E+03	-4.71E-01	-2.13E+00										
4.59E+03	-4.68E-01	-2.15E+00										
4.64E+03	-4.66E-01	-2.16E+00										
4.69E+03	-4.63E-01	-2.17E+00										
4.74E+03	-4.61E-01	-2.19E+00										
4.79E+03	-4.59E-01	-2.20E+00										
4.84E+03	-4.56E-01	-2.21E+00										
4.89E+03	-4.54E-01	-2.22E+00										
4.95E+03	-4.51E-01	-2.23E+00										
5.00E+03	-4.49E-01	-2.24E+00										
5.05E+03	-4.46E-01	-2.25E+00										
5.10E+03	-4.44E-01	-2.26E+00										
5.15E+03	-4.42E-01	-2.28E+00										
5.20E+03	-4.39E-01	-2.28E+00										
5.25E+03	-4.37E-01	-2.30E+00										
5.31E+03	-4.34E-01	-2.30E+00										
5.36E+03	-4.32E-01	-2.31E+00										
5.41E+03	-4.29E-01	-2.32E+00										
5.46E+03	-4.27E-01	-2.33E+00										
5.52E+03	-4.25E-01	-2.34E+00										
5.57E+03	-4.22E-01	-2.35E+00										
5.62E+03	-4.20E-01	-2.36E+00										
5.67E+03	-4.17E-01	-2.37E+00										
5.72E+03	-4.15E-01	-2.37E+00										
5.78E+03	-4.12E-01	-2.38E+00										
5.83E+03	-4.10E-01	-2.39E+00										
5.88E+03	-4.07E-01	-2.39E+00										
5.93E+03	-4.05E-01	-2.40E+00										
5.98E+03	-4.03E-01	-2.41E+00										
6.03E+03	-4.00E-01	-2.41E+00										
6.08E+03	-3.98E-01	-2.42E+00										
6.13E+03	-3.96E-01	-2.43E+00										
6.19E+03	-3.93E-01	-2.43E+00										
6.24E+03	-3.90E-01	-2.44E+00										
6.29E+03	-3.88E-01	-2.44E+00										
6.34E+03	-3.86E-01	-2.45E+00										
6.39E+03	-3.83E-01	-2.45E+00										
6.45E+03	-3.81E-01	-2.45E+00										
6.50E+03	-3.78E-01	-2.46E+00										
6.55E+03	-3.76E-01	-2.46E+00										
6.60E+03	-3.73E-01	-2.46E+00										
6.65E+03	-3.71E-01	-2.47E+00										
6.70E+03	-3.68E-01	-2.47E+00										
6.75E+03	-3.66E-01	-2.47E+00										
6.80E+03	-3.63E-01	-2.47E+00										
6.86E+03	-3.61E-01	-2.48E+00										
6.91E+03	-3.59E-01	-2.48E+00										
6.96E+03	-3.56E-01	-2.48E+00										
7.01E+03	-3.53E-01	-2.48E+00										
7.06E+03	-3.51E-01	-2.48E+00										
7.11E+03	-3.48E-01	-2.48E+00										
7.17E+03	-3.46E-01	-2.48E+00										
7.22E+03	-3.43E-01	-2.48E+00										
7.27E+03	-3.40E-01	-2.48E+00										
7.32E+03	-3.38E-01	-2.47E+00										
7.37E+03	-3.35E-01	-2.47E+00										
7.43E+03	-3.33E-01	-2.47E+00										
7.48E+03	-3.30E-01	-2.47E+00										
7.53E+03	-3.27E-01	-2.46E+00										
7.58E+03	-3.25E-01	-2.46E+00										
7.63E+03	-3.22E-01	-2.46E+00										
7.68E+03	-3.20E-01	-2.46E+00										
7.73E+03	-3.17E-01	-2.45E+00										
7.78E+03	-3.15E-01	-2.45E+00										
7.83E+03	-3.12E-01	-2.44E+00										
7.89E+03	-3.09E-01	-2.44E+00										
7.94E+03	-3.06E-01	-2.43E+00										
7.99E+03	-3.04E-01	-2.43E+00										
8.04E+03	-3.00E-01	-2.42E+00										
8.10E+03	-2.98E-01	-2.41E+00										
8.15E+03	-2.95E-01	-2.41E+00										
8.20E+03	-2.92E-01	-2.40E+00										
8.25E+03	-2.89E-01	-2.39E+00										
8.30E+03	-2.87E-01	-2.38E+00										
8.36E+03	-2.84E-01	-2.37E+00										
8.41E+03	-2.81E-01	-2.36E+00										
8.46E+03	-2.78E-01	-2.35E+00										
8.51E+03	-2.75E-01	-2.34E+00										
8.56E+03	-2.72E-01	-2.33E+00										
8.62E+03	-2.69E-01	-2.32E+00										
8.67E+03	-2.66E-01	-2.31E+00										
8.72E+03	-2.64E-01	-2.30E+00										
8.77E+03	-2.61E-01	-2.29E+00										
8.82E+03	-2.58E-01	-2.27E+00										
8.87E+03	-2.55E-01	-2.26E+00										
8.92E+03	-2.51E-01	-2.24E+00										
8.91E+03	-2.51E-01	-2.24E+00										
0.00E+00	-8.62E-01	0.00E+00										
0.00E+00	-9.45E-01	0.00E+00										
0.00E+00	-9.54E-01	0.00E+00										
0.00E+00	-9.59E-01	0.00E+00										
0.00E+00	-9.62E-01	0.00E+00										
0.00E+00	-9.65E-01	0.00E+00										
5.34E+01	-9.65E-01	-5.15E-02										
1.05E+02	-8.68E-01	-9.15E-02										
1.56E+02	-8.30E-01	-1.29E-01										
2.06E+02	-8.11E-01	-1.67E-01										
2.57E+02	-7.96E-01	-2.05E-01										
3.09E+02	-7.85E-01	-2.42E-01										
3.59E+02	-7.75E-01	-2.78E-01										
4.11E+02	-7.65E-01	-3.15E-01										
4.62E+02	-7.56E-01	-3.49E-01										
5.14E+02	-7.49E-01	-3.85E-01										
5.71E+02	-7.41E-01	-4.23E-01										
6.28E+02	-7.33E-01	-4.60E-01										
6.79E+02	-7.26E-01	-4.93E-01										
7.32E+02	-7.19E-01	-5.27E-01										
7.84E+02	-7.13E-01	-5.59E-01										
8.35E+02	-7.07E-01	-5.91E-01										
8.87E+02	-7.02E-01	-6.23E-01										
9.39E+02	-6.96E-01	-6.54E-01										
9.91E+02	-6.91E-01	-6.85E-01										
1.04E+03	-6.86E-01	-7.14E-01										
1.09E+03	-6.81E-01	-7.45E-01										
1.14E+03	-6.76E-01	-7.74E-01										
1.19E+03	-6.72E-01	-8.03E-01										
1.25E+03	-6.67E-01	-8.31E-01										
1.30E+03	-6.63E-01	-8.60E-01										
1.35E+03	-6.59E-01	-8.88E-01										
1.40E+03	-6.54E-01	-9.16E-01										
1.45E+03	-6.50E-01	-9.44E-01										
1.50E+03	-6.46E-01	-9.71E-01										
1.55E+03	-6.42E-01	-9.97E-01										
1.60E+03	-6.38E-01	-1.02E+00										
1.66E+03	-6.34E-01	-1.05E+00										
1.71E+03	-6.31E-01	-1.08E+00										
1.76E+03	-6.27E-01	-1.10E+00										
1.81E+03	-6.23E-01	-1.13E+00										
1.86E+03	-6.20E-01	-1.15E+00										
1.91E+03	-6.16E-01	-1.18E+00										
1.96E+03	-6.12E-01	-1.20E+00										
2.02E+03	-6.09E-01	-1.23E+00										
2.07E+03	-6.06E-01	-1.25E+00										
2.12E+03	-6.02E-01	-1.28E+00										
2.17E+03	-5.99E-01	-1.30E+00										
2.22E+03	-5.96E-01	-1.32E+00										
2.27E+03	-5.92E-01	-1.35E+00										
2.32E+03	-5.89E-01	-1.37E+00										
2.37E+03	-5.86E-01	-1.39E+00										
2.42E+03	-5.83E-01	-1.41E+00										
2.48E+03	-5.80E-01	-1.44E+00										
2.53E+03	-5.77E-01	-1.46E+00										
2.58E+03	-5.74E-01	-1.48E+00										
2.63E+03	-5.71E-01	-1.50E+00										
2.68E+03	-5.67E-01	-1.52E+00										
2.73E+03	-5.65E-01	-1.54E+00										
2.78E+03	-5.61E-01	-1.56E+00										
2.84E+03	-5.59E-01	-1.58E+00										
2.89E+03	-5.56E-01	-1.60E+00										
2.94E+03	-5.53E-01	-1.62E+00										
2.99E+03	-5.50E-01	-1.65E+00										
3.04E+03	-5.47E-01	-1.66E+00										
3.09E+03	-5.44E-01	-1.68E+00										
3.15E+03	-5.42E-01	-1.70E+00										
3.20E+03	-5.38E-01	-1.72E+00										
3.25E+03	-5.36E-01	-1.74E+00										
3.30E+03	-5.33E-01	-1.76E+00										
3.35E+03	-5.30E-01	-1.78E+00										
3.40E+03	-5.27E-01	-1.80E+00										
3.46E+03	-5.25E-01	-1.81E+00										
3.51E+03	-5.22E-01	-1.83E+00										
3.56E+03	-5.19E-01	-1.85E+00										
3.61E+03	-5.17E-01	-1.87E+00										
3.67E+03	-5.14E-01	-1.88E+00										
3.72E+03	-5.11E-01	-1.90E+00										
3.77E+03	-5.09E-01	-1.92E+00										
3.82E+03	-5.06E-01	-1.93E+00										
3.88E+03	-5.03E-01	-1.95E+00										
3.93E+03	-5.01E-01	-1.97E+00										
3.98E+03	-4.98E-01	-1.98E+00										
4.03E+03	-4.96E-01	-2.00E+00										
4.09E+03	-4.93E-01	-2.01E+00										
4.14E+03	-4.90E-01	-2.03E+00										
4.19E+03	-4.88E-01	-2.04E+00										
4.24E+03	-4.85E-01	-2.06E+00										
4.29E+03	-4.83E-01	-2.07E+00										
4.34E+03	-4.80E-01	-2.08E+00										
4.39E+03	-4.78E-01	-2.10E+00										
4.44E+03	-4.75E-01	-2.11E+00										
4.50E+03	-4.73E-01	-2.13E+00										
4.55E+03	-4.70E-01	-2.14E+00										
4.60E+03	-4.68E-01	-2.15E+00										
4.66E+03	-4.65E-01	-2.17E+00										
4.71E+03	-4.63E-01	-2.18E+00										
4.76E+03	-4.60E-01	-2.19E+00										
4.81E+03	-4.58E-01	-2.20E+00										
4.87E+03	-4.55E-01	-2.21E+00										
4.92E+03	-4.53E-01	-2.23E+00										
4.97E+03	-4.50E-01	-2.24E+00										
5.02E+03	-4.48E-01	-2.25E+00										
5.07E+03	-4.46E-01	-2.26E+00										
5.13E+03	-4.43E-01	-2.27E+00										
5.18E+03	-4.40E-01	-2.28E+00										
5.23E+03	-4.38E-01	-2.29E+00										
5.28E+03	-4.36E-01	-2.30E+00										
5.33E+03	-4.33E-01	-2.31E+00										
5.38E+03	-4.31E-01	-2.32E+00										
5.44E+03	-4.28E-01	-2.33E+00										
5.49E+03	-4.26E-01	-2.34E+00										
5.54E+03	-4.23E-01	-2.35E+00										
5.59E+03	-4.21E-01	-2.35E+00										
5.64E+03	-4.19E-01	-2.36E+00										
5.70E+03	-4.16E-01	-2.37E+00										
5.75E+03	-4.14E-01	-2.38E+00										
5.80E+03	-4.11E-01	-2.39E+00										
5.86E+03	-4.09E-01	-2.39E+00										
5.91E+03	-4.06E-01	-2.40E+00										
5.96E+03	-4.04E-01	-2.41E+00										
6.01E+03	-4.01E-01	-2.41E+00										
6.06E+03	-3.99E-01	-2.42E+00										
6.11E+03	-3.97E-01	-2.42E+00										
6.16E+03	-3.94E-01	-2.43E+00										
6.21E+03	-3.92E-01	-2.44E+00										
6.26E+03	-3.89E-01	-2.44E+00										
6.32E+03	-3.87E-01	-2.44E+00										
6.37E+03	-3.84E-01	-2.45E+00										
6.42E+03	-3.82E-01	-2.45E+00										
6.47E+03	-3.80E-01	-2.46E+00										
6.52E+03	-3.77E-01	-2.46E+00										
6.57E+03	-3.75E-01	-2.46E+00										
6.63E+03	-3.72E-01	-2.47E+00										
6.68E+03	-3.70E-01	-2.47E+00										
6.73E+03	-3.67E-01	-2.47E+00										
6.78E+03	-3.65E-01	-2.47E+00										
6.84E+03	-3.62E-01	-2.48E+00										
6.89E+03	-3.60E-01	-2.48E+00										
6.94E+03	-3.57E-01	-2.48E+00										
6.99E+03	-3.55E-01	-2.48E+00										
7.04E+03	-3.52E-01	-2.48E+00										
7.09E+03	-3.49E-01	-2.48E+00										
7.14E+03	-3.47E-01	-2.48E+00										
7.20E+03	-3.44E-01	-2.48E+00										
7.25E+03	-3.42E-01	-2.48E+00										
7.30E+03	-3.39E-01	-2.48E+00										
7.35E+03	-3.37E-01	-2.47E+00										
7.41E+03	-3.34E-01	-2.47E+00										
7.46E+03	-3.31E-01	-2.47E+00										
7.51E+03	-3.29E-01	-2.47E+00										
7.56E+03	-3.26E-01	-2.46E+00										
7.61E+03	-3.23E-01	-2.46E+00										
7.67E+03	-3.21E-01	-2.46E+00										
7.72E+03	-3.18E-01	-2.45E+00										
7.77E+03	-3.15E-01	-2.45E+00										
7.82E+03	-3.12E-01	-2.44E+00										
7.87E+03	-3.10E-01	-2.44E+00										
7.92E+03	-3.07E-01	-2.43E+00										
7.98E+03	-3.04E-01	-2.43E+00										
8.03E+03	-3.02E-01	-2.42E+00										
8.08E+03	-2.99E-01	-2.42E+00										
8.13E+03	-2.96E-01	-2.41E+00										
8.18E+03	-2.93E-01	-2.40E+00										
8.23E+03	-2.91E-01	-2.39E+00										
8.29E+03	-2.88E-01	-2.38E+00										
8.34E+03	-2.85E-01	-2.37E+00										
8.39E+03	-2.82E-01	-2.37E+00										
8.44E+03	-2.79E-01	-2.36E+00										
8.49E+03	-2.76E-01	-2.35E+00										
8.54E+03	-2.73E-01	-2.33E+00										
8.59E+03	-2.71E-01	-2.32E+00										
8.64E+03	-2.68E-01	-2.31E+00										
8.69E+03	-2.65E-01	-2.30E+00										
8.74E+03	-2.62E-01	-2.29E+00										
8.80E+03	-2.59E-01	-2.28E+00										
8.85E+03	-2.56E-01	-2.26E+00										
8.90E+03	-2.53E-01	-2.25E+00										
8.92E+03	-2.51E-01	-2.24E+00										
0.00E+00	-8.62E-01	0.00E+00										
0.00E+00	-9.45E-01	0.00E+00										
0.00E+00	-9.54E-01	0.00E+00										
0.00E+00	-9.59E-01	0.00E+00										
0.00E+00	-9.62E-01	0.00E+00										
0.00E+00	-9.65E-01	0.00E+00										
4.17E+01	-9.65E-01	-4.02E-02										
9.21E+01	-8.86E-01	-8.16E-02										
1.46E+02	-8.37E-01	-1.22E-01										
1.96E+02	-8.15E-01	-1.60E-01										
2.47E+02	-8.00E-01	-1.98E-01										
2.98E+02	-7.87E-01	-2.35E-01										
3.52E+02	-7.76E-01	-2.73E-01										
4.02E+02	-7.66E-01	-3.08E-01										
4.53E+02	-7.57E-01	-3.43E-01										
5.05E+02	-7.49E-01	-3.79E-01										
5.55E+02	-7.43E-01	-4.12E-01										
6.09E+02	-7.35E-01	-4.48E-01										
6.62E+02	-7.28E-01	-4.82E-01										
7.17E+02	-7.21E-01	-5.17E-01										
7.68E+02	-7.15E-01	-5.49E-01										
8.19E+02	-7.09E-01	-5.81E-01										
8.71E+02	-7.04E-01	-6.13E-01										
9.24E+02	-6.98E-01	-6.45E-01										
9.75E+02	-6.93E-01	-6.75E-01										
1.03E+03	-6.87E-01	-7.07E-01										
1.08E+03	-6.82E-01	-7.37E-01										
1.13E+03	-6.78E-01	-7.66E-01										
1.18E+03	-6.73E-01	-7.95E-01										
1.23E+03	-6.68E-01	-8.25E-01										
1.29E+03	-6.64E-01	-8.53E-01										
1.34E+03	-6.60E-01	-8.82E-01										
1.39E+03	-6.55E-01	-9.09E-01										
1.44E+03	-6.51E-01	-9.37E-01										
1.49E+03	-6.47E-01	-9.64E-01										
1.54E+03	-6.43E-01	-9.92E-01										
1.59E+03	-6.39E-01	-1.02E+00										
1.65E+03	-6.35E-01	-1.04E+00										
1.70E+03	-6.31E-01	-1.07E+00										
1.75E+03	-6.28E-01	-1.10E+00										
1.80E+03	-6.24E-01	-1.12E+00										
1.85E+03	-6.20E-01	-1.15E+00										
1.90E+03	-6.17E-01	-1.17E+00										
1.96E+03	-6.13E-01	-1.20E+00										
2.01E+03	-6.09E-01	-1.23E+00										
2.06E+03	-6.06E-01	-1.25E+00										
2.11E+03	-6.03E-01	-1.27E+00										
2.16E+03	-5.99E-01	-1.30E+00										
2.21E+03	-5.96E-01	-1.32E+00										
2.27E+03	-5.93E-01	-1.34E+00										
2.32E+03	-5.90E-01	-1.37E+00										
2.37E+03	-5.87E-01	-1.39E+00										
2.42E+03	-5.83E-01	-1.41E+00										
2.47E+03	-5.80E-01	-1.43E+00										
2.52E+03	-5.77E-01	-1.46E+00										
2.57E+03	-5.74E-01	-1.48E+00										
2.63E+03	-5.71E-01	-1.50E+00										
2.68E+03	-5.68E-01	-1.52E+00										
2.73E+03	-5.65E-01	-1.54E+00										
2.78E+03	-5.62E-01	-1.56E+00										
2.83E+03	-5.59E-01	-1.58E+00										
2.88E+03	-5.56E-01	-1.60E+00										
2.93E+03	-5.53E-01	-1.62E+00										
2.98E+03	-5.51E-01	-1.64E+00										
3.04E+03	-5.48E-01	-1.66E+00										
3.09E+03	-5.45E-01	-1.68E+00										
3.14E+03	-5.42E-01	-1.70E+00										
3.19E+03	-5.39E-01	-1.72E+00										
3.24E+03	-5.36E-01	-1.74E+00										
3.30E+03	-5.33E-01	-1.76E+00										
3.35E+03	-5.31E-01	-1.78E+00										
3.40E+03	-5.28E-01	-1.79E+00										
3.45E+03	-5.25E-01	-1.81E+00										
3.50E+03	-5.23E-01	-1.83E+00										
3.55E+03	-5.20E-01	-1.85E+00										
3.61E+03	-5.17E-01	-1.86E+00										
3.66E+03	-5.15E-01	-1.88E+00										
3.71E+03	-5.12E-01	-1.90E+00										
3.76E+03	-5.09E-01	-1.92E+00										
3.81E+03	-5.07E-01	-1.93E+00										
3.86E+03	-5.04E-01	-1.95E+00										
3.91E+03	-5.02E-01	-1.96E+00										
3.97E+03	-4.99E-01	-1.98E+00										
4.02E+03	-4.96E-01	-1.99E+00										
4.07E+03	-4.94E-01	-2.01E+00										
4.12E+03	-4.91E-01	-2.03E+00										
4.17E+03	-4.89E-01	-2.04E+00										
4.22E+03	-4.87E-01	-2.05E+00										
4.27E+03	-4.84E-01	-2.07E+00										
4.33E+03	-4.82E-01	-2.08E+00										
4.38E+03	-4.79E-01	-2.10E+00										
4.43E+03	-4.77E-01	-2.11E+00										
4.48E+03	-4.74E-01	-2.12E+00										
4.54E+03	-4.72E-01	-2.14E+00										
4.59E+03	-4.69E-01	-2.15E+00										
4.64E+03	-4.66E-01	-2.17E+00										
4.69E+03	-4.64E-01	-2.18E+00										
4.75E+03	-4.61E-01	-2.19E+00										
4.80E+03	-4.59E-01	-2.20E+00										
4.85E+03	-4.56E-01	-2.21E+00										
4.90E+03	-4.54E-01	-2.22E+00										
4.96E+03	-4.52E-01	-2.24E+00										
5.01E+03	-4.49E-01	-2.25E+00										
5.06E+03	-4.46E-01	-2.26E+00										
5.11E+03	-4.44E-01	-2.27E+00										
5.16E+03	-4.42E-01	-2.28E+00										
5.21E+03	-4.39E-01	-2.29E+00										
5.26E+03	-4.37E-01	-2.30E+00										
5.31E+03	-4.35E-01	-2.31E+00										
5.36E+03	-4.32E-01	-2.32E+00										
5.42E+03	-4.30E-01	-2.33E+00										
5.47E+03	-4.28E-01	-2.34E+00										
5.52E+03	-4.25E-01	-2.35E+00										
5.57E+03	-4.22E-01	-2.35E+00										
5.63E+03	-4.20E-01	-2.36E+00										
5.68E+03	-4.18E-01	-2.37E+00										
5.73E+03	-4.15E-01	-2.38E+00										
5.78E+03	-4.13E-01	-2.39E+00										
5.83E+03	-4.10E-01	-2.39E+00										
5.88E+03	-4.08E-01	-2.40E+00										
5.93E+03	-4.06E-01	-2.41E+00										
5.99E+03	-4.03E-01	-2.41E+00										
6.04E+03	-4.01E-01	-2.42E+00										
6.09E+03	-3.98E-01	-2.43E+00										
6.14E+03	-3.96E-01	-2.43E+00										
6.19E+03	-3.93E-01	-2.44E+00										
6.25E+03	-3.91E-01	-2.44E+00										
6.30E+03	-3.88E-01	-2.45E+00										
6.35E+03	-3.86E-01	-2.45E+00										
6.40E+03	-3.84E-01	-2.46E+00										
6.46E+03	-3.81E-01	-2.46E+00										
6.51E+03	-3.78E-01	-2.46E+00										
6.56E+03	-3.76E-01	-2.47E+00										
6.61E+03	-3.73E-01	-2.47E+00										
6.66E+03	-3.71E-01	-2.47E+00										
6.71E+03	-3.68E-01	-2.47E+00										
6.76E+03	-3.66E-01	-2.48E+00										
6.81E+03	-3.63E-01	-2.48E+00										
6.87E+03	-3.61E-01	-2.48E+00										
6.92E+03	-3.59E-01	-2.48E+00										
6.97E+03	-3.56E-01	-2.48E+00										
7.02E+03	-3.54E-01	-2.48E+00										
7.07E+03	-3.51E-01	-2.48E+00										
7.12E+03	-3.49E-01	-2.48E+00										
7.17E+03	-3.46E-01	-2.48E+00										
7.22E+03	-3.44E-01	-2.48E+00										
7.28E+03	-3.41E-01	-2.48E+00										
7.33E+03	-3.38E-01	-2.48E+00										
7.38E+03	-3.36E-01	-2.48E+00										
7.43E+03	-3.33E-01	-2.47E+00										
7.48E+03	-3.31E-01	-2.47E+00										
7.54E+03	-3.28E-01	-2.47E+00										
7.59E+03	-3.25E-01	-2.47E+00										
7.64E+03	-3.22E-01	-2.46E+00										
7.70E+03	-3.20E-01	-2.46E+00										
7.75E+03	-3.17E-01	-2.46E+00										
7.80E+03	-3.14E-01	-2.45E+00										
7.85E+03	-3.11E-01	-2.44E+00										
7.90E+03	-3.09E-01	-2.44E+00										
7.95E+03	-3.06E-01	-2.44E+00										
8.00E+03	-3.03E-01	-2.43E+00										
8.05E+03	-3.01E-01	-2.42E+00										
8.11E+03	-2.98E-01	-2.42E+00										
8.16E+03	-2.95E-01	-2.41E+00										
8.21E+03	-2.93E-01	-2.40E+00										
8.26E+03	-2.90E-01	-2.39E+00										
8.31E+03	-2.87E-01	-2.38E+00										
8.36E+03	-2.84E-01	-2.38E+00										
8.41E+03	-2.81E-01	-2.37E+00										
8.46E+03	-2.79E-01	-2.36E+00										
8.51E+03	-2.76E-01	-2.35E+00										
8.57E+03	-2.73E-01	-2.34E+00										
8.62E+03	-2.70E-01	-2.33E+00										
8.67E+03	-2.67E-01	-2.32E+00										
8.72E+03	-2.64E-01	-2.30E+00										
8.77E+03	-2.62E-01	-2.29E+00										
8.82E+03	-2.59E-01	-2.28E+00										
8.87E+03	-2.56E-01	-2.27E+00										
8.92E+03	-2.52E-01	-2.25E+00										
8.93E+03	-2.51E-01	-2.24E+00										
0.00E+00	-8.62E-01	0.00E+00										
0.00E+00	-9.45E-01	0.00E+00										
0.00E+00	-9.54E-01	0.00E+00										
0.00E+00	-9.59E-01	0.00E+00										
0.00E+00	-9.62E-01	0.00E+00										
0.00E+00	-9.65E-01	0.00E+00										
5.03E+01	-9.65E-01	-4.86E-02										
1.01E+02	-8.72E-01	-8.84E-02										
1.53E+02	-8.32E-01	-1.27E-01										
2.06E+02	-8.12E-01	-1.67E-01										
2.57E+02	-7.96E-01	-2.04E-01										
3.07E+02	-7.84E-01	-2.41E-01										
3.58E+02	-7.75E-01	-2.77E-01										
4.09E+02	-7.65E-01	-3.13E-01										
4.60E+02	-7.56E-01	-3.48E-01										
5.11E+02	-7.49E-01	-3.83E-01										
5.62E+02	-7.41E-01	-4.16E-01										
6.14E+02	-7.34E-01	-4.50E-01										
6.65E+02	-7.27E-01	-4.84E-01										
7.16E+02	-7.21E-01	-5.16E-01										
7.67E+02	-7.15E-01	-5.48E-01										
8.19E+02	-7.09E-01	-5.81E-01										
8.71E+02	-7.04E-01	-6.13E-01										
9.22E+02	-6.98E-01	-6.43E-01										
9.72E+02	-6.93E-01	-6.74E-01										
1.02E+03	-6.88E-01	-7.05E-01										
1.08E+03	-6.83E-01	-7.34E-01										
1.13E+03	-6.78E-01	-7.64E-01										
1.18E+03	-6.73E-01	-7.93E-01										
1.23E+03	-6.69E-01	-8.23E-01										
1.28E+03	-6.64E-01	-8.51E-01										
1.33E+03	-6.60E-01	-8.79E-01										
1.38E+03	-6.56E-01	-9.08E-01										
1.43E+03	-6.51E-01	-9.35E-01										
1.49E+03	-6.47E-01	-9.63E-01										
1.54E+03	-6.43E-01	-9.91E-01										
1.59E+03	-6.39E-01	-1.02E+00										
1.64E+03	-6.36E-01	-1.04E+00										
1.69E+03	-6.32E-01	-1.07E+00										
1.75E+03	-6.28E-01	-1.10E+00										
1.80E+03	-6.24E-01	-1.12E+00										
1.85E+03	-6.21E-01	-1.15E+00										
1.90E+03	-6.17E-01	-1.17E+00										
1.95E+03	-6.13E-01	-1.20E+00										
2.00E+03	-6.10E-01	-1.22E+00										
2.06E+03	-6.07E-01	-1.25E+00										
2.11E+03	-6.03E-01	-1.27E+00										
2.16E+03	-6.00E-01	-1.29E+00										
2.21E+03	-5.97E-01	-1.32E+00										
2.26E+03	-5.93E-01	-1.34E+00										
2.31E+03	-5.90E-01	-1.36E+00										
2.36E+03	-5.87E-01	-1.38E+00										
2.41E+03	-5.84E-01	-1.41E+00										
2.46E+03	-5.81E-01	-1.43E+00										
2.51E+03	-5.78E-01	-1.45E+00										
2.57E+03	-5.74E-01	-1.47E+00										
2.62E+03	-5.72E-01	-1.50E+00										
2.67E+03	-5.68E-01	-1.52E+00										
2.72E+03	-5.66E-01	-1.54E+00										
2.77E+03	-5.63E-01	-1.56E+00										
2.83E+03	-5.60E-01	-1.58E+00										
2.88E+03	-5.56E-01	-1.60E+00										
2.93E+03	-5.54E-01	-1.62E+00										
2.98E+03	-5.51E-01	-1.64E+00										
3.03E+03	-5.48E-01	-1.66E+00										
3.08E+03	-5.45E-01	-1.68E+00										
3.13E+03	-5.42E-01	-1.70E+00										
3.19E+03	-5.39E-01	-1.72E+00										
3.24E+03	-5.36E-01	-1.74E+00										
3.29E+03	-5.34E-01	-1.76E+00										
3.34E+03	-5.31E-01	-1.78E+00										
3.39E+03	-5.28E-01	-1.79E+00										
3.45E+03	-5.26E-01	-1.81E+00										
3.50E+03	-5.23E-01	-1.83E+00										
3.55E+03	-5.20E-01	-1.85E+00										
3.60E+03	-5.17E-01	-1.87E+00										
3.66E+03	-5.15E-01	-1.88E+00										
3.71E+03	-5.12E-01	-1.90E+00										
3.76E+03	-5.09E-01	-1.92E+00										
3.81E+03	-5.07E-01	-1.93E+00										
3.87E+03	-5.04E-01	-1.95E+00										
3.92E+03	-5.01E-01	-1.96E+00										
3.97E+03	-4.99E-01	-1.98E+00										
4.02E+03	-4.96E-01	-2.00E+00										
4.08E+03	-4.94E-01	-2.01E+00										
4.13E+03	-4.91E-01	-2.03E+00										
4.18E+03	-4.89E-01	-2.04E+00										
4.23E+03	-4.86E-01	-2.06E+00										
4.28E+03	-4.84E-01	-2.07E+00										
4.33E+03	-4.81E-01	-2.08E+00										
4.39E+03	-4.78E-01	-2.10E+00										
4.44E+03	-4.76E-01	-2.11E+00										
4.49E+03	-4.74E-01	-2.13E+00										
4.54E+03	-4.71E-01	-2.14E+00										
4.59E+03	-4.69E-01	-2.15E+00										
4.64E+03	-4.66E-01	-2.16E+00										
4.69E+03	-4.64E-01	-2.18E+00										
4.74E+03	-4.61E-01	-2.19E+00										
4.79E+03	-4.59E-01	-2.20E+00										
4.85E+03	-4.57E-01	-2.21E+00										
4.90E+03	-4.54E-01	-2.22E+00										
4.95E+03	-4.52E-01	-2.24E+00										
5.00E+03	-4.49E-01	-2.25E+00										
5.05E+03	-4.47E-01	-2.26E+00										
5.10E+03	-4.44E-01	-2.27E+00										
5.16E+03	-4.42E-01	-2.28E+00										
5.21E+03	-4.40E-01	-2.29E+00										
5.26E+03	-4.37E-01	-2.30E+00										
5.31E+03	-4.35E-01	-2.31E+00										
5.36E+03	-4.32E-01	-2.32E+00										
5.41E+03	-4.30E-01	-2.33E+00										
5.47E+03	-4.27E-01	-2.34E+00										
5.52E+03	-4.25E-01	-2.35E+00										
5.57E+03	-4.22E-01	-2.35E+00										
5.63E+03	-4.20E-01	-2.36E+00										
5.68E+03	-4.17E-01	-2.37E+00										
5.73E+03	-4.15E-01	-2.38E+00										
5.78E+03	-4.13E-01	-2.38E+00										
5.83E+03	-4.10E-01	-2.39E+00										
5.88E+03	-4.08E-01	-2.40E+00										
5.93E+03	-4.05E-01	-2.41E+00										
5.99E+03	-4.03E-01	-2.41E+00										
6.04E+03	-4.01E-01	-2.42E+00										
6.09E+03	-3.98E-01	-2.42E+00										
6.14E+03	-3.96E-01	-2.43E+00										
6.19E+03	-3.93E-01	-2.44E+00										
6.24E+03	-3.91E-01	-2.44E+00										
6.29E+03	-3.88E-01	-2.44E+00										
6.34E+03	-3.86E-01	-2.45E+00										
6.40E+03	-3.84E-01	-2.45E+00										
6.45E+03	-3.81E-01	-2.46E+00										
6.50E+03	-3.79E-01	-2.46E+00										
6.55E+03	-3.76E-01	-2.46E+00										
6.61E+03	-3.73E-01	-2.47E+00										
6.66E+03	-3.71E-01	-2.47E+00										
6.71E+03	-3.69E-01	-2.47E+00										
6.76E+03	-3.66E-01	-2.47E+00										
6.81E+03	-3.63E-01	-2.48E+00										
6.86E+03	-3.61E-01	-2.48E+00										
6.91E+03	-3.58E-01	-2.48E+00										
6.97E+03	-3.56E-01	-2.48E+00										
7.02E+03	-3.53E-01	-2.48E+00										
7.07E+03	-3.51E-01	-2.48E+00										
7.13E+03	-3.48E-01	-2.48E+00										
7.18E+03	-3.45E-01	-2.48E+00										
7.23E+03	-3.43E-01	-2.48E+00										
7.28E+03	-3.40E-01	-2.48E+00										
7.33E+03	-3.38E-01	-2.48E+00										
7.38E+03	-3.35E-01	-2.47E+00										
7.43E+03	-3.33E-01	-2.47E+00										
7.48E+03	-3.30E-01	-2.47E+00										
7.54E+03	-3.27E-01	-2.47E+00										
7.59E+03	-3.25E-01	-2.46E+00										
7.64E+03	-3.22E-01	-2.46E+00										
7.70E+03	-3.19E-01	-2.46E+00										
7.75E+03	-3.16E-01	-2.45E+00										
7.80E+03	-3.14E-01	-2.45E+00										
7.85E+03	-3.11E-01	-2.44E+00										
7.91E+03	-3.08E-01	-2.44E+00										
7.96E+03	-3.06E-01	-2.43E+00										
8.01E+03	-3.03E-01	-2.42E+00										
8.06E+03	-3.00E-01	-2.42E+00										
8.11E+03	-2.98E-01	-2.41E+00										
8.16E+03	-2.95E-01	-2.40E+00										
8.21E+03	-2.92E-01	-2.40E+00										
8.26E+03	-2.89E-01	-2.39E+00										
8.31E+03	-2.87E-01	-2.38E+00										
8.36E+03	-2.84E-01	-2.37E+00										
8.41E+03	-2.81E-01	-2.36E+00										
8.47E+03	-2.78E-01	-2.35E+00										
8.52E+03	-2.75E-01	-2.34E+00										
8.57E+03	-2.72E-01	-2.33E+00										
8.62E+03	-2.69E-01	-2.32E+00										
8.67E+03	-2.66E-01	-2.31E+00										
8.72E+03	-2.63E-01	-2.30E+00										
8.77E+03	-2.60E-01	-2.28E+00										
8.82E+03	-2.58E-01	-2.27E+00										
8.87E+03	-2.54E-01	-2.26E+00										
8.93E+03	-2.51E-01	-2.24E+00										
8.92E+03	-2.52E-01	-2.24E+00										
0.00E+00	-8.62E-01	0.00E+00										
0.00E+00	-9.45E-01	0.00E+00										
0.00E+00	-9.55E-01	0.00E+00										
0.00E+00	-9.59E-01	0.00E+00										
0.00E+00	-9.62E-01	0.00E+00										
0.00E+00	-9.65E-01	0.00E+00										
4.22E+01	-9.65E-01	-4.07E-02										
9.31E+01	-8.89E-01	-8.28E-02										
1.44E+02	-8.38E-01	-1.20E-01										
1.95E+02	-8.16E-01	-1.59E-01										
2.46E+02	-7.98E-01	-1.97E-01										
2.97E+02	-7.87E-01	-2.34E-01										
3.49E+02	-7.76E-01	-2.71E-01										
4.00E+02	-7.66E-01	-3.06E-01										
4.52E+02	-7.58E-01	-3.43E-01										
5.03E+02	-7.49E-01	-3.77E-01										
5.53E+02	-7.42E-01	-4.10E-01										
6.04E+02	-7.35E-01	-4.44E-01										
6.55E+02	-7.28E-01	-4.77E-01										
7.07E+02	-7.22E-01	-5.10E-01										
7.58E+02	-7.16E-01	-5.42E-01										
8.09E+02	-7.10E-01	-5.74E-01										
8.59E+02	-7.04E-01	-6.05E-01										
9.11E+02	-6.99E-01	-6.37E-01										
9.61E+02	-6.94E-01	-6.67E-01										
1.02E+03	-6.88E-01	-7.00E-01										
1.07E+03	-6.83E-01	-7.30E-01										
1.12E+03	-6.78E-01	-7.58E-01										
1.17E+03	-6.74E-01	-7.89E-01										
1.22E+03	-6.69E-01	-8.18E-01										
1.27E+03	-6.64E-01	-8.46E-01										
1.32E+03	-6.60E-01	-8.74E-01										
1.38E+03	-6.56E-01	-9.02E-01										
1.43E+03	-6.52E-01	-9.31E-01										
1.48E+03	-6.47E-01	-9.59E-01										
1.53E+03	-6.43E-01	-9.86E-01										
1.58E+03	-6.39E-01	-1.01E+00										
1.64E+03	-6.36E-01	-1.04E+00										
1.69E+03	-6.31E-01	-1.07E+00										
1.74E+03	-6.28E-01	-1.09E+00										
1.79E+03	-6.24E-01	-1.12E+00										
1.84E+03	-6.20E-01	-1.14E+00										
1.89E+03	-6.17E-01	-1.17E+00										
1.95E+03	-6.13E-01	-1.19E+00										
2.00E+03	-6.10E-01	-1.22E+00										
2.05E+03	-6.06E-01	-1.24E+00										
2.10E+03	-6.03E-01	-1.27E+00										
2.15E+03	-6.00E-01	-1.29E+00										
2.20E+03	-5.97E-01	-1.31E+00										
2.25E+03	-5.93E-01	-1.34E+00										
2.31E+03	-5.90E-01	-1.36E+00										
2.36E+03	-5.87E-01	-1.38E+00										
2.41E+03	-5.83E-01	-1.41E+00										
2.46E+03	-5.80E-01	-1.43E+00										
2.51E+03	-5.77E-01	-1.45E+00										
2.56E+03	-5.74E-01	-1.47E+00										
2.62E+03	-5.71E-01	-1.49E+00										
2.67E+03	-5.68E-01	-1.52E+00										
2.73E+03	-5.64E-01	-1.54E+00										
2.78E+03	-5.61E-01	-1.56E+00										
2.83E+03	-5.58E-01	-1.58E+00										
2.88E+03	-5.56E-01	-1.60E+00										
2.94E+03	-5.52E-01	-1.62E+00										
2.99E+03	-5.49E-01	-1.64E+00										
3.04E+03	-5.47E-01	-1.66E+00										
3.09E+03	-5.43E-01	-1.68E+00										
3.15E+03	-5.40E-01	-1.70E+00										
3.20E+03	-5.38E-01	-1.72E+00										
3.25E+03	-5.35E-01	-1.74E+00										
3.30E+03	-5.32E-01	-1.76E+00										
3.35E+03	-5.29E-01	-1.78E+00										
3.40E+03	-5.27E-01	-1.79E+00										
3.46E+03	-5.24E-01	-1.81E+00										
3.51E+03	-5.21E-01	-1.83E+00										
3.56E+03	-5.18E-01	-1.85E+00										
3.61E+03	-5.16E-01	-1.86E+00										
3.66E+03	-5.13E-01	-1.88E+00										
3.72E+03	-5.11E-01	-1.90E+00										
3.77E+03	-5.08E-01	-1.91E+00										
3.82E+03	-5.05E-01	-1.93E+00										
3.87E+03	-5.03E-01	-1.95E+00										
3.92E+03	-5.00E-01	-1.96E+00										
3.98E+03	-4.98E-01	-1.98E+00										
4.03E+03	-4.95E-01	-1.99E+00										
4.08E+03	-4.92E-01	-2.01E+00										
4.13E+03	-4.90E-01	-2.02E+00										
4.18E+03	-4.87E-01	-2.04E+00										
4.23E+03	-4.85E-01	-2.05E+00										
4.29E+03	-4.82E-01	-2.07E+00										
4.34E+03	-4.80E-01	-2.08E+00										
4.39E+03	-4.77E-01	-2.09E+00										
4.44E+03	-4.75E-01	-2.11E+00										
4.49E+03	-4.72E-01	-2.12E+00										
4.55E+03	-4.70E-01	-2.14E+00										
4.60E+03	-4.67E-01	-2.15E+00										
4.65E+03	-4.65E-01	-2.16E+00										
4.70E+03	-4.62E-01	-2.17E+00										
4.75E+03	-4.60E-01	-2.18E+00										
4.80E+03	-4.57E-01	-2.20E+00										
4.85E+03	-4.55E-01	-2.21E+00										
4.91E+03	-4.53E-01	-2.22E+00										
4.96E+03	-4.50E-01	-2.23E+00										
5.01E+03	-4.48E-01	-2.24E+00										
5.06E+03	-4.45E-01	-2.25E+00										
5.11E+03	-4.43E-01	-2.26E+00										
5.16E+03	-4.40E-01	-2.27E+00										
5.21E+03	-4.37E-01	-2.28E+00										
5.27E+03	-4.35E-01	-2.29E+00										
5.32E+03	-4.33E-01	-2.30E+00										
5.37E+03	-4.31E-01	-2.31E+00										
5.42E+03	-4.28E-01	-2.32E+00										
5.48E+03	-4.26E-01	-2.33E+00										
5.53E+03	-4.23E-01	-2.34E+00										
5.58E+03	-4.21E-01	-2.35E+00										
5.63E+03	-4.18E-01	-2.36E+00										
5.69E+03	-4.16E-01	-2.37E+00										
5.74E+03	-4.13E-01	-2.37E+00										
5.79E+03	-4.11E-01	-2.38E+00										
5.84E+03	-4.09E-01	-2.39E+00										
5.89E+03	-4.06E-01	-2.39E+00										
5.94E+03	-4.04E-01	-2.40E+00										
5.99E+03	-4.01E-01	-2.40E+00										
6.04E+03	-3.99E-01	-2.41E+00										
6.09E+03	-3.97E-01	-2.42E+00										
6.14E+03	-3.94E-01	-2.42E+00										
6.20E+03	-3.92E-01	-2.43E+00										
6.25E+03	-3.89E-01	-2.43E+00										
6.30E+03	-3.87E-01	-2.44E+00										
6.35E+03	-3.84E-01	-2.44E+00										
6.40E+03	-3.81E-01	-2.44E+00										
6.45E+03	-3.80E-01	-2.45E+00										
6.51E+03	-3.77E-01	-2.45E+00										
6.56E+03	-3.75E-01	-2.46E+00										
6.61E+03	-3.72E-01	-2.46E+00										
6.66E+03	-3.69E-01	-2.46E+00										
6.71E+03	-3.67E-01	-2.46E+00										
6.77E+03	-3.64E-01	-2.47E+00										
6.82E+03	-3.62E-01	-2.47E+00										
6.87E+03	-3.59E-01	-2.47E+00										
6.92E+03	-3.57E-01	-2.47E+00										
6.97E+03	-3.54E-01	-2.47E+00										
7.02E+03	-3.52E-01	-2.47E+00										
7.07E+03	-3.49E-01	-2.47E+00										
7.12E+03	-3.47E-01	-2.47E+00										
7.18E+03	-3.44E-01	-2.47E+00										
7.23E+03	-3.42E-01	-2.47E+00										
7.28E+03	-3.39E-01	-2.47E+00										
7.33E+03	-3.36E-01	-2.47E+00										
7.39E+03	-3.34E-01	-2.46E+00										
7.44E+03	-3.31E-01	-2.46E+00										
7.49E+03	-3.28E-01	-2.46E+00										
7.54E+03	-3.26E-01	-2.46E+00										
7.59E+03	-3.23E-01	-2.45E+00										
7.64E+03	-3.20E-01	-2.45E+00										
7.70E+03	-3.18E-01	-2.45E+00										
7.75E+03	-3.15E-01	-2.44E+00										
7.80E+03	-3.12E-01	-2.44E+00										
7.86E+03	-3.09E-01	-2.43E+00										
7.91E+03	-3.07E-01	-2.42E+00										
7.96E+03	-3.04E-01	-2.42E+00										
8.01E+03	-3.01E-01	-2.41E+00										
8.06E+03	-2.98E-01	-2.40E+00										
8.12E+03	-2.96E-01	-2.40E+00										
8.17E+03	-2.93E-01	-2.39E+00										
8.22E+03	-2.90E-01	-2.39E+00										
8.27E+03	-2.87E-01	-2.38E+00										
8.32E+03	-2.84E-01	-2.37E+00										
8.37E+03	-2.81E-01	-2.36E+00										
8.43E+03	-2.79E-01	-2.35E+00										
8.48E+03	-2.76E-01	-2.34E+00										
8.53E+03	-2.72E-01	-2.32E+00										
8.58E+03	-2.70E-01	-2.32E+00										
8.63E+03	-2.67E-01	-2.30E+00										
8.69E+03	-2.64E-01	-2.29E+00										
8.74E+03	-2.61E-01	-2.28E+00										
8.79E+03	-2.58E-01	-2.26E+00										
8.84E+03	-2.55E-01	-2.25E+00										
8.89E+03	-2.52E-01	-2.24E+00										
8.89E+03	-2.51E-01	-2.24E+00										
0.00E+00	-8.62E-01	0.00E+00										
0.00E+00	-9.45E-01	0.00E+00										
0.00E+00	-9.54E-01	0.00E+00										
0.00E+00	-9.59E-01	0.00E+00										
0.00E+00	-9.62E-01	0.00E+00										
0.00E+00	-9.65E-01	0.00E+00										
4.93E+01	-9.65E-01	-4.76E-02										
1.02E+02	-8.74E-01	-8.90E-02										
1.55E+02	-8.32E-01	-1.29E-01										
2.06E+02	-8.11E-01	-1.67E-01										
2.57E+02	-7.97E-01	-2.04E-01										
3.08E+02	-7.83E-01	-2.41E-01										
3.58E+02	-7.74E-01	-2.77E-01										
4.11E+02	-7.64E-01	-3.14E-01										
4.62E+02	-7.56E-01	-3.49E-01										
5.13E+02	-7.48E-01	-3.84E-01										
5.66E+02	-7.40E-01	-4.19E-01										
6.18E+02	-7.33E-01	-4.53E-01										
6.70E+02	-7.26E-01	-4.87E-01										
7.22E+02	-7.20E-01	-5.20E-01										
7.77E+02	-7.14E-01	-5.55E-01										
8.29E+02	-7.07E-01	-5.86E-01										
8.79E+02	-7.02E-01	-6.17E-01										
9.33E+02	-6.97E-01	-6.50E-01										
9.84E+02	-6.91E-01	-6.80E-01										
1.04E+03	-6.86E-01	-7.10E-01										
1.09E+03	-6.81E-01	-7.39E-01										
1.14E+03	-6.76E-01	-7.70E-01										
1.19E+03	-6.72E-01	-7.99E-01										
1.24E+03	-6.67E-01	-8.27E-01										
1.29E+03	-6.63E-01	-8.56E-01										
1.34E+03	-6.58E-01	-8.83E-01										
1.39E+03	-6.54E-01	-9.10E-01										
1.45E+03	-6.50E-01	-9.39E-01										
1.50E+03	-6.46E-01	-9.67E-01										
1.55E+03	-6.42E-01	-9.93E-01										
1.60E+03	-6.38E-01	-1.02E+00										
1.65E+03	-6.34E-01	-1.05E+00										
1.71E+03	-6.30E-01	-1.07E+00										
1.76E+03	-6.26E-01	-1.10E+00										
1.81E+03	-6.23E-01	-1.12E+00										
1.86E+03	-6.19E-01	-1.15E+00										
1.91E+03	-6.15E-01	-1.18E+00										
1.97E+03	-6.11E-01	-1.20E+00										
2.02E+03	-6.08E-01	-1.23E+00										
2.07E+03	-6.05E-01	-1.25E+00										
2.12E+03	-6.01E-01	-1.28E+00										
2.17E+03	-5.98E-01	-1.30E+00										
2.23E+03	-5.95E-01	-1.32E+00										
2.28E+03	-5.91E-01	-1.35E+00										
2.33E+03	-5.88E-01	-1.37E+00										
2.38E+03	-5.84E-01	-1.39E+00										
2.43E+03	-5.81E-01	-1.42E+00										
2.49E+03	-5.78E-01	-1.44E+00										
2.54E+03	-5.75E-01	-1.46E+00										
2.59E+03	-5.72E-01	-1.48E+00										
2.64E+03	-5.69E-01	-1.50E+00										
2.69E+03	-5.66E-01	-1.52E+00										
2.74E+03	-5.63E-01	-1.54E+00										
2.79E+03	-5.60E-01	-1.56E+00										
2.84E+03	-5.57E-01	-1.58E+00										
2.89E+03	-5.54E-01	-1.60E+00										
2.95E+03	-5.51E-01	-1.62E+00										
3.00E+03	-5.48E-01	-1.64E+00										
3.05E+03	-5.45E-01	-1.66E+00										
3.10E+03	-5.42E-01	-1.68E+00										
3.15E+03	-5.40E-01	-1.70E+00										
3.20E+03	-5.37E-01	-1.72E+00										
3.25E+03	-5.34E-01	-1.74E+00										
3.30E+03	-5.32E-01	-1.76E+00										
3.35E+03	-5.29E-01	-1.77E+00										
3.41E+03	-5.26E-01	-1.79E+00										
3.46E+03	-5.23E-01	-1.81E+00										
3.51E+03	-5.20E-01	-1.83E+00										
3.56E+03	-5.18E-01	-1.84E+00										
3.61E+03	-5.15E-01	-1.86E+00										
3.66E+03	-5.13E-01	-1.88E+00										
3.71E+03	-5.10E-01	-1.89E+00										
3.76E+03	-5.07E-01	-1.91E+00										
3.82E+03	-5.05E-01	-1.93E+00										
3.87E+03	-5.02E-01	-1.94E+00										
3.92E+03	-5.00E-01	-1.96E+00										
3.97E+03	-4.97E-01	-1.97E+00										
4.02E+03	-4.94E-01	-1.99E+00										
4.07E+03	-4.92E-01	-2.00E+00										
4.12E+03	-4.89E-01	-2.02E+00										
4.17E+03	-4.87E-01	-2.03E+00										
4.23E+03	-4.84E-01	-2.05E+00										
4.28E+03	-4.82E-01	-2.06E+00										
4.33E+03	-4.79E-01	-2.07E+00										
4.38E+03	-4.77E-01	-2.09E+00										
4.43E+03	-4.74E-01	-2.10E+00										
4.48E+03	-4.72E-01	-2.12E+00										
4.54E+03	-4.69E-01	-2.13E+00										
4.59E+03	-4.67E-01	-2.14E+00										
4.64E+03	-4.64E-01	-2.16E+00										
4.69E+03	-4.62E-01	-2.17E+00										
4.74E+03	-4.59E-01	-2.18E+00										
4.79E+03	-4.57E-01	-2.19E+00										
4.84E+03	-4.54E-01	-2.20E+00										
4.90E+03	-4.52E-01	-2.21E+00										
4.95E+03	-4.49E-01	-2.22E+00										
5.00E+03	-4.47E-01	-2.24E+00										
5.05E+03	-4.45E-01	-2.25E+00										
5.10E+03	-4.42E-01	-2.26E+00										
5.15E+03	-4.40E-01	-2.27E+00										
5.21E+03	-4.37E-01	-2.28E+00										
5.26E+03	-4.35E-01	-2.29E+00										
5.31E+03	-4.32E-01	-2.30E+00										
5.36E+03	-4.30E-01	-2.31E+00										
5.41E+03	-4.28E-01	-2.32E+00										
5.46E+03	-4.25E-01	-2.32E+00										
5.52E+03	-4.23E-01	-2.33E+00										
5.57E+03	-4.20E-01	-2.34E+00										
5.62E+03	-4.18E-01	-2.35E+00										
5.67E+03	-4.15E-01	-2.36E+00										
5.72E+03	-4.13E-01	-2.36E+00										
5.78E+03	-4.11E-01	-2.37E+00										
5.83E+03	-4.08E-01	-2.38E+00										
5.88E+03	-4.05E-01	-2.38E+00										
5.93E+03	-4.03E-01	-2.39E+00										
5.98E+03	-4.00E-01	-2.40E+00										
6.03E+03	-3.98E-01	-2.40E+00										
6.08E+03	-3.96E-01	-2.41E+00										
6.13E+03	-3.93E-01	-2.41E+00										
6.19E+03	-3.91E-01	-2.42E+00										
6.24E+03	-3.89E-01	-2.43E+00										
6.29E+03	-3.86E-01	-2.43E+00										
6.34E+03	-3.84E-01	-2.43E+00										
6.39E+03	-3.81E-01	-2.44E+00										
6.45E+03	-3.79E-01	-2.44E+00										
6.50E+03	-3.76E-01	-2.44E+00										
6.55E+03	-3.74E-01	-2.45E+00										
6.60E+03	-3.71E-01	-2.45E+00										
6.65E+03	-3.69E-01	-2.45E+00										
6.71E+03	-3.66E-01	-2.45E+00										
6.76E+03	-3.63E-01	-2.46E+00										
6.81E+03	-3.61E-01	-2.46E+00										
6.86E+03	-3.58E-01	-2.46E+00										
6.91E+03	-3.56E-01	-2.46E+00										
6.96E+03	-3.53E-01	-2.46E+00										
7.01E+03	-3.51E-01	-2.46E+00										
7.07E+03	-3.48E-01	-2.46E+00										
7.12E+03	-3.46E-01	-2.46E+00										
7.17E+03	-3.43E-01	-2.46E+00										
7.22E+03	-3.40E-01	-2.46E+00										
7.27E+03	-3.38E-01	-2.46E+00										
7.32E+03	-3.35E-01	-2.46E+00										
7.37E+03	-3.33E-01	-2.46E+00										
7.43E+03	-3.30E-01	-2.45E+00										
7.48E+03	-3.28E-01	-2.45E+00										
7.53E+03	-3.25E-01	-2.45E+00										
7.58E+03	-3.22E-01	-2.44E+00										
7.63E+03	-3.19E-01	-2.44E+00										
7.68E+03	-3.17E-01	-2.43E+00										
7.73E+03	-3.14E-01	-2.43E+00										
7.79E+03	-3.12E-01	-2.43E+00										
7.84E+03	-3.09E-01	-2.42E+00										
7.89E+03	-3.06E-01	-2.42E+00										
7.95E+03	-3.03E-01	-2.41E+00										
8.00E+03	-3.00E-01	-2.40E+00										
8.05E+03	-2.98E-01	-2.40E+00										
8.10E+03	-2.95E-01	-2.39E+00										
8.15E+03	-2.92E-01	-2.38E+00										
8.20E+03	-2.90E-01	-2.38E+00										
8.25E+03	-2.86E-01	-2.36E+00										
8.31E+03	-2.83E-01	-2.35E+00										
8.36E+03	-2.81E-01	-2.35E+00										
8.41E+03	-2.78E-01	-2.34E+00										
8.46E+03	-2.75E-01	-2.33E+00										
8.51E+03	-2.72E-01	-2.32E+00										
8.56E+03	-2.69E-01	-2.31E+00										
8.61E+03	-2.66E-01	-2.29E+00										
8.66E+03	-2.64E-01	-2.28E+00										
8.71E+03	-2.60E-01	-2.27E+00										
8.76E+03	-2.58E-01	-2.26E+00										
8.81E+03	-2.55E-01	-2.25E+00										
8.87E+03	-2.51E-01	-2.23E+00										
8.86E+03	-2.51E-01	-2.23E+00										
0.00E+00	-8.62E-01	0.00E+00										
0.00E+00	-9.45E-01	0.00E+00										
0.00E+00	-9.54E-01	0.00E+00										
0.00E+00	-9.59E-01	0.00E+00										
0.00E+00	-9.62E-01	0.00E+00										
0.00E+00	-9.65E-01	0.00E+00										
5.65E+01	-9.65E-01	-5.45E-02										
1.09E+02	-8.63E-01	-9.40E-02										
1.59E+02	-8.29E-01	-1.32E-01										
2.13E+02	-8.09E-01	-1.73E-01										
2.65E+02	-7.94E-01	-2.11E-01										
3.19E+02	-7.82E-01	-2.49E-01										
3.70E+02	-7.72E-01	-2.86E-01										
4.22E+02	-7.62E-01	-3.21E-01										
4.72E+02	-7.54E-01	-3.56E-01										
5.22E+02	-7.46E-01	-3.90E-01										
5.74E+02	-7.39E-01	-4.24E-01										
6.27E+02	-7.32E-01	-4.59E-01										
6.78E+02	-7.25E-01	-4.92E-01										
7.29E+02	-7.19E-01	-5.24E-01										
7.86E+02	-7.13E-01	-5.60E-01										
8.36E+02	-7.06E-01	-5.91E-01										
8.86E+02	-7.01E-01	-6.22E-01										
9.37E+02	-6.96E-01	-6.52E-01										
9.88E+02	-6.91E-01	-6.82E-01										
1.04E+03	-6.85E-01	-7.13E-01										
1.09E+03	-6.80E-01	-7.44E-01										
1.15E+03	-6.75E-01	-7.74E-01										
1.20E+03	-6.71E-01	-8.02E-01										
1.25E+03	-6.66E-01	-8.31E-01										
1.30E+03	-6.62E-01	-8.59E-01										
1.35E+03	-6.57E-01	-8.87E-01										
1.40E+03	-6.53E-01	-9.14E-01										
1.45E+03	-6.49E-01	-9.42E-01										
1.50E+03	-6.45E-01	-9.69E-01										
1.56E+03	-6.41E-01	-9.98E-01										
1.61E+03	-6.37E-01	-1.03E+00										
1.66E+03	-6.33E-01	-1.05E+00										
1.71E+03	-6.29E-01	-1.08E+00										
1.76E+03	-6.25E-01	-1.10E+00										
1.82E+03	-6.22E-01	-1.13E+00										
1.87E+03	-6.18E-01	-1.15E+00										
1.92E+03	-6.14E-01	-1.18E+00										
1.97E+03	-6.10E-01	-1.21E+00										
2.02E+03	-6.07E-01	-1.23E+00										
2.08E+03	-6.04E-01	-1.25E+00										
2.13E+03	-6.00E-01	-1.28E+00										
2.18E+03	-5.97E-01	-1.30E+00										
2.23E+03	-5.93E-01	-1.32E+00										
2.28E+03	-5.91E-01	-1.35E+00										
2.33E+03	-5.87E-01	-1.37E+00										
2.38E+03	-5.84E-01	-1.39E+00										
2.43E+03	-5.81E-01	-1.41E+00										
2.49E+03	-5.78E-01	-1.44E+00										
2.54E+03	-5.75E-01	-1.46E+00										
2.59E+03	-5.72E-01	-1.48E+00										
2.64E+03	-5.68E-01	-1.50E+00										
2.69E+03	-5.65E-01	-1.52E+00										
2.74E+03	-5.63E-01	-1.54E+00										
2.79E+03	-5.59E-01	-1.56E+00										
2.84E+03	-5.56E-01	-1.58E+00										
2.90E+03	-5.54E-01	-1.60E+00										
2.95E+03	-5.50E-01	-1.62E+00										
3.00E+03	-5.48E-01	-1.64E+00										
3.05E+03	-5.45E-01	-1.66E+00										
3.11E+03	-5.42E-01	-1.68E+00										
3.16E+03	-5.39E-01	-1.70E+00										
3.22E+03	-5.36E-01	-1.72E+00										
3.27E+03	-5.33E-01	-1.74E+00										
3.32E+03	-5.30E-01	-1.76E+00										
3.37E+03	-5.27E-01	-1.78E+00										
3.42E+03	-5.25E-01	-1.80E+00										
3.48E+03	-5.22E-01	-1.81E+00										
3.53E+03	-5.19E-01	-1.83E+00										
3.58E+03	-5.17E-01	-1.85E+00										
3.63E+03	-5.14E-01	-1.86E+00										
3.68E+03	-5.11E-01	-1.88E+00										
3.73E+03	-5.08E-01	-1.90E+00										
3.79E+03	-5.06E-01	-1.91E+00										
3.84E+03	-5.03E-01	-1.93E+00										
3.89E+03	-5.00E-01	-1.95E+00										
3.94E+03	-4.98E-01	-1.96E+00										
3.99E+03	-4.95E-01	-1.98E+00										
4.04E+03	-4.93E-01	-1.99E+00										
4.09E+03	-4.90E-01	-2.01E+00										
4.14E+03	-4.87E-01	-2.02E+00										
4.20E+03	-4.85E-01	-2.04E+00										
4.25E+03	-4.83E-01	-2.05E+00										
4.30E+03	-4.80E-01	-2.06E+00										
4.35E+03	-4.77E-01	-2.08E+00										
4.40E+03	-4.75E-01	-2.09E+00										
4.45E+03	-4.73E-01	-2.10E+00										
4.51E+03	-4.70E-01	-2.12E+00										
4.56E+03	-4.67E-01	-2.13E+00										
4.61E+03	-4.65E-01	-2.14E+00										
4.66E+03	-4.62E-01	-2.15E+00										
4.71E+03	-4.60E-01	-2.17E+00										
4.77E+03	-4.57E-01	-2.18E+00										
4.82E+03	-4.55E-01	-2.19E+00										
4.87E+03	-4.52E-01	-2.20E+00										
4.92E+03	-4.50E-01	-2.21E+00										
4.97E+03	-4.47E-01	-2.22E+00										
5.02E+03	-4.45E-01	-2.24E+00										
5.07E+03	-4.43E-01	-2.25E+00										
5.13E+03	-4.40E-01	-2.26E+00										
5.18E+03	-4.38E-01	-2.27E+00										
5.24E+03	-4.35E-01	-2.28E+00										
5.29E+03	-4.32E-01	-2.29E+00										
5.34E+03	-4.30E-01	-2.30E+00										
5.39E+03	-4.28E-01	-2.30E+00										
5.44E+03	-4.25E-01	-2.31E+00										
5.49E+03	-4.23E-01	-2.32E+00										
5.55E+03	-4.20E-01	-2.33E+00										
5.60E+03	-4.17E-01	-2.34E+00										
5.66E+03	-4.15E-01	-2.35E+00										
5.71E+03	-4.12E-01	-2.36E+00										
5.76E+03	-4.10E-01	-2.36E+00										
5.82E+03	-4.07E-01	-2.37E+00										
5.87E+03	-4.05E-01	-2.38E+00										
5.92E+03	-4.02E-01	-2.38E+00										
5.97E+03	-4.00E-01	-2.39E+00										
6.02E+03	-3.97E-01	-2.39E+00										
6.08E+03	-3.95E-01	-2.40E+00										
6.13E+03	-3.92E-01	-2.40E+00										
6.18E+03	-3.90E-01	-2.41E+00										
6.23E+03	-3.87E-01	-2.41E+00										
6.28E+03	-3.85E-01	-2.42E+00										
6.33E+03	-3.82E-01	-2.42E+00										
6.38E+03	-3.80E-01	-2.43E+00										
6.43E+03	-3.77E-01	-2.43E+00										
6.48E+03	-3.75E-01	-2.43E+00										
6.53E+03	-3.73E-01	-2.43E+00										
6.58E+03	-3.70E-01	-2.44E+00										
6.64E+03	-3.68E-01	-2.44E+00										
6.69E+03	-3.65E-01	-2.44E+00										
6.74E+03	-3.62E-01	-2.44E+00										
6.79E+03	-3.60E-01	-2.44E+00										
6.84E+03	-3.57E-01	-2.44E+00										
6.90E+03	-3.55E-01	-2.45E+00										
6.95E+03	-3.52E-01	-2.44E+00										
7.00E+03	-3.50E-01	-2.45E+00										
7.05E+03	-3.47E-01	-2.45E+00										
7.10E+03	-3.44E-01	-2.45E+00										
7.15E+03	-3.42E-01	-2.44E+00										
7.21E+03	-3.39E-01	-2.44E+00										
7.26E+03	-3.37E-01	-2.44E+00										
7.31E+03	-3.34E-01	-2.44E+00										
7.36E+03	-3.31E-01	-2.44E+00										
7.41E+03	-3.29E-01	-2.44E+00										
7.46E+03	-3.26E-01	-2.43E+00										
7.52E+03	-3.23E-01	-2.43E+00										
7.57E+03	-3.20E-01	-2.42E+00										
7.62E+03	-3.18E-01	-2.42E+00										
7.67E+03	-3.15E-01	-2.42E+00										
7.73E+03	-3.12E-01	-2.41E+00										
7.78E+03	-3.09E-01	-2.41E+00										
7.83E+03	-3.07E-01	-2.40E+00										
7.88E+03	-3.04E-01	-2.39E+00										
7.93E+03	-3.01E-01	-2.39E+00										
7.98E+03	-2.98E-01	-2.38E+00										
8.03E+03	-2.96E-01	-2.37E+00										
8.08E+03	-2.93E-01	-2.37E+00										
8.14E+03	-2.90E-01	-2.36E+00										
8.19E+03	-2.87E-01	-2.35E+00										
8.24E+03	-2.84E-01	-2.34E+00										
8.29E+03	-2.81E-01	-2.33E+00										
8.34E+03	-2.78E-01	-2.32E+00										
8.39E+03	-2.75E-01	-2.31E+00										
8.45E+03	-2.73E-01	-2.30E+00										
8.50E+03	-2.70E-01	-2.29E+00										
8.55E+03	-2.67E-01	-2.28E+00										
8.60E+03	-2.64E-01	-2.27E+00										
8.65E+03	-2.61E-01	-2.26E+00										
8.71E+03	-2.58E-01	-2.24E+00										
8.76E+03	-2.54E-01	-2.23E+00										
8.81E+03	-2.51E-01	-2.21E+00										
8.80E+03	-2.51E-01	-2.21E+00										
0.00E+00	-8.62E-01	0.00E+00										
0.00E+00	-9.45E-01	0.00E+00										
0.00E+00	-9.54E-01	0.00E+00										
0.00E+00	-9.59E-01	0.00E+00										
0.00E+00	-9.62E-01	0.00E+00										
0.00E+00	-9.65E-01	0.00E+00										
4.88E+01	-9.65E-01	-4.71E-02										
9.92E+01	-8.76E-01	-8.70E-02										
1.51E+02	-8.34E-01	-1.26E-01										
2.02E+02	-8.12E-01	-1.64E-01										
2.53E+02	-7.97E-01	-2.02E-01										
3.05E+02	-7.85E-01	-2.39E-01										
3.56E+02	-7.74E-01	-2.75E-01										
4.06E+02	-7.64E-01	-3.10E-01										
4.57E+02	-7.56E-01	-3.46E-01										
5.08E+02	-7.49E-01	-3.80E-01										
5.58E+02	-7.41E-01	-4.14E-01										
6.11E+02	-7.34E-01	-4.48E-01										
6.61E+02	-7.27E-01	-4.81E-01										
7.12E+02	-7.20E-01	-5.13E-01										
7.63E+02	-7.14E-01	-5.45E-01										
8.14E+02	-7.09E-01	-5.76E-01										
8.64E+02	-7.03E-01	-6.07E-01										
9.16E+02	-6.97E-01	-6.39E-01										
9.67E+02	-6.92E-01	-6.69E-01										
1.02E+03	-6.87E-01	-7.00E-01										
1.07E+03	-6.82E-01	-7.30E-01										
1.12E+03	-6.77E-01	-7.58E-01										
1.17E+03	-6.72E-01	-7.88E-01										
1.22E+03	-6.68E-01	-8.16E-01										
1.27E+03	-6.63E-01	-8.46E-01										
1.33E+03	-6.59E-01	-8.74E-01										
1.38E+03	-6.54E-01	-9.03E-01										
1.43E+03	-6.50E-01	-9.31E-01										
1.48E+03	-6.46E-01	-9.57E-01										
1.53E+03	-6.42E-01	-9.83E-01										
1.58E+03	-6.38E-01	-1.01E+00										
1.63E+03	-6.34E-01	-1.04E+00										
1.68E+03	-6.30E-01	-1.06E+00										
1.74E+03	-6.26E-01	-1.09E+00										
1.79E+03	-6.23E-01	-1.11E+00										
1.84E+03	-6.20E-01	-1.14E+00										
1.89E+03	-6.16E-01	-1.16E+00										
1.94E+03	-6.12E-01	-1.19E+00										
1.99E+03	-6.08E-01	-1.21E+00										
2.05E+03	-6.05E-01	-1.24E+00										
2.10E+03	-6.01E-01	-1.26E+00										
2.15E+03	-5.98E-01	-1.29E+00										
2.20E+03	-5.94E-01	-1.31E+00										
2.26E+03	-5.91E-01	-1.33E+00										
2.31E+03	-5.88E-01	-1.36E+00										
2.36E+03	-5.85E-01	-1.38E+00										
2.41E+03	-5.82E-01	-1.40E+00										
2.46E+03	-5.78E-01	-1.42E+00										
2.51E+03	-5.75E-01	-1.44E+00										
2.56E+03	-5.72E-01	-1.47E+00										
2.61E+03	-5.69E-01	-1.49E+00										
2.66E+03	-5.66E-01	-1.51E+00										
2.71E+03	-5.63E-01	-1.53E+00										
2.77E+03	-5.60E-01	-1.55E+00										
2.82E+03	-5.57E-01	-1.57E+00										
2.87E+03	-5.54E-01	-1.59E+00										
2.92E+03	-5.51E-01	-1.61E+00										
2.97E+03	-5.48E-01	-1.63E+00										
3.02E+03	-5.45E-01	-1.65E+00										
3.08E+03	-5.43E-01	-1.67E+00										
3.13E+03	-5.40E-01	-1.69E+00										
3.18E+03	-5.37E-01	-1.71E+00										
3.23E+03	-5.34E-01	-1.72E+00										
3.28E+03	-5.31E-01	-1.74E+00										
3.33E+03	-5.28E-01	-1.76E+00										
3.38E+03	-5.26E-01	-1.78E+00										
3.43E+03	-5.23E-01	-1.80E+00										
3.49E+03	-5.20E-01	-1.81E+00										
3.54E+03	-5.18E-01	-1.83E+00										
3.59E+03	-5.15E-01	-1.85E+00										
3.64E+03	-5.12E-01	-1.87E+00										
3.69E+03	-5.09E-01	-1.88E+00										
3.75E+03	-5.07E-01	-1.90E+00										
3.80E+03	-5.04E-01	-1.91E+00										
3.85E+03	-5.01E-01	-1.93E+00										
3.90E+03	-4.99E-01	-1.95E+00										
3.95E+03	-4.96E-01	-1.96E+00										
4.00E+03	-4.94E-01	-1.98E+00										
4.05E+03	-4.91E-01	-1.99E+00										
4.11E+03	-4.89E-01	-2.01E+00										
4.16E+03	-4.86E-01	-2.02E+00										
4.21E+03	-4.83E-01	-2.03E+00										
4.26E+03	-4.81E-01	-2.05E+00										
4.31E+03	-4.78E-01	-2.06E+00										
4.36E+03	-4.76E-01	-2.08E+00										
4.41E+03	-4.74E-01	-2.09E+00										
4.47E+03	-4.71E-01	-2.10E+00										
4.52E+03	-4.68E-01	-2.12E+00										
4.57E+03	-4.66E-01	-2.13E+00										
4.62E+03	-4.63E-01	-2.14E+00										
4.67E+03	-4.61E-01	-2.15E+00										
4.73E+03	-4.58E-01	-2.16E+00										
4.78E+03	-4.56E-01	-2.18E+00										
4.83E+03	-4.54E-01	-2.19E+00										
4.88E+03	-4.51E-01	-2.20E+00										
4.93E+03	-4.49E-01	-2.21E+00										
4.98E+03	-4.46E-01	-2.22E+00										
5.04E+03	-4.44E-01	-2.23E+00										
5.09E+03	-4.41E-01	-2.24E+00										
5.14E+03	-4.38E-01	-2.25E+00										
5.19E+03	-4.36E-01	-2.26E+00										
5.25E+03	-4.33E-01	-2.27E+00										
5.30E+03	-4.31E-01	-2.28E+00										
5.35E+03	-4.29E-01	-2.29E+00										
5.40E+03	-4.26E-01	-2.30E+00										
5.45E+03	-4.24E-01	-2.31E+00										
5.51E+03	-4.21E-01	-2.32E+00										
5.56E+03	-4.19E-01	-2.33E+00										
5.61E+03	-4.16E-01	-2.34E+00										
5.66E+03	-4.14E-01	-2.34E+00										
5.72E+03	-4.11E-01	-2.35E+00										
5.77E+03	-4.09E-01	-2.36E+00										
5.82E+03	-4.06E-01	-2.36E+00										
5.87E+03	-4.04E-01	-2.37E+00										
5.92E+03	-4.02E-01	-2.38E+00										
5.97E+03	-3.99E-01	-2.38E+00										
6.02E+03	-3.97E-01	-2.39E+00										
6.07E+03	-3.94E-01	-2.39E+00										
6.12E+03	-3.92E-01	-2.40E+00										
6.18E+03	-3.89E-01	-2.40E+00										
6.23E+03	-3.87E-01	-2.41E+00										
6.28E+03	-3.84E-01	-2.41E+00										
6.33E+03	-3.82E-01	-2.42E+00										
6.38E+03	-3.79E-01	-2.42E+00										
6.44E+03	-3.77E-01	-2.43E+00										
6.49E+03	-3.74E-01	-2.43E+00										
6.54E+03	-3.72E-01	-2.43E+00										
6.59E+03	-3.69E-01	-2.43E+00										
6.64E+03	-3.67E-01	-2.44E+00										
6.69E+03	-3.64E-01	-2.44E+00										
6.74E+03	-3.62E-01	-2.44E+00										
6.80E+03	-3.59E-01	-2.44E+00										
6.85E+03	-3.57E-01	-2.44E+00										
6.90E+03	-3.54E-01	-2.44E+00										
6.95E+03	-3.52E-01	-2.44E+00										
7.00E+03	-3.49E-01	-2.45E+00										
7.05E+03	-3.46E-01	-2.44E+00										
7.11E+03	-3.44E-01	-2.44E+00										
7.16E+03	-3.41E-01	-2.44E+00										
7.21E+03	-3.39E-01	-2.44E+00										
7.26E+03	-3.36E-01	-2.44E+00										
7.31E+03	-3.34E-01	-2.44E+00										
7.36E+03	-3.31E-01	-2.44E+00										
7.41E+03	-3.28E-01	-2.43E+00										
7.47E+03	-3.26E-01	-2.43E+00										
7.52E+03	-3.23E-01	-2.43E+00										
7.57E+03	-3.20E-01	-2.42E+00										
7.62E+03	-3.18E-01	-2.42E+00										
7.67E+03	-3.15E-01	-2.41E+00										
7.72E+03	-3.12E-01	-2.41E+00										
7.78E+03	-3.10E-01	-2.41E+00										
7.83E+03	-3.07E-01	-2.40E+00										
7.88E+03	-3.04E-01	-2.40E+00										
7.93E+03	-3.01E-01	-2.39E+00										
7.98E+03	-2.98E-01	-2.38E+00										
8.04E+03	-2.96E-01	-2.38E+00										
8.09E+03	-2.93E-01	-2.37E+00										
8.14E+03	-2.90E-01	-2.36E+00										
8.20E+03	-2.87E-01	-2.35E+00										
8.25E+03	-2.84E-01	-2.34E+00										
8.30E+03	-2.81E-01	-2.33E+00										
8.35E+03	-2.78E-01	-2.33E+00										
8.40E+03	-2.75E-01	-2.31E+00										
8.45E+03	-2.73E-01	-2.30E+00										
8.51E+03	-2.70E-01	-2.29E+00										
8.56E+03	-2.66E-01	-2.28E+00										
8.61E+03	-2.64E-01	-2.27E+00										
8.66E+03	-2.61E-01	-2.26E+00										
8.71E+03	-2.58E-01	-2.24E+00										
8.76E+03	-2.55E-01	-2.23E+00										
8.82E+03	-2.52E-01	-2.22E+00										
8.81E+03	-2.51E-01	-2.22E+00										
0.00E+00	-8.62E-01	0.00E+00										
0.00E+00	-9.45E-01	0.00E+00										
0.00E+00	-9.54E-01	0.00E+00										
0.00E+00	-9.59E-01	0.00E+00										
0.00E+00	-9.62E-01	0.00E+00										
0.00E+00	-9.65E-01	0.00E+00										
5.19E+01	-9.65E-01	-5.01E-02										
1.04E+02	-8.69E-01	-9.02E-02										
1.54E+02	-8.33E-01	-1.29E-01										
2.06E+02	-8.11E-01	-1.67E-01										
2.60E+02	-7.96E-01	-2.07E-01										
3.14E+02	-7.83E-01	-2.46E-01										
3.65E+02	-7.72E-01	-2.82E-01										
4.15E+02	-7.62E-01	-3.17E-01										
4.67E+02	-7.55E-01	-3.53E-01										
5.19E+02	-7.47E-01	-3.87E-01										
5.69E+02	-7.39E-01	-4.21E-01										
6.21E+02	-7.32E-01	-4.55E-01										
6.73E+02	-7.26E-01	-4.89E-01										
7.25E+02	-7.19E-01	-5.21E-01										
7.76E+02	-7.13E-01	-5.53E-01										
8.26E+02	-7.07E-01	-5.84E-01										
8.77E+02	-7.02E-01	-6.16E-01										
9.27E+02	-6.96E-01	-6.45E-01										
9.80E+02	-6.91E-01	-6.77E-01										
1.03E+03	-6.86E-01	-7.07E-01										
1.08E+03	-6.81E-01	-7.37E-01										
1.13E+03	-6.76E-01	-7.67E-01										
1.19E+03	-6.71E-01	-7.96E-01										
1.24E+03	-6.66E-01	-8.27E-01										
1.29E+03	-6.61E-01	-8.55E-01										
1.34E+03	-6.57E-01	-8.83E-01										
1.40E+03	-6.53E-01	-9.11E-01										
1.45E+03	-6.48E-01	-9.40E-01										
1.50E+03	-6.44E-01	-9.66E-01										
1.55E+03	-6.40E-01	-9.93E-01										
1.60E+03	-6.36E-01	-1.02E+00										
1.65E+03	-6.32E-01	-1.05E+00										
1.71E+03	-6.28E-01	-1.07E+00										
1.76E+03	-6.25E-01	-1.10E+00										
1.81E+03	-6.21E-01	-1.13E+00										
1.86E+03	-6.17E-01	-1.15E+00										
1.91E+03	-6.14E-01	-1.18E+00										
1.97E+03	-6.10E-01	-1.20E+00										
2.02E+03	-6.06E-01	-1.22E+00										
2.07E+03	-6.03E-01	-1.25E+00										
2.12E+03	-5.99E-01	-1.27E+00										
2.17E+03	-5.96E-01	-1.30E+00										
2.22E+03	-5.93E-01	-1.32E+00										
2.28E+03	-5.89E-01	-1.34E+00										
2.33E+03	-5.86E-01	-1.36E+00										
2.38E+03	-5.83E-01	-1.39E+00										
2.43E+03	-5.80E-01	-1.41E+00										
2.48E+03	-5.76E-01	-1.43E+00										
2.53E+03	-5.73E-01	-1.45E+00										
2.59E+03	-5.70E-01	-1.47E+00										
2.64E+03	-5.67E-01	-1.50E+00										
2.69E+03	-5.64E-01	-1.52E+00										
2.74E+03	-5.61E-01	-1.54E+00										
2.79E+03	-5.58E-01	-1.56E+00										
2.84E+03	-5.55E-01	-1.58E+00										
2.89E+03	-5.52E-01	-1.60E+00										
2.95E+03	-5.49E-01	-1.62E+00										
3.00E+03	-5.46E-01	-1.64E+00										
3.05E+03	-5.43E-01	-1.66E+00										
3.10E+03	-5.41E-01	-1.68E+00										
3.15E+03	-5.38E-01	-1.69E+00										
3.20E+03	-5.35E-01	-1.71E+00										
3.25E+03	-5.32E-01	-1.73E+00										
3.30E+03	-5.29E-01	-1.75E+00										
3.36E+03	-5.26E-01	-1.77E+00										
3.41E+03	-5.24E-01	-1.78E+00										
3.46E+03	-5.21E-01	-1.80E+00										
3.51E+03	-5.18E-01	-1.82E+00										
3.56E+03	-5.15E-01	-1.84E+00										
3.61E+03	-5.13E-01	-1.85E+00										
3.66E+03	-5.10E-01	-1.87E+00										
3.72E+03	-5.07E-01	-1.89E+00										
3.77E+03	-5.05E-01	-1.90E+00										
3.82E+03	-5.02E-01	-1.92E+00										
3.87E+03	-4.99E-01	-1.93E+00										
3.92E+03	-4.97E-01	-1.95E+00										
3.98E+03	-4.94E-01	-1.96E+00										
4.03E+03	-4.92E-01	-1.98E+00										
4.08E+03	-4.89E-01	-1.99E+00										
4.13E+03	-4.86E-01	-2.01E+00										
4.18E+03	-4.84E-01	-2.02E+00										
4.24E+03	-4.81E-01	-2.04E+00										
4.29E+03	-4.78E-01	-2.05E+00										
4.34E+03	-4.76E-01	-2.07E+00										
4.39E+03	-4.73E-01	-2.08E+00										
4.44E+03	-4.71E-01	-2.09E+00										
4.49E+03	-4.68E-01	-2.10E+00										
4.54E+03	-4.66E-01	-2.12E+00										
4.59E+03	-4.63E-01	-2.13E+00										
4.65E+03	-4.61E-01	-2.14E+00										
4.70E+03	-4.58E-01	-2.15E+00										
4.75E+03	-4.56E-01	-2.17E+00										
4.80E+03	-4.53E-01	-2.18E+00										
4.85E+03	-4.51E-01	-2.19E+00										
4.91E+03	-4.48E-01	-2.20E+00										
4.96E+03	-4.46E-01	-2.21E+00										
5.01E+03	-4.43E-01	-2.22E+00										
5.06E+03	-4.41E-01	-2.23E+00										
5.11E+03	-4.38E-01	-2.24E+00										
5.16E+03	-4.36E-01	-2.25E+00										
5.21E+03	-4.33E-01	-2.26E+00										
5.27E+03	-4.31E-01	-2.27E+00										
5.32E+03	-4.29E-01	-2.28E+00										
5.37E+03	-4.26E-01	-2.29E+00										
5.42E+03	-4.24E-01	-2.30E+00										
5.47E+03	-4.21E-01	-2.30E+00										
5.53E+03	-4.18E-01	-2.31E+00										
5.58E+03	-4.16E-01	-2.32E+00										
5.63E+03	-4.14E-01	-2.33E+00										
5.68E+03	-4.11E-01	-2.34E+00										
5.73E+03	-4.09E-01	-2.34E+00										
5.78E+03	-4.07E-01	-2.35E+00										
5.84E+03	-4.04E-01	-2.36E+00										
5.89E+03	-4.02E-01	-2.37E+00										
5.94E+03	-3.99E-01	-2.37E+00										
5.99E+03	-3.96E-01	-2.38E+00										
6.04E+03	-3.94E-01	-2.38E+00										
6.09E+03	-3.91E-01	-2.39E+00										
6.14E+03	-3.89E-01	-2.39E+00										
6.19E+03	-3.87E-01	-2.40E+00										
6.25E+03	-3.84E-01	-2.40E+00										
6.30E+03	-3.82E-01	-2.40E+00										
6.35E+03	-3.79E-01	-2.41E+00										
6.40E+03	-3.77E-01	-2.41E+00										
6.45E+03	-3.74E-01	-2.41E+00										
6.50E+03	-3.72E-01	-2.42E+00										
6.55E+03	-3.69E-01	-2.42E+00										
6.60E+03	-3.67E-01	-2.42E+00										
6.65E+03	-3.64E-01	-2.42E+00										
6.70E+03	-3.62E-01	-2.43E+00										
6.75E+03	-3.59E-01	-2.43E+00										
6.81E+03	-3.57E-01	-2.43E+00										
6.86E+03	-3.54E-01	-2.43E+00										
6.91E+03	-3.52E-01	-2.43E+00										
6.96E+03	-3.49E-01	-2.43E+00										
7.01E+03	-3.46E-01	-2.43E+00										
7.07E+03	-3.43E-01	-2.43E+00										
7.12E+03	-3.41E-01	-2.43E+00										
7.17E+03	-3.38E-01	-2.43E+00										
7.22E+03	-3.36E-01	-2.43E+00										
7.27E+03	-3.33E-01	-2.42E+00										
7.32E+03	-3.31E-01	-2.42E+00										
7.37E+03	-3.28E-01	-2.42E+00										
7.42E+03	-3.26E-01	-2.42E+00										
7.47E+03	-3.23E-01	-2.41E+00										
7.53E+03	-3.20E-01	-2.41E+00										
7.58E+03	-3.18E-01	-2.41E+00										
7.63E+03	-3.15E-01	-2.40E+00										
7.68E+03	-3.12E-01	-2.40E+00										
7.73E+03	-3.09E-01	-2.39E+00										
7.79E+03	-3.06E-01	-2.39E+00										
7.84E+03	-3.04E-01	-2.38E+00										
7.89E+03	-3.01E-01	-2.37E+00										
7.94E+03	-2.98E-01	-2.37E+00										
7.99E+03	-2.95E-01	-2.36E+00										
8.05E+03	-2.93E-01	-2.35E+00										
8.10E+03	-2.90E-01	-2.34E+00										
8.15E+03	-2.87E-01	-2.34E+00										
8.20E+03	-2.84E-01	-2.33E+00										
8.25E+03	-2.81E-01	-2.32E+00										
8.30E+03	-2.78E-01	-2.31E+00										
8.35E+03	-2.76E-01	-2.30E+00										
8.40E+03	-2.73E-01	-2.29E+00										
8.45E+03	-2.69E-01	-2.28E+00										
8.51E+03	-2.67E-01	-2.27E+00										
8.56E+03	-2.64E-01	-2.26E+00										
8.61E+03	-2.60E-01	-2.24E+00										
8.67E+03	-2.57E-01	-2.23E+00										
8.72E+03	-2.54E-01	-2.22E+00										
8.76E+03	-2.51E-01	-2.20E+00										
0.00E+00	-8.62E-01	0.00E+00										
0.00E+00	-9.45E-01	0.00E+00										
0.00E+00	-9.54E-01	0.00E+00										
0.00E+00	-9.59E-01	0.00E+00										
0.00E+00	-9.62E-01	0.00E+00										
0.00E+00	-9.65E-01	0.00E+00										
4.58E+01	-9.65E-01	-4.42E-02										
9.67E+01	-8.79E-01	-8.50E-02										
1.49E+02	-8.34E-01	-1.24E-01										
2.00E+02	-8.12E-01	-1.63E-01										
2.51E+02	-7.97E-01	-2.00E-01										
3.04E+02	-7.85E-01	-2.39E-01										
3.54E+02	-7.74E-01	-2.74E-01										
4.05E+02	-7.65E-01	-3.10E-01										
4.55E+02	-7.56E-01	-3.44E-01										
5.09E+02	-7.48E-01	-3.81E-01										
5.60E+02	-7.41E-01	-4.15E-01										
6.10E+02	-7.33E-01	-4.48E-01										
6.62E+02	-7.27E-01	-4.81E-01										
7.15E+02	-7.20E-01	-5.15E-01										
7.67E+02	-7.14E-01	-5.48E-01										
8.18E+02	-7.07E-01	-5.78E-01										
8.69E+02	-7.02E-01	-6.10E-01										
9.20E+02	-6.97E-01	-6.41E-01										
9.70E+02	-6.91E-01	-6.71E-01										
1.02E+03	-6.86E-01	-7.01E-01										
1.07E+03	-6.81E-01	-7.31E-01										
1.12E+03	-6.76E-01	-7.59E-01										
1.17E+03	-6.72E-01	-7.88E-01										
1.22E+03	-6.67E-01	-8.16E-01										
1.27E+03	-6.62E-01	-8.45E-01										
1.33E+03	-6.58E-01	-8.72E-01										
1.38E+03	-6.54E-01	-9.00E-01										
1.43E+03	-6.50E-01	-9.27E-01										
1.48E+03	-6.46E-01	-9.57E-01										
1.53E+03	-6.41E-01	-9.83E-01										
1.59E+03	-6.37E-01	-1.01E+00										
1.64E+03	-6.33E-01	-1.04E+00										
1.69E+03	-6.30E-01	-1.06E+00										
1.74E+03	-6.26E-01	-1.09E+00										
1.79E+03	-6.22E-01	-1.11E+00										
1.84E+03	-6.18E-01	-1.14E+00										
1.89E+03	-6.15E-01	-1.16E+00										
1.94E+03	-6.11E-01	-1.19E+00										
1.99E+03	-6.08E-01	-1.21E+00										
2.04E+03	-6.04E-01	-1.23E+00										
2.10E+03	-6.00E-01	-1.26E+00										
2.15E+03	-5.97E-01	-1.28E+00										
2.20E+03	-5.94E-01	-1.31E+00										
2.25E+03	-5.90E-01	-1.33E+00										
2.30E+03	-5.87E-01	-1.35E+00										
2.35E+03	-5.84E-01	-1.37E+00										
2.41E+03	-5.81E-01	-1.40E+00										
2.46E+03	-5.77E-01	-1.42E+00										
2.51E+03	-5.74E-01	-1.44E+00										
2.56E+03	-5.71E-01	-1.46E+00										
2.61E+03	-5.68E-01	-1.48E+00										
2.66E+03	-5.65E-01	-1.50E+00										
2.71E+03	-5.62E-01	-1.52E+00										
2.76E+03	-5.59E-01	-1.54E+00										
2.81E+03	-5.56E-01	-1.56E+00										
2.86E+03	-5.53E-01	-1.58E+00										
2.92E+03	-5.50E-01	-1.60E+00										
2.97E+03	-5.47E-01	-1.62E+00										
3.02E+03	-5.44E-01	-1.64E+00										
3.07E+03	-5.41E-01	-1.66E+00										
3.12E+03	-5.38E-01	-1.68E+00										
3.17E+03	-5.35E-01	-1.70E+00										
3.23E+03	-5.33E-01	-1.72E+00										
3.28E+03	-5.30E-01	-1.74E+00										
3.33E+03	-5.27E-01	-1.76E+00										
3.39E+03	-5.24E-01	-1.77E+00										
3.44E+03	-5.21E-01	-1.79E+00										
3.49E+03	-5.19E-01	-1.81E+00										
3.54E+03	-5.15E-01	-1.82E+00										
3.59E+03	-5.13E-01	-1.84E+00										
3.64E+03	-5.10E-01	-1.86E+00										
3.70E+03	-5.07E-01	-1.88E+00										
3.75E+03	-5.05E-01	-1.89E+00										
3.80E+03	-5.02E-01	-1.91E+00										
3.85E+03	-4.99E-01	-1.92E+00										
3.91E+03	-4.97E-01	-1.94E+00										
3.96E+03	-4.94E-01	-1.96E+00										
4.01E+03	-4.91E-01	-1.97E+00										
4.06E+03	-4.88E-01	-1.98E+00										
4.11E+03	-4.86E-01	-2.00E+00										
4.17E+03	-4.83E-01	-2.01E+00										
4.22E+03	-4.81E-01	-2.03E+00										
4.27E+03	-4.78E-01	-2.04E+00										
4.32E+03	-4.76E-01	-2.06E+00										
4.38E+03	-4.73E-01	-2.07E+00										
4.43E+03	-4.70E-01	-2.08E+00										
4.48E+03	-4.68E-01	-2.10E+00										
4.53E+03	-4.65E-01	-2.11E+00										
4.59E+03	-4.63E-01	-2.12E+00										
4.64E+03	-4.60E-01	-2.13E+00										
4.69E+03	-4.57E-01	-2.15E+00										
4.74E+03	-4.55E-01	-2.16E+00										
4.79E+03	-4.53E-01	-2.17E+00										
4.85E+03	-4.50E-01	-2.18E+00										
4.90E+03	-4.48E-01	-2.19E+00										
4.95E+03	-4.45E-01	-2.20E+00										
5.00E+03	-4.43E-01	-2.21E+00										
5.06E+03	-4.40E-01	-2.23E+00										
5.11E+03	-4.37E-01	-2.24E+00										
5.16E+03	-4.35E-01	-2.25E+00										
5.22E+03	-4.32E-01	-2.25E+00										
5.27E+03	-4.30E-01	-2.26E+00										
5.32E+03	-4.27E-01	-2.27E+00										
5.37E+03	-4.25E-01	-2.28E+00										
5.42E+03	-4.22E-01	-2.29E+00										
5.47E+03	-4.20E-01	-2.30E+00										
5.53E+03	-4.18E-01	-2.31E+00										
5.58E+03	-4.15E-01	-2.31E+00										
5.63E+03	-4.13E-01	-2.32E+00										
5.68E+03	-4.11E-01	-2.33E+00										
5.73E+03	-4.08E-01	-2.34E+00										
5.78E+03	-4.05E-01	-2.34E+00										
5.83E+03	-4.03E-01	-2.35E+00										
5.88E+03	-4.01E-01	-2.36E+00										
5.93E+03	-3.98E-01	-2.36E+00										
5.99E+03	-3.96E-01	-2.37E+00										
6.04E+03	-3.93E-01	-2.38E+00										
6.09E+03	-3.91E-01	-2.38E+00										
6.14E+03	-3.89E-01	-2.38E+00										
6.19E+03	-3.86E-01	-2.39E+00										
6.24E+03	-3.84E-01	-2.39E+00										
6.29E+03	-3.81E-01	-2.40E+00										
6.35E+03	-3.78E-01	-2.40E+00										
6.40E+03	-3.76E-01	-2.40E+00										
6.45E+03	-3.73E-01	-2.41E+00										
6.50E+03	-3.71E-01	-2.41E+00										
6.55E+03	-3.68E-01	-2.41E+00										
6.61E+03	-3.66E-01	-2.41E+00										
6.66E+03	-3.63E-01	-2.42E+00										
6.71E+03	-3.60E-01	-2.42E+00										
6.76E+03	-3.58E-01	-2.42E+00										
6.81E+03	-3.55E-01	-2.42E+00										
6.86E+03	-3.53E-01	-2.42E+00										
6.91E+03	-3.51E-01	-2.42E+00										
6.96E+03	-3.48E-01	-2.42E+00										
7.01E+03	-3.45E-01	-2.42E+00										
7.07E+03	-3.43E-01	-2.42E+00										
7.12E+03	-3.40E-01	-2.42E+00										
7.17E+03	-3.37E-01	-2.42E+00										
7.22E+03	-3.35E-01	-2.42E+00										
7.27E+03	-3.32E-01	-2.42E+00										
7.33E+03	-3.30E-01	-2.42E+00										
7.38E+03	-3.27E-01	-2.41E+00										
7.43E+03	-3.24E-01	-2.41E+00										
7.48E+03	-3.21E-01	-2.41E+00										
7.54E+03	-3.19E-01	-2.40E+00										
7.59E+03	-3.16E-01	-2.40E+00										
7.64E+03	-3.13E-01	-2.39E+00										
7.69E+03	-3.11E-01	-2.39E+00										
7.74E+03	-3.08E-01	-2.38E+00										
7.79E+03	-3.05E-01	-2.38E+00										
7.84E+03	-3.02E-01	-2.37E+00										
7.90E+03	-2.99E-01	-2.36E+00										
7.95E+03	-2.97E-01	-2.36E+00										
8.00E+03	-2.94E-01	-2.35E+00										
8.05E+03	-2.91E-01	-2.34E+00										
8.11E+03	-2.88E-01	-2.34E+00										
8.16E+03	-2.85E-01	-2.33E+00										
8.21E+03	-2.82E-01	-2.32E+00										
8.26E+03	-2.79E-01	-2.31E+00										
8.31E+03	-2.77E-01	-2.30E+00										
8.37E+03	-2.74E-01	-2.29E+00										
8.42E+03	-2.71E-01	-2.28E+00										
8.47E+03	-2.68E-01	-2.27E+00										
8.52E+03	-2.65E-01	-2.26E+00										
8.57E+03	-2.62E-01	-2.25E+00										
8.62E+03	-2.59E-01	-2.23E+00										
8.67E+03	-2.56E-01	-2.22E+00										
8.73E+03	-2.53E-01	-2.21E+00										
8.74E+03	-2.51E-01	-2.20E+00										
0.00E+00	-8.62E-01	0.00E+00										
0.00E+00	-9.45E-01	0.00E+00										
0.00E+00	-9.55E-01	0.00E+00										
0.00E+00	-9.59E-01	0.00E+00										
0.00E+00	-9.62E-01	0.00E+00										
0.00E+00	-9.65E-01	0.00E+00										
4.73E+01	-9.65E-01	-4.56E-02										
9.87E+01	-8.76E-01	-8.65E-02										
1.50E+02	-8.34E-01	-1.25E-01										
2.00E+02	-8.13E-01	-1.63E-01										
2.54E+02	-7.97E-01	-2.02E-01										
3.04E+02	-7.84E-01	-2.39E-01										
3.55E+02	-7.74E-01	-2.75E-01										
4.05E+02	-7.64E-01	-3.10E-01										
4.58E+02	-7.56E-01	-3.46E-01										
5.11E+02	-7.47E-01	-3.82E-01										
5.65E+02	-7.40E-01	-4.18E-01										
6.17E+02	-7.32E-01	-4.52E-01										
6.70E+02	-7.25E-01	-4.86E-01										
7.20E+02	-7.19E-01	-5.17E-01										
7.72E+02	-7.13E-01	-5.50E-01										
8.22E+02	-7.07E-01	-5.81E-01										
8.74E+02	-7.02E-01	-6.13E-01										
9.25E+02	-6.96E-01	-6.44E-01										
9.79E+02	-6.91E-01	-6.76E-01										
1.03E+03	-6.85E-01	-7.06E-01										
1.08E+03	-6.80E-01	-7.37E-01										
1.13E+03	-6.75E-01	-7.66E-01										
1.19E+03	-6.70E-01	-7.95E-01										
1.24E+03	-6.66E-01	-8.24E-01										
1.29E+03	-6.61E-01	-8.52E-01										
1.34E+03	-6.57E-01	-8.80E-01										
1.39E+03	-6.52E-01	-9.10E-01										
1.45E+03	-6.48E-01	-9.38E-01										
1.50E+03	-6.44E-01	-9.64E-01										
1.55E+03	-6.40E-01	-9.91E-01										
1.60E+03	-6.36E-01	-1.02E+00										
1.66E+03	-6.31E-01	-1.05E+00										
1.71E+03	-6.27E-01	-1.07E+00										
1.76E+03	-6.24E-01	-1.10E+00										
1.81E+03	-6.20E-01	-1.12E+00										
1.87E+03	-6.16E-01	-1.15E+00										
1.92E+03	-6.12E-01	-1.17E+00										
1.97E+03	-6.09E-01	-1.20E+00										
2.02E+03	-6.05E-01	-1.22E+00										
2.07E+03	-6.02E-01	-1.25E+00										
2.13E+03	-5.98E-01	-1.27E+00										
2.18E+03	-5.95E-01	-1.30E+00										
2.23E+03	-5.91E-01	-1.32E+00										
2.28E+03	-5.88E-01	-1.34E+00										
2.33E+03	-5.85E-01	-1.36E+00										
2.39E+03	-5.82E-01	-1.39E+00										
2.44E+03	-5.78E-01	-1.41E+00										
2.49E+03	-5.75E-01	-1.43E+00										
2.54E+03	-5.72E-01	-1.45E+00										
2.59E+03	-5.69E-01	-1.47E+00										
2.64E+03	-5.66E-01	-1.49E+00										
2.70E+03	-5.63E-01	-1.52E+00										
2.75E+03	-5.60E-01	-1.54E+00										
2.80E+03	-5.56E-01	-1.56E+00										
2.85E+03	-5.54E-01	-1.58E+00										
2.90E+03	-5.50E-01	-1.60E+00										
2.96E+03	-5.47E-01	-1.62E+00										
3.01E+03	-5.45E-01	-1.64E+00										
3.06E+03	-5.42E-01	-1.66E+00										
3.11E+03	-5.39E-01	-1.68E+00										
3.16E+03	-5.36E-01	-1.69E+00										
3.21E+03	-5.33E-01	-1.71E+00										
3.26E+03	-5.30E-01	-1.73E+00										
3.32E+03	-5.27E-01	-1.75E+00										
3.37E+03	-5.24E-01	-1.77E+00										
3.42E+03	-5.22E-01	-1.78E+00										
3.47E+03	-5.19E-01	-1.80E+00										
3.52E+03	-5.16E-01	-1.82E+00										
3.57E+03	-5.14E-01	-1.83E+00										
3.62E+03	-5.11E-01	-1.85E+00										
3.67E+03	-5.08E-01	-1.87E+00										
3.73E+03	-5.06E-01	-1.88E+00										
3.78E+03	-5.03E-01	-1.90E+00										
3.83E+03	-5.00E-01	-1.92E+00										
3.88E+03	-4.98E-01	-1.93E+00										
3.93E+03	-4.95E-01	-1.95E+00										
3.98E+03	-4.93E-01	-1.96E+00										
4.03E+03	-4.90E-01	-1.98E+00										
4.09E+03	-4.88E-01	-1.99E+00										
4.14E+03	-4.85E-01	-2.01E+00										
4.19E+03	-4.82E-01	-2.02E+00										
4.24E+03	-4.80E-01	-2.03E+00										
4.29E+03	-4.77E-01	-2.05E+00										
4.34E+03	-4.74E-01	-2.06E+00										
4.39E+03	-4.72E-01	-2.07E+00										
4.44E+03	-4.69E-01	-2.09E+00										
4.50E+03	-4.67E-01	-2.10E+00										
4.55E+03	-4.64E-01	-2.11E+00										
4.60E+03	-4.62E-01	-2.12E+00										
4.65E+03	-4.60E-01	-2.14E+00										
4.70E+03	-4.57E-01	-2.15E+00										
4.75E+03	-4.54E-01	-2.16E+00										
4.81E+03	-4.52E-01	-2.17E+00										
4.86E+03	-4.49E-01	-2.18E+00										
4.91E+03	-4.47E-01	-2.19E+00										
4.96E+03	-4.44E-01	-2.20E+00										
5.01E+03	-4.42E-01	-2.21E+00										
5.06E+03	-4.40E-01	-2.23E+00										
5.12E+03	-4.37E-01	-2.24E+00										
5.17E+03	-4.34E-01	-2.25E+00										
5.23E+03	-4.32E-01	-2.26E+00										
5.28E+03	-4.29E-01	-2.27E+00										
5.33E+03	-4.27E-01	-2.27E+00										
5.38E+03	-4.25E-01	-2.28E+00										
5.43E+03	-4.22E-01	-2.29E+00										
5.48E+03	-4.20E-01	-2.30E+00										
5.54E+03	-4.17E-01	-2.31E+00										
5.59E+03	-4.14E-01	-2.32E+00										
5.64E+03	-4.12E-01	-2.32E+00										
5.69E+03	-4.10E-01	-2.33E+00										
5.74E+03	-4.07E-01	-2.34E+00										
5.79E+03	-4.05E-01	-2.35E+00										
5.85E+03	-4.02E-01	-2.35E+00										
5.90E+03	-4.00E-01	-2.36E+00										
5.95E+03	-3.97E-01	-2.36E+00										
6.00E+03	-3.95E-01	-2.37E+00										
6.05E+03	-3.92E-01	-2.38E+00										
6.11E+03	-3.90E-01	-2.38E+00										
6.16E+03	-3.87E-01	-2.39E+00										
6.21E+03	-3.85E-01	-2.39E+00										
6.26E+03	-3.82E-01	-2.39E+00										
6.31E+03	-3.80E-01	-2.40E+00										
6.36E+03	-3.77E-01	-2.40E+00										
6.41E+03	-3.75E-01	-2.40E+00										
6.46E+03	-3.72E-01	-2.41E+00										
6.52E+03	-3.70E-01	-2.41E+00										
6.57E+03	-3.67E-01	-2.41E+00										
6.62E+03	-3.65E-01	-2.42E+00										
6.67E+03	-3.62E-01	-2.42E+00										
6.72E+03	-3.60E-01	-2.42E+00										
6.77E+03	-3.57E-01	-2.42E+00										
6.82E+03	-3.55E-01	-2.42E+00										
6.87E+03	-3.52E-01	-2.42E+00										
6.92E+03	-3.50E-01	-2.42E+00										
6.98E+03	-3.47E-01	-2.42E+00										
7.03E+03	-3.45E-01	-2.42E+00										
7.08E+03	-3.42E-01	-2.42E+00										
7.13E+03	-3.39E-01	-2.42E+00										
7.18E+03	-3.37E-01	-2.42E+00										
7.23E+03	-3.34E-01	-2.42E+00										
7.29E+03	-3.32E-01	-2.42E+00										
7.34E+03	-3.29E-01	-2.41E+00										
7.39E+03	-3.26E-01	-2.41E+00										
7.44E+03	-3.24E-01	-2.41E+00										
7.50E+03	-3.21E-01	-2.40E+00										
7.55E+03	-3.18E-01	-2.40E+00										
7.60E+03	-3.15E-01	-2.40E+00										
7.65E+03	-3.12E-01	-2.39E+00										
7.70E+03	-3.10E-01	-2.39E+00										
7.76E+03	-3.07E-01	-2.38E+00										
7.81E+03	-3.04E-01	-2.38E+00										
7.86E+03	-3.01E-01	-2.37E+00										
7.91E+03	-2.99E-01	-2.36E+00										
7.97E+03	-2.96E-01	-2.36E+00										
8.02E+03	-2.93E-01	-2.35E+00										
8.07E+03	-2.90E-01	-2.34E+00										
8.12E+03	-2.87E-01	-2.33E+00										
8.18E+03	-2.84E-01	-2.32E+00										
8.23E+03	-2.81E-01	-2.31E+00										
8.28E+03	-2.78E-01	-2.30E+00										
8.33E+03	-2.76E-01	-2.30E+00										
8.38E+03	-2.73E-01	-2.29E+00										
8.43E+03	-2.70E-01	-2.27E+00										
8.48E+03	-2.67E-01	-2.27E+00										
8.54E+03	-2.64E-01	-2.25E+00										
8.59E+03	-2.61E-01	-2.24E+00										
8.64E+03	-2.58E-01	-2.23E+00										
8.70E+03	-2.54E-01	-2.21E+00										
8.75E+03	-2.51E-01	-2.20E+00										
0.00E+00	-8.62E-01	0.00E+00										
0.00E+00	-9.45E-01	0.00E+00										
0.00E+00	-9.54E-01	0.00E+00										
0.00E+00	-9.59E-01	0.00E+00										
0.00E+00	-9.62E-01	0.00E+00										
0.00E+00	-9.65E-01	0.00E+00										
4.93E+01	-9.65E-01	-4.76E-02										
9.97E+01	-8.74E-01	-8.72E-02										
1.50E+02	-8.34E-01	-1.25E-01										
2.01E+02	-8.11E-01	-1.63E-01										
2.52E+02	-7.97E-01	-2.01E-01										
3.10E+02	-7.84E-01	-2.43E-01										
3.60E+02	-7.73E-01	-2.78E-01										
4.11E+02	-7.64E-01	-3.14E-01										
4.61E+02	-7.55E-01	-3.48E-01										
5.12E+02	-7.47E-01	-3.82E-01										
5.63E+02	-7.40E-01	-4.16E-01										
6.13E+02	-7.32E-01	-4.49E-01										
6.63E+02	-7.26E-01	-4.82E-01										
7.14E+02	-7.20E-01	-5.14E-01										
7.66E+02	-7.13E-01	-5.47E-01										
8.19E+02	-7.07E-01	-5.79E-01										
8.70E+02	-7.02E-01	-6.10E-01										
9.20E+02	-6.96E-01	-6.41E-01										
9.71E+02	-6.91E-01	-6.71E-01										
1.02E+03	-6.86E-01	-7.01E-01										
1.07E+03	-6.81E-01	-7.30E-01										
1.12E+03	-6.76E-01	-7.60E-01										
1.17E+03	-6.71E-01	-7.89E-01										
1.23E+03	-6.67E-01	-8.18E-01										
1.28E+03	-6.62E-01	-8.46E-01										
1.33E+03	-6.58E-01	-8.74E-01										
1.38E+03	-6.53E-01	-9.01E-01										
1.43E+03	-6.49E-01	-9.29E-01										
1.48E+03	-6.45E-01	-9.56E-01										
1.53E+03	-6.41E-01	-9.82E-01										
1.58E+03	-6.37E-01	-1.01E+00										
1.63E+03	-6.33E-01	-1.04E+00										
1.69E+03	-6.29E-01	-1.06E+00										
1.74E+03	-6.26E-01	-1.09E+00										
1.79E+03	-6.22E-01	-1.11E+00										
1.84E+03	-6.18E-01	-1.14E+00										
1.89E+03	-6.15E-01	-1.16E+00										
1.94E+03	-6.11E-01	-1.18E+00										
1.99E+03	-6.07E-01	-1.21E+00										
2.04E+03	-6.04E-01	-1.23E+00										
2.09E+03	-6.01E-01	-1.26E+00										
2.14E+03	-5.97E-01	-1.28E+00										
2.19E+03	-5.94E-01	-1.30E+00										
2.25E+03	-5.91E-01	-1.33E+00										
2.30E+03	-5.87E-01	-1.35E+00										
2.35E+03	-5.84E-01	-1.37E+00										
2.40E+03	-5.81E-01	-1.39E+00										
2.45E+03	-5.78E-01	-1.42E+00										
2.50E+03	-5.74E-01	-1.44E+00										
2.56E+03	-5.71E-01	-1.46E+00										
2.61E+03	-5.68E-01	-1.48E+00										
2.66E+03	-5.65E-01	-1.50E+00										
2.71E+03	-5.62E-01	-1.52E+00										
2.76E+03	-5.59E-01	-1.54E+00										
2.81E+03	-5.56E-01	-1.56E+00										
2.86E+03	-5.53E-01	-1.58E+00										
2.91E+03	-5.50E-01	-1.60E+00										
2.97E+03	-5.47E-01	-1.62E+00										
3.02E+03	-5.44E-01	-1.64E+00										
3.07E+03	-5.41E-01	-1.66E+00										
3.12E+03	-5.39E-01	-1.68E+00										
3.17E+03	-5.36E-01	-1.70E+00										
3.23E+03	-5.33E-01	-1.72E+00										
3.28E+03	-5.30E-01	-1.74E+00										
3.33E+03	-5.27E-01	-1.75E+00										
3.38E+03	-5.24E-01	-1.77E+00										
3.43E+03	-5.21E-01	-1.79E+00										
3.48E+03	-5.19E-01	-1.81E+00										
3.53E+03	-5.16E-01	-1.82E+00										
3.58E+03	-5.13E-01	-1.84E+00										
3.63E+03	-5.11E-01	-1.86E+00										
3.69E+03	-5.08E-01	-1.87E+00										
3.74E+03	-5.05E-01	-1.89E+00										
3.79E+03	-5.03E-01	-1.91E+00										
3.84E+03	-5.00E-01	-1.92E+00										
3.89E+03	-4.98E-01	-1.94E+00										
3.94E+03	-4.95E-01	-1.95E+00										
4.00E+03	-4.92E-01	-1.97E+00										
4.05E+03	-4.89E-01	-1.98E+00										
4.11E+03	-4.87E-01	-2.00E+00										
4.16E+03	-4.84E-01	-2.01E+00										
4.21E+03	-4.82E-01	-2.03E+00										
4.26E+03	-4.79E-01	-2.04E+00										
4.32E+03	-4.76E-01	-2.06E+00										
4.37E+03	-4.73E-01	-2.07E+00										
4.43E+03	-4.71E-01	-2.08E+00										
4.48E+03	-4.68E-01	-2.10E+00										
4.53E+03	-4.66E-01	-2.11E+00										
4.58E+03	-4.63E-01	-2.12E+00										
4.63E+03	-4.61E-01	-2.13E+00										
4.68E+03	-4.58E-01	-2.15E+00										
4.73E+03	-4.56E-01	-2.16E+00										
4.79E+03	-4.53E-01	-2.17E+00										
4.84E+03	-4.51E-01	-2.18E+00										
4.89E+03	-4.48E-01	-2.19E+00										
4.94E+03	-4.46E-01	-2.20E+00										
4.99E+03	-4.44E-01	-2.21E+00										
5.04E+03	-4.41E-01	-2.23E+00										
5.09E+03	-4.39E-01	-2.23E+00										
5.15E+03	-4.36E-01	-2.24E+00										
5.20E+03	-4.33E-01	-2.25E+00										
5.25E+03	-4.31E-01	-2.26E+00										
5.30E+03	-4.29E-01	-2.27E+00										
5.35E+03	-4.26E-01	-2.28E+00										
5.41E+03	-4.24E-01	-2.29E+00										
5.46E+03	-4.22E-01	-2.30E+00										
5.51E+03	-4.19E-01	-2.31E+00										
5.56E+03	-4.17E-01	-2.32E+00										
5.61E+03	-4.14E-01	-2.32E+00										
5.66E+03	-4.12E-01	-2.33E+00										
5.72E+03	-4.09E-01	-2.34E+00										
5.77E+03	-4.07E-01	-2.35E+00										
5.82E+03	-4.04E-01	-2.35E+00										
5.87E+03	-4.02E-01	-2.36E+00										
5.92E+03	-3.99E-01	-2.36E+00										
5.97E+03	-3.97E-01	-2.37E+00										
6.03E+03	-3.95E-01	-2.38E+00										
6.08E+03	-3.92E-01	-2.38E+00										
6.13E+03	-3.89E-01	-2.39E+00										
6.18E+03	-3.87E-01	-2.39E+00										
6.24E+03	-3.85E-01	-2.40E+00										
6.29E+03	-3.82E-01	-2.40E+00										
6.34E+03	-3.79E-01	-2.41E+00										
6.39E+03	-3.77E-01	-2.41E+00										
6.44E+03	-3.75E-01	-2.41E+00										
6.49E+03	-3.72E-01	-2.42E+00										
6.55E+03	-3.69E-01	-2.42E+00										
6.60E+03	-3.67E-01	-2.42E+00										
6.65E+03	-3.64E-01	-2.42E+00										
6.70E+03	-3.62E-01	-2.42E+00										
6.75E+03	-3.59E-01	-2.43E+00										
6.81E+03	-3.57E-01	-2.43E+00										
6.86E+03	-3.54E-01	-2.43E+00										
6.91E+03	-3.52E-01	-2.43E+00										
6.96E+03	-3.49E-01	-2.43E+00										
7.01E+03	-3.47E-01	-2.43E+00										
7.06E+03	-3.44E-01	-2.43E+00										
7.12E+03	-3.42E-01	-2.43E+00										
7.17E+03	-3.39E-01	-2.43E+00										
7.22E+03	-3.36E-01	-2.43E+00										
7.28E+03	-3.34E-01	-2.43E+00										
7.33E+03	-3.31E-01	-2.42E+00										
7.38E+03	-3.28E-01	-2.42E+00										
7.43E+03	-3.26E-01	-2.42E+00										
7.48E+03	-3.23E-01	-2.42E+00										
7.54E+03	-3.20E-01	-2.41E+00										
7.59E+03	-3.18E-01	-2.41E+00										
7.64E+03	-3.15E-01	-2.40E+00										
7.69E+03	-3.12E-01	-2.40E+00										
7.74E+03	-3.09E-01	-2.40E+00										
7.80E+03	-3.06E-01	-2.39E+00										
7.85E+03	-3.04E-01	-2.38E+00										
7.90E+03	-3.01E-01	-2.38E+00										
7.95E+03	-2.98E-01	-2.37E+00										
8.00E+03	-2.96E-01	-2.36E+00										
8.05E+03	-2.93E-01	-2.36E+00										
8.10E+03	-2.90E-01	-2.35E+00										
8.15E+03	-2.87E-01	-2.34E+00										
8.20E+03	-2.84E-01	-2.33E+00										
8.26E+03	-2.81E-01	-2.32E+00										
8.31E+03	-2.79E-01	-2.32E+00										
8.36E+03	-2.76E-01	-2.30E+00										
8.41E+03	-2.73E-01	-2.30E+00										
8.46E+03	-2.70E-01	-2.28E+00										
8.51E+03	-2.67E-01	-2.27E+00										
8.56E+03	-2.64E-01	-2.26E+00										
8.61E+03	-2.61E-01	-2.25E+00										
8.66E+03	-2.58E-01	-2.24E+00										
8.72E+03	-2.55E-01	-2.23E+00										
8.77E+03	-2.52E-01	-2.21E+00										
8.78E+03	-2.51E-01	-2.21E+00										
0.00E+00	-8.62E-01	0.00E+00										
0.00E+00	-9.45E-01	0.00E+00										
0.00E+00	-9.54E-01	0.00E+00										
0.00E+00	-9.59E-01	0.00E+00										
0.00E+00	-9.62E-01	0.00E+00										
0.00E+00	-9.65E-01	0.00E+00										
5.54E+01	-9.65E-01	-5.35E-02										
1.07E+02	-8.65E-01	-9.25E-02										
1.58E+02	-8.29E-01	-1.31E-01										
2.10E+02	-8.09E-01	-1.70E-01										
2.63E+02	-7.94E-01	-2.09E-01										
3.14E+02	-7.82E-01	-2.46E-01										
3.65E+02	-7.72E-01	-2.81E-01										
4.18E+02	-7.63E-01	-3.19E-01										
4.69E+02	-7.54E-01	-3.54E-01										
5.20E+02	-7.47E-01	-3.88E-01										
5.71E+02	-7.39E-01	-4.22E-01										
6.22E+02	-7.32E-01	-4.55E-01										
6.76E+02	-7.25E-01	-4.90E-01										
7.28E+02	-7.18E-01	-5.23E-01										
7.79E+02	-7.12E-01	-5.55E-01										
8.30E+02	-7.06E-01	-5.86E-01										
8.85E+02	-7.01E-01	-6.20E-01										
9.36E+02	-6.95E-01	-6.50E-01										
9.91E+02	-6.90E-01	-6.84E-01										
1.04E+03	-6.84E-01	-7.13E-01										
1.09E+03	-6.79E-01	-7.43E-01										
1.15E+03	-6.74E-01	-7.73E-01										
1.20E+03	-6.69E-01	-8.01E-01										
1.25E+03	-6.65E-01	-8.33E-01										
1.30E+03	-6.60E-01	-8.60E-01										
1.36E+03	-6.56E-01	-8.89E-01										
1.41E+03	-6.51E-01	-9.17E-01										
1.46E+03	-6.47E-01	-9.45E-01										
1.51E+03	-6.43E-01	-9.72E-01										
1.56E+03	-6.39E-01	-9.99E-01										
1.61E+03	-6.35E-01	-1.02E+00										
1.66E+03	-6.31E-01	-1.05E+00										
1.72E+03	-6.27E-01	-1.08E+00										
1.77E+03	-6.23E-01	-1.10E+00										
1.82E+03	-6.20E-01	-1.13E+00										
1.87E+03	-6.16E-01	-1.15E+00										
1.92E+03	-6.13E-01	-1.18E+00										
1.97E+03	-6.09E-01	-1.20E+00										
2.03E+03	-6.05E-01	-1.23E+00										
2.08E+03	-6.02E-01	-1.25E+00										
2.13E+03	-5.99E-01	-1.28E+00										
2.18E+03	-5.95E-01	-1.30E+00										
2.23E+03	-5.92E-01	-1.32E+00										
2.29E+03	-5.88E-01	-1.35E+00										
2.34E+03	-5.85E-01	-1.37E+00										
2.39E+03	-5.82E-01	-1.39E+00										
2.45E+03	-5.79E-01	-1.41E+00										
2.50E+03	-5.75E-01	-1.44E+00										
2.55E+03	-5.72E-01	-1.46E+00										
2.60E+03	-5.69E-01	-1.48E+00										
2.65E+03	-5.66E-01	-1.50E+00										
2.70E+03	-5.63E-01	-1.52E+00										
2.75E+03	-5.60E-01	-1.54E+00										
2.80E+03	-5.57E-01	-1.56E+00										
2.85E+03	-5.54E-01	-1.58E+00										
2.90E+03	-5.51E-01	-1.60E+00										
2.96E+03	-5.48E-01	-1.62E+00										
3.01E+03	-5.45E-01	-1.64E+00										
3.06E+03	-5.42E-01	-1.66E+00										
3.11E+03	-5.40E-01	-1.68E+00										
3.16E+03	-5.37E-01	-1.70E+00										
3.21E+03	-5.34E-01	-1.71E+00										
3.26E+03	-5.31E-01	-1.73E+00										
3.31E+03	-5.28E-01	-1.75E+00										
3.36E+03	-5.26E-01	-1.77E+00										
3.41E+03	-5.23E-01	-1.79E+00										
3.47E+03	-5.20E-01	-1.80E+00										
3.52E+03	-5.17E-01	-1.82E+00										
3.57E+03	-5.15E-01	-1.84E+00										
3.62E+03	-5.12E-01	-1.85E+00										
3.67E+03	-5.09E-01	-1.87E+00										
3.72E+03	-5.07E-01	-1.89E+00										
3.77E+03	-5.04E-01	-1.90E+00										
3.82E+03	-5.01E-01	-1.92E+00										
3.87E+03	-4.99E-01	-1.93E+00										
3.92E+03	-4.96E-01	-1.95E+00										
3.98E+03	-4.94E-01	-1.96E+00										
4.03E+03	-4.91E-01	-1.98E+00										
4.08E+03	-4.89E-01	-1.99E+00										
4.13E+03	-4.86E-01	-2.01E+00										
4.18E+03	-4.84E-01	-2.02E+00										
4.23E+03	-4.81E-01	-2.03E+00										
4.28E+03	-4.78E-01	-2.05E+00										
4.34E+03	-4.76E-01	-2.06E+00										
4.39E+03	-4.73E-01	-2.08E+00										
4.44E+03	-4.71E-01	-2.09E+00										
4.49E+03	-4.68E-01	-2.10E+00										
4.54E+03	-4.66E-01	-2.12E+00										
4.59E+03	-4.63E-01	-2.13E+00										
4.64E+03	-4.61E-01	-2.14E+00										
4.69E+03	-4.58E-01	-2.15E+00										
4.75E+03	-4.56E-01	-2.16E+00										
4.80E+03	-4.54E-01	-2.18E+00										
4.85E+03	-4.51E-01	-2.19E+00										
4.90E+03	-4.48E-01	-2.20E+00										
4.95E+03	-4.46E-01	-2.21E+00										
5.00E+03	-4.44E-01	-2.22E+00										
5.05E+03	-4.41E-01	-2.23E+00										
5.10E+03	-4.39E-01	-2.24E+00										
5.16E+03	-4.36E-01	-2.25E+00										
5.21E+03	-4.34E-01	-2.26E+00										
5.26E+03	-4.32E-01	-2.27E+00										
5.31E+03	-4.29E-01	-2.28E+00										
5.37E+03	-4.26E-01	-2.29E+00										
5.42E+03	-4.24E-01	-2.30E+00										
5.47E+03	-4.22E-01	-2.31E+00										
5.52E+03	-4.19E-01	-2.31E+00										
5.57E+03	-4.17E-01	-2.32E+00										
5.62E+03	-4.14E-01	-2.33E+00										
5.67E+03	-4.12E-01	-2.34E+00										
5.73E+03	-4.09E-01	-2.34E+00										
5.78E+03	-4.07E-01	-2.35E+00										
5.83E+03	-4.05E-01	-2.36E+00										
5.88E+03	-4.02E-01	-2.36E+00										
5.93E+03	-4.00E-01	-2.37E+00										
5.98E+03	-3.97E-01	-2.38E+00										
6.04E+03	-3.94E-01	-2.38E+00										
6.09E+03	-3.92E-01	-2.39E+00										
6.14E+03	-3.90E-01	-2.39E+00										
6.19E+03	-3.87E-01	-2.40E+00										
6.24E+03	-3.85E-01	-2.40E+00										
6.29E+03	-3.82E-01	-2.41E+00										
6.34E+03	-3.80E-01	-2.41E+00										
6.40E+03	-3.77E-01	-2.41E+00										
6.45E+03	-3.75E-01	-2.42E+00										
6.50E+03	-3.72E-01	-2.42E+00										
6.55E+03	-3.70E-01	-2.42E+00										
6.60E+03	-3.67E-01	-2.43E+00										
6.66E+03	-3.65E-01	-2.43E+00										
6.71E+03	-3.62E-01	-2.43E+00										
6.76E+03	-3.60E-01	-2.43E+00										
6.81E+03	-3.57E-01	-2.43E+00										
6.86E+03	-3.55E-01	-2.43E+00										
6.91E+03	-3.52E-01	-2.44E+00										
6.96E+03	-3.50E-01	-2.43E+00										
7.01E+03	-3.47E-01	-2.43E+00										
7.06E+03	-3.45E-01	-2.43E+00										
7.12E+03	-3.42E-01	-2.43E+00										
7.17E+03	-3.39E-01	-2.43E+00										
7.22E+03	-3.37E-01	-2.43E+00										
7.27E+03	-3.34E-01	-2.43E+00										
7.32E+03	-3.32E-01	-2.43E+00										
7.37E+03	-3.29E-01	-2.43E+00										
7.43E+03	-3.27E-01	-2.43E+00										
7.48E+03	-3.24E-01	-2.42E+00										
7.53E+03	-3.21E-01	-2.42E+00										
7.58E+03	-3.18E-01	-2.41E+00										
7.63E+03	-3.16E-01	-2.41E+00										
7.68E+03	-3.13E-01	-2.41E+00										
7.74E+03	-3.10E-01	-2.40E+00										
7.79E+03	-3.07E-01	-2.39E+00										
7.84E+03	-3.05E-01	-2.39E+00										
7.89E+03	-3.02E-01	-2.38E+00										
7.94E+03	-2.99E-01	-2.38E+00										
8.00E+03	-2.96E-01	-2.37E+00										
8.05E+03	-2.94E-01	-2.36E+00										
8.10E+03	-2.91E-01	-2.36E+00										
8.15E+03	-2.88E-01	-2.35E+00										
8.20E+03	-2.85E-01	-2.34E+00										
8.25E+03	-2.82E-01	-2.33E+00										
8.30E+03	-2.80E-01	-2.32E+00										
8.35E+03	-2.77E-01	-2.31E+00										
8.40E+03	-2.74E-01	-2.30E+00										
8.46E+03	-2.71E-01	-2.29E+00										
8.51E+03	-2.68E-01	-2.28E+00										
8.56E+03	-2.65E-01	-2.27E+00										
8.62E+03	-2.62E-01	-2.26E+00										
8.67E+03	-2.59E-01	-2.24E+00										
8.72E+03	-2.56E-01	-2.23E+00										
8.77E+03	-2.53E-01	-2.22E+00										
8.78E+03	-2.51E-01	-2.21E+00										
0.00E+00	-8.62E-01	0.00E+00										
0.00E+00	-9.45E-01	0.00E+00										
0.00E+00	-9.54E-01	0.00E+00										
0.00E+00	-9.59E-01	0.00E+00										
0.00E+00	-9.62E-01	0.00E+00										
0.00E+00	-9.65E-01	0.00E+00										
5.59E+01	-9.65E-01	-5.40E-02										
1.09E+02	-8.64E-01	-9.41E-02										
1.59E+02	-8.28E-01	-1.32E-01										
2.11E+02	-8.09E-01	-1.71E-01										
2.63E+02	-7.94E-01	-2.09E-01										
3.13E+02	-7.82E-01	-2.45E-01										
3.63E+02	-7.73E-01	-2.81E-01										
4.14E+02	-7.63E-01	-3.16E-01										
4.69E+02	-7.54E-01	-3.54E-01										
5.20E+02	-7.46E-01	-3.88E-01										
5.71E+02	-7.39E-01	-4.22E-01										
6.22E+02	-7.32E-01	-4.55E-01										
6.73E+02	-7.25E-01	-4.88E-01										
7.27E+02	-7.19E-01	-5.22E-01										
7.77E+02	-7.12E-01	-5.54E-01										
8.28E+02	-7.06E-01	-5.85E-01										
8.78E+02	-7.01E-01	-6.16E-01										
9.29E+02	-6.96E-01	-6.46E-01										
9.82E+02	-6.90E-01	-6.78E-01										
1.03E+03	-6.85E-01	-7.07E-01										
1.08E+03	-6.80E-01	-7.36E-01										
1.13E+03	-6.75E-01	-7.66E-01										
1.19E+03	-6.71E-01	-7.95E-01										
1.24E+03	-6.66E-01	-8.24E-01										
1.29E+03	-6.61E-01	-8.52E-01										
1.34E+03	-6.57E-01	-8.80E-01										
1.39E+03	-6.53E-01	-9.08E-01										
1.44E+03	-6.49E-01	-9.36E-01										
1.49E+03	-6.44E-01	-9.63E-01										
1.55E+03	-6.40E-01	-9.90E-01										
1.60E+03	-6.37E-01	-1.02E+00										
1.65E+03	-6.32E-01	-1.04E+00										
1.70E+03	-6.28E-01	-1.07E+00										
1.75E+03	-6.25E-01	-1.09E+00										
1.80E+03	-6.21E-01	-1.12E+00										
1.85E+03	-6.18E-01	-1.15E+00										
1.90E+03	-6.14E-01	-1.17E+00										
1.96E+03	-6.10E-01	-1.19E+00										
2.01E+03	-6.07E-01	-1.22E+00										
2.06E+03	-6.03E-01	-1.24E+00										
2.11E+03	-6.00E-01	-1.27E+00										
2.17E+03	-5.96E-01	-1.29E+00										
2.22E+03	-5.93E-01	-1.32E+00										
2.27E+03	-5.89E-01	-1.34E+00										
2.32E+03	-5.86E-01	-1.36E+00										
2.37E+03	-5.83E-01	-1.38E+00										
2.43E+03	-5.80E-01	-1.41E+00										
2.48E+03	-5.76E-01	-1.43E+00										
2.53E+03	-5.73E-01	-1.45E+00										
2.58E+03	-5.70E-01	-1.47E+00										
2.64E+03	-5.67E-01	-1.50E+00										
2.69E+03	-5.64E-01	-1.52E+00										
2.74E+03	-5.61E-01	-1.54E+00										
2.79E+03	-5.58E-01	-1.56E+00										
2.84E+03	-5.55E-01	-1.58E+00										
2.89E+03	-5.52E-01	-1.60E+00										
2.95E+03	-5.49E-01	-1.62E+00										
3.00E+03	-5.46E-01	-1.64E+00										
3.05E+03	-5.43E-01	-1.65E+00										
3.10E+03	-5.40E-01	-1.67E+00										
3.15E+03	-5.37E-01	-1.69E+00										
3.20E+03	-5.34E-01	-1.71E+00										
3.25E+03	-5.32E-01	-1.73E+00										
3.30E+03	-5.29E-01	-1.75E+00										
3.35E+03	-5.26E-01	-1.76E+00										
3.40E+03	-5.23E-01	-1.78E+00										
3.45E+03	-5.21E-01	-1.80E+00										
3.51E+03	-5.18E-01	-1.82E+00										
3.56E+03	-5.15E-01	-1.83E+00										
3.61E+03	-5.13E-01	-1.85E+00										
3.66E+03	-5.10E-01	-1.87E+00										
3.71E+03	-5.07E-01	-1.88E+00										
3.76E+03	-5.05E-01	-1.90E+00										
3.81E+03	-5.02E-01	-1.91E+00										
3.87E+03	-4.99E-01	-1.93E+00										
3.92E+03	-4.96E-01	-1.95E+00										
3.97E+03	-4.94E-01	-1.96E+00										
4.02E+03	-4.91E-01	-1.98E+00										
4.07E+03	-4.89E-01	-1.99E+00										
4.12E+03	-4.86E-01	-2.01E+00										
4.18E+03	-4.84E-01	-2.02E+00										
4.23E+03	-4.81E-01	-2.03E+00										
4.28E+03	-4.79E-01	-2.05E+00										
4.33E+03	-4.76E-01	-2.06E+00										
4.38E+03	-4.74E-01	-2.07E+00										
4.43E+03	-4.71E-01	-2.09E+00										
4.48E+03	-4.69E-01	-2.10E+00										
4.54E+03	-4.66E-01	-2.11E+00										
4.59E+03	-4.63E-01	-2.13E+00										
4.64E+03	-4.61E-01	-2.14E+00										
4.69E+03	-4.58E-01	-2.15E+00										
4.75E+03	-4.56E-01	-2.16E+00										
4.80E+03	-4.53E-01	-2.17E+00										
4.85E+03	-4.51E-01	-2.19E+00										
4.90E+03	-4.49E-01	-2.20E+00										
4.95E+03	-4.46E-01	-2.21E+00										
5.00E+03	-4.44E-01	-2.22E+00										
5.05E+03	-4.41E-01	-2.23E+00										
5.10E+03	-4.39E-01	-2.24E+00										
5.15E+03	-4.36E-01	-2.25E+00										
5.21E+03	-4.34E-01	-2.26E+00										
5.26E+03	-4.31E-01	-2.27E+00										
5.31E+03	-4.29E-01	-2.28E+00										
5.36E+03	-4.27E-01	-2.29E+00										
5.41E+03	-4.24E-01	-2.29E+00										
5.46E+03	-4.21E-01	-2.30E+00										
5.51E+03	-4.19E-01	-2.31E+00										
5.56E+03	-4.17E-01	-2.32E+00										
5.62E+03	-4.14E-01	-2.33E+00										
5.67E+03	-4.12E-01	-2.33E+00										
5.72E+03	-4.10E-01	-2.34E+00										
5.77E+03	-4.07E-01	-2.35E+00										
5.82E+03	-4.05E-01	-2.36E+00										
5.88E+03	-4.02E-01	-2.36E+00										
5.93E+03	-3.99E-01	-2.37E+00										
5.98E+03	-3.97E-01	-2.37E+00										
6.03E+03	-3.95E-01	-2.38E+00										
6.08E+03	-3.92E-01	-2.38E+00										
6.13E+03	-3.90E-01	-2.39E+00										
6.19E+03	-3.87E-01	-2.40E+00										
6.24E+03	-3.85E-01	-2.40E+00										
6.29E+03	-3.82E-01	-2.40E+00										
6.34E+03	-3.80E-01	-2.41E+00										
6.39E+03	-3.77E-01	-2.41E+00										
6.44E+03	-3.75E-01	-2.42E+00										
6.50E+03	-3.72E-01	-2.42E+00										
6.55E+03	-3.70E-01	-2.42E+00										
6.60E+03	-3.67E-01	-2.42E+00										
6.65E+03	-3.65E-01	-2.42E+00										
6.70E+03	-3.62E-01	-2.43E+00										
6.75E+03	-3.60E-01	-2.43E+00										
6.80E+03	-3.57E-01	-2.43E+00										
6.85E+03	-3.55E-01	-2.43E+00										
6.91E+03	-3.52E-01	-2.43E+00										
6.96E+03	-3.49E-01	-2.43E+00										
7.01E+03	-3.47E-01	-2.43E+00										
7.06E+03	-3.44E-01	-2.43E+00										
7.11E+03	-3.42E-01	-2.43E+00										
7.16E+03	-3.39E-01	-2.43E+00										
7.21E+03	-3.37E-01	-2.43E+00										
7.27E+03	-3.34E-01	-2.43E+00										
7.32E+03	-3.32E-01	-2.43E+00										
7.37E+03	-3.29E-01	-2.42E+00										
7.43E+03	-3.26E-01	-2.42E+00										
7.48E+03	-3.24E-01	-2.42E+00										
7.53E+03	-3.21E-01	-2.42E+00										
7.58E+03	-3.18E-01	-2.41E+00										
7.63E+03	-3.15E-01	-2.41E+00										
7.69E+03	-3.13E-01	-2.40E+00										
7.74E+03	-3.10E-01	-2.40E+00										
7.79E+03	-3.07E-01	-2.39E+00										
7.84E+03	-3.05E-01	-2.39E+00										
7.89E+03	-3.02E-01	-2.38E+00										
7.94E+03	-2.99E-01	-2.38E+00										
7.99E+03	-2.96E-01	-2.37E+00										
8.04E+03	-2.94E-01	-2.36E+00										
8.10E+03	-2.91E-01	-2.36E+00										
8.15E+03	-2.88E-01	-2.35E+00										
8.20E+03	-2.85E-01	-2.34E+00										
8.25E+03	-2.83E-01	-2.33E+00										
8.30E+03	-2.80E-01	-2.32E+00										
8.35E+03	-2.77E-01	-2.31E+00										
8.41E+03	-2.74E-01	-2.30E+00										
8.46E+03	-2.71E-01	-2.29E+00										
8.51E+03	-2.68E-01	-2.28E+00										
8.56E+03	-2.65E-01	-2.27E+00										
8.61E+03	-2.62E-01	-2.26E+00										
8.66E+03	-2.59E-01	-2.24E+00										
8.72E+03	-2.56E-01	-2.23E+00										
8.77E+03	-2.53E-01	-2.22E+00										
8.77E+03	-2.52E-01	-2.21E+00										
0.00E+00	-8.62E-01	0.00E+00										
0.00E+00	-9.44E-01	0.00E+00										
0.00E+00	-9.54E-01	0.00E+00										
0.00E+00	-9.59E-01	0.00E+00										
0.00E+00	-9.62E-01	0.00E+00										
0.00E+00	-9.65E-01	0.00E+00										
4.83E+01	-9.65E-01	-4.66E-02										
1.01E+02	-8.73E-01	-8.84E-02										
1.52E+02	-8.31E-01	-1.27E-01										
2.05E+02	-8.12E-01	-1.66E-01										
2.57E+02	-7.96E-01	-2.05E-01										
3.07E+02	-7.83E-01	-2.41E-01										
3.60E+02	-7.73E-01	-2.78E-01										
4.11E+02	-7.63E-01	-3.14E-01										
4.62E+02	-7.55E-01	-3.48E-01										
5.14E+02	-7.47E-01	-3.84E-01										
5.66E+02	-7.39E-01	-4.18E-01										
6.16E+02	-7.32E-01	-4.51E-01										
6.67E+02	-7.26E-01	-4.85E-01										
7.18E+02	-7.20E-01	-5.17E-01										
7.71E+02	-7.13E-01	-5.50E-01										
8.23E+02	-7.07E-01	-5.82E-01										
8.74E+02	-7.02E-01	-6.13E-01										
9.26E+02	-6.96E-01	-6.44E-01										
9.77E+02	-6.90E-01	-6.74E-01										
1.03E+03	-6.86E-01	-7.05E-01										
1.08E+03	-6.81E-01	-7.35E-01										
1.13E+03	-6.75E-01	-7.64E-01										
1.18E+03	-6.71E-01	-7.92E-01										
1.24E+03	-6.66E-01	-8.22E-01										
1.29E+03	-6.61E-01	-8.53E-01										
1.34E+03	-6.57E-01	-8.81E-01										
1.40E+03	-6.52E-01	-9.10E-01										
1.45E+03	-6.48E-01	-9.38E-01										
1.50E+03	-6.44E-01	-9.65E-01										
1.55E+03	-6.40E-01	-9.92E-01										
1.60E+03	-6.36E-01	-1.02E+00										
1.65E+03	-6.32E-01	-1.04E+00										
1.71E+03	-6.28E-01	-1.07E+00										
1.76E+03	-6.24E-01	-1.10E+00										
1.81E+03	-6.21E-01	-1.12E+00										
1.86E+03	-6.17E-01	-1.15E+00										
1.91E+03	-6.13E-01	-1.17E+00										
1.96E+03	-6.10E-01	-1.20E+00										
2.02E+03	-6.06E-01	-1.22E+00										
2.07E+03	-6.03E-01	-1.25E+00										
2.12E+03	-5.99E-01	-1.27E+00										
2.17E+03	-5.96E-01	-1.29E+00										
2.22E+03	-5.92E-01	-1.32E+00										
2.27E+03	-5.89E-01	-1.34E+00										
2.33E+03	-5.86E-01	-1.36E+00										
2.38E+03	-5.82E-01	-1.39E+00										
2.43E+03	-5.79E-01	-1.41E+00										
2.48E+03	-5.76E-01	-1.43E+00										
2.53E+03	-5.73E-01	-1.45E+00										
2.58E+03	-5.70E-01	-1.47E+00										
2.63E+03	-5.66E-01	-1.49E+00										
2.68E+03	-5.64E-01	-1.51E+00										
2.74E+03	-5.60E-01	-1.53E+00										
2.79E+03	-5.57E-01	-1.56E+00										
2.84E+03	-5.55E-01	-1.58E+00										
2.89E+03	-5.51E-01	-1.59E+00										
2.94E+03	-5.48E-01	-1.61E+00										
3.00E+03	-5.46E-01	-1.64E+00										
3.05E+03	-5.42E-01	-1.65E+00										
3.10E+03	-5.40E-01	-1.67E+00										
3.16E+03	-5.37E-01	-1.69E+00										
3.21E+03	-5.34E-01	-1.71E+00										
3.26E+03	-5.31E-01	-1.73E+00										
3.31E+03	-5.28E-01	-1.75E+00										
3.36E+03	-5.25E-01	-1.77E+00										
3.42E+03	-5.22E-01	-1.79E+00										
3.47E+03	-5.20E-01	-1.80E+00										
3.52E+03	-5.17E-01	-1.82E+00										
3.57E+03	-5.14E-01	-1.84E+00										
3.62E+03	-5.11E-01	-1.85E+00										
3.68E+03	-5.09E-01	-1.87E+00										
3.73E+03	-5.06E-01	-1.89E+00										
3.78E+03	-5.03E-01	-1.90E+00										
3.83E+03	-5.01E-01	-1.92E+00										
3.88E+03	-4.98E-01	-1.93E+00										
3.94E+03	-4.96E-01	-1.95E+00										
3.99E+03	-4.93E-01	-1.97E+00										
4.04E+03	-4.90E-01	-1.98E+00										
4.09E+03	-4.88E-01	-1.99E+00										
4.14E+03	-4.85E-01	-2.01E+00										
4.19E+03	-4.83E-01	-2.02E+00										
4.25E+03	-4.80E-01	-2.04E+00										
4.30E+03	-4.77E-01	-2.05E+00										
4.35E+03	-4.75E-01	-2.06E+00										
4.40E+03	-4.72E-01	-2.08E+00										
4.45E+03	-4.70E-01	-2.09E+00										
4.50E+03	-4.67E-01	-2.10E+00										
4.56E+03	-4.65E-01	-2.12E+00										
4.61E+03	-4.62E-01	-2.13E+00										
4.66E+03	-4.60E-01	-2.14E+00										
4.71E+03	-4.57E-01	-2.15E+00										
4.76E+03	-4.55E-01	-2.17E+00										
4.81E+03	-4.52E-01	-2.18E+00										
4.86E+03	-4.50E-01	-2.19E+00										
4.91E+03	-4.47E-01	-2.20E+00										
4.96E+03	-4.45E-01	-2.21E+00										
5.02E+03	-4.42E-01	-2.22E+00										
5.07E+03	-4.40E-01	-2.23E+00										
5.12E+03	-4.38E-01	-2.24E+00										
5.17E+03	-4.35E-01	-2.25E+00										
5.22E+03	-4.33E-01	-2.26E+00										
5.27E+03	-4.30E-01	-2.27E+00										
5.32E+03	-4.28E-01	-2.28E+00										
5.38E+03	-4.25E-01	-2.29E+00										
5.43E+03	-4.23E-01	-2.29E+00										
5.48E+03	-4.20E-01	-2.30E+00										
5.53E+03	-4.18E-01	-2.31E+00										
5.58E+03	-4.15E-01	-2.32E+00										
5.64E+03	-4.13E-01	-2.33E+00										
5.69E+03	-4.11E-01	-2.33E+00										
5.74E+03	-4.08E-01	-2.34E+00										
5.79E+03	-4.06E-01	-2.35E+00										
5.84E+03	-4.03E-01	-2.36E+00										
5.89E+03	-4.01E-01	-2.36E+00										
5.95E+03	-3.98E-01	-2.37E+00										
6.00E+03	-3.96E-01	-2.38E+00										
6.05E+03	-3.94E-01	-2.38E+00										
6.11E+03	-3.91E-01	-2.39E+00										
6.16E+03	-3.88E-01	-2.39E+00										
6.21E+03	-3.86E-01	-2.40E+00										
6.26E+03	-3.84E-01	-2.40E+00										
6.31E+03	-3.81E-01	-2.40E+00										
6.36E+03	-3.78E-01	-2.41E+00										
6.42E+03	-3.76E-01	-2.41E+00										
6.47E+03	-3.73E-01	-2.41E+00										
6.52E+03	-3.71E-01	-2.42E+00										
6.57E+03	-3.68E-01	-2.42E+00										
6.62E+03	-3.66E-01	-2.42E+00										
6.67E+03	-3.64E-01	-2.43E+00										
6.72E+03	-3.61E-01	-2.43E+00										
6.78E+03	-3.58E-01	-2.43E+00										
6.83E+03	-3.56E-01	-2.43E+00										
6.88E+03	-3.53E-01	-2.43E+00										
6.93E+03	-3.51E-01	-2.43E+00										
6.98E+03	-3.49E-01	-2.43E+00										
7.03E+03	-3.46E-01	-2.43E+00										
7.09E+03	-3.43E-01	-2.43E+00										
7.14E+03	-3.40E-01	-2.43E+00										
7.19E+03	-3.38E-01	-2.43E+00										
7.25E+03	-3.35E-01	-2.43E+00										
7.30E+03	-3.32E-01	-2.43E+00										
7.35E+03	-3.30E-01	-2.43E+00										
7.41E+03	-3.27E-01	-2.42E+00										
7.46E+03	-3.24E-01	-2.42E+00										
7.51E+03	-3.22E-01	-2.41E+00										
7.56E+03	-3.19E-01	-2.41E+00										
7.61E+03	-3.16E-01	-2.41E+00										
7.66E+03	-3.14E-01	-2.40E+00										
7.71E+03	-3.11E-01	-2.40E+00										
7.76E+03	-3.08E-01	-2.39E+00										
7.82E+03	-3.06E-01	-2.39E+00										
7.87E+03	-3.03E-01	-2.38E+00										
7.92E+03	-3.00E-01	-2.38E+00										
7.97E+03	-2.97E-01	-2.37E+00										
8.02E+03	-2.95E-01	-2.36E+00										
8.07E+03	-2.92E-01	-2.36E+00										
8.12E+03	-2.89E-01	-2.35E+00										
8.17E+03	-2.86E-01	-2.34E+00										
8.23E+03	-2.83E-01	-2.33E+00										
8.28E+03	-2.81E-01	-2.32E+00										
8.33E+03	-2.78E-01	-2.31E+00										
8.38E+03	-2.75E-01	-2.30E+00										
8.44E+03	-2.72E-01	-2.29E+00										
8.49E+03	-2.69E-01	-2.28E+00										
8.54E+03	-2.66E-01	-2.27E+00										
8.59E+03	-2.63E-01	-2.26E+00										
8.64E+03	-2.60E-01	-2.25E+00										
8.69E+03	-2.57E-01	-2.24E+00										
8.75E+03	-2.54E-01	-2.22E+00										
8.77E+03	-2.51E-01	-2.21E+00										
0.00E+00	-8.61E-01	0.00E+00										
0.00E+00	-9.44E-01	0.00E+00										
0.00E+00	-9.54E-01	0.00E+00										
0.00E+00	-9.59E-01	0.00E+00										
0.00E+00	-9.62E-01	0.00E+00										
0.00E+00	-9.65E-01	0.00E+00										
5.19E+01	-9.65E-01	-5.01E-02										
1.04E+02	-8.69E-01	-9.02E-02										
1.55E+02	-8.31E-01	-1.29E-01										
2.06E+02	-8.10E-01	-1.67E-01										
2.59E+02	-7.96E-01	-2.06E-01										
3.10E+02	-7.83E-01	-2.43E-01										
3.60E+02	-7.73E-01	-2.78E-01										
4.11E+02	-7.64E-01	-3.14E-01										
4.63E+02	-7.55E-01	-3.49E-01										
5.13E+02	-7.47E-01	-3.84E-01										
5.65E+02	-7.39E-01	-4.18E-01										
6.15E+02	-7.33E-01	-4.51E-01										
6.66E+02	-7.26E-01	-4.84E-01										
7.18E+02	-7.20E-01	-5.17E-01										
7.71E+02	-7.13E-01	-5.50E-01										
8.22E+02	-7.07E-01	-5.82E-01										
8.73E+02	-7.02E-01	-6.12E-01										
9.25E+02	-6.96E-01	-6.44E-01										
9.76E+02	-6.91E-01	-6.74E-01										
1.03E+03	-6.86E-01	-7.05E-01										
1.08E+03	-6.81E-01	-7.34E-01										
1.13E+03	-6.76E-01	-7.63E-01										
1.18E+03	-6.71E-01	-7.91E-01										
1.23E+03	-6.67E-01	-8.21E-01										
1.28E+03	-6.62E-01	-8.49E-01										
1.33E+03	-6.58E-01	-8.78E-01										
1.39E+03	-6.53E-01	-9.06E-01										
1.44E+03	-6.49E-01	-9.35E-01										
1.49E+03	-6.45E-01	-9.61E-01										
1.54E+03	-6.41E-01	-9.88E-01										
1.59E+03	-6.37E-01	-1.01E+00										
1.65E+03	-6.33E-01	-1.04E+00										
1.70E+03	-6.29E-01	-1.07E+00										
1.75E+03	-6.25E-01	-1.09E+00										
1.80E+03	-6.22E-01	-1.12E+00										
1.85E+03	-6.18E-01	-1.14E+00										
1.90E+03	-6.14E-01	-1.17E+00										
1.96E+03	-6.11E-01	-1.19E+00										
2.01E+03	-6.07E-01	-1.22E+00										
2.06E+03	-6.03E-01	-1.24E+00										
2.11E+03	-6.00E-01	-1.27E+00										
2.16E+03	-5.96E-01	-1.29E+00										
2.21E+03	-5.93E-01	-1.31E+00										
2.26E+03	-5.90E-01	-1.34E+00										
2.32E+03	-5.87E-01	-1.36E+00										
2.37E+03	-5.83E-01	-1.38E+00										
2.42E+03	-5.80E-01	-1.41E+00										
2.48E+03	-5.76E-01	-1.43E+00										
2.53E+03	-5.74E-01	-1.45E+00										
2.58E+03	-5.70E-01	-1.47E+00										
2.63E+03	-5.67E-01	-1.49E+00										
2.68E+03	-5.64E-01	-1.51E+00										
2.73E+03	-5.61E-01	-1.53E+00										
2.78E+03	-5.58E-01	-1.55E+00										
2.84E+03	-5.55E-01	-1.57E+00										
2.89E+03	-5.52E-01	-1.60E+00										
2.94E+03	-5.49E-01	-1.62E+00										
2.99E+03	-5.46E-01	-1.64E+00										
3.04E+03	-5.43E-01	-1.65E+00										
3.10E+03	-5.40E-01	-1.67E+00										
3.15E+03	-5.37E-01	-1.69E+00										
3.20E+03	-5.35E-01	-1.71E+00										
3.25E+03	-5.32E-01	-1.73E+00										
3.30E+03	-5.29E-01	-1.75E+00										
3.35E+03	-5.26E-01	-1.76E+00										
3.41E+03	-5.23E-01	-1.78E+00										
3.46E+03	-5.21E-01	-1.80E+00										
3.51E+03	-5.18E-01	-1.82E+00										
3.56E+03	-5.15E-01	-1.83E+00										
3.61E+03	-5.13E-01	-1.85E+00										
3.66E+03	-5.10E-01	-1.87E+00										
3.72E+03	-5.07E-01	-1.88E+00										
3.77E+03	-5.04E-01	-1.90E+00										
3.82E+03	-5.02E-01	-1.92E+00										
3.87E+03	-4.99E-01	-1.93E+00										
3.92E+03	-4.96E-01	-1.95E+00										
3.97E+03	-4.94E-01	-1.96E+00										
4.03E+03	-4.91E-01	-1.98E+00										
4.08E+03	-4.89E-01	-2.00E+00										
4.13E+03	-4.86E-01	-2.01E+00										
4.18E+03	-4.84E-01	-2.02E+00										
4.24E+03	-4.81E-01	-2.04E+00										
4.29E+03	-4.79E-01	-2.05E+00										
4.34E+03	-4.76E-01	-2.07E+00										
4.39E+03	-4.74E-01	-2.08E+00										
4.45E+03	-4.71E-01	-2.09E+00										
4.50E+03	-4.68E-01	-2.11E+00										
4.55E+03	-4.66E-01	-2.12E+00										
4.60E+03	-4.63E-01	-2.13E+00										
4.65E+03	-4.61E-01	-2.14E+00										
4.70E+03	-4.58E-01	-2.15E+00										
4.75E+03	-4.56E-01	-2.17E+00										
4.81E+03	-4.54E-01	-2.18E+00										
4.86E+03	-4.51E-01	-2.19E+00										
4.91E+03	-4.48E-01	-2.20E+00										
4.96E+03	-4.46E-01	-2.21E+00										
5.01E+03	-4.43E-01	-2.22E+00										
5.07E+03	-4.41E-01	-2.23E+00										
5.12E+03	-4.38E-01	-2.24E+00										
5.17E+03	-4.36E-01	-2.25E+00										
5.22E+03	-4.34E-01	-2.26E+00										
5.27E+03	-4.31E-01	-2.27E+00										
5.33E+03	-4.29E-01	-2.28E+00										
5.38E+03	-4.26E-01	-2.29E+00										
5.43E+03	-4.24E-01	-2.30E+00										
5.48E+03	-4.21E-01	-2.31E+00										
5.53E+03	-4.19E-01	-2.32E+00										
5.58E+03	-4.16E-01	-2.33E+00										
5.64E+03	-4.14E-01	-2.33E+00										
5.69E+03	-4.12E-01	-2.34E+00										
5.74E+03	-4.09E-01	-2.35E+00										
5.79E+03	-4.07E-01	-2.36E+00										
5.84E+03	-4.04E-01	-2.36E+00										
5.90E+03	-4.02E-01	-2.37E+00										
5.95E+03	-3.99E-01	-2.37E+00										
6.00E+03	-3.97E-01	-2.38E+00										
6.05E+03	-3.94E-01	-2.39E+00										
6.10E+03	-3.92E-01	-2.39E+00										
6.15E+03	-3.90E-01	-2.40E+00										
6.20E+03	-3.87E-01	-2.40E+00										
6.25E+03	-3.85E-01	-2.41E+00										
6.31E+03	-3.82E-01	-2.41E+00										
6.36E+03	-3.79E-01	-2.41E+00										
6.41E+03	-3.77E-01	-2.42E+00										
6.46E+03	-3.74E-01	-2.42E+00										
6.51E+03	-3.72E-01	-2.42E+00										
6.56E+03	-3.70E-01	-2.43E+00										
6.62E+03	-3.67E-01	-2.43E+00										
6.67E+03	-3.65E-01	-2.43E+00										
6.72E+03	-3.62E-01	-2.43E+00										
6.77E+03	-3.60E-01	-2.43E+00										
6.82E+03	-3.57E-01	-2.44E+00										
6.87E+03	-3.55E-01	-2.44E+00										
6.93E+03	-3.52E-01	-2.44E+00										
6.98E+03	-3.49E-01	-2.44E+00										
7.03E+03	-3.47E-01	-2.44E+00										
7.08E+03	-3.44E-01	-2.44E+00										
7.14E+03	-3.41E-01	-2.44E+00										
7.19E+03	-3.39E-01	-2.44E+00										
7.24E+03	-3.36E-01	-2.43E+00										
7.29E+03	-3.34E-01	-2.43E+00										
7.34E+03	-3.31E-01	-2.43E+00										
7.39E+03	-3.29E-01	-2.43E+00										
7.44E+03	-3.26E-01	-2.43E+00										
7.49E+03	-3.23E-01	-2.42E+00										
7.55E+03	-3.21E-01	-2.42E+00										
7.60E+03	-3.18E-01	-2.42E+00										
7.65E+03	-3.15E-01	-2.41E+00										
7.70E+03	-3.13E-01	-2.41E+00										
7.75E+03	-3.10E-01	-2.40E+00										
7.81E+03	-3.07E-01	-2.40E+00										
7.86E+03	-3.04E-01	-2.39E+00										
7.91E+03	-3.02E-01	-2.39E+00										
7.96E+03	-2.99E-01	-2.38E+00										
8.01E+03	-2.96E-01	-2.37E+00										
8.07E+03	-2.93E-01	-2.36E+00										
8.12E+03	-2.91E-01	-2.36E+00										
8.17E+03	-2.87E-01	-2.35E+00										
8.22E+03	-2.85E-01	-2.34E+00										
8.27E+03	-2.82E-01	-2.33E+00										
8.32E+03	-2.79E-01	-2.32E+00										
8.37E+03	-2.77E-01	-2.32E+00										
8.42E+03	-2.74E-01	-2.30E+00										
8.47E+03	-2.71E-01	-2.30E+00										
8.52E+03	-2.68E-01	-2.29E+00										
8.57E+03	-2.65E-01	-2.27E+00										
8.62E+03	-2.62E-01	-2.26E+00										
8.68E+03	-2.59E-01	-2.25E+00										
8.73E+03	-2.56E-01	-2.24E+00										
8.78E+03	-2.53E-01	-2.22E+00										
8.80E+03	-2.51E-01	-2.21E+00										
0.00E+00	-8.62E-01	0.00E+00										
0.00E+00	-9.44E-01	0.00E+00										
0.00E+00	-9.54E-01	0.00E+00										
0.00E+00	-9.59E-01	0.00E+00										
0.00E+00	-9.62E-01	0.00E+00										
0.00E+00	-9.65E-01	0.00E+00										
4.98E+01	-9.65E-01	-4.81E-02										
1.02E+02	-8.73E-01	-8.89E-02										
1.54E+02	-8.32E-01	-1.28E-01										
2.05E+02	-8.11E-01	-1.66E-01										
2.55E+02	-7.96E-01	-2.03E-01										
3.07E+02	-7.84E-01	-2.41E-01										
3.58E+02	-7.73E-01	-2.77E-01										
4.11E+02	-7.64E-01	-3.14E-01										
4.61E+02	-7.55E-01	-3.48E-01										
5.12E+02	-7.47E-01	-3.83E-01										
5.64E+02	-7.40E-01	-4.17E-01										
6.18E+02	-7.33E-01	-4.53E-01										
6.69E+02	-7.26E-01	-4.86E-01										
7.19E+02	-7.19E-01	-5.17E-01										
7.72E+02	-7.13E-01	-5.51E-01										
8.23E+02	-7.07E-01	-5.82E-01										
8.73E+02	-7.02E-01	-6.13E-01										
9.24E+02	-6.96E-01	-6.43E-01										
9.76E+02	-6.91E-01	-6.74E-01										
1.03E+03	-6.86E-01	-7.04E-01										
1.08E+03	-6.81E-01	-7.34E-01										
1.13E+03	-6.76E-01	-7.63E-01										
1.18E+03	-6.71E-01	-7.93E-01										
1.23E+03	-6.67E-01	-8.22E-01										
1.29E+03	-6.62E-01	-8.52E-01										
1.34E+03	-6.58E-01	-8.81E-01										
1.39E+03	-6.53E-01	-9.08E-01										
1.44E+03	-6.49E-01	-9.36E-01										
1.49E+03	-6.45E-01	-9.63E-01										
1.55E+03	-6.41E-01	-9.93E-01										
1.60E+03	-6.36E-01	-1.02E+00										
1.65E+03	-6.33E-01	-1.04E+00										
1.70E+03	-6.29E-01	-1.07E+00										
1.75E+03	-6.25E-01	-1.10E+00										
1.80E+03	-6.21E-01	-1.12E+00										
1.86E+03	-6.18E-01	-1.15E+00										
1.91E+03	-6.14E-01	-1.17E+00										
1.96E+03	-6.10E-01	-1.20E+00										
2.01E+03	-6.07E-01	-1.22E+00										
2.06E+03	-6.03E-01	-1.25E+00										
2.12E+03	-6.00E-01	-1.27E+00										
2.17E+03	-5.97E-01	-1.29E+00										
2.22E+03	-5.93E-01	-1.32E+00										
2.27E+03	-5.90E-01	-1.34E+00										
2.32E+03	-5.87E-01	-1.36E+00										
2.37E+03	-5.83E-01	-1.39E+00										
2.43E+03	-5.80E-01	-1.41E+00										
2.48E+03	-5.77E-01	-1.43E+00										
2.53E+03	-5.74E-01	-1.45E+00										
2.58E+03	-5.71E-01	-1.47E+00										
2.63E+03	-5.68E-01	-1.49E+00										
2.68E+03	-5.65E-01	-1.51E+00										
2.74E+03	-5.61E-01	-1.54E+00										
2.79E+03	-5.58E-01	-1.56E+00										
2.84E+03	-5.55E-01	-1.58E+00										
2.89E+03	-5.52E-01	-1.60E+00										
2.94E+03	-5.49E-01	-1.62E+00										
2.99E+03	-5.47E-01	-1.64E+00										
3.04E+03	-5.44E-01	-1.65E+00										
3.10E+03	-5.41E-01	-1.67E+00										
3.15E+03	-5.38E-01	-1.69E+00										
3.21E+03	-5.35E-01	-1.71E+00										
3.26E+03	-5.32E-01	-1.73E+00										
3.31E+03	-5.29E-01	-1.75E+00										
3.36E+03	-5.26E-01	-1.77E+00										
3.41E+03	-5.24E-01	-1.79E+00										
3.46E+03	-5.21E-01	-1.80E+00										
3.51E+03	-5.18E-01	-1.82E+00										
3.56E+03	-5.16E-01	-1.84E+00										
3.61E+03	-5.12E-01	-1.85E+00										
3.67E+03	-5.10E-01	-1.87E+00										
3.72E+03	-5.07E-01	-1.89E+00										
3.77E+03	-5.05E-01	-1.90E+00										
3.82E+03	-5.02E-01	-1.92E+00										
3.88E+03	-5.00E-01	-1.94E+00										
3.93E+03	-4.97E-01	-1.95E+00										
3.98E+03	-4.94E-01	-1.97E+00										
4.03E+03	-4.92E-01	-1.98E+00										
4.08E+03	-4.89E-01	-2.00E+00										
4.13E+03	-4.86E-01	-2.01E+00										
4.18E+03	-4.84E-01	-2.02E+00										
4.23E+03	-4.81E-01	-2.04E+00										
4.29E+03	-4.79E-01	-2.05E+00										
4.34E+03	-4.76E-01	-2.07E+00										
4.39E+03	-4.74E-01	-2.08E+00										
4.44E+03	-4.71E-01	-2.09E+00										
4.49E+03	-4.69E-01	-2.11E+00										
4.54E+03	-4.67E-01	-2.12E+00										
4.59E+03	-4.64E-01	-2.13E+00										
4.64E+03	-4.62E-01	-2.14E+00										
4.69E+03	-4.59E-01	-2.15E+00										
4.74E+03	-4.56E-01	-2.16E+00										
4.79E+03	-4.54E-01	-2.18E+00										
4.84E+03	-4.52E-01	-2.19E+00										
4.90E+03	-4.50E-01	-2.20E+00										
4.95E+03	-4.47E-01	-2.21E+00										
5.00E+03	-4.44E-01	-2.22E+00										
5.05E+03	-4.42E-01	-2.23E+00										
5.10E+03	-4.40E-01	-2.24E+00										
5.16E+03	-4.37E-01	-2.25E+00										
5.21E+03	-4.34E-01	-2.26E+00										
5.26E+03	-4.32E-01	-2.27E+00										
5.31E+03	-4.30E-01	-2.28E+00										
5.36E+03	-4.27E-01	-2.29E+00										
5.42E+03	-4.25E-01	-2.30E+00										
5.47E+03	-4.22E-01	-2.31E+00										
5.52E+03	-4.20E-01	-2.32E+00										
5.57E+03	-4.18E-01	-2.33E+00										
5.62E+03	-4.15E-01	-2.33E+00										
5.67E+03	-4.13E-01	-2.34E+00										
5.72E+03	-4.11E-01	-2.35E+00										
5.77E+03	-4.08E-01	-2.36E+00										
5.82E+03	-4.06E-01	-2.36E+00										
5.87E+03	-4.03E-01	-2.37E+00										
5.92E+03	-4.01E-01	-2.37E+00										
5.97E+03	-3.98E-01	-2.38E+00										
6.03E+03	-3.96E-01	-2.39E+00										
6.08E+03	-3.94E-01	-2.39E+00										
6.13E+03	-3.91E-01	-2.40E+00										
6.18E+03	-3.89E-01	-2.40E+00										
6.23E+03	-3.86E-01	-2.41E+00										
6.28E+03	-3.84E-01	-2.41E+00										
6.33E+03	-3.81E-01	-2.42E+00										
6.38E+03	-3.79E-01	-2.42E+00										
6.44E+03	-3.76E-01	-2.42E+00										
6.49E+03	-3.74E-01	-2.43E+00										
6.54E+03	-3.71E-01	-2.43E+00										
6.59E+03	-3.69E-01	-2.43E+00										
6.65E+03	-3.66E-01	-2.43E+00										
6.70E+03	-3.64E-01	-2.44E+00										
6.75E+03	-3.61E-01	-2.44E+00										
6.80E+03	-3.59E-01	-2.44E+00										
6.85E+03	-3.56E-01	-2.44E+00										
6.91E+03	-3.54E-01	-2.44E+00										
6.96E+03	-3.51E-01	-2.44E+00										
7.01E+03	-3.48E-01	-2.44E+00										
7.06E+03	-3.46E-01	-2.44E+00										
7.11E+03	-3.43E-01	-2.44E+00										
7.16E+03	-3.41E-01	-2.44E+00										
7.21E+03	-3.38E-01	-2.44E+00										
7.26E+03	-3.36E-01	-2.44E+00										
7.31E+03	-3.33E-01	-2.44E+00										
7.37E+03	-3.30E-01	-2.43E+00										
7.42E+03	-3.28E-01	-2.43E+00										
7.47E+03	-3.25E-01	-2.43E+00										
7.52E+03	-3.22E-01	-2.43E+00										
7.58E+03	-3.20E-01	-2.42E+00										
7.63E+03	-3.17E-01	-2.42E+00										
7.68E+03	-3.14E-01	-2.41E+00										
7.73E+03	-3.11E-01	-2.41E+00										
7.79E+03	-3.09E-01	-2.40E+00										
7.84E+03	-3.06E-01	-2.40E+00										
7.89E+03	-3.03E-01	-2.39E+00										
7.94E+03	-3.00E-01	-2.39E+00										
7.99E+03	-2.98E-01	-2.38E+00										
8.05E+03	-2.95E-01	-2.37E+00										
8.10E+03	-2.92E-01	-2.37E+00										
8.15E+03	-2.89E-01	-2.36E+00										
8.20E+03	-2.87E-01	-2.35E+00										
8.25E+03	-2.84E-01	-2.34E+00										
8.30E+03	-2.81E-01	-2.33E+00										
8.35E+03	-2.79E-01	-2.33E+00										
8.40E+03	-2.76E-01	-2.32E+00										
8.45E+03	-2.73E-01	-2.31E+00										
8.50E+03	-2.70E-01	-2.30E+00										
8.56E+03	-2.67E-01	-2.28E+00										
8.61E+03	-2.64E-01	-2.27E+00										
8.66E+03	-2.61E-01	-2.26E+00										
8.71E+03	-2.58E-01	-2.24E+00										
8.76E+03	-2.55E-01	-2.23E+00										
8.81E+03	-2.51E-01	-2.22E+00										
8.80E+03	-2.52E-01	-2.22E+00										
0.00E+00	-8.62E-01	0.00E+00										
0.00E+00	-9.44E-01	0.00E+00										
0.00E+00	-9.54E-01	0.00E+00										
0.00E+00	-9.59E-01	0.00E+00										
0.00E+00	-9.61E-01	0.00E+00										
0.00E+00	-9.65E-01	0.00E+00										
5.24E+01	-9.65E-01	-5.05E-02										
1.03E+02	-8.70E-01	-8.99E-02										
1.55E+02	-8.31E-01	-1.29E-01										
2.06E+02	-8.11E-01	-1.67E-01										
2.58E+02	-7.95E-01	-2.05E-01										
3.09E+02	-7.83E-01	-2.42E-01										
3.61E+02	-7.73E-01	-2.79E-01										
4.12E+02	-7.63E-01	-3.15E-01										
4.65E+02	-7.55E-01	-3.51E-01										
5.16E+02	-7.47E-01	-3.85E-01										
5.66E+02	-7.40E-01	-4.19E-01										
6.17E+02	-7.33E-01	-4.52E-01										
6.68E+02	-7.26E-01	-4.85E-01										
7.19E+02	-7.20E-01	-5.18E-01										
7.70E+02	-7.13E-01	-5.49E-01										
8.20E+02	-7.07E-01	-5.80E-01										
8.71E+02	-7.02E-01	-6.12E-01										
9.22E+02	-6.96E-01	-6.42E-01										
9.72E+02	-6.91E-01	-6.72E-01										
1.02E+03	-6.86E-01	-7.02E-01										
1.07E+03	-6.81E-01	-7.32E-01										
1.13E+03	-6.76E-01	-7.61E-01										
1.18E+03	-6.72E-01	-7.91E-01										
1.23E+03	-6.67E-01	-8.20E-01										
1.28E+03	-6.63E-01	-8.50E-01										
1.33E+03	-6.58E-01	-8.78E-01										
1.39E+03	-6.54E-01	-9.06E-01										
1.44E+03	-6.50E-01	-9.33E-01										
1.49E+03	-6.45E-01	-9.59E-01										
1.54E+03	-6.41E-01	-9.88E-01										
1.59E+03	-6.37E-01	-1.01E+00										
1.64E+03	-6.34E-01	-1.04E+00										
1.69E+03	-6.29E-01	-1.07E+00										
1.75E+03	-6.26E-01	-1.09E+00										
1.80E+03	-6.22E-01	-1.12E+00										
1.85E+03	-6.18E-01	-1.14E+00										
1.90E+03	-6.15E-01	-1.17E+00										
1.95E+03	-6.11E-01	-1.19E+00										
2.01E+03	-6.07E-01	-1.22E+00										
2.06E+03	-6.04E-01	-1.24E+00										
2.11E+03	-6.00E-01	-1.27E+00										
2.16E+03	-5.97E-01	-1.29E+00										
2.21E+03	-5.94E-01	-1.31E+00										
2.26E+03	-5.90E-01	-1.34E+00										
2.32E+03	-5.87E-01	-1.36E+00										
2.37E+03	-5.84E-01	-1.38E+00										
2.42E+03	-5.81E-01	-1.41E+00										
2.47E+03	-5.77E-01	-1.43E+00										
2.52E+03	-5.74E-01	-1.45E+00										
2.57E+03	-5.71E-01	-1.47E+00										
2.63E+03	-5.68E-01	-1.49E+00										
2.68E+03	-5.65E-01	-1.51E+00										
2.73E+03	-5.62E-01	-1.53E+00										
2.78E+03	-5.59E-01	-1.55E+00										
2.84E+03	-5.56E-01	-1.58E+00										
2.89E+03	-5.53E-01	-1.60E+00										
2.94E+03	-5.50E-01	-1.61E+00										
2.99E+03	-5.47E-01	-1.63E+00										
3.04E+03	-5.44E-01	-1.65E+00										
3.09E+03	-5.41E-01	-1.67E+00										
3.14E+03	-5.38E-01	-1.69E+00										
3.19E+03	-5.35E-01	-1.71E+00										
3.25E+03	-5.33E-01	-1.73E+00										
3.30E+03	-5.30E-01	-1.75E+00										
3.35E+03	-5.27E-01	-1.76E+00										
3.40E+03	-5.24E-01	-1.78E+00										
3.45E+03	-5.22E-01	-1.80E+00										
3.50E+03	-5.19E-01	-1.82E+00										
3.55E+03	-5.16E-01	-1.83E+00										
3.60E+03	-5.13E-01	-1.85E+00										
3.66E+03	-5.11E-01	-1.87E+00										
3.71E+03	-5.08E-01	-1.88E+00										
3.76E+03	-5.05E-01	-1.90E+00										
3.81E+03	-5.03E-01	-1.92E+00										
3.86E+03	-5.00E-01	-1.93E+00										
3.91E+03	-4.97E-01	-1.95E+00										
3.96E+03	-4.95E-01	-1.96E+00										
4.02E+03	-4.92E-01	-1.98E+00										
4.07E+03	-4.90E-01	-1.99E+00										
4.12E+03	-4.87E-01	-2.01E+00										
4.17E+03	-4.85E-01	-2.02E+00										
4.22E+03	-4.82E-01	-2.04E+00										
4.27E+03	-4.80E-01	-2.05E+00										
4.32E+03	-4.77E-01	-2.06E+00										
4.37E+03	-4.75E-01	-2.08E+00										
4.43E+03	-4.72E-01	-2.09E+00										
4.48E+03	-4.70E-01	-2.10E+00										
4.54E+03	-4.67E-01	-2.12E+00										
4.59E+03	-4.64E-01	-2.13E+00										
4.64E+03	-4.62E-01	-2.14E+00										
4.69E+03	-4.59E-01	-2.15E+00										
4.75E+03	-4.57E-01	-2.17E+00										
4.80E+03	-4.54E-01	-2.18E+00										
4.85E+03	-4.52E-01	-2.19E+00										
4.90E+03	-4.49E-01	-2.20E+00										
4.96E+03	-4.47E-01	-2.22E+00										
5.01E+03	-4.44E-01	-2.22E+00										
5.06E+03	-4.41E-01	-2.23E+00										
5.11E+03	-4.39E-01	-2.25E+00										
5.17E+03	-4.37E-01	-2.26E+00										
5.22E+03	-4.34E-01	-2.27E+00										
5.27E+03	-4.32E-01	-2.28E+00										
5.32E+03	-4.29E-01	-2.28E+00										
5.37E+03	-4.27E-01	-2.29E+00										
5.43E+03	-4.24E-01	-2.30E+00										
5.48E+03	-4.22E-01	-2.31E+00										
5.53E+03	-4.19E-01	-2.32E+00										
5.58E+03	-4.17E-01	-2.33E+00										
5.64E+03	-4.15E-01	-2.34E+00										
5.69E+03	-4.12E-01	-2.35E+00										
5.74E+03	-4.10E-01	-2.35E+00										
5.79E+03	-4.07E-01	-2.36E+00										
5.84E+03	-4.05E-01	-2.37E+00										
5.89E+03	-4.02E-01	-2.37E+00										
5.94E+03	-4.00E-01	-2.38E+00										
5.99E+03	-3.98E-01	-2.38E+00										
6.04E+03	-3.95E-01	-2.39E+00										
6.10E+03	-3.93E-01	-2.39E+00										
6.15E+03	-3.90E-01	-2.40E+00										
6.20E+03	-3.88E-01	-2.40E+00										
6.25E+03	-3.85E-01	-2.41E+00										
6.30E+03	-3.83E-01	-2.41E+00										
6.35E+03	-3.80E-01	-2.42E+00										
6.41E+03	-3.78E-01	-2.42E+00										
6.46E+03	-3.75E-01	-2.42E+00										
6.51E+03	-3.73E-01	-2.43E+00										
6.56E+03	-3.70E-01	-2.43E+00										
6.61E+03	-3.68E-01	-2.43E+00										
6.67E+03	-3.66E-01	-2.44E+00										
6.72E+03	-3.63E-01	-2.44E+00										
6.77E+03	-3.61E-01	-2.44E+00										
6.82E+03	-3.58E-01	-2.44E+00										
6.87E+03	-3.55E-01	-2.44E+00										
6.92E+03	-3.53E-01	-2.44E+00										
6.98E+03	-3.50E-01	-2.44E+00										
7.03E+03	-3.48E-01	-2.44E+00										
7.08E+03	-3.45E-01	-2.44E+00										
7.13E+03	-3.43E-01	-2.44E+00										
7.18E+03	-3.40E-01	-2.44E+00										
7.23E+03	-3.37E-01	-2.44E+00										
7.28E+03	-3.35E-01	-2.44E+00										
7.34E+03	-3.32E-01	-2.44E+00										
7.39E+03	-3.29E-01	-2.43E+00										
7.44E+03	-3.26E-01	-2.43E+00										
7.49E+03	-3.24E-01	-2.43E+00										
7.54E+03	-3.21E-01	-2.42E+00										
7.60E+03	-3.19E-01	-2.42E+00										
7.65E+03	-3.16E-01	-2.42E+00										
7.70E+03	-3.13E-01	-2.41E+00										
7.76E+03	-3.10E-01	-2.41E+00										
7.81E+03	-3.08E-01	-2.40E+00										
7.86E+03	-3.05E-01	-2.39E+00										
7.91E+03	-3.02E-01	-2.39E+00										
7.96E+03	-2.99E-01	-2.38E+00										
8.01E+03	-2.96E-01	-2.38E+00										
8.06E+03	-2.94E-01	-2.37E+00										
8.12E+03	-2.91E-01	-2.36E+00										
8.17E+03	-2.88E-01	-2.35E+00										
8.22E+03	-2.85E-01	-2.34E+00										
8.27E+03	-2.82E-01	-2.33E+00										
8.33E+03	-2.80E-01	-2.33E+00										
8.38E+03	-2.76E-01	-2.32E+00										
8.43E+03	-2.74E-01	-2.31E+00										
8.48E+03	-2.71E-01	-2.30E+00										
8.53E+03	-2.68E-01	-2.28E+00										
8.59E+03	-2.65E-01	-2.27E+00										
8.64E+03	-2.61E-01	-2.26E+00										
8.69E+03	-2.58E-01	-2.25E+00										
8.74E+03	-2.55E-01	-2.23E+00										
8.80E+03	-2.53E-01	-2.22E+00										
8.81E+03	-2.51E-01	-2.21E+00										
0.00E+00	-8.61E-01	0.00E+00										
0.00E+00	-9.44E-01	0.00E+00										
0.00E+00	-9.54E-01	0.00E+00										
0.00E+00	-9.59E-01	0.00E+00										
0.00E+00	-9.61E-01	0.00E+00										
0.00E+00	-9.65E-01	0.00E+00										
5.49E+01	-9.65E-01	-5.30E-02										
1.08E+02	-8.64E-01	-9.32E-02										
1.60E+02	-8.28E-01	-1.32E-01										
2.10E+02	-8.09E-01	-1.70E-01										
2.63E+02	-7.95E-01	-2.09E-01										
3.14E+02	-7.82E-01	-2.46E-01										
3.66E+02	-7.72E-01	-2.83E-01										
4.21E+02	-7.63E-01	-3.21E-01										
4.72E+02	-7.54E-01	-3.56E-01										
5.22E+02	-7.46E-01	-3.90E-01										
5.74E+02	-7.38E-01	-4.24E-01										
6.25E+02	-7.31E-01	-4.57E-01										
6.77E+02	-7.25E-01	-4.91E-01										
7.28E+02	-7.18E-01	-5.23E-01										
7.82E+02	-7.12E-01	-5.57E-01										
8.32E+02	-7.06E-01	-5.88E-01										
8.85E+02	-7.01E-01	-6.20E-01										
9.35E+02	-6.95E-01	-6.50E-01										
9.86E+02	-6.90E-01	-6.80E-01										
1.04E+03	-6.85E-01	-7.11E-01										
1.09E+03	-6.80E-01	-7.41E-01										
1.14E+03	-6.75E-01	-7.70E-01										
1.19E+03	-6.70E-01	-7.98E-01										
1.24E+03	-6.66E-01	-8.27E-01										
1.29E+03	-6.61E-01	-8.56E-01										
1.34E+03	-6.57E-01	-8.83E-01										
1.39E+03	-6.53E-01	-9.10E-01										
1.45E+03	-6.48E-01	-9.39E-01										
1.50E+03	-6.44E-01	-9.65E-01										
1.55E+03	-6.40E-01	-9.92E-01										
1.60E+03	-6.36E-01	-1.02E+00										
1.65E+03	-6.32E-01	-1.04E+00										
1.70E+03	-6.29E-01	-1.07E+00										
1.75E+03	-6.25E-01	-1.09E+00										
1.80E+03	-6.21E-01	-1.12E+00										
1.86E+03	-6.17E-01	-1.15E+00										
1.91E+03	-6.14E-01	-1.17E+00										
1.96E+03	-6.10E-01	-1.20E+00										
2.01E+03	-6.07E-01	-1.22E+00										
2.07E+03	-6.03E-01	-1.25E+00										
2.12E+03	-6.00E-01	-1.27E+00										
2.17E+03	-5.96E-01	-1.30E+00										
2.23E+03	-5.93E-01	-1.32E+00										
2.28E+03	-5.89E-01	-1.34E+00										
2.33E+03	-5.86E-01	-1.37E+00										
2.38E+03	-5.83E-01	-1.39E+00										
2.43E+03	-5.79E-01	-1.41E+00										
2.48E+03	-5.77E-01	-1.43E+00										
2.54E+03	-5.73E-01	-1.45E+00										
2.59E+03	-5.70E-01	-1.48E+00										
2.64E+03	-5.67E-01	-1.50E+00										
2.70E+03	-5.64E-01	-1.52E+00										
2.75E+03	-5.61E-01	-1.54E+00										
2.80E+03	-5.58E-01	-1.56E+00										
2.85E+03	-5.55E-01	-1.58E+00										
2.90E+03	-5.52E-01	-1.60E+00										
2.95E+03	-5.49E-01	-1.62E+00										
3.00E+03	-5.46E-01	-1.64E+00										
3.05E+03	-5.43E-01	-1.66E+00										
3.10E+03	-5.40E-01	-1.68E+00										
3.16E+03	-5.37E-01	-1.70E+00										
3.21E+03	-5.35E-01	-1.72E+00										
3.27E+03	-5.31E-01	-1.74E+00										
3.32E+03	-5.29E-01	-1.75E+00										
3.37E+03	-5.26E-01	-1.77E+00										
3.42E+03	-5.23E-01	-1.79E+00										
3.47E+03	-5.20E-01	-1.81E+00										
3.53E+03	-5.17E-01	-1.83E+00										
3.58E+03	-5.14E-01	-1.84E+00										
3.63E+03	-5.12E-01	-1.86E+00										
3.69E+03	-5.09E-01	-1.88E+00										
3.74E+03	-5.06E-01	-1.89E+00										
3.79E+03	-5.04E-01	-1.91E+00										
3.85E+03	-5.01E-01	-1.93E+00										
3.90E+03	-4.98E-01	-1.94E+00										
3.95E+03	-4.96E-01	-1.96E+00										
4.00E+03	-4.93E-01	-1.97E+00										
4.05E+03	-4.91E-01	-1.99E+00										
4.11E+03	-4.88E-01	-2.00E+00										
4.16E+03	-4.85E-01	-2.02E+00										
4.21E+03	-4.83E-01	-2.03E+00										
4.26E+03	-4.80E-01	-2.05E+00										
4.31E+03	-4.78E-01	-2.06E+00										
4.37E+03	-4.75E-01	-2.07E+00										
4.42E+03	-4.72E-01	-2.09E+00										
4.47E+03	-4.70E-01	-2.10E+00										
4.52E+03	-4.67E-01	-2.11E+00										
4.58E+03	-4.65E-01	-2.13E+00										
4.63E+03	-4.62E-01	-2.14E+00										
4.68E+03	-4.60E-01	-2.15E+00										
4.73E+03	-4.57E-01	-2.16E+00										
4.79E+03	-4.54E-01	-2.17E+00										
4.84E+03	-4.52E-01	-2.19E+00										
4.89E+03	-4.50E-01	-2.20E+00										
4.94E+03	-4.47E-01	-2.21E+00										
5.00E+03	-4.45E-01	-2.22E+00										
5.05E+03	-4.42E-01	-2.23E+00										
5.10E+03	-4.40E-01	-2.24E+00										
5.15E+03	-4.38E-01	-2.25E+00										
5.20E+03	-4.35E-01	-2.26E+00										
5.25E+03	-4.33E-01	-2.27E+00										
5.30E+03	-4.30E-01	-2.28E+00										
5.36E+03	-4.28E-01	-2.29E+00										
5.41E+03	-4.25E-01	-2.30E+00										
5.46E+03	-4.22E-01	-2.31E+00										
5.51E+03	-4.20E-01	-2.31E+00										
5.56E+03	-4.18E-01	-2.32E+00										
5.61E+03	-4.15E-01	-2.33E+00										
5.66E+03	-4.13E-01	-2.34E+00										
5.71E+03	-4.11E-01	-2.35E+00										
5.76E+03	-4.08E-01	-2.35E+00										
5.82E+03	-4.06E-01	-2.36E+00										
5.87E+03	-4.03E-01	-2.37E+00										
5.92E+03	-4.01E-01	-2.37E+00										
5.97E+03	-3.98E-01	-2.38E+00										
6.02E+03	-3.96E-01	-2.38E+00										
6.08E+03	-3.93E-01	-2.39E+00										
6.13E+03	-3.91E-01	-2.39E+00										
6.18E+03	-3.89E-01	-2.40E+00										
6.23E+03	-3.86E-01	-2.40E+00										
6.28E+03	-3.84E-01	-2.41E+00										
6.33E+03	-3.81E-01	-2.41E+00										
6.39E+03	-3.79E-01	-2.42E+00										
6.44E+03	-3.76E-01	-2.42E+00										
6.49E+03	-3.73E-01	-2.42E+00										
6.54E+03	-3.71E-01	-2.43E+00										
6.59E+03	-3.68E-01	-2.43E+00										
6.64E+03	-3.66E-01	-2.43E+00										
6.70E+03	-3.64E-01	-2.43E+00										
6.75E+03	-3.61E-01	-2.44E+00										
6.80E+03	-3.58E-01	-2.44E+00										
6.86E+03	-3.56E-01	-2.44E+00										
6.91E+03	-3.53E-01	-2.44E+00										
6.96E+03	-3.50E-01	-2.44E+00										
7.02E+03	-3.48E-01	-2.44E+00										
7.07E+03	-3.45E-01	-2.44E+00										
7.12E+03	-3.42E-01	-2.44E+00										
7.18E+03	-3.40E-01	-2.44E+00										
7.23E+03	-3.37E-01	-2.44E+00										
7.28E+03	-3.34E-01	-2.44E+00										
7.33E+03	-3.32E-01	-2.44E+00										
7.39E+03	-3.29E-01	-2.43E+00										
7.44E+03	-3.27E-01	-2.43E+00										
7.49E+03	-3.24E-01	-2.43E+00										
7.54E+03	-3.21E-01	-2.42E+00										
7.59E+03	-3.19E-01	-2.42E+00										
7.65E+03	-3.16E-01	-2.42E+00										
7.70E+03	-3.13E-01	-2.41E+00										
7.75E+03	-3.10E-01	-2.41E+00										
7.80E+03	-3.08E-01	-2.40E+00										
7.86E+03	-3.05E-01	-2.40E+00										
7.91E+03	-3.02E-01	-2.39E+00										
7.96E+03	-2.99E-01	-2.38E+00										
8.01E+03	-2.97E-01	-2.38E+00										
8.06E+03	-2.94E-01	-2.37E+00										
8.12E+03	-2.91E-01	-2.36E+00										
8.17E+03	-2.88E-01	-2.35E+00										
8.22E+03	-2.85E-01	-2.35E+00										
8.27E+03	-2.82E-01	-2.33E+00										
8.32E+03	-2.80E-01	-2.33E+00										
8.37E+03	-2.77E-01	-2.32E+00										
8.42E+03	-2.74E-01	-2.31E+00										
8.48E+03	-2.71E-01	-2.30E+00										
8.53E+03	-2.68E-01	-2.29E+00										
8.58E+03	-2.65E-01	-2.27E+00										
8.63E+03	-2.62E-01	-2.26E+00										
8.69E+03	-2.59E-01	-2.25E+00										
8.74E+03	-2.56E-01	-2.24E+00										
8.79E+03	-2.53E-01	-2.22E+00										
8.80E+03	-2.51E-01	-2.21E+00										
0.00E+00	-8.61E-01	0.00E+00										
0.00E+00	-9.44E-01	0.00E+00										
0.00E+00	-9.54E-01	0.00E+00										
0.00E+00	-9.59E-01	0.00E+00										
0.00E+00	-9.61E-01	0.00E+00										
0.00E+00	-9.65E-01	0.00E+00										
4.47E+01	-9.65E-01	-4.32E-02										
9.67E+01	-8.78E-01	-8.49E-02										
1.48E+02	-8.34E-01	-1.24E-01										
2.00E+02	-8.13E-01	-1.62E-01										
2.54E+02	-7.97E-01	-2.02E-01										
3.05E+02	-7.84E-01	-2.39E-01										
3.55E+02	-7.74E-01	-2.75E-01										
4.07E+02	-7.65E-01	-3.11E-01										
4.57E+02	-7.56E-01	-3.45E-01										
5.08E+02	-7.48E-01	-3.80E-01										
5.58E+02	-7.40E-01	-4.13E-01										
6.09E+02	-7.34E-01	-4.47E-01										
6.62E+02	-7.27E-01	-4.81E-01										
7.13E+02	-7.20E-01	-5.14E-01										
7.65E+02	-7.14E-01	-5.46E-01										
8.17E+02	-7.08E-01	-5.78E-01										
8.68E+02	-7.02E-01	-6.09E-01										
9.18E+02	-6.97E-01	-6.39E-01										
9.69E+02	-6.92E-01	-6.70E-01										
1.02E+03	-6.86E-01	-7.00E-01										
1.07E+03	-6.82E-01	-7.29E-01										
1.12E+03	-6.77E-01	-7.58E-01										
1.17E+03	-6.72E-01	-7.87E-01										
1.22E+03	-6.67E-01	-8.16E-01										
1.27E+03	-6.63E-01	-8.44E-01										
1.33E+03	-6.59E-01	-8.73E-01										
1.38E+03	-6.54E-01	-9.01E-01										
1.43E+03	-6.50E-01	-9.28E-01										
1.48E+03	-6.46E-01	-9.57E-01										
1.53E+03	-6.42E-01	-9.83E-01										
1.58E+03	-6.37E-01	-1.01E+00										
1.63E+03	-6.34E-01	-1.04E+00										
1.69E+03	-6.30E-01	-1.06E+00										
1.74E+03	-6.26E-01	-1.09E+00										
1.79E+03	-6.22E-01	-1.11E+00										
1.85E+03	-6.18E-01	-1.14E+00										
1.90E+03	-6.15E-01	-1.17E+00										
1.95E+03	-6.11E-01	-1.19E+00										
2.00E+03	-6.07E-01	-1.21E+00										
2.05E+03	-6.04E-01	-1.24E+00										
2.10E+03	-6.00E-01	-1.26E+00										
2.15E+03	-5.97E-01	-1.29E+00										
2.21E+03	-5.94E-01	-1.31E+00										
2.26E+03	-5.90E-01	-1.33E+00										
2.31E+03	-5.87E-01	-1.36E+00										
2.37E+03	-5.84E-01	-1.38E+00										
2.42E+03	-5.80E-01	-1.40E+00										
2.47E+03	-5.77E-01	-1.43E+00										
2.52E+03	-5.74E-01	-1.45E+00										
2.57E+03	-5.71E-01	-1.47E+00										
2.62E+03	-5.68E-01	-1.49E+00										
2.67E+03	-5.65E-01	-1.51E+00										
2.73E+03	-5.62E-01	-1.53E+00										
2.78E+03	-5.59E-01	-1.55E+00										
2.83E+03	-5.55E-01	-1.57E+00										
2.88E+03	-5.53E-01	-1.59E+00										
2.94E+03	-5.50E-01	-1.61E+00										
2.99E+03	-5.47E-01	-1.63E+00										
3.04E+03	-5.44E-01	-1.65E+00										
3.09E+03	-5.41E-01	-1.67E+00										
3.14E+03	-5.38E-01	-1.69E+00										
3.19E+03	-5.35E-01	-1.71E+00										
3.24E+03	-5.33E-01	-1.73E+00										
3.29E+03	-5.30E-01	-1.75E+00										
3.34E+03	-5.27E-01	-1.76E+00										
3.40E+03	-5.24E-01	-1.78E+00										
3.45E+03	-5.22E-01	-1.80E+00										
3.50E+03	-5.19E-01	-1.81E+00										
3.55E+03	-5.16E-01	-1.83E+00										
3.60E+03	-5.14E-01	-1.85E+00										
3.65E+03	-5.11E-01	-1.86E+00										
3.70E+03	-5.08E-01	-1.88E+00										
3.75E+03	-5.06E-01	-1.90E+00										
3.81E+03	-5.03E-01	-1.91E+00										
3.86E+03	-5.00E-01	-1.93E+00										
3.91E+03	-4.98E-01	-1.95E+00										
3.96E+03	-4.95E-01	-1.96E+00										
4.02E+03	-4.92E-01	-1.98E+00										
4.07E+03	-4.89E-01	-1.99E+00										
4.12E+03	-4.87E-01	-2.01E+00										
4.17E+03	-4.85E-01	-2.02E+00										
4.22E+03	-4.82E-01	-2.04E+00										
4.28E+03	-4.79E-01	-2.05E+00										
4.33E+03	-4.77E-01	-2.06E+00										
4.38E+03	-4.74E-01	-2.08E+00										
4.43E+03	-4.72E-01	-2.09E+00										
4.48E+03	-4.69E-01	-2.10E+00										
4.53E+03	-4.67E-01	-2.12E+00										
4.58E+03	-4.64E-01	-2.13E+00										
4.63E+03	-4.62E-01	-2.14E+00										
4.68E+03	-4.59E-01	-2.15E+00										
4.74E+03	-4.57E-01	-2.16E+00										
4.79E+03	-4.54E-01	-2.18E+00										
4.84E+03	-4.52E-01	-2.19E+00										
4.90E+03	-4.49E-01	-2.20E+00										
4.95E+03	-4.47E-01	-2.21E+00										
5.00E+03	-4.44E-01	-2.22E+00										
5.06E+03	-4.41E-01	-2.23E+00										
5.11E+03	-4.39E-01	-2.24E+00										
5.16E+03	-4.37E-01	-2.25E+00										
5.21E+03	-4.34E-01	-2.26E+00										
5.27E+03	-4.32E-01	-2.27E+00										
5.32E+03	-4.29E-01	-2.28E+00										
5.37E+03	-4.27E-01	-2.29E+00										
5.42E+03	-4.24E-01	-2.30E+00										
5.47E+03	-4.22E-01	-2.31E+00										
5.52E+03	-4.19E-01	-2.32E+00										
5.58E+03	-4.17E-01	-2.33E+00										
5.63E+03	-4.15E-01	-2.33E+00										
5.68E+03	-4.12E-01	-2.34E+00										
5.73E+03	-4.10E-01	-2.35E+00										
5.78E+03	-4.07E-01	-2.35E+00										
5.83E+03	-4.05E-01	-2.36E+00										
5.88E+03	-4.02E-01	-2.37E+00										
5.94E+03	-4.00E-01	-2.37E+00										
5.99E+03	-3.97E-01	-2.38E+00										
6.04E+03	-3.95E-01	-2.38E+00										
6.09E+03	-3.92E-01	-2.39E+00										
6.15E+03	-3.90E-01	-2.40E+00										
6.20E+03	-3.87E-01	-2.40E+00										
6.25E+03	-3.85E-01	-2.41E+00										
6.30E+03	-3.82E-01	-2.41E+00										
6.36E+03	-3.80E-01	-2.41E+00										
6.41E+03	-3.77E-01	-2.42E+00										
6.46E+03	-3.75E-01	-2.42E+00										
6.51E+03	-3.72E-01	-2.43E+00										
6.56E+03	-3.70E-01	-2.43E+00										
6.62E+03	-3.67E-01	-2.43E+00										
6.67E+03	-3.65E-01	-2.43E+00										
6.72E+03	-3.62E-01	-2.43E+00										
6.78E+03	-3.59E-01	-2.44E+00										
6.83E+03	-3.57E-01	-2.44E+00										
6.88E+03	-3.54E-01	-2.44E+00										
6.93E+03	-3.52E-01	-2.44E+00										
6.98E+03	-3.49E-01	-2.44E+00										
7.03E+03	-3.47E-01	-2.44E+00										
7.08E+03	-3.44E-01	-2.44E+00										
7.14E+03	-3.42E-01	-2.44E+00										
7.19E+03	-3.39E-01	-2.44E+00										
7.24E+03	-3.36E-01	-2.43E+00										
7.29E+03	-3.34E-01	-2.43E+00										
7.34E+03	-3.31E-01	-2.43E+00										
7.39E+03	-3.29E-01	-2.43E+00										
7.44E+03	-3.26E-01	-2.43E+00										
7.49E+03	-3.23E-01	-2.42E+00										
7.55E+03	-3.21E-01	-2.42E+00										
7.60E+03	-3.18E-01	-2.42E+00										
7.65E+03	-3.15E-01	-2.41E+00										
7.70E+03	-3.12E-01	-2.41E+00										
7.75E+03	-3.10E-01	-2.40E+00										
7.80E+03	-3.07E-01	-2.40E+00										
7.86E+03	-3.04E-01	-2.39E+00										
7.91E+03	-3.02E-01	-2.39E+00										
7.96E+03	-2.99E-01	-2.38E+00										
8.01E+03	-2.96E-01	-2.37E+00										
8.06E+03	-2.93E-01	-2.36E+00										
8.11E+03	-2.91E-01	-2.36E+00										
8.17E+03	-2.87E-01	-2.35E+00										
8.22E+03	-2.85E-01	-2.34E+00										
8.27E+03	-2.82E-01	-2.33E+00										
8.32E+03	-2.79E-01	-2.32E+00										
8.37E+03	-2.76E-01	-2.31E+00										
8.43E+03	-2.73E-01	-2.30E+00										
8.48E+03	-2.71E-01	-2.29E+00										
8.53E+03	-2.68E-01	-2.29E+00										
8.58E+03	-2.65E-01	-2.27E+00										
8.63E+03	-2.62E-01	-2.26E+00										
8.68E+03	-2.59E-01	-2.25E+00										
8.74E+03	-2.56E-01	-2.23E+00										
8.79E+03	-2.53E-01	-2.22E+00										
8.80E+03	-2.51E-01	-2.21E+00										
0.00E+00	-8.61E-01	0.00E+00										
0.00E+00	-9.44E-01	0.00E+00										
0.00E+00	-9.54E-01	0.00E+00										
0.00E+00	-9.59E-01	0.00E+00										
0.00E+00	-9.61E-01	0.00E+00										
0.00E+00	-9.64E-01	0.00E+00										
4.42E+01	-9.65E-01	-4.27E-02										
9.62E+01	-8.82E-01	-8.48E-02										
1.47E+02	-8.34E-01	-1.23E-01										
1.98E+02	-8.13E-01	-1.61E-01										
2.48E+02	-7.98E-01	-1.98E-01										
2.99E+02	-7.85E-01	-2.35E-01										
3.50E+02	-7.75E-01	-2.71E-01										
4.05E+02	-7.65E-01	-3.10E-01										
4.55E+02	-7.56E-01	-3.44E-01										
5.07E+02	-7.48E-01	-3.79E-01										
5.57E+02	-7.40E-01	-4.13E-01										
6.08E+02	-7.33E-01	-4.46E-01										
6.59E+02	-7.27E-01	-4.79E-01										
7.10E+02	-7.21E-01	-5.12E-01										
7.62E+02	-7.15E-01	-5.44E-01										
8.13E+02	-7.08E-01	-5.76E-01										
8.64E+02	-7.03E-01	-6.07E-01										
9.15E+02	-6.97E-01	-6.38E-01										
9.66E+02	-6.92E-01	-6.68E-01										
1.02E+03	-6.86E-01	-6.99E-01										
1.07E+03	-6.82E-01	-7.29E-01										
1.12E+03	-6.77E-01	-7.58E-01										
1.18E+03	-6.72E-01	-7.90E-01										
1.23E+03	-6.67E-01	-8.18E-01										
1.28E+03	-6.63E-01	-8.48E-01										
1.33E+03	-6.58E-01	-8.76E-01										
1.38E+03	-6.54E-01	-9.03E-01										
1.43E+03	-6.50E-01	-9.30E-01										
1.48E+03	-6.45E-01	-9.57E-01										
1.54E+03	-6.41E-01	-9.85E-01										
1.59E+03	-6.37E-01	-1.01E+00										
1.64E+03	-6.34E-01	-1.04E+00										
1.69E+03	-6.30E-01	-1.07E+00										
1.74E+03	-6.26E-01	-1.09E+00										
1.79E+03	-6.22E-01	-1.12E+00										
1.85E+03	-6.18E-01	-1.14E+00										
1.90E+03	-6.14E-01	-1.17E+00										
1.95E+03	-6.11E-01	-1.19E+00										
2.00E+03	-6.07E-01	-1.22E+00										
2.06E+03	-6.04E-01	-1.24E+00										
2.11E+03	-6.00E-01	-1.26E+00										
2.16E+03	-5.97E-01	-1.29E+00										
2.21E+03	-5.94E-01	-1.31E+00										
2.26E+03	-5.90E-01	-1.33E+00										
2.31E+03	-5.87E-01	-1.36E+00										
2.36E+03	-5.84E-01	-1.38E+00										
2.41E+03	-5.80E-01	-1.40E+00										
2.47E+03	-5.77E-01	-1.42E+00										
2.52E+03	-5.74E-01	-1.44E+00										
2.57E+03	-5.71E-01	-1.47E+00										
2.62E+03	-5.68E-01	-1.49E+00										
2.67E+03	-5.65E-01	-1.51E+00										
2.72E+03	-5.62E-01	-1.53E+00										
2.77E+03	-5.59E-01	-1.55E+00										
2.82E+03	-5.56E-01	-1.57E+00										
2.88E+03	-5.53E-01	-1.59E+00										
2.93E+03	-5.50E-01	-1.61E+00										
2.98E+03	-5.47E-01	-1.63E+00										
3.03E+03	-5.44E-01	-1.65E+00										
3.08E+03	-5.42E-01	-1.67E+00										
3.13E+03	-5.39E-01	-1.69E+00										
3.18E+03	-5.36E-01	-1.71E+00										
3.24E+03	-5.33E-01	-1.73E+00										
3.29E+03	-5.30E-01	-1.74E+00										
3.34E+03	-5.27E-01	-1.76E+00										
3.40E+03	-5.24E-01	-1.78E+00										
3.45E+03	-5.22E-01	-1.80E+00										
3.50E+03	-5.18E-01	-1.81E+00										
3.55E+03	-5.16E-01	-1.83E+00										
3.60E+03	-5.13E-01	-1.85E+00										
3.66E+03	-5.11E-01	-1.87E+00										
3.71E+03	-5.08E-01	-1.88E+00										
3.76E+03	-5.05E-01	-1.90E+00										
3.81E+03	-5.02E-01	-1.92E+00										
3.86E+03	-5.00E-01	-1.93E+00										
3.92E+03	-4.97E-01	-1.95E+00										
3.97E+03	-4.95E-01	-1.96E+00										
4.02E+03	-4.92E-01	-1.98E+00										
4.07E+03	-4.90E-01	-1.99E+00										
4.12E+03	-4.87E-01	-2.01E+00										
4.17E+03	-4.84E-01	-2.02E+00										
4.23E+03	-4.82E-01	-2.04E+00										
4.28E+03	-4.79E-01	-2.05E+00										
4.33E+03	-4.77E-01	-2.06E+00										
4.38E+03	-4.74E-01	-2.08E+00										
4.43E+03	-4.72E-01	-2.09E+00										
4.48E+03	-4.69E-01	-2.10E+00										
4.54E+03	-4.67E-01	-2.12E+00										
4.59E+03	-4.64E-01	-2.13E+00										
4.64E+03	-4.62E-01	-2.14E+00										
4.69E+03	-4.59E-01	-2.15E+00										
4.74E+03	-4.57E-01	-2.16E+00										
4.79E+03	-4.54E-01	-2.18E+00										
4.84E+03	-4.52E-01	-2.19E+00										
4.89E+03	-4.49E-01	-2.20E+00										
4.95E+03	-4.47E-01	-2.21E+00										
5.00E+03	-4.44E-01	-2.22E+00										
5.05E+03	-4.42E-01	-2.23E+00										
5.10E+03	-4.39E-01	-2.24E+00										
5.16E+03	-4.37E-01	-2.25E+00										
5.21E+03	-4.35E-01	-2.26E+00										
5.26E+03	-4.32E-01	-2.27E+00										
5.31E+03	-4.30E-01	-2.28E+00										
5.37E+03	-4.27E-01	-2.29E+00										
5.42E+03	-4.25E-01	-2.30E+00										
5.47E+03	-4.22E-01	-2.31E+00										
5.52E+03	-4.20E-01	-2.32E+00										
5.57E+03	-4.17E-01	-2.32E+00										
5.62E+03	-4.15E-01	-2.33E+00										
5.67E+03	-4.12E-01	-2.34E+00										
5.72E+03	-4.10E-01	-2.35E+00										
5.77E+03	-4.08E-01	-2.35E+00										
5.83E+03	-4.05E-01	-2.36E+00										
5.88E+03	-4.03E-01	-2.37E+00										
5.93E+03	-4.01E-01	-2.38E+00										
5.98E+03	-3.98E-01	-2.38E+00										
6.03E+03	-3.95E-01	-2.39E+00										
6.09E+03	-3.93E-01	-2.39E+00										
6.14E+03	-3.90E-01	-2.40E+00										
6.19E+03	-3.88E-01	-2.40E+00										
6.24E+03	-3.85E-01	-2.41E+00										
6.29E+03	-3.83E-01	-2.41E+00										
6.34E+03	-3.81E-01	-2.41E+00										
6.39E+03	-3.78E-01	-2.42E+00										
6.45E+03	-3.76E-01	-2.42E+00										
6.50E+03	-3.73E-01	-2.43E+00										
6.55E+03	-3.71E-01	-2.43E+00										
6.60E+03	-3.68E-01	-2.43E+00										
6.65E+03	-3.66E-01	-2.43E+00										
6.71E+03	-3.63E-01	-2.43E+00										
6.76E+03	-3.61E-01	-2.44E+00										
6.81E+03	-3.58E-01	-2.44E+00										
6.86E+03	-3.55E-01	-2.44E+00										
6.91E+03	-3.53E-01	-2.44E+00										
6.96E+03	-3.50E-01	-2.44E+00										
7.02E+03	-3.48E-01	-2.44E+00										
7.07E+03	-3.45E-01	-2.44E+00										
7.12E+03	-3.43E-01	-2.44E+00										
7.17E+03	-3.40E-01	-2.44E+00										
7.22E+03	-3.37E-01	-2.44E+00										
7.27E+03	-3.35E-01	-2.43E+00										
7.32E+03	-3.32E-01	-2.43E+00										
7.38E+03	-3.30E-01	-2.43E+00										
7.43E+03	-3.27E-01	-2.43E+00										
7.48E+03	-3.24E-01	-2.43E+00										
7.53E+03	-3.22E-01	-2.42E+00										
7.58E+03	-3.19E-01	-2.42E+00										
7.63E+03	-3.16E-01	-2.41E+00										
7.68E+03	-3.14E-01	-2.41E+00										
7.74E+03	-3.11E-01	-2.41E+00										
7.79E+03	-3.08E-01	-2.40E+00										
7.84E+03	-3.05E-01	-2.40E+00										
7.89E+03	-3.03E-01	-2.39E+00										
7.94E+03	-3.00E-01	-2.38E+00										
8.00E+03	-2.97E-01	-2.38E+00										
8.05E+03	-2.94E-01	-2.37E+00										
8.10E+03	-2.92E-01	-2.36E+00										
8.15E+03	-2.89E-01	-2.35E+00										
8.20E+03	-2.86E-01	-2.35E+00										
8.25E+03	-2.83E-01	-2.34E+00										
8.30E+03	-2.80E-01	-2.33E+00										
8.36E+03	-2.77E-01	-2.32E+00										
8.41E+03	-2.75E-01	-2.31E+00										
8.46E+03	-2.72E-01	-2.30E+00										
8.51E+03	-2.69E-01	-2.29E+00										
8.57E+03	-2.66E-01	-2.28E+00										
8.62E+03	-2.63E-01	-2.26E+00										
8.67E+03	-2.60E-01	-2.25E+00										
8.72E+03	-2.57E-01	-2.24E+00										
8.78E+03	-2.54E-01	-2.23E+00										
8.81E+03	-2.51E-01	-2.21E+00										
0.00E+00	-8.62E-01	0.00E+00										
0.00E+00	-9.44E-01	0.00E+00										
0.00E+00	-9.54E-01	0.00E+00										
0.00E+00	-9.59E-01	0.00E+00										
0.00E+00	-9.61E-01	0.00E+00										
0.00E+00	-9.65E-01	0.00E+00										
5.24E+01	-9.65E-01	-5.05E-02										
1.05E+02	-8.68E-01	-9.10E-02										
1.56E+02	-8.31E-01	-1.29E-01										
2.06E+02	-8.10E-01	-1.67E-01										
2.57E+02	-7.95E-01	-2.04E-01										
3.10E+02	-7.83E-01	-2.42E-01										
3.61E+02	-7.73E-01	-2.79E-01										
4.11E+02	-7.63E-01	-3.14E-01										
4.63E+02	-7.55E-01	-3.50E-01										
5.14E+02	-7.47E-01	-3.84E-01										
5.65E+02	-7.40E-01	-4.18E-01										
6.18E+02	-7.33E-01	-4.53E-01										
6.68E+02	-7.26E-01	-4.85E-01										
7.19E+02	-7.19E-01	-5.17E-01										
7.70E+02	-7.13E-01	-5.49E-01										
8.21E+02	-7.08E-01	-5.81E-01										
8.72E+02	-7.02E-01	-6.12E-01										
9.23E+02	-6.97E-01	-6.43E-01										
9.73E+02	-6.91E-01	-6.73E-01										
1.02E+03	-6.86E-01	-7.03E-01										
1.08E+03	-6.81E-01	-7.33E-01										
1.13E+03	-6.76E-01	-7.63E-01										
1.18E+03	-6.71E-01	-7.92E-01										
1.23E+03	-6.67E-01	-8.21E-01										
1.28E+03	-6.62E-01	-8.50E-01										
1.34E+03	-6.58E-01	-8.79E-01										
1.39E+03	-6.53E-01	-9.07E-01										
1.44E+03	-6.49E-01	-9.36E-01										
1.50E+03	-6.45E-01	-9.66E-01										
1.55E+03	-6.40E-01	-9.92E-01										
1.60E+03	-6.37E-01	-1.02E+00										
1.65E+03	-6.33E-01	-1.04E+00										
1.70E+03	-6.29E-01	-1.07E+00										
1.75E+03	-6.25E-01	-1.09E+00										
1.80E+03	-6.21E-01	-1.12E+00										
1.85E+03	-6.18E-01	-1.15E+00										
1.91E+03	-6.14E-01	-1.17E+00										
1.96E+03	-6.11E-01	-1.19E+00										
2.01E+03	-6.07E-01	-1.22E+00										
2.06E+03	-6.03E-01	-1.24E+00										
2.11E+03	-6.00E-01	-1.27E+00										
2.17E+03	-5.97E-01	-1.29E+00										
2.22E+03	-5.93E-01	-1.32E+00										
2.27E+03	-5.90E-01	-1.34E+00										
2.32E+03	-5.87E-01	-1.36E+00										
2.37E+03	-5.83E-01	-1.38E+00										
2.42E+03	-5.80E-01	-1.41E+00										
2.47E+03	-5.77E-01	-1.43E+00										
2.53E+03	-5.74E-01	-1.45E+00										
2.58E+03	-5.71E-01	-1.47E+00										
2.63E+03	-5.68E-01	-1.49E+00										
2.68E+03	-5.65E-01	-1.51E+00										
2.73E+03	-5.62E-01	-1.53E+00										
2.78E+03	-5.59E-01	-1.55E+00										
2.83E+03	-5.55E-01	-1.57E+00										
2.89E+03	-5.53E-01	-1.60E+00										
2.94E+03	-5.50E-01	-1.61E+00										
2.99E+03	-5.47E-01	-1.63E+00										
3.04E+03	-5.44E-01	-1.65E+00										
3.09E+03	-5.41E-01	-1.67E+00										
3.14E+03	-5.38E-01	-1.69E+00										
3.20E+03	-5.35E-01	-1.71E+00										
3.25E+03	-5.32E-01	-1.73E+00										
3.30E+03	-5.30E-01	-1.75E+00										
3.35E+03	-5.27E-01	-1.77E+00										
3.40E+03	-5.24E-01	-1.78E+00										
3.45E+03	-5.21E-01	-1.80E+00										
3.50E+03	-5.19E-01	-1.82E+00										
3.56E+03	-5.16E-01	-1.83E+00										
3.61E+03	-5.13E-01	-1.85E+00										
3.66E+03	-5.11E-01	-1.87E+00										
3.71E+03	-5.08E-01	-1.88E+00										
3.76E+03	-5.05E-01	-1.90E+00										
3.81E+03	-5.03E-01	-1.92E+00										
3.86E+03	-5.00E-01	-1.93E+00										
3.91E+03	-4.97E-01	-1.95E+00										
3.96E+03	-4.95E-01	-1.96E+00										
4.01E+03	-4.92E-01	-1.98E+00										
4.07E+03	-4.90E-01	-1.99E+00										
4.12E+03	-4.87E-01	-2.01E+00										
4.17E+03	-4.85E-01	-2.02E+00										
4.23E+03	-4.82E-01	-2.04E+00										
4.28E+03	-4.79E-01	-2.05E+00										
4.33E+03	-4.77E-01	-2.07E+00										
4.38E+03	-4.74E-01	-2.08E+00										
4.44E+03	-4.71E-01	-2.09E+00										
4.49E+03	-4.69E-01	-2.11E+00										
4.54E+03	-4.66E-01	-2.12E+00										
4.59E+03	-4.64E-01	-2.13E+00										
4.64E+03	-4.61E-01	-2.14E+00										
4.69E+03	-4.59E-01	-2.15E+00										
4.75E+03	-4.57E-01	-2.17E+00										
4.80E+03	-4.54E-01	-2.18E+00										
4.85E+03	-4.52E-01	-2.19E+00										
4.90E+03	-4.49E-01	-2.20E+00										
4.96E+03	-4.47E-01	-2.21E+00										
5.01E+03	-4.44E-01	-2.23E+00										
5.06E+03	-4.42E-01	-2.24E+00										
5.11E+03	-4.39E-01	-2.25E+00										
5.16E+03	-4.37E-01	-2.26E+00										
5.21E+03	-4.34E-01	-2.27E+00										
5.27E+03	-4.32E-01	-2.28E+00										
5.32E+03	-4.30E-01	-2.29E+00										
5.37E+03	-4.27E-01	-2.29E+00										
5.42E+03	-4.25E-01	-2.30E+00										
5.48E+03	-4.22E-01	-2.31E+00										
5.53E+03	-4.19E-01	-2.32E+00										
5.58E+03	-4.17E-01	-2.33E+00										
5.63E+03	-4.15E-01	-2.33E+00										
5.68E+03	-4.12E-01	-2.34E+00										
5.73E+03	-4.10E-01	-2.35E+00										
5.79E+03	-4.07E-01	-2.36E+00										
5.84E+03	-4.05E-01	-2.36E+00										
5.89E+03	-4.03E-01	-2.37E+00										
5.94E+03	-4.00E-01	-2.38E+00										
5.99E+03	-3.98E-01	-2.38E+00										
6.04E+03	-3.95E-01	-2.39E+00										
6.10E+03	-3.93E-01	-2.39E+00										
6.15E+03	-3.90E-01	-2.40E+00										
6.20E+03	-3.88E-01	-2.40E+00										
6.25E+03	-3.85E-01	-2.41E+00										
6.31E+03	-3.83E-01	-2.41E+00										
6.36E+03	-3.80E-01	-2.42E+00										
6.41E+03	-3.77E-01	-2.42E+00										
6.47E+03	-3.75E-01	-2.42E+00										
6.52E+03	-3.72E-01	-2.43E+00										
6.57E+03	-3.70E-01	-2.43E+00										
6.63E+03	-3.67E-01	-2.43E+00										
6.68E+03	-3.65E-01	-2.43E+00										
6.73E+03	-3.62E-01	-2.44E+00										
6.78E+03	-3.59E-01	-2.44E+00										
6.84E+03	-3.57E-01	-2.44E+00										
6.89E+03	-3.54E-01	-2.44E+00										
6.94E+03	-3.52E-01	-2.44E+00										
6.99E+03	-3.49E-01	-2.44E+00										
7.04E+03	-3.47E-01	-2.44E+00										
7.10E+03	-3.44E-01	-2.44E+00										
7.15E+03	-3.41E-01	-2.44E+00										
7.20E+03	-3.38E-01	-2.44E+00										
7.25E+03	-3.36E-01	-2.44E+00										
7.30E+03	-3.33E-01	-2.44E+00										
7.36E+03	-3.31E-01	-2.44E+00										
7.41E+03	-3.28E-01	-2.43E+00										
7.46E+03	-3.26E-01	-2.43E+00										
7.51E+03	-3.23E-01	-2.42E+00										
7.56E+03	-3.20E-01	-2.42E+00										
7.62E+03	-3.17E-01	-2.42E+00										
7.67E+03	-3.15E-01	-2.41E+00										
7.72E+03	-3.12E-01	-2.41E+00										
7.77E+03	-3.10E-01	-2.41E+00										
7.82E+03	-3.07E-01	-2.40E+00										
7.87E+03	-3.04E-01	-2.39E+00										
7.93E+03	-3.01E-01	-2.39E+00										
7.98E+03	-2.98E-01	-2.38E+00										
8.03E+03	-2.96E-01	-2.37E+00										
8.08E+03	-2.93E-01	-2.37E+00										
8.13E+03	-2.90E-01	-2.36E+00										
8.18E+03	-2.87E-01	-2.35E+00										
8.23E+03	-2.84E-01	-2.34E+00										
8.29E+03	-2.81E-01	-2.33E+00										
8.34E+03	-2.78E-01	-2.32E+00										
8.39E+03	-2.75E-01	-2.31E+00										
8.44E+03	-2.73E-01	-2.30E+00										
8.49E+03	-2.70E-01	-2.29E+00										
8.54E+03	-2.67E-01	-2.28E+00										
8.60E+03	-2.64E-01	-2.27E+00										
8.65E+03	-2.61E-01	-2.25E+00										
8.70E+03	-2.58E-01	-2.25E+00										
8.75E+03	-2.55E-01	-2.23E+00										
8.80E+03	-2.52E-01	-2.22E+00										
8.81E+03	-2.51E-01	-2.21E+00										
0.00E+00	-8.61E-01	0.00E+00										
0.00E+00	-9.44E-01	0.00E+00										
0.00E+00	-9.54E-01	0.00E+00										
0.00E+00	-9.59E-01	0.00E+00										
0.00E+00	-9.61E-01	0.00E+00										
0.00E+00	-9.65E-01	0.00E+00										
5.39E+01	-9.64E-01	-5.20E-02										
1.05E+02	-8.69E-01	-9.11E-02										
1.57E+02	-8.29E-01	-1.30E-01										
2.08E+02	-8.10E-01	-1.69E-01										
2.62E+02	-7.95E-01	-2.08E-01										
3.14E+02	-7.82E-01	-2.46E-01										
3.66E+02	-7.72E-01	-2.82E-01										
4.16E+02	-7.63E-01	-3.17E-01										
4.67E+02	-7.54E-01	-3.53E-01										
5.19E+02	-7.47E-01	-3.88E-01										
5.71E+02	-7.39E-01	-4.22E-01										
6.22E+02	-7.32E-01	-4.55E-01										
6.73E+02	-7.25E-01	-4.88E-01										
7.24E+02	-7.19E-01	-5.21E-01										
7.75E+02	-7.13E-01	-5.52E-01										
8.25E+02	-7.07E-01	-5.83E-01										
8.76E+02	-7.01E-01	-6.15E-01										
9.27E+02	-6.96E-01	-6.45E-01										
9.78E+02	-6.91E-01	-6.75E-01										
1.03E+03	-6.85E-01	-7.05E-01										
1.08E+03	-6.80E-01	-7.36E-01										
1.13E+03	-6.76E-01	-7.66E-01										
1.18E+03	-6.71E-01	-7.94E-01										
1.23E+03	-6.66E-01	-8.22E-01										
1.28E+03	-6.62E-01	-8.50E-01										
1.34E+03	-6.58E-01	-8.80E-01										
1.39E+03	-6.53E-01	-9.08E-01										
1.44E+03	-6.49E-01	-9.35E-01										
1.49E+03	-6.45E-01	-9.63E-01										
1.54E+03	-6.40E-01	-9.89E-01										
1.60E+03	-6.37E-01	-1.02E+00										
1.65E+03	-6.33E-01	-1.04E+00										
1.70E+03	-6.29E-01	-1.07E+00										
1.75E+03	-6.25E-01	-1.09E+00										
1.80E+03	-6.22E-01	-1.12E+00										
1.85E+03	-6.18E-01	-1.14E+00										
1.90E+03	-6.14E-01	-1.17E+00										
1.95E+03	-6.10E-01	-1.19E+00										
2.01E+03	-6.07E-01	-1.22E+00										
2.06E+03	-6.04E-01	-1.24E+00										
2.11E+03	-6.00E-01	-1.27E+00										
2.16E+03	-5.97E-01	-1.29E+00										
2.21E+03	-5.93E-01	-1.31E+00										
2.26E+03	-5.90E-01	-1.33E+00										
2.31E+03	-5.87E-01	-1.36E+00										
2.36E+03	-5.84E-01	-1.38E+00										
2.42E+03	-5.80E-01	-1.40E+00										
2.47E+03	-5.77E-01	-1.42E+00										
2.52E+03	-5.74E-01	-1.45E+00										
2.57E+03	-5.71E-01	-1.47E+00										
2.62E+03	-5.68E-01	-1.49E+00										
2.68E+03	-5.65E-01	-1.51E+00										
2.73E+03	-5.61E-01	-1.53E+00										
2.78E+03	-5.58E-01	-1.55E+00										
2.83E+03	-5.56E-01	-1.57E+00										
2.88E+03	-5.53E-01	-1.59E+00										
2.93E+03	-5.50E-01	-1.61E+00										
2.98E+03	-5.47E-01	-1.63E+00										
3.03E+03	-5.44E-01	-1.65E+00										
3.09E+03	-5.41E-01	-1.67E+00										
3.14E+03	-5.38E-01	-1.69E+00										
3.19E+03	-5.35E-01	-1.71E+00										
3.24E+03	-5.33E-01	-1.73E+00										
3.29E+03	-5.30E-01	-1.74E+00										
3.34E+03	-5.27E-01	-1.76E+00										
3.40E+03	-5.24E-01	-1.78E+00										
3.45E+03	-5.21E-01	-1.80E+00										
3.50E+03	-5.18E-01	-1.81E+00										
3.55E+03	-5.16E-01	-1.83E+00										
3.60E+03	-5.13E-01	-1.85E+00										
3.65E+03	-5.11E-01	-1.87E+00										
3.71E+03	-5.08E-01	-1.88E+00										
3.76E+03	-5.05E-01	-1.90E+00										
3.82E+03	-5.02E-01	-1.92E+00										
3.87E+03	-4.99E-01	-1.93E+00										
3.92E+03	-4.97E-01	-1.95E+00										
3.97E+03	-4.94E-01	-1.96E+00										
4.02E+03	-4.91E-01	-1.98E+00										
4.08E+03	-4.89E-01	-1.99E+00										
4.13E+03	-4.86E-01	-2.01E+00										
4.18E+03	-4.84E-01	-2.02E+00										
4.23E+03	-4.81E-01	-2.04E+00										
4.28E+03	-4.79E-01	-2.05E+00										
4.34E+03	-4.76E-01	-2.07E+00										
4.39E+03	-4.73E-01	-2.08E+00										
4.44E+03	-4.71E-01	-2.09E+00										
4.50E+03	-4.68E-01	-2.10E+00										
4.55E+03	-4.65E-01	-2.12E+00										
4.60E+03	-4.63E-01	-2.13E+00										
4.65E+03	-4.61E-01	-2.14E+00										
4.70E+03	-4.58E-01	-2.15E+00										
4.75E+03	-4.56E-01	-2.17E+00										
4.81E+03	-4.53E-01	-2.18E+00										
4.86E+03	-4.51E-01	-2.19E+00										
4.91E+03	-4.48E-01	-2.20E+00										
4.96E+03	-4.46E-01	-2.21E+00										
5.02E+03	-4.43E-01	-2.22E+00										
5.07E+03	-4.41E-01	-2.23E+00										
5.12E+03	-4.38E-01	-2.24E+00										
5.17E+03	-4.36E-01	-2.25E+00										
5.22E+03	-4.33E-01	-2.26E+00										
5.27E+03	-4.31E-01	-2.27E+00										
5.32E+03	-4.29E-01	-2.28E+00										
5.37E+03	-4.26E-01	-2.29E+00										
5.42E+03	-4.24E-01	-2.30E+00										
5.47E+03	-4.21E-01	-2.31E+00										
5.53E+03	-4.19E-01	-2.32E+00										
5.58E+03	-4.16E-01	-2.32E+00										
5.63E+03	-4.14E-01	-2.33E+00										
5.69E+03	-4.11E-01	-2.34E+00										
5.74E+03	-4.09E-01	-2.35E+00										
5.79E+03	-4.06E-01	-2.35E+00										
5.85E+03	-4.04E-01	-2.36E+00										
5.90E+03	-4.01E-01	-2.37E+00										
5.95E+03	-3.99E-01	-2.37E+00										
6.00E+03	-3.97E-01	-2.38E+00										
6.05E+03	-3.94E-01	-2.38E+00										
6.10E+03	-3.92E-01	-2.39E+00										
6.15E+03	-3.89E-01	-2.39E+00										
6.20E+03	-3.87E-01	-2.40E+00										
6.25E+03	-3.85E-01	-2.40E+00										
6.30E+03	-3.82E-01	-2.41E+00										
6.35E+03	-3.80E-01	-2.41E+00										
6.40E+03	-3.77E-01	-2.41E+00										
6.45E+03	-3.74E-01	-2.42E+00										
6.51E+03	-3.72E-01	-2.42E+00										
6.56E+03	-3.70E-01	-2.42E+00										
6.61E+03	-3.67E-01	-2.43E+00										
6.66E+03	-3.65E-01	-2.43E+00										
6.71E+03	-3.62E-01	-2.43E+00										
6.76E+03	-3.60E-01	-2.43E+00										
6.82E+03	-3.57E-01	-2.43E+00										
6.87E+03	-3.54E-01	-2.43E+00										
6.92E+03	-3.52E-01	-2.44E+00										
6.98E+03	-3.49E-01	-2.44E+00										
7.03E+03	-3.47E-01	-2.44E+00										
7.08E+03	-3.44E-01	-2.43E+00										
7.13E+03	-3.42E-01	-2.44E+00										
7.18E+03	-3.39E-01	-2.43E+00										
7.23E+03	-3.37E-01	-2.43E+00										
7.28E+03	-3.34E-01	-2.43E+00										
7.33E+03	-3.31E-01	-2.43E+00										
7.39E+03	-3.28E-01	-2.43E+00										
7.44E+03	-3.26E-01	-2.43E+00										
7.49E+03	-3.23E-01	-2.42E+00										
7.55E+03	-3.21E-01	-2.42E+00										
7.60E+03	-3.18E-01	-2.41E+00										
7.65E+03	-3.15E-01	-2.41E+00										
7.70E+03	-3.12E-01	-2.41E+00										
7.75E+03	-3.10E-01	-2.40E+00										
7.81E+03	-3.07E-01	-2.40E+00										
7.86E+03	-3.04E-01	-2.39E+00										
7.91E+03	-3.02E-01	-2.39E+00										
7.96E+03	-2.99E-01	-2.38E+00										
8.01E+03	-2.96E-01	-2.37E+00										
8.06E+03	-2.93E-01	-2.36E+00										
8.12E+03	-2.90E-01	-2.36E+00										
8.17E+03	-2.88E-01	-2.35E+00										
8.22E+03	-2.85E-01	-2.34E+00										
8.27E+03	-2.82E-01	-2.33E+00										
8.32E+03	-2.79E-01	-2.32E+00										
8.37E+03	-2.76E-01	-2.31E+00										
8.43E+03	-2.73E-01	-2.30E+00										
8.48E+03	-2.70E-01	-2.29E+00										
8.53E+03	-2.67E-01	-2.28E+00										
8.58E+03	-2.65E-01	-2.27E+00										
8.64E+03	-2.61E-01	-2.26E+00										
8.69E+03	-2.58E-01	-2.24E+00										
8.74E+03	-2.55E-01	-2.23E+00										
8.80E+03	-2.52E-01	-2.22E+00										
8.80E+03	-2.51E-01	-2.21E+00										
0.00E+00	-8.61E-01	0.00E+00										
0.00E+00	-9.44E-01	0.00E+00										
0.00E+00	-9.54E-01	0.00E+00										
0.00E+00	-9.58E-01	0.00E+00										
0.00E+00	-9.61E-01	0.00E+00										
0.00E+00	-9.64E-01	0.00E+00										
5.14E+01	-9.65E-01	-4.95E-02										
1.03E+02	-8.71E-01	-8.95E-02										
1.54E+02	-8.32E-01	-1.28E-01										
2.05E+02	-8.11E-01	-1.66E-01										
2.57E+02	-7.96E-01	-2.04E-01										
3.07E+02	-7.83E-01	-2.40E-01										
3.58E+02	-7.73E-01	-2.77E-01										
4.09E+02	-7.64E-01	-3.12E-01										
4.60E+02	-7.56E-01	-3.47E-01										
5.10E+02	-7.48E-01	-3.81E-01										
5.61E+02	-7.40E-01	-4.15E-01										
6.11E+02	-7.33E-01	-4.48E-01										
6.64E+02	-7.26E-01	-4.82E-01										
7.15E+02	-7.20E-01	-5.15E-01										
7.68E+02	-7.13E-01	-5.48E-01										
8.19E+02	-7.07E-01	-5.79E-01										
8.69E+02	-7.02E-01	-6.10E-01										
9.20E+02	-6.97E-01	-6.41E-01										
9.71E+02	-6.91E-01	-6.71E-01										
1.02E+03	-6.86E-01	-7.01E-01										
1.07E+03	-6.81E-01	-7.31E-01										
1.12E+03	-6.76E-01	-7.60E-01										
1.17E+03	-6.71E-01	-7.88E-01										
1.23E+03	-6.67E-01	-8.18E-01										
1.28E+03	-6.62E-01	-8.46E-01										
1.33E+03	-6.58E-01	-8.74E-01										
1.38E+03	-6.54E-01	-9.03E-01										
1.43E+03	-6.49E-01	-9.29E-01										
1.48E+03	-6.45E-01	-9.56E-01										
1.53E+03	-6.41E-01	-9.83E-01										
1.58E+03	-6.37E-01	-1.01E+00										
1.63E+03	-6.33E-01	-1.03E+00										
1.69E+03	-6.29E-01	-1.06E+00										
1.74E+03	-6.26E-01	-1.09E+00										
1.79E+03	-6.22E-01	-1.11E+00										
1.84E+03	-6.18E-01	-1.14E+00										
1.89E+03	-6.15E-01	-1.16E+00										
1.94E+03	-6.11E-01	-1.19E+00										
1.99E+03	-6.08E-01	-1.21E+00										
2.04E+03	-6.04E-01	-1.23E+00										
2.10E+03	-6.00E-01	-1.26E+00										
2.15E+03	-5.97E-01	-1.28E+00										
2.20E+03	-5.93E-01	-1.31E+00										
2.25E+03	-5.90E-01	-1.33E+00										
2.30E+03	-5.87E-01	-1.35E+00										
2.36E+03	-5.84E-01	-1.38E+00										
2.41E+03	-5.81E-01	-1.40E+00										
2.46E+03	-5.77E-01	-1.42E+00										
2.51E+03	-5.74E-01	-1.44E+00										
2.56E+03	-5.71E-01	-1.46E+00										
2.61E+03	-5.68E-01	-1.48E+00										
2.66E+03	-5.65E-01	-1.50E+00										
2.71E+03	-5.62E-01	-1.52E+00										
2.77E+03	-5.59E-01	-1.55E+00										
2.82E+03	-5.56E-01	-1.57E+00										
2.87E+03	-5.53E-01	-1.58E+00										
2.92E+03	-5.50E-01	-1.61E+00										
2.97E+03	-5.47E-01	-1.63E+00										
3.02E+03	-5.44E-01	-1.64E+00										
3.07E+03	-5.41E-01	-1.66E+00										
3.13E+03	-5.38E-01	-1.68E+00										
3.18E+03	-5.35E-01	-1.70E+00										
3.24E+03	-5.32E-01	-1.72E+00										
3.29E+03	-5.29E-01	-1.74E+00										
3.34E+03	-5.26E-01	-1.76E+00										
3.39E+03	-5.24E-01	-1.78E+00										
3.44E+03	-5.21E-01	-1.79E+00										
3.49E+03	-5.18E-01	-1.81E+00										
3.54E+03	-5.15E-01	-1.83E+00										
3.60E+03	-5.13E-01	-1.84E+00										
3.65E+03	-5.10E-01	-1.86E+00										
3.70E+03	-5.07E-01	-1.88E+00										
3.75E+03	-5.04E-01	-1.89E+00										
3.80E+03	-5.02E-01	-1.91E+00										
3.86E+03	-4.99E-01	-1.92E+00										
3.91E+03	-4.96E-01	-1.94E+00										
3.96E+03	-4.94E-01	-1.96E+00										
4.01E+03	-4.91E-01	-1.97E+00										
4.06E+03	-4.89E-01	-1.99E+00										
4.12E+03	-4.86E-01	-2.00E+00										
4.17E+03	-4.83E-01	-2.01E+00										
4.22E+03	-4.81E-01	-2.03E+00										
4.27E+03	-4.78E-01	-2.04E+00										
4.32E+03	-4.75E-01	-2.05E+00										
4.37E+03	-4.73E-01	-2.07E+00										
4.43E+03	-4.70E-01	-2.08E+00										
4.48E+03	-4.68E-01	-2.09E+00										
4.53E+03	-4.65E-01	-2.11E+00										
4.58E+03	-4.63E-01	-2.12E+00										
4.64E+03	-4.60E-01	-2.13E+00										
4.69E+03	-4.58E-01	-2.14E+00										
4.74E+03	-4.55E-01	-2.16E+00										
4.79E+03	-4.53E-01	-2.17E+00										
4.84E+03	-4.50E-01	-2.18E+00										
4.89E+03	-4.48E-01	-2.19E+00										
4.94E+03	-4.45E-01	-2.20E+00										
5.00E+03	-4.43E-01	-2.21E+00										
5.05E+03	-4.40E-01	-2.22E+00										
5.10E+03	-4.38E-01	-2.23E+00										
5.15E+03	-4.35E-01	-2.24E+00										
5.20E+03	-4.33E-01	-2.25E+00										
5.25E+03	-4.30E-01	-2.26E+00										
5.31E+03	-4.28E-01	-2.27E+00										
5.36E+03	-4.26E-01	-2.28E+00										
5.41E+03	-4.23E-01	-2.29E+00										
5.46E+03	-4.20E-01	-2.29E+00										
5.51E+03	-4.18E-01	-2.31E+00										
5.56E+03	-4.16E-01	-2.31E+00										
5.61E+03	-4.13E-01	-2.32E+00										
5.66E+03	-4.11E-01	-2.33E+00										
5.72E+03	-4.08E-01	-2.33E+00										
5.77E+03	-4.06E-01	-2.34E+00										
5.82E+03	-4.03E-01	-2.35E+00										
5.87E+03	-4.01E-01	-2.35E+00										
5.92E+03	-3.99E-01	-2.36E+00										
5.97E+03	-3.96E-01	-2.36E+00										
6.03E+03	-3.93E-01	-2.37E+00										
6.08E+03	-3.91E-01	-2.38E+00										
6.14E+03	-3.88E-01	-2.38E+00										
6.19E+03	-3.86E-01	-2.39E+00										
6.24E+03	-3.83E-01	-2.39E+00										
6.29E+03	-3.81E-01	-2.39E+00										
6.34E+03	-3.78E-01	-2.40E+00										
6.39E+03	-3.76E-01	-2.40E+00										
6.45E+03	-3.73E-01	-2.41E+00										
6.50E+03	-3.71E-01	-2.41E+00										
6.55E+03	-3.68E-01	-2.41E+00										
6.60E+03	-3.66E-01	-2.41E+00										
6.66E+03	-3.63E-01	-2.42E+00										
6.71E+03	-3.60E-01	-2.42E+00										
6.76E+03	-3.58E-01	-2.42E+00										
6.81E+03	-3.55E-01	-2.42E+00										
6.86E+03	-3.52E-01	-2.42E+00										
6.92E+03	-3.50E-01	-2.42E+00										
6.97E+03	-3.48E-01	-2.42E+00										
7.02E+03	-3.45E-01	-2.42E+00										
7.07E+03	-3.42E-01	-2.42E+00										
7.12E+03	-3.40E-01	-2.42E+00										
7.17E+03	-3.37E-01	-2.42E+00										
7.22E+03	-3.35E-01	-2.42E+00										
7.27E+03	-3.32E-01	-2.42E+00										
7.33E+03	-3.29E-01	-2.41E+00										
7.38E+03	-3.27E-01	-2.41E+00										
7.43E+03	-3.24E-01	-2.41E+00										
7.48E+03	-3.22E-01	-2.40E+00										
7.53E+03	-3.19E-01	-2.40E+00										
7.58E+03	-3.16E-01	-2.40E+00										
7.63E+03	-3.14E-01	-2.39E+00										
7.68E+03	-3.11E-01	-2.39E+00										
7.73E+03	-3.08E-01	-2.38E+00										
7.78E+03	-3.06E-01	-2.38E+00										
7.84E+03	-3.03E-01	-2.37E+00										
7.89E+03	-3.00E-01	-2.37E+00										
7.94E+03	-2.97E-01	-2.36E+00										
7.99E+03	-2.94E-01	-2.35E+00										
8.04E+03	-2.92E-01	-2.34E+00										
8.09E+03	-2.89E-01	-2.34E+00										
8.14E+03	-2.86E-01	-2.33E+00										
8.19E+03	-2.83E-01	-2.32E+00										
8.25E+03	-2.80E-01	-2.31E+00										
8.30E+03	-2.77E-01	-2.30E+00										
8.35E+03	-2.74E-01	-2.29E+00										
8.40E+03	-2.72E-01	-2.28E+00										
8.45E+03	-2.69E-01	-2.27E+00										
8.50E+03	-2.66E-01	-2.26E+00										
8.55E+03	-2.63E-01	-2.25E+00										
8.60E+03	-2.60E-01	-2.23E+00										
8.65E+03	-2.57E-01	-2.22E+00										
8.71E+03	-2.54E-01	-2.21E+00										
8.74E+03	-2.51E-01	-2.20E+00										
0.00E+00	-8.61E-01	0.00E+00										
0.00E+00	-9.44E-01	0.00E+00										
0.00E+00	-9.54E-01	0.00E+00										
0.00E+00	-9.59E-01	0.00E+00										
0.00E+00	-9.61E-01	0.00E+00										
0.00E+00	-9.64E-01	0.00E+00										
5.34E+01	-9.64E-01	-5.15E-02										
1.04E+02	-8.69E-01	-9.02E-02										
1.56E+02	-8.30E-01	-1.29E-01										
2.08E+02	-8.10E-01	-1.68E-01										
2.60E+02	-7.95E-01	-2.07E-01										
3.12E+02	-7.83E-01	-2.44E-01										
3.63E+02	-7.72E-01	-2.80E-01										
4.13E+02	-7.63E-01	-3.16E-01										
4.65E+02	-7.54E-01	-3.51E-01										
5.18E+02	-7.47E-01	-3.87E-01										
5.69E+02	-7.39E-01	-4.20E-01										
6.21E+02	-7.32E-01	-4.54E-01										
6.71E+02	-7.25E-01	-4.87E-01										
7.25E+02	-7.18E-01	-5.20E-01										
7.76E+02	-7.12E-01	-5.53E-01										
8.28E+02	-7.06E-01	-5.85E-01										
8.80E+02	-7.00E-01	-6.16E-01										
9.31E+02	-6.95E-01	-6.47E-01										
9.83E+02	-6.89E-01	-6.77E-01										
1.03E+03	-6.84E-01	-7.07E-01										
1.09E+03	-6.79E-01	-7.38E-01										
1.14E+03	-6.74E-01	-7.68E-01										
1.19E+03	-6.69E-01	-7.97E-01										
1.24E+03	-6.65E-01	-8.25E-01										
1.29E+03	-6.60E-01	-8.53E-01										
1.35E+03	-6.56E-01	-8.82E-01										
1.40E+03	-6.52E-01	-9.09E-01										
1.45E+03	-6.47E-01	-9.36E-01										
1.50E+03	-6.43E-01	-9.63E-01										
1.55E+03	-6.39E-01	-9.89E-01										
1.60E+03	-6.35E-01	-1.02E+00										
1.65E+03	-6.31E-01	-1.04E+00										
1.70E+03	-6.28E-01	-1.07E+00										
1.75E+03	-6.24E-01	-1.09E+00										
1.80E+03	-6.20E-01	-1.12E+00										
1.86E+03	-6.16E-01	-1.14E+00										
1.91E+03	-6.13E-01	-1.17E+00										
1.96E+03	-6.09E-01	-1.19E+00										
2.01E+03	-6.05E-01	-1.22E+00										
2.06E+03	-6.02E-01	-1.24E+00										
2.11E+03	-5.99E-01	-1.26E+00										
2.17E+03	-5.95E-01	-1.29E+00										
2.22E+03	-5.92E-01	-1.31E+00										
2.27E+03	-5.88E-01	-1.33E+00										
2.32E+03	-5.85E-01	-1.36E+00										
2.37E+03	-5.82E-01	-1.38E+00										
2.42E+03	-5.78E-01	-1.40E+00										
2.47E+03	-5.75E-01	-1.42E+00										
2.52E+03	-5.72E-01	-1.44E+00										
2.58E+03	-5.69E-01	-1.47E+00										
2.63E+03	-5.66E-01	-1.49E+00										
2.68E+03	-5.63E-01	-1.51E+00										
2.73E+03	-5.60E-01	-1.53E+00										
2.78E+03	-5.57E-01	-1.55E+00										
2.83E+03	-5.54E-01	-1.57E+00										
2.89E+03	-5.51E-01	-1.59E+00										
2.94E+03	-5.47E-01	-1.61E+00										
2.99E+03	-5.45E-01	-1.63E+00										
3.04E+03	-5.42E-01	-1.65E+00										
3.10E+03	-5.39E-01	-1.67E+00										
3.15E+03	-5.36E-01	-1.69E+00										
3.20E+03	-5.33E-01	-1.71E+00										
3.25E+03	-5.30E-01	-1.73E+00										
3.31E+03	-5.27E-01	-1.74E+00										
3.36E+03	-5.24E-01	-1.76E+00										
3.41E+03	-5.21E-01	-1.78E+00										
3.46E+03	-5.19E-01	-1.79E+00										
3.51E+03	-5.16E-01	-1.81E+00										
3.56E+03	-5.13E-01	-1.83E+00										
3.61E+03	-5.11E-01	-1.84E+00										
3.66E+03	-5.08E-01	-1.86E+00										
3.71E+03	-5.05E-01	-1.88E+00										
3.77E+03	-5.03E-01	-1.89E+00										
3.82E+03	-5.00E-01	-1.91E+00										
3.87E+03	-4.97E-01	-1.92E+00										
3.92E+03	-4.95E-01	-1.94E+00										
3.97E+03	-4.92E-01	-1.95E+00										
4.03E+03	-4.89E-01	-1.97E+00										
4.08E+03	-4.87E-01	-1.98E+00										
4.13E+03	-4.84E-01	-2.00E+00										
4.18E+03	-4.82E-01	-2.01E+00										
4.23E+03	-4.79E-01	-2.03E+00										
4.28E+03	-4.76E-01	-2.04E+00										
4.34E+03	-4.74E-01	-2.05E+00										
4.39E+03	-4.71E-01	-2.07E+00										
4.44E+03	-4.69E-01	-2.08E+00										
4.49E+03	-4.66E-01	-2.09E+00										
4.55E+03	-4.63E-01	-2.11E+00										
4.60E+03	-4.61E-01	-2.12E+00										
4.65E+03	-4.58E-01	-2.13E+00										
4.70E+03	-4.56E-01	-2.14E+00										
4.75E+03	-4.53E-01	-2.15E+00										
4.80E+03	-4.51E-01	-2.16E+00										
4.85E+03	-4.48E-01	-2.17E+00										
4.90E+03	-4.46E-01	-2.19E+00										
4.95E+03	-4.43E-01	-2.20E+00										
5.00E+03	-4.41E-01	-2.21E+00										
5.06E+03	-4.39E-01	-2.22E+00										
5.11E+03	-4.36E-01	-2.23E+00										
5.17E+03	-4.33E-01	-2.24E+00										
5.22E+03	-4.31E-01	-2.25E+00										
5.27E+03	-4.29E-01	-2.26E+00										
5.32E+03	-4.26E-01	-2.27E+00										
5.37E+03	-4.24E-01	-2.28E+00										
5.42E+03	-4.21E-01	-2.28E+00										
5.47E+03	-4.18E-01	-2.29E+00										
5.53E+03	-4.16E-01	-2.30E+00										
5.58E+03	-4.14E-01	-2.31E+00										
5.63E+03	-4.11E-01	-2.32E+00										
5.68E+03	-4.09E-01	-2.32E+00										
5.73E+03	-4.06E-01	-2.33E+00										
5.78E+03	-4.04E-01	-2.34E+00										
5.83E+03	-4.01E-01	-2.34E+00										
5.88E+03	-3.99E-01	-2.35E+00										
5.93E+03	-3.97E-01	-2.35E+00										
5.99E+03	-3.94E-01	-2.36E+00										
6.04E+03	-3.92E-01	-2.37E+00										
6.09E+03	-3.89E-01	-2.37E+00										
6.14E+03	-3.87E-01	-2.38E+00										
6.20E+03	-3.84E-01	-2.38E+00										
6.25E+03	-3.82E-01	-2.39E+00										
6.31E+03	-3.79E-01	-2.39E+00										
6.36E+03	-3.76E-01	-2.39E+00										
6.41E+03	-3.74E-01	-2.39E+00										
6.46E+03	-3.71E-01	-2.40E+00										
6.51E+03	-3.69E-01	-2.40E+00										
6.56E+03	-3.66E-01	-2.40E+00										
6.61E+03	-3.64E-01	-2.41E+00										
6.66E+03	-3.61E-01	-2.41E+00										
6.71E+03	-3.59E-01	-2.41E+00										
6.76E+03	-3.56E-01	-2.41E+00										
6.82E+03	-3.54E-01	-2.41E+00										
6.87E+03	-3.51E-01	-2.41E+00										
6.92E+03	-3.49E-01	-2.41E+00										
6.97E+03	-3.46E-01	-2.41E+00										
7.03E+03	-3.43E-01	-2.41E+00										
7.08E+03	-3.41E-01	-2.41E+00										
7.13E+03	-3.38E-01	-2.41E+00										
7.18E+03	-3.36E-01	-2.41E+00										
7.23E+03	-3.33E-01	-2.41E+00										
7.29E+03	-3.30E-01	-2.41E+00										
7.34E+03	-3.28E-01	-2.40E+00										
7.39E+03	-3.25E-01	-2.40E+00										
7.44E+03	-3.22E-01	-2.40E+00										
7.49E+03	-3.20E-01	-2.40E+00										
7.54E+03	-3.17E-01	-2.39E+00										
7.60E+03	-3.14E-01	-2.39E+00										
7.65E+03	-3.11E-01	-2.38E+00										
7.70E+03	-3.09E-01	-2.38E+00										
7.75E+03	-3.06E-01	-2.37E+00										
7.80E+03	-3.04E-01	-2.37E+00										
7.85E+03	-3.01E-01	-2.36E+00										
7.90E+03	-2.98E-01	-2.35E+00										
7.96E+03	-2.95E-01	-2.35E+00										
8.01E+03	-2.92E-01	-2.34E+00										
8.06E+03	-2.89E-01	-2.33E+00										
8.11E+03	-2.87E-01	-2.32E+00										
8.16E+03	-2.84E-01	-2.32E+00										
8.21E+03	-2.81E-01	-2.31E+00										
8.26E+03	-2.78E-01	-2.30E+00										
8.31E+03	-2.75E-01	-2.29E+00										
8.36E+03	-2.72E-01	-2.28E+00										
8.42E+03	-2.70E-01	-2.27E+00										
8.47E+03	-2.67E-01	-2.26E+00										
8.52E+03	-2.64E-01	-2.25E+00										
8.57E+03	-2.61E-01	-2.23E+00										
8.62E+03	-2.58E-01	-2.22E+00										
8.67E+03	-2.55E-01	-2.21E+00										
8.72E+03	-2.52E-01	-2.20E+00										
8.72E+03	-2.51E-01	-2.19E+00										
0.00E+00	-8.61E-01	0.00E+00										
0.00E+00	-9.44E-01	0.00E+00										
0.00E+00	-9.54E-01	0.00E+00										
0.00E+00	-9.58E-01	0.00E+00										
0.00E+00	-9.61E-01	0.00E+00										
0.00E+00	-9.65E-01	0.00E+00										
4.73E+01	-9.65E-01	-4.56E-02										
9.97E+01	-8.74E-01	-8.71E-02										
1.51E+02	-8.33E-01	-1.25E-01										
2.05E+02	-8.12E-01	-1.67E-01										
2.56E+02	-7.95E-01	-2.03E-01										
3.07E+02	-7.84E-01	-2.41E-01										
3.57E+02	-7.73E-01	-2.76E-01										
4.10E+02	-7.63E-01	-3.13E-01										
4.61E+02	-7.55E-01	-3.48E-01										
5.12E+02	-7.47E-01	-3.82E-01										
5.65E+02	-7.39E-01	-4.18E-01										
6.19E+02	-7.32E-01	-4.53E-01										
6.70E+02	-7.25E-01	-4.86E-01										
7.20E+02	-7.19E-01	-5.18E-01										
7.71E+02	-7.12E-01	-5.49E-01										
8.21E+02	-7.07E-01	-5.80E-01										
8.72E+02	-7.01E-01	-6.11E-01										
9.23E+02	-6.96E-01	-6.42E-01										
9.74E+02	-6.90E-01	-6.73E-01										
1.02E+03	-6.85E-01	-7.02E-01										
1.08E+03	-6.80E-01	-7.32E-01										
1.13E+03	-6.75E-01	-7.62E-01										
1.18E+03	-6.71E-01	-7.91E-01										
1.23E+03	-6.66E-01	-8.19E-01										
1.28E+03	-6.61E-01	-8.47E-01										
1.33E+03	-6.57E-01	-8.75E-01										
1.38E+03	-6.53E-01	-9.03E-01										
1.43E+03	-6.49E-01	-9.29E-01										
1.48E+03	-6.44E-01	-9.56E-01										
1.54E+03	-6.40E-01	-9.83E-01										
1.59E+03	-6.36E-01	-1.01E+00										
1.64E+03	-6.32E-01	-1.04E+00										
1.69E+03	-6.28E-01	-1.06E+00										
1.74E+03	-6.25E-01	-1.09E+00										
1.79E+03	-6.21E-01	-1.11E+00										
1.84E+03	-6.17E-01	-1.14E+00										
1.90E+03	-6.14E-01	-1.17E+00										
1.95E+03	-6.10E-01	-1.19E+00										
2.00E+03	-6.06E-01	-1.21E+00										
2.05E+03	-6.03E-01	-1.24E+00										
2.10E+03	-5.99E-01	-1.26E+00										
2.16E+03	-5.96E-01	-1.29E+00										
2.21E+03	-5.92E-01	-1.31E+00										
2.26E+03	-5.89E-01	-1.33E+00										
2.31E+03	-5.86E-01	-1.35E+00										
2.36E+03	-5.82E-01	-1.38E+00										
2.42E+03	-5.79E-01	-1.40E+00										
2.47E+03	-5.76E-01	-1.42E+00										
2.52E+03	-5.73E-01	-1.44E+00										
2.57E+03	-5.69E-01	-1.46E+00										
2.62E+03	-5.66E-01	-1.49E+00										
2.67E+03	-5.63E-01	-1.51E+00										
2.73E+03	-5.60E-01	-1.53E+00										
2.78E+03	-5.57E-01	-1.55E+00										
2.83E+03	-5.54E-01	-1.57E+00										
2.88E+03	-5.51E-01	-1.59E+00										
2.93E+03	-5.48E-01	-1.61E+00										
2.98E+03	-5.45E-01	-1.63E+00										
3.04E+03	-5.42E-01	-1.65E+00										
3.09E+03	-5.39E-01	-1.67E+00										
3.14E+03	-5.36E-01	-1.68E+00										
3.19E+03	-5.33E-01	-1.70E+00										
3.24E+03	-5.31E-01	-1.72E+00										
3.29E+03	-5.28E-01	-1.74E+00										
3.35E+03	-5.25E-01	-1.76E+00										
3.40E+03	-5.22E-01	-1.77E+00										
3.45E+03	-5.19E-01	-1.79E+00										
3.50E+03	-5.17E-01	-1.81E+00										
3.55E+03	-5.14E-01	-1.83E+00										
3.61E+03	-5.11E-01	-1.84E+00										
3.66E+03	-5.09E-01	-1.86E+00										
3.71E+03	-5.06E-01	-1.88E+00										
3.76E+03	-5.03E-01	-1.89E+00										
3.81E+03	-5.01E-01	-1.91E+00										
3.87E+03	-4.98E-01	-1.92E+00										
3.92E+03	-4.95E-01	-1.94E+00										
3.97E+03	-4.93E-01	-1.96E+00										
4.02E+03	-4.90E-01	-1.97E+00										
4.07E+03	-4.87E-01	-1.98E+00										
4.12E+03	-4.85E-01	-2.00E+00										
4.18E+03	-4.82E-01	-2.01E+00										
4.23E+03	-4.79E-01	-2.03E+00										
4.28E+03	-4.77E-01	-2.04E+00										
4.33E+03	-4.74E-01	-2.06E+00										
4.39E+03	-4.72E-01	-2.07E+00										
4.44E+03	-4.69E-01	-2.08E+00										
4.49E+03	-4.67E-01	-2.09E+00										
4.54E+03	-4.64E-01	-2.11E+00										
4.59E+03	-4.62E-01	-2.12E+00										
4.64E+03	-4.59E-01	-2.13E+00										
4.69E+03	-4.57E-01	-2.14E+00										
4.74E+03	-4.54E-01	-2.15E+00										
4.79E+03	-4.52E-01	-2.17E+00										
4.85E+03	-4.49E-01	-2.18E+00										
4.90E+03	-4.47E-01	-2.19E+00										
4.95E+03	-4.44E-01	-2.20E+00										
5.00E+03	-4.42E-01	-2.21E+00										
5.05E+03	-4.39E-01	-2.22E+00										
5.10E+03	-4.37E-01	-2.23E+00										
5.15E+03	-4.34E-01	-2.24E+00										
5.21E+03	-4.32E-01	-2.25E+00										
5.26E+03	-4.30E-01	-2.26E+00										
5.31E+03	-4.27E-01	-2.27E+00										
5.36E+03	-4.24E-01	-2.28E+00										
5.41E+03	-4.22E-01	-2.29E+00										
5.47E+03	-4.20E-01	-2.29E+00										
5.52E+03	-4.17E-01	-2.30E+00										
5.57E+03	-4.15E-01	-2.31E+00										
5.62E+03	-4.12E-01	-2.32E+00										
5.67E+03	-4.10E-01	-2.33E+00										
5.72E+03	-4.08E-01	-2.33E+00										
5.77E+03	-4.05E-01	-2.34E+00										
5.82E+03	-4.03E-01	-2.35E+00										
5.87E+03	-4.00E-01	-2.35E+00										
5.92E+03	-3.98E-01	-2.36E+00										
5.98E+03	-3.95E-01	-2.36E+00										
6.03E+03	-3.93E-01	-2.37E+00										
6.08E+03	-3.90E-01	-2.37E+00										
6.13E+03	-3.88E-01	-2.38E+00										
6.18E+03	-3.85E-01	-2.38E+00										
6.23E+03	-3.83E-01	-2.39E+00										
6.28E+03	-3.80E-01	-2.39E+00										
6.34E+03	-3.78E-01	-2.39E+00										
6.39E+03	-3.76E-01	-2.40E+00										
6.44E+03	-3.73E-01	-2.40E+00										
6.49E+03	-3.70E-01	-2.40E+00										
6.55E+03	-3.68E-01	-2.41E+00										
6.60E+03	-3.65E-01	-2.41E+00										
6.65E+03	-3.63E-01	-2.41E+00										
6.70E+03	-3.60E-01	-2.41E+00										
6.75E+03	-3.58E-01	-2.41E+00										
6.80E+03	-3.55E-01	-2.41E+00										
6.85E+03	-3.53E-01	-2.42E+00										
6.90E+03	-3.50E-01	-2.42E+00										
6.96E+03	-3.47E-01	-2.42E+00										
7.01E+03	-3.45E-01	-2.42E+00										
7.06E+03	-3.42E-01	-2.41E+00										
7.11E+03	-3.40E-01	-2.41E+00										
7.16E+03	-3.37E-01	-2.41E+00										
7.21E+03	-3.34E-01	-2.41E+00										
7.26E+03	-3.32E-01	-2.41E+00										
7.31E+03	-3.29E-01	-2.41E+00										
7.37E+03	-3.26E-01	-2.41E+00										
7.42E+03	-3.24E-01	-2.40E+00										
7.47E+03	-3.21E-01	-2.40E+00										
7.52E+03	-3.19E-01	-2.40E+00										
7.58E+03	-3.16E-01	-2.39E+00										
7.63E+03	-3.13E-01	-2.39E+00										
7.68E+03	-3.10E-01	-2.38E+00										
7.73E+03	-3.07E-01	-2.38E+00										
7.78E+03	-3.05E-01	-2.37E+00										
7.83E+03	-3.02E-01	-2.37E+00										
7.89E+03	-2.99E-01	-2.36E+00										
7.94E+03	-2.96E-01	-2.35E+00										
7.99E+03	-2.94E-01	-2.35E+00										
8.04E+03	-2.91E-01	-2.34E+00										
8.09E+03	-2.88E-01	-2.33E+00										
8.14E+03	-2.85E-01	-2.32E+00										
8.20E+03	-2.82E-01	-2.31E+00										
8.25E+03	-2.79E-01	-2.31E+00										
8.30E+03	-2.77E-01	-2.30E+00										
8.35E+03	-2.74E-01	-2.28E+00										
8.40E+03	-2.71E-01	-2.27E+00										
8.46E+03	-2.68E-01	-2.26E+00										
8.51E+03	-2.65E-01	-2.25E+00										
8.56E+03	-2.62E-01	-2.24E+00										
8.62E+03	-2.59E-01	-2.23E+00										
8.67E+03	-2.56E-01	-2.21E+00										
8.72E+03	-2.53E-01	-2.20E+00										
8.73E+03	-2.51E-01	-2.20E+00										
0.00E+00	-8.61E-01	0.00E+00										
0.00E+00	-9.44E-01	0.00E+00										
0.00E+00	-9.54E-01	0.00E+00										
0.00E+00	-9.58E-01	0.00E+00										
0.00E+00	-9.61E-01	0.00E+00										
0.00E+00	-9.64E-01	0.00E+00										
4.68E+01	-9.65E-01	-4.51E-02										
9.97E+01	-8.79E-01	-8.76E-02										
1.51E+02	-8.34E-01	-1.26E-01										
2.02E+02	-8.11E-01	-1.64E-01										
2.54E+02	-7.96E-01	-2.02E-01										
3.09E+02	-7.83E-01	-2.42E-01										
3.59E+02	-7.73E-01	-2.77E-01										
4.10E+02	-7.64E-01	-3.13E-01										
4.65E+02	-7.55E-01	-3.51E-01										
5.16E+02	-7.46E-01	-3.85E-01										
5.67E+02	-7.39E-01	-4.19E-01										
6.19E+02	-7.31E-01	-4.52E-01										
6.70E+02	-7.25E-01	-4.85E-01										
7.21E+02	-7.18E-01	-5.18E-01										
7.72E+02	-7.12E-01	-5.50E-01										
8.23E+02	-7.07E-01	-5.81E-01										
8.73E+02	-7.01E-01	-6.12E-01										
9.24E+02	-6.95E-01	-6.42E-01										
9.79E+02	-6.90E-01	-6.76E-01										
1.03E+03	-6.85E-01	-7.05E-01										
1.08E+03	-6.80E-01	-7.36E-01										
1.13E+03	-6.75E-01	-7.65E-01										
1.18E+03	-6.69E-01	-7.93E-01										
1.24E+03	-6.65E-01	-8.22E-01										
1.29E+03	-6.61E-01	-8.50E-01										
1.34E+03	-6.56E-01	-8.77E-01										
1.39E+03	-6.52E-01	-9.05E-01										
1.44E+03	-6.48E-01	-9.34E-01										
1.49E+03	-6.43E-01	-9.60E-01										
1.55E+03	-6.39E-01	-9.88E-01										
1.60E+03	-6.35E-01	-1.02E+00										
1.65E+03	-6.32E-01	-1.04E+00										
1.70E+03	-6.28E-01	-1.07E+00										
1.75E+03	-6.24E-01	-1.09E+00										
1.80E+03	-6.20E-01	-1.12E+00										
1.85E+03	-6.17E-01	-1.14E+00										
1.91E+03	-6.13E-01	-1.17E+00										
1.96E+03	-6.09E-01	-1.19E+00										
2.01E+03	-6.06E-01	-1.22E+00										
2.06E+03	-6.02E-01	-1.24E+00										
2.11E+03	-5.99E-01	-1.26E+00										
2.16E+03	-5.95E-01	-1.29E+00										
2.21E+03	-5.92E-01	-1.31E+00										
2.26E+03	-5.88E-01	-1.33E+00										
2.32E+03	-5.85E-01	-1.36E+00										
2.37E+03	-5.82E-01	-1.38E+00										
2.42E+03	-5.79E-01	-1.40E+00										
2.47E+03	-5.75E-01	-1.42E+00										
2.52E+03	-5.72E-01	-1.44E+00										
2.58E+03	-5.69E-01	-1.47E+00										
2.63E+03	-5.66E-01	-1.49E+00										
2.68E+03	-5.63E-01	-1.51E+00										
2.73E+03	-5.60E-01	-1.53E+00										
2.78E+03	-5.57E-01	-1.55E+00										
2.83E+03	-5.54E-01	-1.57E+00										
2.88E+03	-5.51E-01	-1.59E+00										
2.93E+03	-5.48E-01	-1.61E+00										
2.99E+03	-5.45E-01	-1.63E+00										
3.04E+03	-5.42E-01	-1.65E+00										
3.09E+03	-5.39E-01	-1.67E+00										
3.15E+03	-5.36E-01	-1.69E+00										
3.20E+03	-5.33E-01	-1.70E+00										
3.25E+03	-5.30E-01	-1.72E+00										
3.30E+03	-5.28E-01	-1.74E+00										
3.35E+03	-5.25E-01	-1.76E+00										
3.40E+03	-5.22E-01	-1.78E+00										
3.45E+03	-5.19E-01	-1.79E+00										
3.50E+03	-5.16E-01	-1.81E+00										
3.56E+03	-5.14E-01	-1.83E+00										
3.61E+03	-5.11E-01	-1.84E+00										
3.66E+03	-5.08E-01	-1.86E+00										
3.71E+03	-5.06E-01	-1.88E+00										
3.76E+03	-5.03E-01	-1.89E+00										
3.82E+03	-5.00E-01	-1.91E+00										
3.87E+03	-4.97E-01	-1.92E+00										
3.92E+03	-4.94E-01	-1.94E+00										
3.97E+03	-4.92E-01	-1.96E+00										
4.03E+03	-4.89E-01	-1.97E+00										
4.08E+03	-4.87E-01	-1.98E+00										
4.13E+03	-4.84E-01	-2.00E+00										
4.18E+03	-4.82E-01	-2.01E+00										
4.23E+03	-4.79E-01	-2.03E+00										
4.28E+03	-4.77E-01	-2.04E+00										
4.33E+03	-4.74E-01	-2.05E+00										
4.38E+03	-4.72E-01	-2.07E+00										
4.44E+03	-4.69E-01	-2.08E+00										
4.49E+03	-4.67E-01	-2.09E+00										
4.54E+03	-4.64E-01	-2.11E+00										
4.59E+03	-4.61E-01	-2.12E+00										
4.65E+03	-4.59E-01	-2.13E+00										
4.70E+03	-4.56E-01	-2.14E+00										
4.75E+03	-4.54E-01	-2.15E+00										
4.80E+03	-4.51E-01	-2.16E+00										
4.85E+03	-4.49E-01	-2.18E+00										
4.90E+03	-4.47E-01	-2.19E+00										
4.95E+03	-4.44E-01	-2.20E+00										
5.00E+03	-4.42E-01	-2.21E+00										
5.05E+03	-4.39E-01	-2.22E+00										
5.11E+03	-4.37E-01	-2.23E+00										
5.16E+03	-4.34E-01	-2.24E+00										
5.21E+03	-4.32E-01	-2.25E+00										
5.26E+03	-4.29E-01	-2.26E+00										
5.31E+03	-4.27E-01	-2.27E+00										
5.36E+03	-4.24E-01	-2.28E+00										
5.41E+03	-4.22E-01	-2.28E+00										
5.47E+03	-4.20E-01	-2.29E+00										
5.52E+03	-4.17E-01	-2.30E+00										
5.57E+03	-4.14E-01	-2.31E+00										
5.62E+03	-4.12E-01	-2.32E+00										
5.68E+03	-4.09E-01	-2.33E+00										
5.73E+03	-4.07E-01	-2.33E+00										
5.78E+03	-4.05E-01	-2.34E+00										
5.83E+03	-4.02E-01	-2.35E+00										
5.88E+03	-4.00E-01	-2.35E+00										
5.93E+03	-3.97E-01	-2.36E+00										
5.99E+03	-3.95E-01	-2.36E+00										
6.04E+03	-3.92E-01	-2.37E+00										
6.10E+03	-3.89E-01	-2.37E+00										
6.15E+03	-3.87E-01	-2.38E+00										
6.20E+03	-3.85E-01	-2.38E+00										
6.25E+03	-3.82E-01	-2.39E+00										
6.30E+03	-3.80E-01	-2.39E+00										
6.35E+03	-3.77E-01	-2.39E+00										
6.40E+03	-3.75E-01	-2.40E+00										
6.45E+03	-3.72E-01	-2.40E+00										
6.51E+03	-3.70E-01	-2.40E+00										
6.56E+03	-3.67E-01	-2.41E+00										
6.61E+03	-3.65E-01	-2.41E+00										
6.66E+03	-3.62E-01	-2.41E+00										
6.72E+03	-3.59E-01	-2.41E+00										
6.77E+03	-3.57E-01	-2.42E+00										
6.82E+03	-3.54E-01	-2.42E+00										
6.87E+03	-3.52E-01	-2.42E+00										
6.92E+03	-3.49E-01	-2.42E+00										
6.97E+03	-3.47E-01	-2.42E+00										
7.03E+03	-3.44E-01	-2.42E+00										
7.08E+03	-3.41E-01	-2.42E+00										
7.13E+03	-3.39E-01	-2.42E+00										
7.19E+03	-3.36E-01	-2.42E+00										
7.24E+03	-3.33E-01	-2.41E+00										
7.29E+03	-3.31E-01	-2.41E+00										
7.34E+03	-3.28E-01	-2.41E+00										
7.39E+03	-3.26E-01	-2.41E+00										
7.44E+03	-3.23E-01	-2.40E+00										
7.49E+03	-3.20E-01	-2.40E+00										
7.54E+03	-3.18E-01	-2.40E+00										
7.60E+03	-3.15E-01	-2.39E+00										
7.65E+03	-3.12E-01	-2.39E+00										
7.70E+03	-3.10E-01	-2.39E+00										
7.75E+03	-3.07E-01	-2.38E+00										
7.80E+03	-3.04E-01	-2.37E+00										
7.85E+03	-3.01E-01	-2.37E+00										
7.91E+03	-2.99E-01	-2.36E+00										
7.96E+03	-2.96E-01	-2.35E+00										
8.01E+03	-2.94E-01	-2.35E+00										
8.06E+03	-2.90E-01	-2.34E+00										
8.11E+03	-2.88E-01	-2.33E+00										
8.16E+03	-2.85E-01	-2.32E+00										
8.21E+03	-2.82E-01	-2.32E+00										
8.27E+03	-2.79E-01	-2.31E+00										
8.32E+03	-2.76E-01	-2.30E+00										
8.37E+03	-2.73E-01	-2.29E+00										
8.42E+03	-2.70E-01	-2.28E+00										
8.47E+03	-2.67E-01	-2.26E+00										
8.52E+03	-2.64E-01	-2.25E+00										
8.58E+03	-2.61E-01	-2.24E+00										
8.63E+03	-2.58E-01	-2.23E+00										
8.68E+03	-2.55E-01	-2.22E+00										
8.73E+03	-2.52E-01	-2.20E+00										
8.74E+03	-2.51E-01	-2.20E+00										
0.00E+00	-8.61E-01	0.00E+00										
0.00E+00	-9.44E-01	0.00E+00										
0.00E+00	-9.54E-01	0.00E+00										
0.00E+00	-9.58E-01	0.00E+00										
0.00E+00	-9.61E-01	0.00E+00										
0.00E+00	-9.65E-01	0.00E+00										
4.53E+01	-9.65E-01	-4.37E-02										
9.57E+01	-8.76E-01	-8.38E-02										
1.46E+02	-8.35E-01	-1.22E-01										
1.98E+02	-8.12E-01	-1.60E-01										
2.50E+02	-7.97E-01	-2.00E-01										
3.01E+02	-7.84E-01	-2.36E-01										
3.52E+02	-7.74E-01	-2.73E-01										
4.06E+02	-7.64E-01	-3.10E-01										
4.59E+02	-7.55E-01	-3.47E-01										
5.12E+02	-7.47E-01	-3.83E-01										
5.63E+02	-7.39E-01	-4.16E-01										
6.15E+02	-7.32E-01	-4.50E-01										
6.66E+02	-7.25E-01	-4.83E-01										
7.17E+02	-7.18E-01	-5.15E-01										
7.68E+02	-7.13E-01	-5.47E-01										
8.21E+02	-7.07E-01	-5.80E-01										
8.74E+02	-7.01E-01	-6.13E-01										
9.26E+02	-6.95E-01	-6.43E-01										
9.77E+02	-6.90E-01	-6.74E-01										
1.03E+03	-6.84E-01	-7.03E-01										
1.08E+03	-6.79E-01	-7.32E-01										
1.13E+03	-6.75E-01	-7.61E-01										
1.18E+03	-6.70E-01	-7.90E-01										
1.23E+03	-6.65E-01	-8.19E-01										
1.28E+03	-6.61E-01	-8.46E-01										
1.33E+03	-6.56E-01	-8.75E-01										
1.39E+03	-6.52E-01	-9.03E-01										
1.44E+03	-6.48E-01	-9.31E-01										
1.49E+03	-6.43E-01	-9.58E-01										
1.54E+03	-6.40E-01	-9.85E-01										
1.59E+03	-6.35E-01	-1.01E+00										
1.64E+03	-6.31E-01	-1.04E+00										
1.69E+03	-6.27E-01	-1.06E+00										
1.74E+03	-6.24E-01	-1.09E+00										
1.80E+03	-6.20E-01	-1.11E+00										
1.85E+03	-6.16E-01	-1.14E+00										
1.91E+03	-6.12E-01	-1.17E+00										
1.96E+03	-6.09E-01	-1.19E+00										
2.01E+03	-6.05E-01	-1.21E+00										
2.06E+03	-6.01E-01	-1.24E+00										
2.11E+03	-5.98E-01	-1.26E+00										
2.16E+03	-5.94E-01	-1.28E+00										
2.21E+03	-5.91E-01	-1.31E+00										
2.27E+03	-5.88E-01	-1.33E+00										
2.32E+03	-5.85E-01	-1.35E+00										
2.37E+03	-5.81E-01	-1.38E+00										
2.42E+03	-5.78E-01	-1.40E+00										
2.47E+03	-5.75E-01	-1.42E+00										
2.52E+03	-5.71E-01	-1.44E+00										
2.58E+03	-5.68E-01	-1.46E+00										
2.63E+03	-5.65E-01	-1.48E+00										
2.68E+03	-5.62E-01	-1.51E+00										
2.73E+03	-5.59E-01	-1.53E+00										
2.78E+03	-5.56E-01	-1.55E+00										
2.83E+03	-5.53E-01	-1.57E+00										
2.89E+03	-5.49E-01	-1.59E+00										
2.94E+03	-5.46E-01	-1.61E+00										
2.99E+03	-5.43E-01	-1.63E+00										
3.04E+03	-5.40E-01	-1.64E+00										
3.09E+03	-5.38E-01	-1.66E+00										
3.14E+03	-5.35E-01	-1.68E+00										
3.20E+03	-5.32E-01	-1.70E+00										
3.25E+03	-5.29E-01	-1.72E+00										
3.30E+03	-5.26E-01	-1.74E+00										
3.35E+03	-5.23E-01	-1.75E+00										
3.40E+03	-5.21E-01	-1.77E+00										
3.45E+03	-5.18E-01	-1.79E+00										
3.51E+03	-5.15E-01	-1.81E+00										
3.56E+03	-5.12E-01	-1.82E+00										
3.61E+03	-5.09E-01	-1.84E+00										
3.66E+03	-5.07E-01	-1.86E+00										
3.72E+03	-5.04E-01	-1.87E+00										
3.77E+03	-5.01E-01	-1.89E+00										
3.82E+03	-4.98E-01	-1.90E+00										
3.87E+03	-4.96E-01	-1.92E+00										
3.92E+03	-4.93E-01	-1.93E+00										
3.98E+03	-4.90E-01	-1.95E+00										
4.03E+03	-4.88E-01	-1.97E+00										
4.09E+03	-4.85E-01	-1.98E+00										
4.14E+03	-4.82E-01	-1.99E+00										
4.19E+03	-4.80E-01	-2.01E+00										
4.24E+03	-4.77E-01	-2.02E+00										
4.29E+03	-4.74E-01	-2.04E+00										
4.34E+03	-4.72E-01	-2.05E+00										
4.40E+03	-4.69E-01	-2.06E+00										
4.45E+03	-4.67E-01	-2.08E+00										
4.50E+03	-4.64E-01	-2.09E+00										
4.55E+03	-4.61E-01	-2.10E+00										
4.60E+03	-4.59E-01	-2.11E+00										
4.65E+03	-4.57E-01	-2.12E+00										
4.71E+03	-4.54E-01	-2.14E+00										
4.76E+03	-4.51E-01	-2.15E+00										
4.81E+03	-4.49E-01	-2.16E+00										
4.86E+03	-4.46E-01	-2.17E+00										
4.91E+03	-4.44E-01	-2.18E+00										
4.97E+03	-4.41E-01	-2.19E+00										
5.02E+03	-4.39E-01	-2.20E+00										
5.07E+03	-4.36E-01	-2.21E+00										
5.12E+03	-4.34E-01	-2.22E+00										
5.17E+03	-4.32E-01	-2.23E+00										
5.22E+03	-4.29E-01	-2.24E+00										
5.27E+03	-4.27E-01	-2.25E+00										
5.33E+03	-4.24E-01	-2.26E+00										
5.38E+03	-4.22E-01	-2.27E+00										
5.43E+03	-4.19E-01	-2.28E+00										
5.48E+03	-4.16E-01	-2.28E+00										
5.53E+03	-4.14E-01	-2.29E+00										
5.58E+03	-4.12E-01	-2.30E+00										
5.64E+03	-4.09E-01	-2.31E+00										
5.69E+03	-4.07E-01	-2.31E+00										
5.74E+03	-4.04E-01	-2.32E+00										
5.79E+03	-4.02E-01	-2.33E+00										
5.84E+03	-3.99E-01	-2.33E+00										
5.89E+03	-3.97E-01	-2.34E+00										
5.95E+03	-3.94E-01	-2.34E+00										
6.00E+03	-3.92E-01	-2.35E+00										
6.05E+03	-3.89E-01	-2.36E+00										
6.10E+03	-3.87E-01	-2.36E+00										
6.15E+03	-3.84E-01	-2.36E+00										
6.20E+03	-3.82E-01	-2.37E+00										
6.25E+03	-3.79E-01	-2.37E+00										
6.30E+03	-3.77E-01	-2.38E+00										
6.35E+03	-3.75E-01	-2.38E+00										
6.40E+03	-3.72E-01	-2.38E+00										
6.46E+03	-3.70E-01	-2.39E+00										
6.51E+03	-3.67E-01	-2.39E+00										
6.56E+03	-3.65E-01	-2.39E+00										
6.61E+03	-3.62E-01	-2.39E+00										
6.66E+03	-3.59E-01	-2.40E+00										
6.72E+03	-3.57E-01	-2.40E+00										
6.77E+03	-3.54E-01	-2.40E+00										
6.82E+03	-3.52E-01	-2.40E+00										
6.87E+03	-3.49E-01	-2.40E+00										
6.92E+03	-3.47E-01	-2.40E+00										
6.97E+03	-3.44E-01	-2.40E+00										
7.02E+03	-3.42E-01	-2.40E+00										
7.08E+03	-3.39E-01	-2.40E+00										
7.13E+03	-3.36E-01	-2.40E+00										
7.18E+03	-3.34E-01	-2.40E+00										
7.24E+03	-3.31E-01	-2.39E+00										
7.29E+03	-3.28E-01	-2.39E+00										
7.34E+03	-3.26E-01	-2.39E+00										
7.39E+03	-3.23E-01	-2.38E+00										
7.44E+03	-3.21E-01	-2.38E+00										
7.49E+03	-3.18E-01	-2.38E+00										
7.54E+03	-3.15E-01	-2.38E+00										
7.59E+03	-3.12E-01	-2.37E+00										
7.64E+03	-3.10E-01	-2.37E+00										
7.70E+03	-3.07E-01	-2.36E+00										
7.75E+03	-3.04E-01	-2.36E+00										
7.80E+03	-3.02E-01	-2.35E+00										
7.85E+03	-2.99E-01	-2.35E+00										
7.90E+03	-2.96E-01	-2.34E+00										
7.95E+03	-2.93E-01	-2.33E+00										
8.00E+03	-2.90E-01	-2.32E+00										
8.05E+03	-2.88E-01	-2.32E+00										
8.11E+03	-2.85E-01	-2.31E+00										
8.16E+03	-2.82E-01	-2.30E+00										
8.21E+03	-2.79E-01	-2.29E+00										
8.26E+03	-2.76E-01	-2.28E+00										
8.31E+03	-2.73E-01	-2.27E+00										
8.36E+03	-2.70E-01	-2.26E+00										
8.42E+03	-2.68E-01	-2.25E+00										
8.47E+03	-2.64E-01	-2.24E+00										
8.52E+03	-2.61E-01	-2.23E+00										
8.57E+03	-2.59E-01	-2.22E+00										
8.62E+03	-2.56E-01	-2.20E+00										
8.67E+03	-2.53E-01	-2.19E+00										
8.69E+03	-2.51E-01	-2.18E+00										
0.00E+00	-8.61E-01	0.00E+00										
0.00E+00	-9.44E-01	0.00E+00										
0.00E+00	-9.54E-01	0.00E+00										
0.00E+00	-9.58E-01	0.00E+00										
0.00E+00	-9.61E-01	0.00E+00										
0.00E+00	-9.65E-01	0.00E+00										
5.19E+01	-9.65E-01	-5.00E-02										
1.02E+02	-8.71E-01	-8.91E-02										
1.53E+02	-8.31E-01	-1.27E-01										
2.06E+02	-8.10E-01	-1.67E-01										
2.57E+02	-7.96E-01	-2.04E-01										
3.07E+02	-7.83E-01	-2.40E-01										
3.61E+02	-7.72E-01	-2.79E-01										
4.15E+02	-7.62E-01	-3.17E-01										
4.66E+02	-7.54E-01	-3.51E-01										
5.17E+02	-7.46E-01	-3.85E-01										
5.67E+02	-7.39E-01	-4.19E-01										
6.19E+02	-7.32E-01	-4.53E-01										
6.69E+02	-7.24E-01	-4.85E-01										
7.22E+02	-7.18E-01	-5.19E-01										
7.72E+02	-7.12E-01	-5.50E-01										
8.23E+02	-7.05E-01	-5.80E-01										
8.74E+02	-7.00E-01	-6.12E-01										
9.25E+02	-6.95E-01	-6.43E-01										
9.77E+02	-6.89E-01	-6.73E-01										
1.03E+03	-6.84E-01	-7.03E-01										
1.08E+03	-6.79E-01	-7.33E-01										
1.13E+03	-6.74E-01	-7.62E-01										
1.18E+03	-6.69E-01	-7.91E-01										
1.23E+03	-6.65E-01	-8.19E-01										
1.28E+03	-6.60E-01	-8.47E-01										
1.33E+03	-6.56E-01	-8.74E-01										
1.38E+03	-6.52E-01	-9.02E-01										
1.44E+03	-6.47E-01	-9.30E-01										
1.49E+03	-6.43E-01	-9.58E-01										
1.54E+03	-6.39E-01	-9.83E-01										
1.59E+03	-6.35E-01	-1.01E+00										
1.64E+03	-6.31E-01	-1.04E+00										
1.69E+03	-6.27E-01	-1.06E+00										
1.75E+03	-6.23E-01	-1.09E+00										
1.80E+03	-6.19E-01	-1.11E+00										
1.85E+03	-6.16E-01	-1.14E+00										
1.90E+03	-6.12E-01	-1.16E+00										
1.95E+03	-6.09E-01	-1.19E+00										
2.01E+03	-6.05E-01	-1.21E+00										
2.06E+03	-6.01E-01	-1.24E+00										
2.11E+03	-5.98E-01	-1.26E+00										
2.16E+03	-5.94E-01	-1.28E+00										
2.21E+03	-5.91E-01	-1.31E+00										
2.26E+03	-5.87E-01	-1.33E+00										
2.31E+03	-5.84E-01	-1.35E+00										
2.36E+03	-5.81E-01	-1.37E+00										
2.41E+03	-5.78E-01	-1.39E+00										
2.47E+03	-5.75E-01	-1.42E+00										
2.52E+03	-5.71E-01	-1.44E+00										
2.57E+03	-5.68E-01	-1.46E+00										
2.62E+03	-5.65E-01	-1.48E+00										
2.67E+03	-5.62E-01	-1.50E+00										
2.72E+03	-5.59E-01	-1.52E+00										
2.78E+03	-5.56E-01	-1.54E+00										
2.83E+03	-5.53E-01	-1.56E+00										
2.88E+03	-5.50E-01	-1.58E+00										
2.93E+03	-5.47E-01	-1.60E+00										
2.98E+03	-5.44E-01	-1.62E+00										
3.03E+03	-5.41E-01	-1.64E+00										
3.09E+03	-5.38E-01	-1.66E+00										
3.14E+03	-5.35E-01	-1.68E+00										
3.19E+03	-5.32E-01	-1.70E+00										
3.24E+03	-5.29E-01	-1.72E+00										
3.30E+03	-5.26E-01	-1.74E+00										
3.35E+03	-5.23E-01	-1.75E+00										
3.40E+03	-5.21E-01	-1.77E+00										
3.45E+03	-5.18E-01	-1.79E+00										
3.50E+03	-5.15E-01	-1.80E+00										
3.56E+03	-5.12E-01	-1.82E+00										
3.61E+03	-5.09E-01	-1.84E+00										
3.66E+03	-5.06E-01	-1.85E+00										
3.71E+03	-5.04E-01	-1.87E+00										
3.77E+03	-5.01E-01	-1.89E+00										
3.82E+03	-4.98E-01	-1.90E+00										
3.87E+03	-4.95E-01	-1.92E+00										
3.92E+03	-4.93E-01	-1.93E+00										
3.97E+03	-4.90E-01	-1.95E+00										
4.02E+03	-4.88E-01	-1.96E+00										
4.07E+03	-4.85E-01	-1.98E+00										
4.13E+03	-4.83E-01	-1.99E+00										
4.18E+03	-4.80E-01	-2.00E+00										
4.23E+03	-4.77E-01	-2.02E+00										
4.28E+03	-4.75E-01	-2.03E+00										
4.33E+03	-4.72E-01	-2.05E+00										
4.39E+03	-4.69E-01	-2.06E+00										
4.44E+03	-4.67E-01	-2.07E+00										
4.49E+03	-4.64E-01	-2.09E+00										
4.55E+03	-4.62E-01	-2.10E+00										
4.60E+03	-4.59E-01	-2.11E+00										
4.65E+03	-4.56E-01	-2.12E+00										
4.70E+03	-4.54E-01	-2.13E+00										
4.76E+03	-4.51E-01	-2.15E+00										
4.81E+03	-4.49E-01	-2.16E+00										
4.86E+03	-4.46E-01	-2.17E+00										
4.91E+03	-4.44E-01	-2.18E+00										
4.96E+03	-4.41E-01	-2.19E+00										
5.01E+03	-4.39E-01	-2.20E+00										
5.06E+03	-4.37E-01	-2.21E+00										
5.12E+03	-4.34E-01	-2.22E+00										
5.17E+03	-4.31E-01	-2.23E+00										
5.22E+03	-4.29E-01	-2.24E+00										
5.27E+03	-4.26E-01	-2.25E+00										
5.32E+03	-4.24E-01	-2.26E+00										
5.38E+03	-4.21E-01	-2.27E+00										
5.43E+03	-4.19E-01	-2.27E+00										
5.48E+03	-4.16E-01	-2.28E+00										
5.53E+03	-4.14E-01	-2.29E+00										
5.58E+03	-4.12E-01	-2.30E+00										
5.63E+03	-4.09E-01	-2.31E+00										
5.69E+03	-4.07E-01	-2.31E+00										
5.74E+03	-4.04E-01	-2.32E+00										
5.79E+03	-4.02E-01	-2.33E+00										
5.84E+03	-3.99E-01	-2.33E+00										
5.90E+03	-3.97E-01	-2.34E+00										
5.95E+03	-3.94E-01	-2.34E+00										
6.00E+03	-3.91E-01	-2.35E+00										
6.05E+03	-3.89E-01	-2.35E+00										
6.10E+03	-3.86E-01	-2.36E+00										
6.16E+03	-3.84E-01	-2.36E+00										
6.21E+03	-3.81E-01	-2.37E+00										
6.26E+03	-3.79E-01	-2.37E+00										
6.31E+03	-3.77E-01	-2.38E+00										
6.36E+03	-3.74E-01	-2.38E+00										
6.41E+03	-3.71E-01	-2.38E+00										
6.46E+03	-3.69E-01	-2.38E+00										
6.51E+03	-3.66E-01	-2.39E+00										
6.56E+03	-3.64E-01	-2.39E+00										
6.62E+03	-3.61E-01	-2.39E+00										
6.67E+03	-3.59E-01	-2.39E+00										
6.72E+03	-3.56E-01	-2.39E+00										
6.77E+03	-3.54E-01	-2.39E+00										
6.82E+03	-3.51E-01	-2.39E+00										
6.87E+03	-3.49E-01	-2.40E+00										
6.92E+03	-3.46E-01	-2.40E+00										
6.97E+03	-3.43E-01	-2.39E+00										
7.03E+03	-3.41E-01	-2.40E+00										
7.08E+03	-3.38E-01	-2.39E+00										
7.13E+03	-3.36E-01	-2.40E+00										
7.18E+03	-3.33E-01	-2.39E+00										
7.23E+03	-3.31E-01	-2.39E+00										
7.29E+03	-3.28E-01	-2.39E+00										
7.34E+03	-3.25E-01	-2.39E+00										
7.39E+03	-3.22E-01	-2.38E+00										
7.44E+03	-3.20E-01	-2.38E+00										
7.49E+03	-3.17E-01	-2.37E+00										
7.54E+03	-3.15E-01	-2.37E+00										
7.59E+03	-3.12E-01	-2.37E+00										
7.64E+03	-3.09E-01	-2.36E+00										
7.69E+03	-3.06E-01	-2.35E+00										
7.75E+03	-3.03E-01	-2.35E+00										
7.80E+03	-3.01E-01	-2.35E+00										
7.85E+03	-2.98E-01	-2.34E+00										
7.90E+03	-2.95E-01	-2.33E+00										
7.95E+03	-2.92E-01	-2.32E+00										
8.00E+03	-2.90E-01	-2.32E+00										
8.06E+03	-2.87E-01	-2.31E+00										
8.11E+03	-2.84E-01	-2.30E+00										
8.16E+03	-2.81E-01	-2.29E+00										
8.21E+03	-2.78E-01	-2.28E+00										
8.26E+03	-2.75E-01	-2.27E+00										
8.31E+03	-2.72E-01	-2.26E+00										
8.37E+03	-2.69E-01	-2.25E+00										
8.42E+03	-2.66E-01	-2.24E+00										
8.47E+03	-2.63E-01	-2.23E+00										
8.52E+03	-2.60E-01	-2.22E+00										
8.57E+03	-2.57E-01	-2.20E+00										
8.62E+03	-2.54E-01	-2.19E+00										
8.66E+03	-2.51E-01	-2.18E+00										
0.00E+00	-8.61E-01	0.00E+00										
0.00E+00	-9.44E-01	0.00E+00										
0.00E+00	-9.54E-01	0.00E+00										
0.00E+00	-9.59E-01	0.00E+00										
0.00E+00	-9.61E-01	0.00E+00										
0.00E+00	-9.65E-01	0.00E+00										
4.73E+01	-9.65E-01	-4.56E-02										
9.87E+01	-8.82E-01	-8.71E-02										
1.53E+02	-8.32E-01	-1.27E-01										
2.03E+02	-8.11E-01	-1.65E-01										
2.54E+02	-7.96E-01	-2.02E-01										
3.05E+02	-7.83E-01	-2.39E-01										
3.55E+02	-7.73E-01	-2.75E-01										
4.06E+02	-7.64E-01	-3.10E-01										
4.57E+02	-7.55E-01	-3.45E-01										
5.09E+02	-7.47E-01	-3.80E-01										
5.59E+02	-7.39E-01	-4.13E-01										
6.10E+02	-7.32E-01	-4.46E-01										
6.60E+02	-7.26E-01	-4.79E-01										
7.11E+02	-7.19E-01	-5.11E-01										
7.63E+02	-7.13E-01	-5.44E-01										
8.14E+02	-7.06E-01	-5.75E-01										
8.66E+02	-7.01E-01	-6.07E-01										
9.19E+02	-6.95E-01	-6.39E-01										
9.71E+02	-6.90E-01	-6.70E-01										
1.02E+03	-6.84E-01	-6.99E-01										
1.07E+03	-6.80E-01	-7.29E-01										
1.13E+03	-6.75E-01	-7.60E-01										
1.18E+03	-6.69E-01	-7.88E-01										
1.23E+03	-6.65E-01	-8.17E-01										
1.28E+03	-6.60E-01	-8.47E-01										
1.33E+03	-6.55E-01	-8.74E-01										
1.38E+03	-6.51E-01	-9.02E-01										
1.44E+03	-6.47E-01	-9.29E-01										
1.49E+03	-6.43E-01	-9.55E-01										
1.54E+03	-6.39E-01	-9.82E-01										
1.59E+03	-6.35E-01	-1.01E+00										
1.64E+03	-6.31E-01	-1.03E+00										
1.69E+03	-6.27E-01	-1.06E+00										
1.74E+03	-6.23E-01	-1.09E+00										
1.80E+03	-6.19E-01	-1.11E+00										
1.85E+03	-6.15E-01	-1.14E+00										
1.90E+03	-6.12E-01	-1.16E+00										
1.95E+03	-6.08E-01	-1.19E+00										
2.00E+03	-6.05E-01	-1.21E+00										
2.05E+03	-6.01E-01	-1.23E+00										
2.10E+03	-5.98E-01	-1.26E+00										
2.15E+03	-5.94E-01	-1.28E+00										
2.20E+03	-5.91E-01	-1.30E+00										
2.26E+03	-5.87E-01	-1.33E+00										
2.31E+03	-5.84E-01	-1.35E+00										
2.36E+03	-5.81E-01	-1.37E+00										
2.41E+03	-5.77E-01	-1.39E+00										
2.46E+03	-5.74E-01	-1.41E+00										
2.51E+03	-5.71E-01	-1.43E+00										
2.57E+03	-5.68E-01	-1.46E+00										
2.62E+03	-5.65E-01	-1.48E+00										
2.68E+03	-5.61E-01	-1.50E+00										
2.73E+03	-5.58E-01	-1.52E+00										
2.78E+03	-5.55E-01	-1.54E+00										
2.83E+03	-5.52E-01	-1.56E+00										
2.88E+03	-5.49E-01	-1.58E+00										
2.93E+03	-5.46E-01	-1.60E+00										
2.99E+03	-5.43E-01	-1.62E+00										
3.04E+03	-5.40E-01	-1.64E+00										
3.09E+03	-5.37E-01	-1.66E+00										
3.14E+03	-5.34E-01	-1.68E+00										
3.19E+03	-5.31E-01	-1.69E+00										
3.24E+03	-5.28E-01	-1.71E+00										
3.30E+03	-5.25E-01	-1.73E+00										
3.35E+03	-5.22E-01	-1.75E+00										
3.40E+03	-5.20E-01	-1.77E+00										
3.45E+03	-5.17E-01	-1.78E+00										
3.50E+03	-5.14E-01	-1.80E+00										
3.55E+03	-5.11E-01	-1.82E+00										
3.60E+03	-5.09E-01	-1.83E+00										
3.65E+03	-5.06E-01	-1.85E+00										
3.70E+03	-5.03E-01	-1.86E+00										
3.76E+03	-5.01E-01	-1.88E+00										
3.81E+03	-4.98E-01	-1.90E+00										
3.86E+03	-4.95E-01	-1.91E+00										
3.91E+03	-4.93E-01	-1.93E+00										
3.96E+03	-4.90E-01	-1.94E+00										
4.01E+03	-4.87E-01	-1.96E+00										
4.07E+03	-4.85E-01	-1.97E+00										
4.12E+03	-4.82E-01	-1.99E+00										
4.18E+03	-4.79E-01	-2.00E+00										
4.23E+03	-4.76E-01	-2.02E+00										
4.29E+03	-4.74E-01	-2.03E+00										
4.34E+03	-4.71E-01	-2.04E+00										
4.39E+03	-4.68E-01	-2.06E+00										
4.44E+03	-4.66E-01	-2.07E+00										
4.49E+03	-4.64E-01	-2.08E+00										
4.54E+03	-4.61E-01	-2.09E+00										
4.59E+03	-4.58E-01	-2.10E+00										
4.65E+03	-4.56E-01	-2.12E+00										
4.70E+03	-4.53E-01	-2.13E+00										
4.75E+03	-4.50E-01	-2.14E+00										
4.80E+03	-4.48E-01	-2.15E+00										
4.85E+03	-4.45E-01	-2.16E+00										
4.91E+03	-4.43E-01	-2.17E+00										
4.96E+03	-4.40E-01	-2.18E+00										
5.01E+03	-4.38E-01	-2.19E+00										
5.06E+03	-4.35E-01	-2.20E+00										
5.11E+03	-4.33E-01	-2.21E+00										
5.16E+03	-4.31E-01	-2.22E+00										
5.21E+03	-4.28E-01	-2.23E+00										
5.26E+03	-4.26E-01	-2.24E+00										
5.31E+03	-4.23E-01	-2.25E+00										
5.37E+03	-4.21E-01	-2.26E+00										
5.42E+03	-4.18E-01	-2.26E+00										
5.47E+03	-4.16E-01	-2.27E+00										
5.52E+03	-4.13E-01	-2.28E+00										
5.57E+03	-4.11E-01	-2.29E+00										
5.62E+03	-4.09E-01	-2.30E+00										
5.67E+03	-4.06E-01	-2.30E+00										
5.72E+03	-4.04E-01	-2.31E+00										
5.78E+03	-4.01E-01	-2.32E+00										
5.83E+03	-3.99E-01	-2.33E+00										
5.88E+03	-3.96E-01	-2.33E+00										
5.93E+03	-3.94E-01	-2.34E+00										
5.98E+03	-3.91E-01	-2.34E+00										
6.03E+03	-3.89E-01	-2.35E+00										
6.09E+03	-3.86E-01	-2.35E+00										
6.14E+03	-3.83E-01	-2.35E+00										
6.19E+03	-3.81E-01	-2.36E+00										
6.24E+03	-3.78E-01	-2.36E+00										
6.29E+03	-3.76E-01	-2.37E+00										
6.35E+03	-3.73E-01	-2.37E+00										
6.40E+03	-3.71E-01	-2.37E+00										
6.45E+03	-3.68E-01	-2.38E+00										
6.50E+03	-3.66E-01	-2.38E+00										
6.56E+03	-3.63E-01	-2.38E+00										
6.61E+03	-3.60E-01	-2.38E+00										
6.66E+03	-3.58E-01	-2.39E+00										
6.71E+03	-3.55E-01	-2.38E+00										
6.76E+03	-3.53E-01	-2.39E+00										
6.81E+03	-3.50E-01	-2.39E+00										
6.87E+03	-3.48E-01	-2.39E+00										
6.92E+03	-3.45E-01	-2.39E+00										
6.97E+03	-3.43E-01	-2.39E+00										
7.02E+03	-3.40E-01	-2.39E+00										
7.07E+03	-3.37E-01	-2.38E+00										
7.12E+03	-3.35E-01	-2.38E+00										
7.17E+03	-3.32E-01	-2.38E+00										
7.23E+03	-3.30E-01	-2.38E+00										
7.28E+03	-3.27E-01	-2.38E+00										
7.33E+03	-3.24E-01	-2.38E+00										
7.38E+03	-3.21E-01	-2.37E+00										
7.43E+03	-3.19E-01	-2.37E+00										
7.48E+03	-3.16E-01	-2.36E+00										
7.53E+03	-3.14E-01	-2.36E+00										
7.58E+03	-3.11E-01	-2.36E+00										
7.64E+03	-3.08E-01	-2.35E+00										
7.69E+03	-3.05E-01	-2.35E+00										
7.74E+03	-3.03E-01	-2.34E+00										
7.79E+03	-3.00E-01	-2.34E+00										
7.84E+03	-2.97E-01	-2.33E+00										
7.89E+03	-2.94E-01	-2.32E+00										
7.95E+03	-2.91E-01	-2.32E+00										
8.01E+03	-2.88E-01	-2.31E+00										
8.06E+03	-2.85E-01	-2.30E+00										
8.11E+03	-2.82E-01	-2.29E+00										
8.16E+03	-2.80E-01	-2.28E+00										
8.21E+03	-2.77E-01	-2.27E+00										
8.27E+03	-2.73E-01	-2.26E+00										
8.32E+03	-2.71E-01	-2.25E+00										
8.37E+03	-2.68E-01	-2.24E+00										
8.42E+03	-2.65E-01	-2.23E+00										
8.47E+03	-2.62E-01	-2.22E+00										
8.52E+03	-2.59E-01	-2.20E+00										
8.57E+03	-2.56E-01	-2.19E+00										
8.62E+03	-2.53E-01	-2.18E+00										
8.63E+03	-2.51E-01	-2.17E+00										
0.00E+00	-8.60E-01	0.00E+00										
0.00E+00	-9.44E-01	0.00E+00										
0.00E+00	-9.54E-01	0.00E+00										
0.00E+00	-9.58E-01	0.00E+00										
0.00E+00	-9.61E-01	0.00E+00										
0.00E+00	-9.64E-01	0.00E+00										
4.02E+01	-9.65E-01	-3.87E-02										
9.06E+01	-8.89E-01	-8.05E-02										
1.46E+02	-8.37E-01	-1.22E-01										
1.97E+02	-8.13E-01	-1.60E-01										
2.49E+02	-7.97E-01	-1.99E-01										
3.00E+02	-7.85E-01	-2.35E-01										
3.54E+02	-7.74E-01	-2.74E-01										
4.05E+02	-7.64E-01	-3.10E-01										
4.58E+02	-7.55E-01	-3.45E-01										
5.09E+02	-7.47E-01	-3.80E-01										
5.61E+02	-7.39E-01	-4.14E-01										
6.11E+02	-7.32E-01	-4.47E-01										
6.61E+02	-7.25E-01	-4.80E-01										
7.16E+02	-7.19E-01	-5.15E-01										
7.67E+02	-7.12E-01	-5.46E-01										
8.19E+02	-7.06E-01	-5.78E-01										
8.70E+02	-7.00E-01	-6.09E-01										
9.23E+02	-6.94E-01	-6.41E-01										
9.77E+02	-6.89E-01	-6.73E-01										
1.03E+03	-6.83E-01	-7.03E-01										
1.08E+03	-6.79E-01	-7.34E-01										
1.14E+03	-6.73E-01	-7.66E-01										
1.19E+03	-6.68E-01	-7.96E-01										
1.24E+03	-6.63E-01	-8.24E-01										
1.29E+03	-6.59E-01	-8.51E-01										
1.34E+03	-6.54E-01	-8.80E-01										
1.40E+03	-6.50E-01	-9.07E-01										
1.45E+03	-6.46E-01	-9.33E-01										
1.50E+03	-6.42E-01	-9.61E-01										
1.55E+03	-6.37E-01	-9.87E-01										
1.60E+03	-6.34E-01	-1.01E+00										
1.65E+03	-6.30E-01	-1.04E+00										
1.70E+03	-6.26E-01	-1.07E+00										
1.75E+03	-6.22E-01	-1.09E+00										
1.81E+03	-6.18E-01	-1.12E+00										
1.86E+03	-6.14E-01	-1.14E+00										
1.91E+03	-6.10E-01	-1.16E+00										
1.96E+03	-6.07E-01	-1.19E+00										
2.01E+03	-6.03E-01	-1.21E+00										
2.06E+03	-6.00E-01	-1.24E+00										
2.11E+03	-5.96E-01	-1.26E+00										
2.16E+03	-5.93E-01	-1.28E+00										
2.22E+03	-5.89E-01	-1.31E+00										
2.27E+03	-5.86E-01	-1.33E+00										
2.32E+03	-5.83E-01	-1.35E+00										
2.37E+03	-5.80E-01	-1.37E+00										
2.42E+03	-5.76E-01	-1.40E+00										
2.47E+03	-5.73E-01	-1.42E+00										
2.52E+03	-5.70E-01	-1.44E+00										
2.58E+03	-5.67E-01	-1.46E+00										
2.63E+03	-5.63E-01	-1.48E+00										
2.68E+03	-5.60E-01	-1.50E+00										
2.73E+03	-5.57E-01	-1.52E+00										
2.79E+03	-5.54E-01	-1.54E+00										
2.84E+03	-5.51E-01	-1.56E+00										
2.89E+03	-5.48E-01	-1.58E+00										
2.94E+03	-5.45E-01	-1.60E+00										
3.00E+03	-5.41E-01	-1.62E+00										
3.05E+03	-5.39E-01	-1.64E+00										
3.10E+03	-5.36E-01	-1.66E+00										
3.15E+03	-5.33E-01	-1.68E+00										
3.20E+03	-5.30E-01	-1.70E+00										
3.25E+03	-5.27E-01	-1.71E+00										
3.30E+03	-5.24E-01	-1.73E+00										
3.36E+03	-5.21E-01	-1.75E+00										
3.41E+03	-5.19E-01	-1.77E+00										
3.46E+03	-5.16E-01	-1.79E+00										
3.51E+03	-5.13E-01	-1.80E+00										
3.56E+03	-5.10E-01	-1.82E+00										
3.62E+03	-5.08E-01	-1.84E+00										
3.67E+03	-5.05E-01	-1.85E+00										
3.72E+03	-5.02E-01	-1.87E+00										
3.77E+03	-4.99E-01	-1.88E+00										
3.82E+03	-4.96E-01	-1.90E+00										
3.87E+03	-4.94E-01	-1.91E+00										
3.93E+03	-4.91E-01	-1.93E+00										
3.98E+03	-4.88E-01	-1.94E+00										
4.03E+03	-4.85E-01	-1.96E+00										
4.08E+03	-4.83E-01	-1.97E+00										
4.13E+03	-4.80E-01	-1.98E+00										
4.18E+03	-4.78E-01	-2.00E+00										
4.23E+03	-4.75E-01	-2.01E+00										
4.28E+03	-4.73E-01	-2.02E+00										
4.34E+03	-4.70E-01	-2.04E+00										
4.39E+03	-4.68E-01	-2.05E+00										
4.44E+03	-4.65E-01	-2.06E+00										
4.49E+03	-4.62E-01	-2.07E+00										
4.54E+03	-4.60E-01	-2.09E+00										
4.59E+03	-4.57E-01	-2.10E+00										
4.64E+03	-4.55E-01	-2.11E+00										
4.69E+03	-4.52E-01	-2.12E+00										
4.75E+03	-4.50E-01	-2.13E+00										
4.80E+03	-4.47E-01	-2.15E+00										
4.85E+03	-4.45E-01	-2.16E+00										
4.90E+03	-4.42E-01	-2.17E+00										
4.95E+03	-4.40E-01	-2.18E+00										
5.00E+03	-4.37E-01	-2.19E+00										
5.05E+03	-4.35E-01	-2.20E+00										
5.10E+03	-4.32E-01	-2.21E+00										
5.16E+03	-4.30E-01	-2.22E+00										
5.21E+03	-4.27E-01	-2.23E+00										
5.26E+03	-4.25E-01	-2.23E+00										
5.31E+03	-4.22E-01	-2.24E+00										
5.37E+03	-4.20E-01	-2.25E+00										
5.42E+03	-4.17E-01	-2.26E+00										
5.47E+03	-4.15E-01	-2.27E+00										
5.52E+03	-4.12E-01	-2.28E+00										
5.57E+03	-4.10E-01	-2.28E+00										
5.62E+03	-4.07E-01	-2.29E+00										
5.67E+03	-4.05E-01	-2.30E+00										
5.73E+03	-4.02E-01	-2.30E+00										
5.78E+03	-4.00E-01	-2.31E+00										
5.83E+03	-3.97E-01	-2.32E+00										
5.88E+03	-3.95E-01	-2.32E+00										
5.93E+03	-3.92E-01	-2.33E+00										
5.99E+03	-3.90E-01	-2.33E+00										
6.04E+03	-3.87E-01	-2.34E+00										
6.09E+03	-3.85E-01	-2.34E+00										
6.14E+03	-3.82E-01	-2.35E+00										
6.19E+03	-3.80E-01	-2.35E+00										
6.24E+03	-3.78E-01	-2.36E+00										
6.30E+03	-3.75E-01	-2.36E+00										
6.35E+03	-3.72E-01	-2.36E+00										
6.40E+03	-3.69E-01	-2.36E+00										
6.45E+03	-3.67E-01	-2.37E+00										
6.50E+03	-3.65E-01	-2.37E+00										
6.55E+03	-3.62E-01	-2.37E+00										
6.60E+03	-3.60E-01	-2.37E+00										
6.65E+03	-3.57E-01	-2.38E+00										
6.71E+03	-3.55E-01	-2.38E+00										
6.76E+03	-3.52E-01	-2.38E+00										
6.81E+03	-3.50E-01	-2.38E+00										
6.86E+03	-3.47E-01	-2.38E+00										
6.91E+03	-3.45E-01	-2.38E+00										
6.96E+03	-3.42E-01	-2.38E+00										
7.01E+03	-3.39E-01	-2.38E+00										
7.06E+03	-3.36E-01	-2.38E+00										
7.12E+03	-3.34E-01	-2.38E+00										
7.17E+03	-3.31E-01	-2.38E+00										
7.22E+03	-3.29E-01	-2.37E+00										
7.27E+03	-3.26E-01	-2.37E+00										
7.32E+03	-3.24E-01	-2.37E+00										
7.37E+03	-3.21E-01	-2.37E+00										
7.42E+03	-3.18E-01	-2.36E+00										
7.48E+03	-3.15E-01	-2.36E+00										
7.53E+03	-3.13E-01	-2.36E+00										
7.58E+03	-3.10E-01	-2.35E+00										
7.63E+03	-3.07E-01	-2.34E+00										
7.68E+03	-3.04E-01	-2.34E+00										
7.74E+03	-3.02E-01	-2.34E+00										
7.79E+03	-2.99E-01	-2.33E+00										
7.84E+03	-2.96E-01	-2.32E+00										
7.90E+03	-2.93E-01	-2.32E+00										
7.95E+03	-2.90E-01	-2.31E+00										
8.00E+03	-2.87E-01	-2.30E+00										
8.05E+03	-2.84E-01	-2.29E+00										
8.11E+03	-2.82E-01	-2.28E+00										
8.16E+03	-2.79E-01	-2.27E+00										
8.21E+03	-2.76E-01	-2.26E+00										
8.26E+03	-2.73E-01	-2.25E+00										
8.31E+03	-2.70E-01	-2.24E+00										
8.36E+03	-2.67E-01	-2.23E+00										
8.41E+03	-2.64E-01	-2.22E+00										
8.47E+03	-2.61E-01	-2.21E+00										
8.52E+03	-2.58E-01	-2.20E+00										
8.57E+03	-2.55E-01	-2.19E+00										
8.62E+03	-2.52E-01	-2.17E+00										
8.62E+03	-2.51E-01	-2.17E+00										
0.00E+00	-8.60E-01	0.00E+00										
0.00E+00	-9.44E-01	0.00E+00										
0.00E+00	-9.54E-01	0.00E+00										
0.00E+00	-9.58E-01	0.00E+00										
0.00E+00	-9.61E-01	0.00E+00										
0.00E+00	-9.65E-01	0.00E+00										
4.37E+01	-9.65E-01	-4.22E-02										
9.41E+01	-8.85E-01	-8.33E-02										
1.45E+02	-8.35E-01	-1.21E-01										
1.95E+02	-8.13E-01	-1.59E-01										
2.46E+02	-7.98E-01	-1.97E-01										
3.00E+02	-7.85E-01	-2.36E-01										
3.52E+02	-7.74E-01	-2.72E-01										
4.03E+02	-7.64E-01	-3.08E-01										
4.54E+02	-7.55E-01	-3.43E-01										
5.05E+02	-7.47E-01	-3.77E-01										
5.56E+02	-7.39E-01	-4.11E-01										
6.08E+02	-7.32E-01	-4.46E-01										
6.60E+02	-7.26E-01	-4.79E-01										
7.11E+02	-7.19E-01	-5.11E-01										
7.61E+02	-7.13E-01	-5.42E-01										
8.12E+02	-7.07E-01	-5.73E-01										
8.62E+02	-7.01E-01	-6.05E-01										
9.13E+02	-6.95E-01	-6.35E-01										
9.64E+02	-6.90E-01	-6.65E-01										
1.01E+03	-6.85E-01	-6.95E-01										
1.07E+03	-6.80E-01	-7.25E-01										
1.12E+03	-6.75E-01	-7.55E-01										
1.17E+03	-6.70E-01	-7.83E-01										
1.22E+03	-6.65E-01	-8.12E-01										
1.27E+03	-6.61E-01	-8.40E-01										
1.33E+03	-6.56E-01	-8.69E-01										
1.38E+03	-6.52E-01	-8.97E-01										
1.43E+03	-6.47E-01	-9.24E-01										
1.48E+03	-6.43E-01	-9.51E-01										
1.53E+03	-6.39E-01	-9.77E-01										
1.58E+03	-6.35E-01	-1.00E+00										
1.63E+03	-6.31E-01	-1.03E+00										
1.68E+03	-6.27E-01	-1.05E+00										
1.74E+03	-6.23E-01	-1.08E+00										
1.79E+03	-6.19E-01	-1.11E+00										
1.84E+03	-6.15E-01	-1.13E+00										
1.89E+03	-6.12E-01	-1.16E+00										
1.94E+03	-6.08E-01	-1.18E+00										
1.99E+03	-6.04E-01	-1.20E+00										
2.04E+03	-6.01E-01	-1.23E+00										
2.10E+03	-5.97E-01	-1.25E+00										
2.15E+03	-5.94E-01	-1.28E+00										
2.20E+03	-5.91E-01	-1.30E+00										
2.25E+03	-5.87E-01	-1.32E+00										
2.30E+03	-5.84E-01	-1.34E+00										
2.36E+03	-5.80E-01	-1.37E+00										
2.41E+03	-5.77E-01	-1.39E+00										
2.46E+03	-5.74E-01	-1.41E+00										
2.51E+03	-5.70E-01	-1.43E+00										
2.56E+03	-5.67E-01	-1.45E+00										
2.62E+03	-5.64E-01	-1.48E+00										
2.67E+03	-5.61E-01	-1.50E+00										
2.72E+03	-5.58E-01	-1.52E+00										
2.77E+03	-5.55E-01	-1.54E+00										
2.82E+03	-5.52E-01	-1.56E+00										
2.87E+03	-5.49E-01	-1.58E+00										
2.92E+03	-5.46E-01	-1.60E+00										
2.97E+03	-5.43E-01	-1.61E+00										
3.03E+03	-5.40E-01	-1.63E+00										
3.08E+03	-5.37E-01	-1.65E+00										
3.13E+03	-5.34E-01	-1.67E+00										
3.18E+03	-5.31E-01	-1.69E+00										
3.23E+03	-5.28E-01	-1.71E+00										
3.28E+03	-5.25E-01	-1.73E+00										
3.34E+03	-5.22E-01	-1.74E+00										
3.39E+03	-5.19E-01	-1.76E+00										
3.44E+03	-5.17E-01	-1.78E+00										
3.49E+03	-5.14E-01	-1.79E+00										
3.54E+03	-5.11E-01	-1.81E+00										
3.60E+03	-5.08E-01	-1.83E+00										
3.65E+03	-5.05E-01	-1.84E+00										
3.70E+03	-5.03E-01	-1.86E+00										
3.75E+03	-5.00E-01	-1.88E+00										
3.80E+03	-4.98E-01	-1.89E+00										
3.85E+03	-4.95E-01	-1.91E+00										
3.90E+03	-4.92E-01	-1.92E+00										
3.95E+03	-4.89E-01	-1.93E+00										
4.01E+03	-4.87E-01	-1.95E+00										
4.06E+03	-4.84E-01	-1.96E+00										
4.11E+03	-4.82E-01	-1.98E+00										
4.16E+03	-4.79E-01	-1.99E+00										
4.21E+03	-4.76E-01	-2.01E+00										
4.27E+03	-4.74E-01	-2.02E+00										
4.32E+03	-4.71E-01	-2.03E+00										
4.37E+03	-4.68E-01	-2.05E+00										
4.42E+03	-4.66E-01	-2.06E+00										
4.47E+03	-4.64E-01	-2.07E+00										
4.52E+03	-4.61E-01	-2.08E+00										
4.57E+03	-4.58E-01	-2.10E+00										
4.62E+03	-4.56E-01	-2.11E+00										
4.67E+03	-4.53E-01	-2.12E+00										
4.73E+03	-4.51E-01	-2.13E+00										
4.78E+03	-4.49E-01	-2.14E+00										
4.83E+03	-4.46E-01	-2.15E+00										
4.88E+03	-4.43E-01	-2.16E+00										
4.93E+03	-4.41E-01	-2.17E+00										
4.98E+03	-4.38E-01	-2.18E+00										
5.03E+03	-4.36E-01	-2.19E+00										
5.08E+03	-4.33E-01	-2.20E+00										
5.14E+03	-4.31E-01	-2.21E+00										
5.19E+03	-4.28E-01	-2.22E+00										
5.24E+03	-4.26E-01	-2.23E+00										
5.29E+03	-4.23E-01	-2.24E+00										
5.34E+03	-4.21E-01	-2.25E+00										
5.39E+03	-4.19E-01	-2.26E+00										
5.44E+03	-4.16E-01	-2.27E+00										
5.49E+03	-4.14E-01	-2.27E+00										
5.55E+03	-4.11E-01	-2.28E+00										
5.60E+03	-4.09E-01	-2.29E+00										
5.65E+03	-4.06E-01	-2.30E+00										
5.70E+03	-4.04E-01	-2.30E+00										
5.75E+03	-4.02E-01	-2.31E+00										
5.80E+03	-3.99E-01	-2.32E+00										
5.85E+03	-3.97E-01	-2.32E+00										
5.91E+03	-3.94E-01	-2.33E+00										
5.96E+03	-3.92E-01	-2.33E+00										
6.01E+03	-3.89E-01	-2.34E+00										
6.06E+03	-3.87E-01	-2.34E+00										
6.11E+03	-3.84E-01	-2.35E+00										
6.16E+03	-3.82E-01	-2.35E+00										
6.21E+03	-3.79E-01	-2.36E+00										
6.26E+03	-3.77E-01	-2.36E+00										
6.31E+03	-3.74E-01	-2.36E+00										
6.36E+03	-3.72E-01	-2.37E+00										
6.42E+03	-3.69E-01	-2.37E+00										
6.47E+03	-3.67E-01	-2.37E+00										
6.52E+03	-3.64E-01	-2.37E+00										
6.57E+03	-3.62E-01	-2.38E+00										
6.62E+03	-3.60E-01	-2.38E+00										
6.67E+03	-3.57E-01	-2.38E+00										
6.72E+03	-3.54E-01	-2.38E+00										
6.78E+03	-3.51E-01	-2.38E+00										
6.83E+03	-3.49E-01	-2.38E+00										
6.88E+03	-3.46E-01	-2.38E+00										
6.93E+03	-3.44E-01	-2.38E+00										
6.98E+03	-3.41E-01	-2.38E+00										
7.03E+03	-3.39E-01	-2.38E+00										
7.09E+03	-3.36E-01	-2.38E+00										
7.14E+03	-3.33E-01	-2.38E+00										
7.19E+03	-3.31E-01	-2.38E+00										
7.24E+03	-3.28E-01	-2.37E+00										
7.30E+03	-3.25E-01	-2.37E+00										
7.35E+03	-3.22E-01	-2.37E+00										
7.40E+03	-3.20E-01	-2.37E+00										
7.45E+03	-3.17E-01	-2.36E+00										
7.51E+03	-3.14E-01	-2.36E+00										
7.56E+03	-3.12E-01	-2.36E+00										
7.61E+03	-3.09E-01	-2.35E+00										
7.66E+03	-3.06E-01	-2.34E+00										
7.71E+03	-3.03E-01	-2.34E+00										
7.77E+03	-3.00E-01	-2.33E+00										
7.82E+03	-2.98E-01	-2.33E+00										
7.87E+03	-2.95E-01	-2.32E+00										
7.92E+03	-2.92E-01	-2.31E+00										
7.97E+03	-2.89E-01	-2.31E+00										
8.02E+03	-2.86E-01	-2.30E+00										
8.07E+03	-2.84E-01	-2.29E+00										
8.13E+03	-2.81E-01	-2.28E+00										
8.18E+03	-2.78E-01	-2.27E+00										
8.23E+03	-2.75E-01	-2.26E+00										
8.28E+03	-2.72E-01	-2.25E+00										
8.33E+03	-2.69E-01	-2.24E+00										
8.38E+03	-2.66E-01	-2.23E+00										
8.43E+03	-2.64E-01	-2.22E+00										
8.49E+03	-2.61E-01	-2.21E+00										
8.54E+03	-2.57E-01	-2.20E+00										
8.59E+03	-2.55E-01	-2.19E+00										
8.64E+03	-2.51E-01	-2.17E+00										
8.63E+03	-2.51E-01	-2.17E+00										
0.00E+00	-8.60E-01	0.00E+00										
0.00E+00	-9.44E-01	0.00E+00										
0.00E+00	-9.54E-01	0.00E+00										
0.00E+00	-9.59E-01	0.00E+00										
0.00E+00	-9.61E-01	0.00E+00										
0.00E+00	-9.65E-01	0.00E+00										
4.83E+01	-9.65E-01	-4.66E-02										
9.87E+01	-8.72E-01	-8.61E-02										
1.50E+02	-8.32E-01	-1.25E-01										
2.01E+02	-8.11E-01	-1.63E-01										
2.51E+02	-7.96E-01	-2.00E-01										
3.04E+02	-7.84E-01	-2.39E-01										
3.55E+02	-7.73E-01	-2.74E-01										
4.08E+02	-7.64E-01	-3.11E-01										
4.58E+02	-7.55E-01	-3.46E-01										
5.09E+02	-7.46E-01	-3.80E-01										
5.62E+02	-7.39E-01	-4.15E-01										
6.14E+02	-7.31E-01	-4.49E-01										
6.64E+02	-7.25E-01	-4.82E-01										
7.16E+02	-7.18E-01	-5.14E-01										
7.67E+02	-7.12E-01	-5.46E-01										
8.18E+02	-7.06E-01	-5.77E-01										
8.70E+02	-7.00E-01	-6.09E-01										
9.20E+02	-6.95E-01	-6.39E-01										
9.71E+02	-6.90E-01	-6.69E-01										
1.02E+03	-6.84E-01	-7.00E-01										
1.08E+03	-6.79E-01	-7.31E-01										
1.13E+03	-6.74E-01	-7.60E-01										
1.18E+03	-6.69E-01	-7.90E-01										
1.23E+03	-6.64E-01	-8.18E-01										
1.28E+03	-6.60E-01	-8.47E-01										
1.34E+03	-6.55E-01	-8.75E-01										
1.39E+03	-6.51E-01	-9.04E-01										
1.44E+03	-6.46E-01	-9.32E-01										
1.49E+03	-6.42E-01	-9.58E-01										
1.54E+03	-6.38E-01	-9.85E-01										
1.59E+03	-6.34E-01	-1.01E+00										
1.65E+03	-6.30E-01	-1.04E+00										
1.70E+03	-6.26E-01	-1.06E+00										
1.75E+03	-6.22E-01	-1.09E+00										
1.80E+03	-6.18E-01	-1.12E+00										
1.85E+03	-6.15E-01	-1.14E+00										
1.90E+03	-6.11E-01	-1.16E+00										
1.96E+03	-6.07E-01	-1.19E+00										
2.01E+03	-6.04E-01	-1.21E+00										
2.06E+03	-6.00E-01	-1.24E+00										
2.11E+03	-5.96E-01	-1.26E+00										
2.17E+03	-5.93E-01	-1.28E+00										
2.22E+03	-5.90E-01	-1.31E+00										
2.27E+03	-5.86E-01	-1.33E+00										
2.32E+03	-5.83E-01	-1.35E+00										
2.37E+03	-5.80E-01	-1.37E+00										
2.42E+03	-5.77E-01	-1.40E+00										
2.47E+03	-5.73E-01	-1.42E+00										
2.52E+03	-5.70E-01	-1.44E+00										
2.58E+03	-5.67E-01	-1.46E+00										
2.63E+03	-5.64E-01	-1.48E+00										
2.68E+03	-5.61E-01	-1.50E+00										
2.73E+03	-5.58E-01	-1.52E+00										
2.78E+03	-5.55E-01	-1.54E+00										
2.84E+03	-5.52E-01	-1.57E+00										
2.89E+03	-5.48E-01	-1.58E+00										
2.94E+03	-5.45E-01	-1.60E+00										
2.99E+03	-5.42E-01	-1.62E+00										
3.05E+03	-5.39E-01	-1.64E+00										
3.10E+03	-5.36E-01	-1.66E+00										
3.15E+03	-5.33E-01	-1.68E+00										
3.20E+03	-5.30E-01	-1.70E+00										
3.26E+03	-5.27E-01	-1.72E+00										
3.31E+03	-5.25E-01	-1.74E+00										
3.36E+03	-5.22E-01	-1.75E+00										
3.41E+03	-5.19E-01	-1.77E+00										
3.46E+03	-5.16E-01	-1.79E+00										
3.52E+03	-5.13E-01	-1.81E+00										
3.57E+03	-5.11E-01	-1.82E+00										
3.62E+03	-5.08E-01	-1.84E+00										
3.67E+03	-5.05E-01	-1.85E+00										
3.72E+03	-5.02E-01	-1.87E+00										
3.77E+03	-5.00E-01	-1.89E+00										
3.82E+03	-4.97E-01	-1.90E+00										
3.87E+03	-4.94E-01	-1.92E+00										
3.92E+03	-4.92E-01	-1.93E+00										
3.97E+03	-4.89E-01	-1.94E+00										
4.03E+03	-4.87E-01	-1.96E+00										
4.08E+03	-4.84E-01	-1.98E+00										
4.13E+03	-4.81E-01	-1.99E+00										
4.18E+03	-4.79E-01	-2.00E+00										
4.23E+03	-4.76E-01	-2.02E+00										
4.29E+03	-4.74E-01	-2.03E+00										
4.34E+03	-4.71E-01	-2.04E+00										
4.39E+03	-4.68E-01	-2.06E+00										
4.44E+03	-4.66E-01	-2.07E+00										
4.49E+03	-4.63E-01	-2.08E+00										
4.55E+03	-4.61E-01	-2.09E+00										
4.60E+03	-4.58E-01	-2.11E+00										
4.66E+03	-4.55E-01	-2.12E+00										
4.71E+03	-4.53E-01	-2.13E+00										
4.76E+03	-4.50E-01	-2.14E+00										
4.81E+03	-4.48E-01	-2.15E+00										
4.86E+03	-4.45E-01	-2.16E+00										
4.91E+03	-4.43E-01	-2.18E+00										
4.97E+03	-4.40E-01	-2.19E+00										
5.02E+03	-4.38E-01	-2.20E+00										
5.07E+03	-4.35E-01	-2.21E+00										
5.12E+03	-4.33E-01	-2.22E+00										
5.18E+03	-4.30E-01	-2.23E+00										
5.23E+03	-4.27E-01	-2.23E+00										
5.28E+03	-4.25E-01	-2.24E+00										
5.33E+03	-4.23E-01	-2.25E+00										
5.38E+03	-4.20E-01	-2.26E+00										
5.43E+03	-4.18E-01	-2.27E+00										
5.48E+03	-4.16E-01	-2.28E+00										
5.53E+03	-4.13E-01	-2.29E+00										
5.59E+03	-4.11E-01	-2.29E+00										
5.64E+03	-4.08E-01	-2.30E+00										
5.69E+03	-4.06E-01	-2.31E+00										
5.74E+03	-4.03E-01	-2.32E+00										
5.80E+03	-4.01E-01	-2.32E+00										
5.85E+03	-3.99E-01	-2.33E+00										
5.90E+03	-3.96E-01	-2.34E+00										
5.95E+03	-3.93E-01	-2.34E+00										
6.01E+03	-3.91E-01	-2.35E+00										
6.06E+03	-3.88E-01	-2.35E+00										
6.11E+03	-3.85E-01	-2.36E+00										
6.16E+03	-3.83E-01	-2.36E+00										
6.21E+03	-3.81E-01	-2.36E+00										
6.26E+03	-3.78E-01	-2.37E+00										
6.31E+03	-3.76E-01	-2.37E+00										
6.37E+03	-3.73E-01	-2.38E+00										
6.42E+03	-3.71E-01	-2.38E+00										
6.47E+03	-3.68E-01	-2.38E+00										
6.52E+03	-3.66E-01	-2.38E+00										
6.57E+03	-3.63E-01	-2.39E+00										
6.62E+03	-3.61E-01	-2.39E+00										
6.68E+03	-3.58E-01	-2.39E+00										
6.73E+03	-3.56E-01	-2.39E+00										
6.78E+03	-3.53E-01	-2.39E+00										
6.83E+03	-3.50E-01	-2.39E+00										
6.89E+03	-3.47E-01	-2.39E+00										
6.94E+03	-3.45E-01	-2.39E+00										
6.99E+03	-3.42E-01	-2.39E+00										
7.04E+03	-3.40E-01	-2.39E+00										
7.09E+03	-3.37E-01	-2.39E+00										
7.14E+03	-3.35E-01	-2.39E+00										
7.19E+03	-3.32E-01	-2.39E+00										
7.24E+03	-3.30E-01	-2.39E+00										
7.30E+03	-3.27E-01	-2.39E+00										
7.35E+03	-3.24E-01	-2.38E+00										
7.40E+03	-3.22E-01	-2.38E+00										
7.45E+03	-3.19E-01	-2.38E+00										
7.50E+03	-3.17E-01	-2.37E+00										
7.55E+03	-3.14E-01	-2.37E+00										
7.60E+03	-3.11E-01	-2.37E+00										
7.65E+03	-3.08E-01	-2.36E+00										
7.71E+03	-3.06E-01	-2.36E+00										
7.76E+03	-3.03E-01	-2.35E+00										
7.81E+03	-3.00E-01	-2.35E+00										
7.86E+03	-2.97E-01	-2.34E+00										
7.92E+03	-2.94E-01	-2.33E+00										
7.97E+03	-2.92E-01	-2.33E+00										
8.02E+03	-2.89E-01	-2.32E+00										
8.07E+03	-2.87E-01	-2.31E+00										
8.12E+03	-2.84E-01	-2.30E+00										
8.17E+03	-2.80E-01	-2.29E+00										
8.22E+03	-2.78E-01	-2.28E+00										
8.27E+03	-2.75E-01	-2.27E+00										
8.32E+03	-2.72E-01	-2.26E+00										
8.38E+03	-2.69E-01	-2.25E+00										
8.43E+03	-2.66E-01	-2.24E+00										
8.48E+03	-2.63E-01	-2.23E+00										
8.53E+03	-2.60E-01	-2.22E+00										
8.58E+03	-2.57E-01	-2.21E+00										
8.63E+03	-2.54E-01	-2.19E+00										
8.69E+03	-2.51E-01	-2.18E+00										
8.68E+03	-2.51E-01	-2.18E+00										
0.00E+00	-8.60E-01	0.00E+00										
0.00E+00	-9.44E-01	0.00E+00										
0.00E+00	-9.54E-01	0.00E+00										
0.00E+00	-9.58E-01	0.00E+00										
0.00E+00	-9.61E-01	0.00E+00										
0.00E+00	-9.65E-01	0.00E+00										
4.98E+01	-9.65E-01	-4.81E-02										
1.02E+02	-8.72E-01	-8.92E-02										
1.54E+02	-8.30E-01	-1.28E-01										
2.07E+02	-8.10E-01	-1.67E-01										
2.58E+02	-7.95E-01	-2.05E-01										
3.09E+02	-7.83E-01	-2.41E-01										
3.60E+02	-7.72E-01	-2.78E-01										
4.10E+02	-7.63E-01	-3.13E-01										
4.61E+02	-7.54E-01	-3.48E-01										
5.12E+02	-7.46E-01	-3.82E-01										
5.64E+02	-7.39E-01	-4.17E-01										
6.16E+02	-7.31E-01	-4.51E-01										
6.67E+02	-7.25E-01	-4.83E-01										
7.18E+02	-7.18E-01	-5.16E-01										
7.71E+02	-7.12E-01	-5.49E-01										
8.22E+02	-7.06E-01	-5.80E-01										
8.76E+02	-7.00E-01	-6.13E-01										
9.27E+02	-6.94E-01	-6.43E-01										
9.79E+02	-6.89E-01	-6.75E-01										
1.03E+03	-6.84E-01	-7.05E-01										
1.08E+03	-6.79E-01	-7.36E-01										
1.13E+03	-6.74E-01	-7.65E-01										
1.19E+03	-6.69E-01	-7.93E-01										
1.24E+03	-6.64E-01	-8.21E-01										
1.29E+03	-6.60E-01	-8.50E-01										
1.34E+03	-6.55E-01	-8.78E-01										
1.39E+03	-6.51E-01	-9.07E-01										
1.44E+03	-6.46E-01	-9.34E-01										
1.49E+03	-6.42E-01	-9.60E-01										
1.55E+03	-6.38E-01	-9.87E-01										
1.60E+03	-6.34E-01	-1.01E+00										
1.65E+03	-6.30E-01	-1.04E+00										
1.70E+03	-6.26E-01	-1.06E+00										
1.75E+03	-6.22E-01	-1.09E+00										
1.80E+03	-6.18E-01	-1.12E+00										
1.85E+03	-6.15E-01	-1.14E+00										
1.91E+03	-6.11E-01	-1.17E+00										
1.96E+03	-6.07E-01	-1.19E+00										
2.01E+03	-6.04E-01	-1.22E+00										
2.07E+03	-6.00E-01	-1.24E+00										
2.12E+03	-5.96E-01	-1.26E+00										
2.17E+03	-5.93E-01	-1.29E+00										
2.22E+03	-5.90E-01	-1.31E+00										
2.27E+03	-5.86E-01	-1.33E+00										
2.32E+03	-5.83E-01	-1.36E+00										
2.38E+03	-5.80E-01	-1.38E+00										
2.43E+03	-5.77E-01	-1.40E+00										
2.48E+03	-5.73E-01	-1.42E+00										
2.53E+03	-5.70E-01	-1.44E+00										
2.58E+03	-5.67E-01	-1.46E+00										
2.63E+03	-5.64E-01	-1.48E+00										
2.68E+03	-5.61E-01	-1.51E+00										
2.74E+03	-5.58E-01	-1.53E+00										
2.79E+03	-5.54E-01	-1.55E+00										
2.84E+03	-5.51E-01	-1.57E+00										
2.90E+03	-5.48E-01	-1.59E+00										
2.95E+03	-5.45E-01	-1.61E+00										
3.00E+03	-5.42E-01	-1.63E+00										
3.05E+03	-5.40E-01	-1.65E+00										
3.10E+03	-5.36E-01	-1.66E+00										
3.15E+03	-5.33E-01	-1.68E+00										
3.20E+03	-5.30E-01	-1.70E+00										
3.25E+03	-5.28E-01	-1.72E+00										
3.30E+03	-5.25E-01	-1.74E+00										
3.36E+03	-5.22E-01	-1.75E+00										
3.41E+03	-5.19E-01	-1.77E+00										
3.46E+03	-5.17E-01	-1.79E+00										
3.51E+03	-5.14E-01	-1.80E+00										
3.56E+03	-5.11E-01	-1.82E+00										
3.61E+03	-5.08E-01	-1.84E+00										
3.67E+03	-5.06E-01	-1.85E+00										
3.72E+03	-5.03E-01	-1.87E+00										
3.77E+03	-5.00E-01	-1.88E+00										
3.82E+03	-4.98E-01	-1.90E+00										
3.87E+03	-4.95E-01	-1.91E+00										
3.92E+03	-4.92E-01	-1.93E+00										
3.98E+03	-4.90E-01	-1.95E+00										
4.03E+03	-4.87E-01	-1.96E+00										
4.08E+03	-4.85E-01	-1.98E+00										
4.13E+03	-4.82E-01	-1.99E+00										
4.18E+03	-4.79E-01	-2.00E+00										
4.23E+03	-4.77E-01	-2.02E+00										
4.28E+03	-4.74E-01	-2.03E+00										
4.34E+03	-4.71E-01	-2.04E+00										
4.39E+03	-4.69E-01	-2.06E+00										
4.44E+03	-4.66E-01	-2.07E+00										
4.49E+03	-4.64E-01	-2.08E+00										
4.54E+03	-4.61E-01	-2.10E+00										
4.60E+03	-4.58E-01	-2.11E+00										
4.65E+03	-4.56E-01	-2.12E+00										
4.70E+03	-4.53E-01	-2.13E+00										
4.75E+03	-4.51E-01	-2.14E+00										
4.80E+03	-4.48E-01	-2.15E+00										
4.85E+03	-4.46E-01	-2.16E+00										
4.91E+03	-4.43E-01	-2.18E+00										
4.96E+03	-4.41E-01	-2.19E+00										
5.01E+03	-4.38E-01	-2.20E+00										
5.06E+03	-4.36E-01	-2.20E+00										
5.11E+03	-4.33E-01	-2.21E+00										
5.16E+03	-4.31E-01	-2.22E+00										
5.21E+03	-4.28E-01	-2.23E+00										
5.26E+03	-4.26E-01	-2.24E+00										
5.32E+03	-4.24E-01	-2.25E+00										
5.37E+03	-4.21E-01	-2.26E+00										
5.42E+03	-4.19E-01	-2.27E+00										
5.47E+03	-4.16E-01	-2.28E+00										
5.52E+03	-4.13E-01	-2.28E+00										
5.57E+03	-4.11E-01	-2.29E+00										
5.63E+03	-4.09E-01	-2.30E+00										
5.68E+03	-4.06E-01	-2.31E+00										
5.73E+03	-4.04E-01	-2.31E+00										
5.78E+03	-4.01E-01	-2.32E+00										
5.83E+03	-3.99E-01	-2.33E+00										
5.89E+03	-3.96E-01	-2.33E+00										
5.94E+03	-3.94E-01	-2.34E+00										
5.99E+03	-3.91E-01	-2.34E+00										
6.04E+03	-3.89E-01	-2.35E+00										
6.09E+03	-3.86E-01	-2.35E+00										
6.15E+03	-3.84E-01	-2.36E+00										
6.20E+03	-3.81E-01	-2.36E+00										
6.25E+03	-3.79E-01	-2.37E+00										
6.30E+03	-3.76E-01	-2.37E+00										
6.35E+03	-3.74E-01	-2.37E+00										
6.40E+03	-3.71E-01	-2.38E+00										
6.46E+03	-3.69E-01	-2.38E+00										
6.51E+03	-3.66E-01	-2.38E+00										
6.56E+03	-3.64E-01	-2.39E+00										
6.61E+03	-3.61E-01	-2.39E+00										
6.66E+03	-3.59E-01	-2.39E+00										
6.72E+03	-3.56E-01	-2.39E+00										
6.78E+03	-3.53E-01	-2.39E+00										
6.83E+03	-3.50E-01	-2.39E+00										
6.88E+03	-3.48E-01	-2.39E+00										
6.93E+03	-3.45E-01	-2.39E+00										
6.98E+03	-3.42E-01	-2.39E+00										
7.03E+03	-3.40E-01	-2.39E+00										
7.09E+03	-3.37E-01	-2.39E+00										
7.14E+03	-3.35E-01	-2.39E+00										
7.19E+03	-3.32E-01	-2.39E+00										
7.24E+03	-3.30E-01	-2.39E+00										
7.29E+03	-3.27E-01	-2.38E+00										
7.34E+03	-3.24E-01	-2.38E+00										
7.39E+03	-3.22E-01	-2.38E+00										
7.45E+03	-3.19E-01	-2.38E+00										
7.50E+03	-3.16E-01	-2.37E+00										
7.55E+03	-3.14E-01	-2.37E+00										
7.60E+03	-3.11E-01	-2.36E+00										
7.65E+03	-3.09E-01	-2.36E+00										
7.70E+03	-3.06E-01	-2.36E+00										
7.75E+03	-3.03E-01	-2.35E+00										
7.81E+03	-3.00E-01	-2.34E+00										
7.86E+03	-2.97E-01	-2.34E+00										
7.91E+03	-2.95E-01	-2.33E+00										
7.96E+03	-2.92E-01	-2.32E+00										
8.01E+03	-2.89E-01	-2.32E+00										
8.06E+03	-2.87E-01	-2.31E+00										
8.11E+03	-2.84E-01	-2.30E+00										
8.16E+03	-2.81E-01	-2.29E+00										
8.21E+03	-2.79E-01	-2.29E+00										
8.27E+03	-2.75E-01	-2.28E+00										
8.32E+03	-2.73E-01	-2.27E+00										
8.37E+03	-2.70E-01	-2.26E+00										
8.42E+03	-2.67E-01	-2.25E+00										
8.47E+03	-2.64E-01	-2.24E+00										
8.52E+03	-2.60E-01	-2.22E+00										
8.58E+03	-2.57E-01	-2.21E+00										
8.63E+03	-2.54E-01	-2.19E+00										
8.67E+03	-2.51E-01	-2.18E+00										
0.00E+00	-8.60E-01	0.00E+00										
0.00E+00	-9.44E-01	0.00E+00										
0.00E+00	-9.54E-01	0.00E+00										
0.00E+00	-9.58E-01	0.00E+00										
0.00E+00	-9.61E-01	0.00E+00										
0.00E+00	-9.64E-01	0.00E+00										
4.58E+01	-9.65E-01	-4.41E-02										
9.62E+01	-8.78E-01	-8.45E-02										
1.47E+02	-8.34E-01	-1.22E-01										
2.00E+02	-8.13E-01	-1.62E-01										
2.55E+02	-7.97E-01	-2.03E-01										
3.06E+02	-7.83E-01	-2.40E-01										
3.58E+02	-7.72E-01	-2.77E-01										
4.09E+02	-7.63E-01	-3.12E-01										
4.60E+02	-7.54E-01	-3.47E-01										
5.14E+02	-7.47E-01	-3.84E-01										
5.65E+02	-7.39E-01	-4.17E-01										
6.16E+02	-7.31E-01	-4.50E-01										
6.67E+02	-7.25E-01	-4.84E-01										
7.18E+02	-7.18E-01	-5.16E-01										
7.69E+02	-7.12E-01	-5.48E-01										
8.21E+02	-7.06E-01	-5.79E-01										
8.71E+02	-7.00E-01	-6.10E-01										
9.22E+02	-6.95E-01	-6.40E-01										
9.73E+02	-6.90E-01	-6.71E-01										
1.03E+03	-6.84E-01	-7.01E-01										
1.08E+03	-6.79E-01	-7.31E-01										
1.13E+03	-6.74E-01	-7.60E-01										
1.18E+03	-6.69E-01	-7.88E-01										
1.23E+03	-6.65E-01	-8.16E-01										
1.28E+03	-6.61E-01	-8.45E-01										
1.33E+03	-6.56E-01	-8.72E-01										
1.38E+03	-6.52E-01	-9.00E-01										
1.43E+03	-6.47E-01	-9.27E-01										
1.48E+03	-6.43E-01	-9.55E-01										
1.54E+03	-6.39E-01	-9.82E-01										
1.59E+03	-6.35E-01	-1.01E+00										
1.64E+03	-6.31E-01	-1.03E+00										
1.69E+03	-6.27E-01	-1.06E+00										
1.74E+03	-6.23E-01	-1.09E+00										
1.80E+03	-6.19E-01	-1.11E+00										
1.85E+03	-6.16E-01	-1.14E+00										
1.90E+03	-6.12E-01	-1.16E+00										
1.95E+03	-6.08E-01	-1.19E+00										
2.01E+03	-6.05E-01	-1.21E+00										
2.06E+03	-6.01E-01	-1.24E+00										
2.11E+03	-5.98E-01	-1.26E+00										
2.16E+03	-5.94E-01	-1.28E+00										
2.21E+03	-5.91E-01	-1.31E+00										
2.26E+03	-5.88E-01	-1.33E+00										
2.32E+03	-5.84E-01	-1.35E+00										
2.37E+03	-5.81E-01	-1.37E+00										
2.42E+03	-5.77E-01	-1.40E+00										
2.47E+03	-5.74E-01	-1.42E+00										
2.52E+03	-5.72E-01	-1.44E+00										
2.57E+03	-5.68E-01	-1.46E+00										
2.62E+03	-5.65E-01	-1.48E+00										
2.67E+03	-5.62E-01	-1.50E+00										
2.72E+03	-5.59E-01	-1.52E+00										
2.77E+03	-5.56E-01	-1.54E+00										
2.82E+03	-5.53E-01	-1.56E+00										
2.87E+03	-5.50E-01	-1.58E+00										
2.93E+03	-5.47E-01	-1.60E+00										
2.98E+03	-5.44E-01	-1.62E+00										
3.03E+03	-5.41E-01	-1.64E+00										
3.08E+03	-5.38E-01	-1.66E+00										
3.13E+03	-5.35E-01	-1.68E+00										
3.18E+03	-5.32E-01	-1.69E+00										
3.23E+03	-5.29E-01	-1.71E+00										
3.28E+03	-5.27E-01	-1.73E+00										
3.33E+03	-5.24E-01	-1.75E+00										
3.38E+03	-5.21E-01	-1.76E+00										
3.44E+03	-5.19E-01	-1.78E+00										
3.49E+03	-5.16E-01	-1.80E+00										
3.54E+03	-5.13E-01	-1.82E+00										
3.59E+03	-5.10E-01	-1.83E+00										
3.64E+03	-5.07E-01	-1.85E+00										
3.70E+03	-5.04E-01	-1.86E+00										
3.75E+03	-5.02E-01	-1.88E+00										
3.80E+03	-4.99E-01	-1.90E+00										
3.85E+03	-4.97E-01	-1.91E+00										
3.90E+03	-4.94E-01	-1.93E+00										
3.95E+03	-4.91E-01	-1.94E+00										
4.00E+03	-4.88E-01	-1.96E+00										
4.05E+03	-4.86E-01	-1.97E+00										
4.11E+03	-4.84E-01	-1.99E+00										
4.16E+03	-4.81E-01	-2.00E+00										
4.21E+03	-4.78E-01	-2.01E+00										
4.26E+03	-4.76E-01	-2.03E+00										
4.31E+03	-4.73E-01	-2.04E+00										
4.37E+03	-4.70E-01	-2.06E+00										
4.42E+03	-4.68E-01	-2.07E+00										
4.47E+03	-4.65E-01	-2.08E+00										
4.52E+03	-4.63E-01	-2.09E+00										
4.57E+03	-4.60E-01	-2.11E+00										
4.63E+03	-4.58E-01	-2.12E+00										
4.68E+03	-4.55E-01	-2.13E+00										
4.73E+03	-4.53E-01	-2.14E+00										
4.78E+03	-4.50E-01	-2.15E+00										
4.83E+03	-4.48E-01	-2.16E+00										
4.88E+03	-4.45E-01	-2.17E+00										
4.93E+03	-4.43E-01	-2.18E+00										
4.98E+03	-4.40E-01	-2.19E+00										
5.03E+03	-4.38E-01	-2.21E+00										
5.09E+03	-4.35E-01	-2.22E+00										
5.14E+03	-4.33E-01	-2.23E+00										
5.19E+03	-4.30E-01	-2.24E+00										
5.24E+03	-4.28E-01	-2.24E+00										
5.30E+03	-4.26E-01	-2.25E+00										
5.35E+03	-4.23E-01	-2.26E+00										
5.40E+03	-4.21E-01	-2.27E+00										
5.45E+03	-4.18E-01	-2.28E+00										
5.50E+03	-4.16E-01	-2.29E+00										
5.55E+03	-4.14E-01	-2.30E+00										
5.60E+03	-4.11E-01	-2.30E+00										
5.65E+03	-4.08E-01	-2.31E+00										
5.71E+03	-4.06E-01	-2.32E+00										
5.76E+03	-4.04E-01	-2.32E+00										
5.81E+03	-4.01E-01	-2.33E+00										
5.86E+03	-3.99E-01	-2.34E+00										
5.91E+03	-3.96E-01	-2.34E+00										
5.96E+03	-3.94E-01	-2.35E+00										
6.01E+03	-3.92E-01	-2.35E+00										
6.06E+03	-3.89E-01	-2.36E+00										
6.12E+03	-3.87E-01	-2.36E+00										
6.17E+03	-3.84E-01	-2.37E+00										
6.22E+03	-3.81E-01	-2.37E+00										
6.27E+03	-3.79E-01	-2.38E+00										
6.33E+03	-3.76E-01	-2.38E+00										
6.38E+03	-3.74E-01	-2.38E+00										
6.43E+03	-3.72E-01	-2.39E+00										
6.48E+03	-3.69E-01	-2.39E+00										
6.53E+03	-3.66E-01	-2.39E+00										
6.59E+03	-3.64E-01	-2.40E+00										
6.64E+03	-3.61E-01	-2.40E+00										
6.69E+03	-3.59E-01	-2.40E+00										
6.74E+03	-3.56E-01	-2.40E+00										
6.79E+03	-3.54E-01	-2.40E+00										
6.84E+03	-3.51E-01	-2.40E+00										
6.90E+03	-3.48E-01	-2.40E+00										
6.95E+03	-3.46E-01	-2.40E+00										
7.00E+03	-3.44E-01	-2.40E+00										
7.05E+03	-3.41E-01	-2.40E+00										
7.10E+03	-3.38E-01	-2.40E+00										
7.16E+03	-3.36E-01	-2.40E+00										
7.21E+03	-3.33E-01	-2.40E+00										
7.26E+03	-3.31E-01	-2.40E+00										
7.31E+03	-3.28E-01	-2.40E+00										
7.36E+03	-3.25E-01	-2.39E+00										
7.41E+03	-3.23E-01	-2.39E+00										
7.46E+03	-3.20E-01	-2.39E+00										
7.51E+03	-3.17E-01	-2.38E+00										
7.56E+03	-3.15E-01	-2.38E+00										
7.61E+03	-3.12E-01	-2.38E+00										
7.66E+03	-3.10E-01	-2.37E+00										
7.72E+03	-3.07E-01	-2.37E+00										
7.77E+03	-3.04E-01	-2.36E+00										
7.82E+03	-3.01E-01	-2.36E+00										
7.87E+03	-2.99E-01	-2.35E+00										
7.92E+03	-2.96E-01	-2.34E+00										
7.97E+03	-2.93E-01	-2.34E+00										
8.03E+03	-2.90E-01	-2.33E+00										
8.08E+03	-2.87E-01	-2.32E+00										
8.13E+03	-2.85E-01	-2.31E+00										
8.18E+03	-2.82E-01	-2.31E+00										
8.23E+03	-2.79E-01	-2.29E+00										
8.29E+03	-2.76E-01	-2.28E+00										
8.34E+03	-2.73E-01	-2.28E+00										
8.39E+03	-2.70E-01	-2.27E+00										
8.44E+03	-2.68E-01	-2.26E+00										
8.49E+03	-2.64E-01	-2.24E+00										
8.55E+03	-2.62E-01	-2.23E+00										
8.60E+03	-2.58E-01	-2.22E+00										
8.65E+03	-2.55E-01	-2.21E+00										
8.70E+03	-2.53E-01	-2.20E+00										
8.70E+03	-2.52E-01	-2.19E+00										
0.00E+00	-8.61E-01	0.00E+00										
0.00E+00	-9.44E-01	0.00E+00										
0.00E+00	-9.54E-01	0.00E+00										
0.00E+00	-9.58E-01	0.00E+00										
0.00E+00	-9.61E-01	0.00E+00										
0.00E+00	-9.64E-01	0.00E+00										
5.09E+01	-9.64E-01	-4.90E-02										
1.04E+02	-8.69E-01	-9.03E-02										
1.56E+02	-8.29E-01	-1.29E-01										
2.10E+02	-8.09E-01	-1.70E-01										
2.60E+02	-7.94E-01	-2.06E-01										
3.14E+02	-7.82E-01	-2.46E-01										
3.65E+02	-7.71E-01	-2.81E-01										
4.15E+02	-7.62E-01	-3.17E-01										
4.66E+02	-7.54E-01	-3.52E-01										
5.18E+02	-7.46E-01	-3.86E-01										
5.69E+02	-7.38E-01	-4.20E-01										
6.19E+02	-7.31E-01	-4.52E-01										
6.72E+02	-7.24E-01	-4.86E-01										
7.22E+02	-7.18E-01	-5.18E-01										
7.73E+02	-7.12E-01	-5.50E-01										
8.25E+02	-7.06E-01	-5.82E-01										
8.76E+02	-7.00E-01	-6.13E-01										
9.27E+02	-6.95E-01	-6.44E-01										
9.77E+02	-6.90E-01	-6.74E-01										
1.03E+03	-6.84E-01	-7.05E-01										
1.08E+03	-6.79E-01	-7.34E-01										
1.13E+03	-6.74E-01	-7.65E-01										
1.19E+03	-6.69E-01	-7.93E-01										
1.24E+03	-6.65E-01	-8.22E-01										
1.29E+03	-6.60E-01	-8.49E-01										
1.34E+03	-6.56E-01	-8.77E-01										
1.39E+03	-6.52E-01	-9.04E-01										
1.44E+03	-6.47E-01	-9.31E-01										
1.49E+03	-6.44E-01	-9.58E-01										
1.54E+03	-6.39E-01	-9.84E-01										
1.59E+03	-6.35E-01	-1.01E+00										
1.64E+03	-6.31E-01	-1.04E+00										
1.69E+03	-6.28E-01	-1.06E+00										
1.74E+03	-6.24E-01	-1.09E+00										
1.80E+03	-6.20E-01	-1.12E+00										
1.86E+03	-6.15E-01	-1.14E+00										
1.91E+03	-6.12E-01	-1.17E+00										
1.96E+03	-6.08E-01	-1.19E+00										
2.01E+03	-6.05E-01	-1.22E+00										
2.07E+03	-6.01E-01	-1.24E+00										
2.12E+03	-5.98E-01	-1.27E+00										
2.17E+03	-5.94E-01	-1.29E+00										
2.22E+03	-5.91E-01	-1.31E+00										
2.27E+03	-5.87E-01	-1.34E+00										
2.33E+03	-5.84E-01	-1.36E+00										
2.38E+03	-5.81E-01	-1.38E+00										
2.43E+03	-5.77E-01	-1.40E+00										
2.48E+03	-5.74E-01	-1.42E+00										
2.53E+03	-5.71E-01	-1.45E+00										
2.58E+03	-5.68E-01	-1.47E+00										
2.63E+03	-5.65E-01	-1.49E+00										
2.68E+03	-5.62E-01	-1.51E+00										
2.74E+03	-5.59E-01	-1.53E+00										
2.79E+03	-5.56E-01	-1.55E+00										
2.84E+03	-5.53E-01	-1.57E+00										
2.89E+03	-5.50E-01	-1.59E+00										
2.94E+03	-5.47E-01	-1.61E+00										
2.99E+03	-5.44E-01	-1.63E+00										
3.04E+03	-5.41E-01	-1.65E+00										
3.09E+03	-5.38E-01	-1.67E+00										
3.14E+03	-5.35E-01	-1.68E+00										
3.20E+03	-5.33E-01	-1.70E+00										
3.25E+03	-5.29E-01	-1.72E+00										
3.30E+03	-5.27E-01	-1.74E+00										
3.35E+03	-5.24E-01	-1.76E+00										
3.41E+03	-5.21E-01	-1.77E+00										
3.46E+03	-5.18E-01	-1.79E+00										
3.51E+03	-5.16E-01	-1.81E+00										
3.56E+03	-5.13E-01	-1.83E+00										
3.61E+03	-5.10E-01	-1.84E+00										
3.66E+03	-5.07E-01	-1.86E+00										
3.72E+03	-5.05E-01	-1.88E+00										
3.77E+03	-5.02E-01	-1.89E+00										
3.82E+03	-5.00E-01	-1.91E+00										
3.88E+03	-4.97E-01	-1.92E+00										
3.93E+03	-4.94E-01	-1.94E+00										
3.98E+03	-4.91E-01	-1.96E+00										
4.03E+03	-4.89E-01	-1.97E+00										
4.08E+03	-4.86E-01	-1.98E+00										
4.14E+03	-4.83E-01	-2.00E+00										
4.19E+03	-4.81E-01	-2.01E+00										
4.24E+03	-4.78E-01	-2.03E+00										
4.29E+03	-4.76E-01	-2.04E+00										
4.34E+03	-4.73E-01	-2.05E+00										
4.40E+03	-4.71E-01	-2.07E+00										
4.45E+03	-4.68E-01	-2.08E+00										
4.50E+03	-4.65E-01	-2.09E+00										
4.55E+03	-4.63E-01	-2.11E+00										
4.60E+03	-4.60E-01	-2.12E+00										
4.65E+03	-4.58E-01	-2.13E+00										
4.70E+03	-4.56E-01	-2.14E+00										
4.75E+03	-4.53E-01	-2.15E+00										
4.80E+03	-4.50E-01	-2.16E+00										
4.86E+03	-4.48E-01	-2.18E+00										
4.91E+03	-4.45E-01	-2.19E+00										
4.96E+03	-4.43E-01	-2.20E+00										
5.01E+03	-4.41E-01	-2.21E+00										
5.07E+03	-4.38E-01	-2.22E+00										
5.12E+03	-4.36E-01	-2.23E+00										
5.17E+03	-4.33E-01	-2.24E+00										
5.22E+03	-4.31E-01	-2.25E+00										
5.27E+03	-4.28E-01	-2.26E+00										
5.32E+03	-4.26E-01	-2.27E+00										
5.37E+03	-4.23E-01	-2.27E+00										
5.43E+03	-4.21E-01	-2.28E+00										
5.48E+03	-4.18E-01	-2.29E+00										
5.53E+03	-4.16E-01	-2.30E+00										
5.58E+03	-4.14E-01	-2.31E+00										
5.63E+03	-4.11E-01	-2.31E+00										
5.68E+03	-4.09E-01	-2.32E+00										
5.73E+03	-4.06E-01	-2.33E+00										
5.78E+03	-4.04E-01	-2.34E+00										
5.84E+03	-4.01E-01	-2.34E+00										
5.89E+03	-3.99E-01	-2.35E+00										
5.94E+03	-3.97E-01	-2.36E+00										
5.99E+03	-3.94E-01	-2.36E+00										
6.04E+03	-3.92E-01	-2.37E+00										
6.10E+03	-3.89E-01	-2.37E+00										
6.15E+03	-3.87E-01	-2.38E+00										
6.20E+03	-3.85E-01	-2.38E+00										
6.25E+03	-3.82E-01	-2.39E+00										
6.30E+03	-3.79E-01	-2.39E+00										
6.35E+03	-3.77E-01	-2.39E+00										
6.40E+03	-3.74E-01	-2.40E+00										
6.46E+03	-3.72E-01	-2.40E+00										
6.51E+03	-3.69E-01	-2.40E+00										
6.56E+03	-3.66E-01	-2.40E+00										
6.62E+03	-3.64E-01	-2.41E+00										
6.67E+03	-3.61E-01	-2.41E+00										
6.72E+03	-3.59E-01	-2.41E+00										
6.77E+03	-3.56E-01	-2.41E+00										
6.82E+03	-3.54E-01	-2.41E+00										
6.87E+03	-3.51E-01	-2.41E+00										
6.93E+03	-3.49E-01	-2.42E+00										
6.98E+03	-3.46E-01	-2.41E+00										
7.03E+03	-3.44E-01	-2.42E+00										
7.08E+03	-3.41E-01	-2.41E+00										
7.13E+03	-3.38E-01	-2.41E+00										
7.18E+03	-3.36E-01	-2.41E+00										
7.24E+03	-3.33E-01	-2.41E+00										
7.29E+03	-3.30E-01	-2.41E+00										
7.34E+03	-3.28E-01	-2.41E+00										
7.39E+03	-3.25E-01	-2.41E+00										
7.44E+03	-3.23E-01	-2.40E+00										
7.49E+03	-3.20E-01	-2.40E+00										
7.55E+03	-3.17E-01	-2.39E+00										
7.60E+03	-3.15E-01	-2.39E+00										
7.65E+03	-3.12E-01	-2.39E+00										
7.70E+03	-3.09E-01	-2.38E+00										
7.75E+03	-3.06E-01	-2.37E+00										
7.80E+03	-3.04E-01	-2.37E+00										
7.85E+03	-3.01E-01	-2.36E+00										
7.91E+03	-2.98E-01	-2.36E+00										
7.96E+03	-2.95E-01	-2.35E+00										
8.01E+03	-2.93E-01	-2.35E+00										
8.06E+03	-2.90E-01	-2.34E+00										
8.11E+03	-2.87E-01	-2.33E+00										
8.16E+03	-2.85E-01	-2.32E+00										
8.21E+03	-2.82E-01	-2.31E+00										
8.27E+03	-2.79E-01	-2.30E+00										
8.32E+03	-2.76E-01	-2.29E+00										
8.37E+03	-2.73E-01	-2.29E+00										
8.42E+03	-2.70E-01	-2.28E+00										
8.47E+03	-2.67E-01	-2.26E+00										
8.52E+03	-2.65E-01	-2.26E+00										
8.57E+03	-2.61E-01	-2.24E+00										
8.62E+03	-2.59E-01	-2.23E+00										
8.67E+03	-2.56E-01	-2.22E+00										
8.72E+03	-2.53E-01	-2.21E+00										
8.74E+03	-2.51E-01	-2.20E+00										
0.00E+00	-8.61E-01	0.00E+00										
0.00E+00	-9.44E-01	0.00E+00										
0.00E+00	-9.53E-01	0.00E+00										
0.00E+00	-9.58E-01	0.00E+00										
0.00E+00	-9.61E-01	0.00E+00										
0.00E+00	-9.64E-01	0.00E+00										
4.83E+01	-9.64E-01	-4.66E-02										
9.92E+01	-8.74E-01	-8.67E-02										
1.56E+02	-8.32E-01	-1.30E-01										
2.07E+02	-8.09E-01	-1.68E-01										
2.59E+02	-7.94E-01	-2.05E-01										
3.11E+02	-7.83E-01	-2.43E-01										
3.62E+02	-7.72E-01	-2.79E-01										
4.13E+02	-7.63E-01	-3.15E-01										
4.64E+02	-7.54E-01	-3.50E-01										
5.15E+02	-7.46E-01	-3.84E-01										
5.66E+02	-7.39E-01	-4.18E-01										
6.17E+02	-7.32E-01	-4.51E-01										
6.68E+02	-7.25E-01	-4.84E-01										
7.19E+02	-7.18E-01	-5.17E-01										
7.73E+02	-7.12E-01	-5.50E-01										
8.24E+02	-7.06E-01	-5.82E-01										
8.75E+02	-7.01E-01	-6.13E-01										
9.27E+02	-6.95E-01	-6.44E-01										
9.78E+02	-6.90E-01	-6.75E-01										
1.03E+03	-6.85E-01	-7.04E-01										
1.08E+03	-6.79E-01	-7.33E-01										
1.13E+03	-6.74E-01	-7.62E-01										
1.18E+03	-6.70E-01	-7.90E-01										
1.23E+03	-6.66E-01	-8.19E-01										
1.28E+03	-6.61E-01	-8.47E-01										
1.33E+03	-6.57E-01	-8.74E-01										
1.38E+03	-6.52E-01	-9.01E-01										
1.43E+03	-6.48E-01	-9.29E-01										
1.48E+03	-6.44E-01	-9.55E-01										
1.54E+03	-6.40E-01	-9.83E-01										
1.59E+03	-6.36E-01	-1.01E+00										
1.64E+03	-6.32E-01	-1.04E+00										
1.69E+03	-6.28E-01	-1.06E+00										
1.74E+03	-6.24E-01	-1.09E+00										
1.80E+03	-6.20E-01	-1.11E+00										
1.85E+03	-6.17E-01	-1.14E+00										
1.90E+03	-6.13E-01	-1.16E+00										
1.96E+03	-6.09E-01	-1.19E+00										
2.01E+03	-6.06E-01	-1.22E+00										
2.06E+03	-6.02E-01	-1.24E+00										
2.11E+03	-5.99E-01	-1.26E+00										
2.16E+03	-5.95E-01	-1.29E+00										
2.22E+03	-5.91E-01	-1.31E+00										
2.27E+03	-5.88E-01	-1.33E+00										
2.32E+03	-5.85E-01	-1.36E+00										
2.37E+03	-5.82E-01	-1.38E+00										
2.42E+03	-5.79E-01	-1.40E+00										
2.48E+03	-5.75E-01	-1.42E+00										
2.53E+03	-5.73E-01	-1.45E+00										
2.58E+03	-5.69E-01	-1.47E+00										
2.63E+03	-5.66E-01	-1.49E+00										
2.68E+03	-5.63E-01	-1.51E+00										
2.73E+03	-5.60E-01	-1.53E+00										
2.79E+03	-5.57E-01	-1.55E+00										
2.84E+03	-5.53E-01	-1.57E+00										
2.89E+03	-5.51E-01	-1.59E+00										
2.94E+03	-5.48E-01	-1.61E+00										
3.00E+03	-5.44E-01	-1.63E+00										
3.05E+03	-5.42E-01	-1.65E+00										
3.10E+03	-5.39E-01	-1.67E+00										
3.15E+03	-5.36E-01	-1.69E+00										
3.20E+03	-5.33E-01	-1.71E+00										
3.25E+03	-5.30E-01	-1.72E+00										
3.31E+03	-5.27E-01	-1.74E+00										
3.36E+03	-5.25E-01	-1.76E+00										
3.41E+03	-5.22E-01	-1.78E+00										
3.46E+03	-5.19E-01	-1.80E+00										
3.52E+03	-5.16E-01	-1.82E+00										
3.57E+03	-5.13E-01	-1.83E+00										
3.62E+03	-5.10E-01	-1.85E+00										
3.67E+03	-5.08E-01	-1.87E+00										
3.73E+03	-5.05E-01	-1.88E+00										
3.78E+03	-5.03E-01	-1.90E+00										
3.83E+03	-5.00E-01	-1.91E+00										
3.88E+03	-4.97E-01	-1.93E+00										
3.93E+03	-4.94E-01	-1.94E+00										
3.98E+03	-4.92E-01	-1.96E+00										
4.03E+03	-4.89E-01	-1.97E+00										
4.08E+03	-4.87E-01	-1.99E+00										
4.14E+03	-4.84E-01	-2.00E+00										
4.19E+03	-4.82E-01	-2.02E+00										
4.24E+03	-4.79E-01	-2.03E+00										
4.29E+03	-4.77E-01	-2.04E+00										
4.35E+03	-4.74E-01	-2.06E+00										
4.40E+03	-4.71E-01	-2.07E+00										
4.45E+03	-4.69E-01	-2.08E+00										
4.50E+03	-4.66E-01	-2.10E+00										
4.55E+03	-4.64E-01	-2.11E+00										
4.60E+03	-4.61E-01	-2.12E+00										
4.65E+03	-4.59E-01	-2.14E+00										
4.70E+03	-4.56E-01	-2.15E+00										
4.76E+03	-4.54E-01	-2.16E+00										
4.81E+03	-4.51E-01	-2.17E+00										
4.86E+03	-4.49E-01	-2.18E+00										
4.91E+03	-4.46E-01	-2.19E+00										
4.96E+03	-4.44E-01	-2.20E+00										
5.01E+03	-4.41E-01	-2.21E+00										
5.07E+03	-4.39E-01	-2.23E+00										
5.12E+03	-4.36E-01	-2.23E+00										
5.17E+03	-4.34E-01	-2.24E+00										
5.23E+03	-4.31E-01	-2.25E+00										
5.28E+03	-4.29E-01	-2.26E+00										
5.33E+03	-4.26E-01	-2.27E+00										
5.38E+03	-4.24E-01	-2.28E+00										
5.43E+03	-4.21E-01	-2.29E+00										
5.48E+03	-4.19E-01	-2.30E+00										
5.54E+03	-4.17E-01	-2.31E+00										
5.59E+03	-4.14E-01	-2.31E+00										
5.64E+03	-4.12E-01	-2.32E+00										
5.69E+03	-4.09E-01	-2.33E+00										
5.74E+03	-4.07E-01	-2.33E+00										
5.79E+03	-4.05E-01	-2.34E+00										
5.85E+03	-4.02E-01	-2.35E+00										
5.90E+03	-3.99E-01	-2.36E+00										
5.96E+03	-3.97E-01	-2.36E+00										
6.01E+03	-3.94E-01	-2.37E+00										
6.06E+03	-3.92E-01	-2.37E+00										
6.11E+03	-3.89E-01	-2.38E+00										
6.16E+03	-3.87E-01	-2.38E+00										
6.21E+03	-3.84E-01	-2.39E+00										
6.26E+03	-3.82E-01	-2.39E+00										
6.31E+03	-3.79E-01	-2.40E+00										
6.37E+03	-3.77E-01	-2.40E+00										
6.42E+03	-3.74E-01	-2.40E+00										
6.47E+03	-3.72E-01	-2.41E+00										
6.52E+03	-3.69E-01	-2.41E+00										
6.57E+03	-3.67E-01	-2.41E+00										
6.62E+03	-3.64E-01	-2.41E+00										
6.67E+03	-3.62E-01	-2.42E+00										
6.73E+03	-3.59E-01	-2.42E+00										
6.78E+03	-3.57E-01	-2.42E+00										
6.83E+03	-3.54E-01	-2.42E+00										
6.88E+03	-3.52E-01	-2.42E+00										
6.93E+03	-3.49E-01	-2.42E+00										
6.98E+03	-3.47E-01	-2.42E+00										
7.03E+03	-3.44E-01	-2.42E+00										
7.08E+03	-3.41E-01	-2.42E+00										
7.14E+03	-3.39E-01	-2.42E+00										
7.19E+03	-3.36E-01	-2.42E+00										
7.24E+03	-3.34E-01	-2.42E+00										
7.30E+03	-3.31E-01	-2.41E+00										
7.35E+03	-3.28E-01	-2.41E+00										
7.40E+03	-3.26E-01	-2.41E+00										
7.45E+03	-3.23E-01	-2.41E+00										
7.50E+03	-3.21E-01	-2.40E+00										
7.55E+03	-3.18E-01	-2.40E+00										
7.60E+03	-3.15E-01	-2.39E+00										
7.66E+03	-3.12E-01	-2.39E+00										
7.71E+03	-3.10E-01	-2.39E+00										
7.76E+03	-3.07E-01	-2.38E+00										
7.81E+03	-3.04E-01	-2.38E+00										
7.86E+03	-3.01E-01	-2.37E+00										
7.91E+03	-2.99E-01	-2.36E+00										
7.96E+03	-2.96E-01	-2.36E+00										
8.01E+03	-2.93E-01	-2.35E+00										
8.06E+03	-2.90E-01	-2.34E+00										
8.12E+03	-2.88E-01	-2.34E+00										
8.17E+03	-2.85E-01	-2.33E+00										
8.22E+03	-2.82E-01	-2.32E+00										
8.27E+03	-2.80E-01	-2.31E+00										
8.32E+03	-2.76E-01	-2.30E+00										
8.37E+03	-2.73E-01	-2.29E+00										
8.42E+03	-2.70E-01	-2.28E+00										
8.48E+03	-2.68E-01	-2.27E+00										
8.53E+03	-2.64E-01	-2.25E+00										
8.58E+03	-2.62E-01	-2.24E+00										
8.63E+03	-2.59E-01	-2.23E+00										
8.69E+03	-2.56E-01	-2.22E+00										
8.74E+03	-2.52E-01	-2.20E+00										
8.75E+03	-2.52E-01	-2.20E+00										
0.00E+00	-8.61E-01	0.00E+00										
0.00E+00	-9.44E-01	0.00E+00										
0.00E+00	-9.53E-01	0.00E+00										
0.00E+00	-9.58E-01	0.00E+00										
0.00E+00	-9.61E-01	0.00E+00										
0.00E+00	-9.64E-01	0.00E+00										
5.44E+01	-9.64E-01	-5.25E-02										
1.06E+02	-8.68E-01	-9.24E-02										
1.58E+02	-8.28E-01	-1.31E-01										
2.09E+02	-8.10E-01	-1.69E-01										
2.59E+02	-7.94E-01	-2.06E-01										
3.11E+02	-7.83E-01	-2.43E-01										
3.61E+02	-7.72E-01	-2.79E-01										
4.12E+02	-7.63E-01	-3.14E-01										
4.63E+02	-7.54E-01	-3.49E-01										
5.14E+02	-7.46E-01	-3.83E-01										
5.68E+02	-7.39E-01	-4.20E-01										
6.19E+02	-7.32E-01	-4.53E-01										
6.70E+02	-7.24E-01	-4.85E-01										
7.21E+02	-7.18E-01	-5.18E-01										
7.72E+02	-7.12E-01	-5.50E-01										
8.25E+02	-7.06E-01	-5.82E-01										
8.78E+02	-7.01E-01	-6.15E-01										
9.30E+02	-6.95E-01	-6.46E-01										
9.81E+02	-6.89E-01	-6.76E-01										
1.03E+03	-6.84E-01	-7.07E-01										
1.09E+03	-6.79E-01	-7.37E-01										
1.14E+03	-6.74E-01	-7.66E-01										
1.19E+03	-6.69E-01	-7.95E-01										
1.24E+03	-6.65E-01	-8.24E-01										
1.29E+03	-6.60E-01	-8.51E-01										
1.34E+03	-6.56E-01	-8.80E-01										
1.39E+03	-6.52E-01	-9.07E-01										
1.44E+03	-6.48E-01	-9.35E-01										
1.50E+03	-6.43E-01	-9.63E-01										
1.55E+03	-6.39E-01	-9.90E-01										
1.60E+03	-6.35E-01	-1.02E+00										
1.65E+03	-6.31E-01	-1.04E+00										
1.70E+03	-6.27E-01	-1.07E+00										
1.75E+03	-6.23E-01	-1.09E+00										
1.80E+03	-6.20E-01	-1.12E+00										
1.85E+03	-6.16E-01	-1.14E+00										
1.91E+03	-6.13E-01	-1.17E+00										
1.96E+03	-6.09E-01	-1.19E+00										
2.01E+03	-6.05E-01	-1.22E+00										
2.06E+03	-6.02E-01	-1.24E+00										
2.11E+03	-5.98E-01	-1.26E+00										
2.16E+03	-5.95E-01	-1.29E+00										
2.21E+03	-5.91E-01	-1.31E+00										
2.27E+03	-5.88E-01	-1.33E+00										
2.32E+03	-5.85E-01	-1.36E+00										
2.37E+03	-5.82E-01	-1.38E+00										
2.42E+03	-5.78E-01	-1.40E+00										
2.47E+03	-5.75E-01	-1.42E+00										
2.52E+03	-5.72E-01	-1.44E+00										
2.57E+03	-5.69E-01	-1.46E+00										
2.63E+03	-5.66E-01	-1.49E+00										
2.68E+03	-5.63E-01	-1.51E+00										
2.73E+03	-5.60E-01	-1.53E+00										
2.78E+03	-5.57E-01	-1.55E+00										
2.83E+03	-5.54E-01	-1.57E+00										
2.89E+03	-5.50E-01	-1.59E+00										
2.94E+03	-5.48E-01	-1.61E+00										
2.99E+03	-5.45E-01	-1.63E+00										
3.04E+03	-5.42E-01	-1.65E+00										
3.09E+03	-5.39E-01	-1.67E+00										
3.14E+03	-5.36E-01	-1.68E+00										
3.20E+03	-5.33E-01	-1.70E+00										
3.25E+03	-5.30E-01	-1.72E+00										
3.30E+03	-5.28E-01	-1.74E+00										
3.35E+03	-5.25E-01	-1.76E+00										
3.40E+03	-5.22E-01	-1.77E+00										
3.45E+03	-5.19E-01	-1.79E+00										
3.50E+03	-5.16E-01	-1.81E+00										
3.55E+03	-5.14E-01	-1.83E+00										
3.60E+03	-5.11E-01	-1.84E+00										
3.66E+03	-5.08E-01	-1.86E+00										
3.71E+03	-5.06E-01	-1.87E+00										
3.76E+03	-5.03E-01	-1.89E+00										
3.81E+03	-5.00E-01	-1.91E+00										
3.86E+03	-4.98E-01	-1.92E+00										
3.92E+03	-4.95E-01	-1.94E+00										
3.97E+03	-4.92E-01	-1.95E+00										
4.02E+03	-4.90E-01	-1.97E+00										
4.07E+03	-4.87E-01	-1.98E+00										
4.12E+03	-4.85E-01	-2.00E+00										
4.17E+03	-4.82E-01	-2.01E+00										
4.22E+03	-4.79E-01	-2.02E+00										
4.27E+03	-4.77E-01	-2.04E+00										
4.32E+03	-4.74E-01	-2.05E+00										
4.37E+03	-4.72E-01	-2.06E+00										
4.42E+03	-4.69E-01	-2.08E+00										
4.48E+03	-4.67E-01	-2.09E+00										
4.53E+03	-4.64E-01	-2.10E+00										
4.58E+03	-4.62E-01	-2.11E+00										
4.63E+03	-4.59E-01	-2.13E+00										
4.68E+03	-4.57E-01	-2.14E+00										
4.73E+03	-4.54E-01	-2.15E+00										
4.79E+03	-4.52E-01	-2.16E+00										
4.84E+03	-4.49E-01	-2.17E+00										
4.89E+03	-4.47E-01	-2.18E+00										
4.94E+03	-4.44E-01	-2.19E+00										
4.99E+03	-4.42E-01	-2.20E+00										
5.04E+03	-4.39E-01	-2.22E+00										
5.10E+03	-4.37E-01	-2.23E+00										
5.15E+03	-4.34E-01	-2.24E+00										
5.20E+03	-4.32E-01	-2.24E+00										
5.25E+03	-4.29E-01	-2.25E+00										
5.30E+03	-4.27E-01	-2.26E+00										
5.36E+03	-4.25E-01	-2.27E+00										
5.41E+03	-4.22E-01	-2.28E+00										
5.46E+03	-4.20E-01	-2.29E+00										
5.51E+03	-4.17E-01	-2.30E+00										
5.56E+03	-4.15E-01	-2.31E+00										
5.62E+03	-4.12E-01	-2.31E+00										
5.67E+03	-4.10E-01	-2.32E+00										
5.72E+03	-4.07E-01	-2.33E+00										
5.77E+03	-4.05E-01	-2.34E+00										
5.82E+03	-4.03E-01	-2.34E+00										
5.87E+03	-4.00E-01	-2.35E+00										
5.92E+03	-3.97E-01	-2.35E+00										
5.97E+03	-3.95E-01	-2.36E+00										
6.02E+03	-3.93E-01	-2.37E+00										
6.07E+03	-3.90E-01	-2.37E+00										
6.13E+03	-3.88E-01	-2.38E+00										
6.18E+03	-3.85E-01	-2.38E+00										
6.23E+03	-3.83E-01	-2.38E+00										
6.28E+03	-3.80E-01	-2.39E+00										
6.33E+03	-3.78E-01	-2.39E+00										
6.38E+03	-3.75E-01	-2.39E+00										
6.43E+03	-3.73E-01	-2.40E+00										
6.49E+03	-3.70E-01	-2.40E+00										
6.54E+03	-3.68E-01	-2.40E+00										
6.59E+03	-3.65E-01	-2.41E+00										
6.64E+03	-3.63E-01	-2.41E+00										
6.69E+03	-3.60E-01	-2.41E+00										
6.74E+03	-3.58E-01	-2.41E+00										
6.79E+03	-3.55E-01	-2.41E+00										
6.85E+03	-3.53E-01	-2.41E+00										
6.90E+03	-3.50E-01	-2.42E+00										
6.95E+03	-3.48E-01	-2.42E+00										
7.00E+03	-3.45E-01	-2.42E+00										
7.05E+03	-3.42E-01	-2.42E+00										
7.10E+03	-3.40E-01	-2.42E+00										
7.15E+03	-3.37E-01	-2.41E+00										
7.20E+03	-3.35E-01	-2.41E+00										
7.26E+03	-3.32E-01	-2.41E+00										
7.31E+03	-3.30E-01	-2.41E+00										
7.36E+03	-3.27E-01	-2.41E+00										
7.41E+03	-3.24E-01	-2.40E+00										
7.46E+03	-3.22E-01	-2.40E+00										
7.51E+03	-3.19E-01	-2.40E+00										
7.57E+03	-3.16E-01	-2.39E+00										
7.62E+03	-3.14E-01	-2.39E+00										
7.67E+03	-3.11E-01	-2.39E+00										
7.72E+03	-3.08E-01	-2.38E+00										
7.77E+03	-3.06E-01	-2.37E+00										
7.82E+03	-3.03E-01	-2.37E+00										
7.87E+03	-3.00E-01	-2.36E+00										
7.93E+03	-2.97E-01	-2.36E+00										
7.98E+03	-2.94E-01	-2.35E+00										
8.04E+03	-2.91E-01	-2.34E+00										
8.09E+03	-2.89E-01	-2.33E+00										
8.14E+03	-2.86E-01	-2.33E+00										
8.19E+03	-2.83E-01	-2.32E+00										
8.25E+03	-2.80E-01	-2.31E+00										
8.30E+03	-2.77E-01	-2.30E+00										
8.35E+03	-2.74E-01	-2.29E+00										
8.40E+03	-2.71E-01	-2.28E+00										
8.45E+03	-2.69E-01	-2.27E+00										
8.50E+03	-2.66E-01	-2.26E+00										
8.55E+03	-2.63E-01	-2.25E+00										
8.60E+03	-2.60E-01	-2.23E+00										
8.65E+03	-2.57E-01	-2.22E+00										
8.70E+03	-2.54E-01	-2.21E+00										
8.74E+03	-2.52E-01	-2.20E+00										
0.00E+00	-8.60E-01	0.00E+00										
0.00E+00	-9.44E-01	0.00E+00										
0.00E+00	-9.53E-01	0.00E+00										
0.00E+00	-9.58E-01	0.00E+00										
0.00E+00	-9.61E-01	0.00E+00										
0.00E+00	-9.64E-01	0.00E+00										
4.42E+01	-9.64E-01	-4.26E-02										
9.46E+01	-8.80E-01	-8.32E-02										
1.46E+02	-8.34E-01	-1.22E-01										
1.96E+02	-8.12E-01	-1.60E-01										
2.53E+02	-7.97E-01	-2.02E-01										
3.05E+02	-7.84E-01	-2.39E-01										
3.55E+02	-7.73E-01	-2.75E-01										
4.07E+02	-7.64E-01	-3.11E-01										
4.59E+02	-7.55E-01	-3.47E-01										
5.12E+02	-7.47E-01	-3.82E-01										
5.66E+02	-7.40E-01	-4.19E-01										
6.18E+02	-7.31E-01	-4.52E-01										
6.68E+02	-7.25E-01	-4.84E-01										
7.18E+02	-7.19E-01	-5.16E-01										
7.69E+02	-7.12E-01	-5.48E-01										
8.20E+02	-7.06E-01	-5.79E-01										
8.72E+02	-7.01E-01	-6.11E-01										
9.23E+02	-6.95E-01	-6.42E-01										
9.73E+02	-6.90E-01	-6.72E-01										
1.02E+03	-6.85E-01	-7.01E-01										
1.08E+03	-6.80E-01	-7.32E-01										
1.13E+03	-6.75E-01	-7.61E-01										
1.18E+03	-6.70E-01	-7.90E-01										
1.23E+03	-6.65E-01	-8.20E-01										
1.28E+03	-6.61E-01	-8.49E-01										
1.34E+03	-6.56E-01	-8.78E-01										
1.39E+03	-6.52E-01	-9.06E-01										
1.44E+03	-6.48E-01	-9.33E-01										
1.50E+03	-6.44E-01	-9.63E-01										
1.55E+03	-6.39E-01	-9.89E-01										
1.60E+03	-6.35E-01	-1.01E+00										
1.65E+03	-6.31E-01	-1.04E+00										
1.70E+03	-6.27E-01	-1.07E+00										
1.76E+03	-6.23E-01	-1.10E+00										
1.81E+03	-6.19E-01	-1.12E+00										
1.86E+03	-6.16E-01	-1.15E+00										
1.91E+03	-6.12E-01	-1.17E+00										
1.96E+03	-6.09E-01	-1.19E+00										
2.01E+03	-6.05E-01	-1.22E+00										
2.06E+03	-6.01E-01	-1.24E+00										
2.12E+03	-5.99E-01	-1.27E+00										
2.17E+03	-5.95E-01	-1.29E+00										
2.22E+03	-5.92E-01	-1.31E+00										
2.27E+03	-5.88E-01	-1.34E+00										
2.32E+03	-5.85E-01	-1.36E+00										
2.37E+03	-5.82E-01	-1.38E+00										
2.42E+03	-5.79E-01	-1.40E+00										
2.47E+03	-5.75E-01	-1.42E+00										
2.53E+03	-5.72E-01	-1.45E+00										
2.58E+03	-5.69E-01	-1.47E+00										
2.63E+03	-5.66E-01	-1.49E+00										
2.68E+03	-5.63E-01	-1.51E+00										
2.73E+03	-5.60E-01	-1.53E+00										
2.78E+03	-5.57E-01	-1.55E+00										
2.83E+03	-5.54E-01	-1.57E+00										
2.89E+03	-5.51E-01	-1.59E+00										
2.94E+03	-5.48E-01	-1.61E+00										
2.99E+03	-5.45E-01	-1.63E+00										
3.04E+03	-5.42E-01	-1.65E+00										
3.09E+03	-5.39E-01	-1.67E+00										
3.14E+03	-5.36E-01	-1.68E+00										
3.19E+03	-5.34E-01	-1.70E+00										
3.24E+03	-5.30E-01	-1.72E+00										
3.30E+03	-5.28E-01	-1.74E+00										
3.35E+03	-5.25E-01	-1.76E+00										
3.40E+03	-5.22E-01	-1.78E+00										
3.45E+03	-5.20E-01	-1.79E+00										
3.50E+03	-5.17E-01	-1.81E+00										
3.55E+03	-5.14E-01	-1.82E+00										
3.60E+03	-5.12E-01	-1.84E+00										
3.65E+03	-5.09E-01	-1.86E+00										
3.70E+03	-5.06E-01	-1.87E+00										
3.76E+03	-5.03E-01	-1.89E+00										
3.81E+03	-5.01E-01	-1.91E+00										
3.86E+03	-4.98E-01	-1.92E+00										
3.91E+03	-4.95E-01	-1.94E+00										
3.97E+03	-4.93E-01	-1.95E+00										
4.02E+03	-4.90E-01	-1.97E+00										
4.07E+03	-4.88E-01	-1.98E+00										
4.12E+03	-4.85E-01	-2.00E+00										
4.17E+03	-4.83E-01	-2.01E+00										
4.22E+03	-4.80E-01	-2.03E+00										
4.27E+03	-4.78E-01	-2.04E+00										
4.33E+03	-4.75E-01	-2.06E+00										
4.38E+03	-4.72E-01	-2.07E+00										
4.43E+03	-4.70E-01	-2.08E+00										
4.48E+03	-4.67E-01	-2.09E+00										
4.53E+03	-4.65E-01	-2.11E+00										
4.58E+03	-4.62E-01	-2.12E+00										
4.64E+03	-4.60E-01	-2.13E+00										
4.69E+03	-4.57E-01	-2.14E+00										
4.74E+03	-4.54E-01	-2.15E+00										
4.79E+03	-4.52E-01	-2.17E+00										
4.84E+03	-4.50E-01	-2.18E+00										
4.89E+03	-4.47E-01	-2.19E+00										
4.94E+03	-4.45E-01	-2.20E+00										
5.00E+03	-4.42E-01	-2.21E+00										
5.05E+03	-4.40E-01	-2.22E+00										
5.11E+03	-4.37E-01	-2.23E+00										
5.16E+03	-4.35E-01	-2.24E+00										
5.21E+03	-4.32E-01	-2.25E+00										
5.26E+03	-4.30E-01	-2.26E+00										
5.31E+03	-4.27E-01	-2.27E+00										
5.36E+03	-4.25E-01	-2.28E+00										
5.42E+03	-4.22E-01	-2.29E+00										
5.47E+03	-4.20E-01	-2.30E+00										
5.53E+03	-4.17E-01	-2.31E+00										
5.58E+03	-4.15E-01	-2.31E+00										
5.63E+03	-4.12E-01	-2.32E+00										
5.68E+03	-4.10E-01	-2.33E+00										
5.74E+03	-4.07E-01	-2.34E+00										
5.79E+03	-4.05E-01	-2.34E+00										
5.84E+03	-4.02E-01	-2.35E+00										
5.89E+03	-4.00E-01	-2.36E+00										
5.95E+03	-3.97E-01	-2.36E+00										
6.00E+03	-3.95E-01	-2.37E+00										
6.05E+03	-3.92E-01	-2.37E+00										
6.10E+03	-3.90E-01	-2.38E+00										
6.15E+03	-3.88E-01	-2.39E+00										
6.20E+03	-3.85E-01	-2.39E+00										
6.26E+03	-3.83E-01	-2.39E+00										
6.31E+03	-3.80E-01	-2.40E+00										
6.36E+03	-3.78E-01	-2.40E+00										
6.41E+03	-3.75E-01	-2.40E+00										
6.46E+03	-3.72E-01	-2.41E+00										
6.51E+03	-3.70E-01	-2.41E+00										
6.56E+03	-3.67E-01	-2.41E+00										
6.62E+03	-3.65E-01	-2.42E+00										
6.67E+03	-3.62E-01	-2.42E+00										
6.72E+03	-3.60E-01	-2.42E+00										
6.77E+03	-3.58E-01	-2.42E+00										
6.82E+03	-3.55E-01	-2.42E+00										
6.87E+03	-3.53E-01	-2.42E+00										
6.92E+03	-3.50E-01	-2.42E+00										
6.98E+03	-3.47E-01	-2.42E+00										
7.03E+03	-3.45E-01	-2.42E+00										
7.08E+03	-3.42E-01	-2.42E+00										
7.13E+03	-3.40E-01	-2.42E+00										
7.19E+03	-3.37E-01	-2.42E+00										
7.24E+03	-3.34E-01	-2.42E+00										
7.29E+03	-3.32E-01	-2.42E+00										
7.34E+03	-3.29E-01	-2.42E+00										
7.39E+03	-3.27E-01	-2.41E+00										
7.44E+03	-3.24E-01	-2.41E+00										
7.50E+03	-3.21E-01	-2.41E+00										
7.55E+03	-3.18E-01	-2.40E+00										
7.60E+03	-3.16E-01	-2.40E+00										
7.65E+03	-3.13E-01	-2.39E+00										
7.70E+03	-3.11E-01	-2.39E+00										
7.75E+03	-3.08E-01	-2.39E+00										
7.80E+03	-3.05E-01	-2.38E+00										
7.86E+03	-3.02E-01	-2.38E+00										
7.91E+03	-3.00E-01	-2.37E+00										
7.96E+03	-2.97E-01	-2.36E+00										
8.02E+03	-2.94E-01	-2.36E+00										
8.07E+03	-2.91E-01	-2.35E+00										
8.12E+03	-2.88E-01	-2.34E+00										
8.17E+03	-2.86E-01	-2.33E+00										
8.22E+03	-2.83E-01	-2.32E+00										
8.27E+03	-2.80E-01	-2.32E+00										
8.33E+03	-2.77E-01	-2.31E+00										
8.38E+03	-2.74E-01	-2.29E+00										
8.43E+03	-2.71E-01	-2.29E+00										
8.48E+03	-2.68E-01	-2.27E+00										
8.53E+03	-2.65E-01	-2.27E+00										
8.59E+03	-2.62E-01	-2.25E+00										
8.64E+03	-2.59E-01	-2.24E+00										
8.69E+03	-2.56E-01	-2.23E+00										
8.74E+03	-2.53E-01	-2.21E+00										
8.77E+03	-2.51E-01	-2.20E+00										
0.00E+00	-8.60E-01	0.00E+00										
0.00E+00	-9.44E-01	0.00E+00										
0.00E+00	-9.53E-01	0.00E+00										
0.00E+00	-9.58E-01	0.00E+00										
0.00E+00	-9.61E-01	0.00E+00										
0.00E+00	-9.64E-01	0.00E+00										
5.39E+01	-9.64E-01	-5.20E-02										
1.04E+02	-8.65E-01	-9.03E-02										
1.58E+02	-8.30E-01	-1.31E-01										
2.09E+02	-8.09E-01	-1.69E-01										
2.59E+02	-7.94E-01	-2.06E-01										
3.10E+02	-7.82E-01	-2.43E-01										
3.64E+02	-7.72E-01	-2.81E-01										
4.17E+02	-7.62E-01	-3.18E-01										
4.68E+02	-7.54E-01	-3.53E-01										
5.19E+02	-7.45E-01	-3.87E-01										
5.70E+02	-7.38E-01	-4.21E-01										
6.23E+02	-7.31E-01	-4.55E-01										
6.74E+02	-7.24E-01	-4.88E-01										
7.27E+02	-7.18E-01	-5.22E-01										
7.81E+02	-7.11E-01	-5.55E-01										
8.31E+02	-7.05E-01	-5.86E-01										
8.83E+02	-7.00E-01	-6.18E-01										
9.39E+02	-6.94E-01	-6.52E-01										
9.90E+02	-6.88E-01	-6.81E-01										
1.04E+03	-6.83E-01	-7.14E-01										
1.10E+03	-6.78E-01	-7.43E-01										
1.15E+03	-6.74E-01	-7.72E-01										
1.20E+03	-6.69E-01	-8.00E-01										
1.25E+03	-6.64E-01	-8.29E-01										
1.30E+03	-6.59E-01	-8.59E-01										
1.35E+03	-6.55E-01	-8.86E-01										
1.40E+03	-6.51E-01	-9.14E-01										
1.46E+03	-6.47E-01	-9.41E-01										
1.51E+03	-6.42E-01	-9.68E-01										
1.56E+03	-6.39E-01	-9.96E-01										
1.61E+03	-6.35E-01	-1.02E+00										
1.66E+03	-6.31E-01	-1.05E+00										
1.72E+03	-6.27E-01	-1.08E+00										
1.77E+03	-6.23E-01	-1.10E+00										
1.82E+03	-6.19E-01	-1.13E+00										
1.87E+03	-6.15E-01	-1.15E+00										
1.92E+03	-6.12E-01	-1.18E+00										
1.97E+03	-6.08E-01	-1.20E+00										
2.02E+03	-6.05E-01	-1.22E+00										
2.07E+03	-6.01E-01	-1.25E+00										
2.13E+03	-5.98E-01	-1.27E+00										
2.18E+03	-5.94E-01	-1.30E+00										
2.23E+03	-5.91E-01	-1.32E+00										
2.28E+03	-5.87E-01	-1.34E+00										
2.33E+03	-5.84E-01	-1.36E+00										
2.39E+03	-5.81E-01	-1.39E+00										
2.44E+03	-5.78E-01	-1.41E+00										
2.49E+03	-5.75E-01	-1.43E+00										
2.54E+03	-5.72E-01	-1.45E+00										
2.59E+03	-5.69E-01	-1.47E+00										
2.64E+03	-5.65E-01	-1.49E+00										
2.69E+03	-5.62E-01	-1.52E+00										
2.75E+03	-5.59E-01	-1.54E+00										
2.80E+03	-5.56E-01	-1.56E+00										
2.85E+03	-5.53E-01	-1.58E+00										
2.90E+03	-5.51E-01	-1.60E+00										
2.95E+03	-5.48E-01	-1.61E+00										
3.00E+03	-5.45E-01	-1.64E+00										
3.05E+03	-5.42E-01	-1.65E+00										
3.11E+03	-5.39E-01	-1.67E+00										
3.16E+03	-5.36E-01	-1.69E+00										
3.21E+03	-5.33E-01	-1.71E+00										
3.27E+03	-5.30E-01	-1.73E+00										
3.32E+03	-5.27E-01	-1.75E+00										
3.37E+03	-5.24E-01	-1.77E+00										
3.42E+03	-5.21E-01	-1.78E+00										
3.47E+03	-5.19E-01	-1.80E+00										
3.52E+03	-5.16E-01	-1.82E+00										
3.57E+03	-5.14E-01	-1.84E+00										
3.63E+03	-5.11E-01	-1.85E+00										
3.68E+03	-5.08E-01	-1.87E+00										
3.73E+03	-5.05E-01	-1.89E+00										
3.78E+03	-5.02E-01	-1.90E+00										
3.83E+03	-5.00E-01	-1.92E+00										
3.88E+03	-4.97E-01	-1.93E+00										
3.94E+03	-4.95E-01	-1.95E+00										
3.99E+03	-4.92E-01	-1.96E+00										
4.04E+03	-4.89E-01	-1.98E+00										
4.09E+03	-4.87E-01	-1.99E+00										
4.14E+03	-4.84E-01	-2.01E+00										
4.19E+03	-4.82E-01	-2.02E+00										
4.24E+03	-4.79E-01	-2.03E+00										
4.29E+03	-4.77E-01	-2.05E+00										
4.34E+03	-4.74E-01	-2.06E+00										
4.40E+03	-4.72E-01	-2.07E+00										
4.45E+03	-4.69E-01	-2.09E+00										
4.50E+03	-4.67E-01	-2.10E+00										
4.55E+03	-4.64E-01	-2.11E+00										
4.61E+03	-4.62E-01	-2.13E+00										
4.66E+03	-4.59E-01	-2.14E+00										
4.71E+03	-4.56E-01	-2.15E+00										
4.77E+03	-4.54E-01	-2.16E+00										
4.82E+03	-4.51E-01	-2.17E+00										
4.87E+03	-4.49E-01	-2.19E+00										
4.92E+03	-4.46E-01	-2.20E+00										
4.97E+03	-4.44E-01	-2.21E+00										
5.03E+03	-4.41E-01	-2.22E+00										
5.08E+03	-4.39E-01	-2.23E+00										
5.13E+03	-4.36E-01	-2.24E+00										
5.18E+03	-4.34E-01	-2.25E+00										
5.23E+03	-4.32E-01	-2.26E+00										
5.28E+03	-4.29E-01	-2.27E+00										
5.33E+03	-4.27E-01	-2.27E+00										
5.38E+03	-4.25E-01	-2.29E+00										
5.43E+03	-4.22E-01	-2.29E+00										
5.49E+03	-4.19E-01	-2.30E+00										
5.54E+03	-4.17E-01	-2.31E+00										
5.59E+03	-4.15E-01	-2.32E+00										
5.64E+03	-4.12E-01	-2.33E+00										
5.69E+03	-4.10E-01	-2.33E+00										
5.74E+03	-4.07E-01	-2.34E+00										
5.79E+03	-4.05E-01	-2.35E+00										
5.84E+03	-4.02E-01	-2.35E+00										
5.90E+03	-4.00E-01	-2.36E+00										
5.95E+03	-3.97E-01	-2.36E+00										
6.00E+03	-3.95E-01	-2.37E+00										
6.05E+03	-3.93E-01	-2.38E+00										
6.11E+03	-3.90E-01	-2.38E+00										
6.16E+03	-3.88E-01	-2.39E+00										
6.21E+03	-3.85E-01	-2.39E+00										
6.26E+03	-3.83E-01	-2.40E+00										
6.31E+03	-3.80E-01	-2.40E+00										
6.37E+03	-3.78E-01	-2.40E+00										
6.42E+03	-3.75E-01	-2.41E+00										
6.47E+03	-3.73E-01	-2.41E+00										
6.52E+03	-3.70E-01	-2.42E+00										
6.57E+03	-3.67E-01	-2.42E+00										
6.62E+03	-3.65E-01	-2.42E+00										
6.68E+03	-3.63E-01	-2.42E+00										
6.73E+03	-3.60E-01	-2.42E+00										
6.78E+03	-3.57E-01	-2.42E+00										
6.83E+03	-3.55E-01	-2.43E+00										
6.88E+03	-3.52E-01	-2.43E+00										
6.93E+03	-3.50E-01	-2.43E+00										
6.99E+03	-3.47E-01	-2.43E+00										
7.04E+03	-3.45E-01	-2.43E+00										
7.09E+03	-3.42E-01	-2.43E+00										
7.14E+03	-3.40E-01	-2.43E+00										
7.19E+03	-3.37E-01	-2.43E+00										
7.24E+03	-3.34E-01	-2.42E+00										
7.30E+03	-3.32E-01	-2.42E+00										
7.35E+03	-3.29E-01	-2.42E+00										
7.40E+03	-3.27E-01	-2.42E+00										
7.45E+03	-3.24E-01	-2.41E+00										
7.50E+03	-3.21E-01	-2.41E+00										
7.55E+03	-3.19E-01	-2.41E+00										
7.60E+03	-3.16E-01	-2.40E+00										
7.66E+03	-3.13E-01	-2.40E+00										
7.71E+03	-3.11E-01	-2.40E+00										
7.76E+03	-3.08E-01	-2.39E+00										
7.81E+03	-3.05E-01	-2.38E+00										
7.86E+03	-3.02E-01	-2.38E+00										
7.91E+03	-3.00E-01	-2.37E+00										
7.97E+03	-2.97E-01	-2.37E+00										
8.02E+03	-2.94E-01	-2.36E+00										
8.07E+03	-2.92E-01	-2.35E+00										
8.12E+03	-2.89E-01	-2.35E+00										
8.17E+03	-2.86E-01	-2.34E+00										
8.22E+03	-2.83E-01	-2.33E+00										
8.27E+03	-2.80E-01	-2.32E+00										
8.32E+03	-2.78E-01	-2.31E+00										
8.38E+03	-2.74E-01	-2.30E+00										
8.43E+03	-2.72E-01	-2.29E+00										
8.48E+03	-2.69E-01	-2.28E+00										
8.53E+03	-2.66E-01	-2.27E+00										
8.58E+03	-2.63E-01	-2.26E+00										
8.63E+03	-2.60E-01	-2.24E+00										
8.68E+03	-2.57E-01	-2.23E+00										
8.73E+03	-2.54E-01	-2.22E+00										
8.77E+03	-2.51E-01	-2.21E+00										
0.00E+00	-8.61E-01	0.00E+00										
0.00E+00	-9.44E-01	0.00E+00										
0.00E+00	-9.53E-01	0.00E+00										
0.00E+00	-9.58E-01	0.00E+00										
0.00E+00	-9.61E-01	0.00E+00										
0.00E+00	-9.64E-01	0.00E+00										
5.24E+01	-9.64E-01	-5.05E-02										
1.03E+02	-8.68E-01	-8.97E-02										
1.54E+02	-8.30E-01	-1.28E-01										
2.06E+02	-8.10E-01	-1.67E-01										
2.61E+02	-7.94E-01	-2.07E-01										
3.11E+02	-7.82E-01	-2.43E-01										
3.62E+02	-7.72E-01	-2.80E-01										
4.13E+02	-7.63E-01	-3.15E-01										
4.67E+02	-7.54E-01	-3.52E-01										
5.17E+02	-7.46E-01	-3.86E-01										
5.68E+02	-7.39E-01	-4.20E-01										
6.20E+02	-7.31E-01	-4.53E-01										
6.71E+02	-7.25E-01	-4.86E-01										
7.21E+02	-7.18E-01	-5.18E-01										
7.74E+02	-7.12E-01	-5.51E-01										
8.25E+02	-7.07E-01	-5.83E-01										
8.76E+02	-7.00E-01	-6.13E-01										
9.26E+02	-6.95E-01	-6.44E-01										
9.78E+02	-6.90E-01	-6.74E-01										
1.03E+03	-6.84E-01	-7.06E-01										
1.08E+03	-6.80E-01	-7.35E-01										
1.13E+03	-6.74E-01	-7.65E-01										
1.19E+03	-6.70E-01	-7.94E-01										
1.24E+03	-6.65E-01	-8.22E-01										
1.29E+03	-6.61E-01	-8.50E-01										
1.34E+03	-6.56E-01	-8.78E-01										
1.39E+03	-6.52E-01	-9.06E-01										
1.44E+03	-6.48E-01	-9.34E-01										
1.49E+03	-6.43E-01	-9.60E-01										
1.54E+03	-6.40E-01	-9.87E-01										
1.60E+03	-6.36E-01	-1.01E+00										
1.65E+03	-6.31E-01	-1.04E+00										
1.70E+03	-6.27E-01	-1.07E+00										
1.75E+03	-6.24E-01	-1.09E+00										
1.81E+03	-6.20E-01	-1.12E+00										
1.86E+03	-6.16E-01	-1.14E+00										
1.91E+03	-6.12E-01	-1.17E+00										
1.96E+03	-6.09E-01	-1.19E+00										
2.01E+03	-6.06E-01	-1.22E+00										
2.06E+03	-6.02E-01	-1.24E+00										
2.11E+03	-5.99E-01	-1.26E+00										
2.16E+03	-5.95E-01	-1.29E+00										
2.21E+03	-5.92E-01	-1.31E+00										
2.27E+03	-5.89E-01	-1.34E+00										
2.32E+03	-5.85E-01	-1.36E+00										
2.37E+03	-5.82E-01	-1.38E+00										
2.42E+03	-5.79E-01	-1.40E+00										
2.47E+03	-5.76E-01	-1.42E+00										
2.53E+03	-5.73E-01	-1.45E+00										
2.58E+03	-5.69E-01	-1.47E+00										
2.63E+03	-5.66E-01	-1.49E+00										
2.68E+03	-5.63E-01	-1.51E+00										
2.73E+03	-5.60E-01	-1.53E+00										
2.79E+03	-5.57E-01	-1.55E+00										
2.84E+03	-5.54E-01	-1.57E+00										
2.89E+03	-5.51E-01	-1.59E+00										
2.94E+03	-5.48E-01	-1.61E+00										
2.99E+03	-5.45E-01	-1.63E+00										
3.04E+03	-5.42E-01	-1.65E+00										
3.09E+03	-5.40E-01	-1.67E+00										
3.14E+03	-5.37E-01	-1.69E+00										
3.19E+03	-5.34E-01	-1.70E+00										
3.24E+03	-5.31E-01	-1.72E+00										
3.29E+03	-5.28E-01	-1.74E+00										
3.35E+03	-5.26E-01	-1.76E+00										
3.40E+03	-5.23E-01	-1.78E+00										
3.45E+03	-5.20E-01	-1.79E+00										
3.50E+03	-5.17E-01	-1.81E+00										
3.55E+03	-5.14E-01	-1.83E+00										
3.60E+03	-5.12E-01	-1.84E+00										
3.65E+03	-5.09E-01	-1.86E+00										
3.70E+03	-5.06E-01	-1.88E+00										
3.76E+03	-5.04E-01	-1.89E+00										
3.81E+03	-5.01E-01	-1.91E+00										
3.86E+03	-4.99E-01	-1.92E+00										
3.91E+03	-4.96E-01	-1.94E+00										
3.97E+03	-4.93E-01	-1.96E+00										
4.02E+03	-4.90E-01	-1.97E+00										
4.07E+03	-4.88E-01	-1.99E+00										
4.13E+03	-4.85E-01	-2.00E+00										
4.18E+03	-4.82E-01	-2.02E+00										
4.23E+03	-4.80E-01	-2.03E+00										
4.28E+03	-4.77E-01	-2.04E+00										
4.33E+03	-4.75E-01	-2.06E+00										
4.38E+03	-4.72E-01	-2.07E+00										
4.43E+03	-4.70E-01	-2.08E+00										
4.48E+03	-4.67E-01	-2.10E+00										
4.54E+03	-4.65E-01	-2.11E+00										
4.59E+03	-4.63E-01	-2.12E+00										
4.64E+03	-4.60E-01	-2.13E+00										
4.69E+03	-4.57E-01	-2.14E+00										
4.74E+03	-4.55E-01	-2.16E+00										
4.79E+03	-4.52E-01	-2.17E+00										
4.85E+03	-4.50E-01	-2.18E+00										
4.90E+03	-4.47E-01	-2.19E+00										
4.95E+03	-4.45E-01	-2.20E+00										
5.00E+03	-4.42E-01	-2.21E+00										
5.06E+03	-4.40E-01	-2.22E+00										
5.11E+03	-4.37E-01	-2.23E+00										
5.16E+03	-4.35E-01	-2.24E+00										
5.21E+03	-4.32E-01	-2.25E+00										
5.26E+03	-4.30E-01	-2.26E+00										
5.31E+03	-4.28E-01	-2.27E+00										
5.36E+03	-4.25E-01	-2.28E+00										
5.41E+03	-4.23E-01	-2.29E+00										
5.46E+03	-4.20E-01	-2.30E+00										
5.52E+03	-4.18E-01	-2.31E+00										
5.57E+03	-4.16E-01	-2.31E+00										
5.62E+03	-4.13E-01	-2.32E+00										
5.68E+03	-4.10E-01	-2.33E+00										
5.73E+03	-4.08E-01	-2.34E+00										
5.78E+03	-4.05E-01	-2.34E+00										
5.83E+03	-4.03E-01	-2.35E+00										
5.88E+03	-4.00E-01	-2.36E+00										
5.93E+03	-3.98E-01	-2.36E+00										
5.98E+03	-3.96E-01	-2.37E+00										
6.04E+03	-3.93E-01	-2.37E+00										
6.09E+03	-3.91E-01	-2.38E+00										
6.14E+03	-3.88E-01	-2.39E+00										
6.19E+03	-3.86E-01	-2.39E+00										
6.25E+03	-3.83E-01	-2.39E+00										
6.30E+03	-3.80E-01	-2.40E+00										
6.35E+03	-3.78E-01	-2.40E+00										
6.40E+03	-3.75E-01	-2.40E+00										
6.46E+03	-3.73E-01	-2.41E+00										
6.51E+03	-3.71E-01	-2.41E+00										
6.56E+03	-3.68E-01	-2.41E+00										
6.61E+03	-3.65E-01	-2.42E+00										
6.66E+03	-3.63E-01	-2.42E+00										
6.72E+03	-3.60E-01	-2.42E+00										
6.77E+03	-3.58E-01	-2.42E+00										
6.82E+03	-3.55E-01	-2.42E+00										
6.87E+03	-3.53E-01	-2.42E+00										
6.92E+03	-3.50E-01	-2.42E+00										
6.97E+03	-3.48E-01	-2.42E+00										
7.02E+03	-3.45E-01	-2.42E+00										
7.08E+03	-3.42E-01	-2.42E+00										
7.13E+03	-3.40E-01	-2.42E+00										
7.18E+03	-3.37E-01	-2.42E+00										
7.23E+03	-3.35E-01	-2.42E+00										
7.28E+03	-3.32E-01	-2.42E+00										
7.33E+03	-3.30E-01	-2.42E+00										
7.38E+03	-3.27E-01	-2.41E+00										
7.43E+03	-3.24E-01	-2.41E+00										
7.49E+03	-3.21E-01	-2.41E+00										
7.54E+03	-3.19E-01	-2.40E+00										
7.59E+03	-3.16E-01	-2.40E+00										
7.64E+03	-3.13E-01	-2.40E+00										
7.69E+03	-3.11E-01	-2.39E+00										
7.74E+03	-3.08E-01	-2.38E+00										
7.80E+03	-3.05E-01	-2.38E+00										
7.85E+03	-3.02E-01	-2.37E+00										
7.90E+03	-3.00E-01	-2.37E+00										
7.95E+03	-2.97E-01	-2.36E+00										
8.00E+03	-2.94E-01	-2.35E+00										
8.05E+03	-2.91E-01	-2.35E+00										
8.10E+03	-2.89E-01	-2.34E+00										
8.16E+03	-2.86E-01	-2.33E+00										
8.21E+03	-2.83E-01	-2.32E+00										
8.27E+03	-2.80E-01	-2.31E+00										
8.32E+03	-2.77E-01	-2.30E+00										
8.37E+03	-2.74E-01	-2.29E+00										
8.42E+03	-2.71E-01	-2.28E+00										
8.47E+03	-2.68E-01	-2.27E+00										
8.52E+03	-2.65E-01	-2.26E+00										
8.58E+03	-2.62E-01	-2.25E+00										
8.63E+03	-2.59E-01	-2.24E+00										
8.68E+03	-2.56E-01	-2.22E+00										
8.73E+03	-2.53E-01	-2.21E+00										
8.76E+03	-2.51E-01	-2.20E+00										
0.00E+00	-8.60E-01	0.00E+00										
0.00E+00	-9.44E-01	0.00E+00										
0.00E+00	-9.53E-01	0.00E+00										
0.00E+00	-9.58E-01	0.00E+00										
0.00E+00	-9.61E-01	0.00E+00										
0.00E+00	-9.64E-01	0.00E+00										
4.58E+01	-9.64E-01	-4.41E-02										
9.62E+01	-8.76E-01	-8.42E-02										
1.51E+02	-8.34E-01	-1.26E-01										
2.02E+02	-8.11E-01	-1.63E-01										
2.53E+02	-7.96E-01	-2.01E-01										
3.05E+02	-7.83E-01	-2.39E-01										
3.57E+02	-7.73E-01	-2.76E-01										
4.11E+02	-7.63E-01	-3.14E-01										
4.62E+02	-7.54E-01	-3.49E-01										
5.13E+02	-7.46E-01	-3.83E-01										
5.64E+02	-7.39E-01	-4.17E-01										
6.17E+02	-7.32E-01	-4.52E-01										
6.68E+02	-7.25E-01	-4.84E-01										
7.19E+02	-7.19E-01	-5.17E-01										
7.70E+02	-7.13E-01	-5.49E-01										
8.22E+02	-7.06E-01	-5.81E-01										
8.73E+02	-7.00E-01	-6.11E-01										
9.25E+02	-6.95E-01	-6.43E-01										
9.76E+02	-6.90E-01	-6.73E-01										
1.03E+03	-6.84E-01	-7.03E-01										
1.08E+03	-6.79E-01	-7.34E-01										
1.13E+03	-6.74E-01	-7.63E-01										
1.18E+03	-6.70E-01	-7.92E-01										
1.23E+03	-6.65E-01	-8.21E-01										
1.28E+03	-6.60E-01	-8.48E-01										
1.33E+03	-6.56E-01	-8.76E-01										
1.39E+03	-6.52E-01	-9.04E-01										
1.44E+03	-6.48E-01	-9.30E-01										
1.49E+03	-6.43E-01	-9.57E-01										
1.54E+03	-6.40E-01	-9.84E-01										
1.59E+03	-6.36E-01	-1.01E+00										
1.64E+03	-6.32E-01	-1.04E+00										
1.69E+03	-6.27E-01	-1.06E+00										
1.74E+03	-6.24E-01	-1.09E+00										
1.80E+03	-6.20E-01	-1.11E+00										
1.85E+03	-6.16E-01	-1.14E+00										
1.90E+03	-6.13E-01	-1.16E+00										
1.95E+03	-6.09E-01	-1.19E+00										
2.00E+03	-6.06E-01	-1.21E+00										
2.05E+03	-6.02E-01	-1.24E+00										
2.11E+03	-5.98E-01	-1.26E+00										
2.16E+03	-5.95E-01	-1.29E+00										
2.21E+03	-5.91E-01	-1.31E+00										
2.26E+03	-5.88E-01	-1.33E+00										
2.31E+03	-5.85E-01	-1.35E+00										
2.37E+03	-5.82E-01	-1.38E+00										
2.42E+03	-5.78E-01	-1.40E+00										
2.48E+03	-5.75E-01	-1.42E+00										
2.53E+03	-5.71E-01	-1.45E+00										
2.58E+03	-5.68E-01	-1.47E+00										
2.64E+03	-5.65E-01	-1.49E+00										
2.69E+03	-5.62E-01	-1.51E+00										
2.74E+03	-5.59E-01	-1.53E+00										
2.79E+03	-5.56E-01	-1.55E+00										
2.84E+03	-5.53E-01	-1.57E+00										
2.89E+03	-5.50E-01	-1.59E+00										
2.95E+03	-5.47E-01	-1.61E+00										
3.00E+03	-5.44E-01	-1.63E+00										
3.05E+03	-5.41E-01	-1.65E+00										
3.11E+03	-5.38E-01	-1.67E+00										
3.16E+03	-5.35E-01	-1.69E+00										
3.21E+03	-5.32E-01	-1.71E+00										
3.26E+03	-5.29E-01	-1.73E+00										
3.32E+03	-5.26E-01	-1.74E+00										
3.37E+03	-5.23E-01	-1.76E+00										
3.42E+03	-5.20E-01	-1.78E+00										
3.47E+03	-5.18E-01	-1.80E+00										
3.52E+03	-5.15E-01	-1.81E+00										
3.57E+03	-5.12E-01	-1.83E+00										
3.62E+03	-5.09E-01	-1.85E+00										
3.67E+03	-5.07E-01	-1.86E+00										
3.72E+03	-5.04E-01	-1.88E+00										
3.78E+03	-5.02E-01	-1.89E+00										
3.83E+03	-4.99E-01	-1.91E+00										
3.88E+03	-4.96E-01	-1.92E+00										
3.93E+03	-4.94E-01	-1.94E+00										
3.98E+03	-4.91E-01	-1.96E+00										
4.04E+03	-4.88E-01	-1.97E+00										
4.09E+03	-4.86E-01	-1.99E+00										
4.14E+03	-4.83E-01	-2.00E+00										
4.19E+03	-4.80E-01	-2.01E+00										
4.24E+03	-4.78E-01	-2.03E+00										
4.30E+03	-4.75E-01	-2.04E+00										
4.35E+03	-4.73E-01	-2.06E+00										
4.40E+03	-4.70E-01	-2.07E+00										
4.45E+03	-4.68E-01	-2.08E+00										
4.50E+03	-4.65E-01	-2.09E+00										
4.55E+03	-4.63E-01	-2.11E+00										
4.60E+03	-4.60E-01	-2.12E+00										
4.66E+03	-4.58E-01	-2.13E+00										
4.71E+03	-4.55E-01	-2.14E+00										
4.76E+03	-4.52E-01	-2.15E+00										
4.81E+03	-4.50E-01	-2.16E+00										
4.87E+03	-4.48E-01	-2.18E+00										
4.92E+03	-4.45E-01	-2.19E+00										
4.97E+03	-4.42E-01	-2.20E+00										
5.02E+03	-4.40E-01	-2.21E+00										
5.07E+03	-4.37E-01	-2.22E+00										
5.13E+03	-4.35E-01	-2.23E+00										
5.18E+03	-4.32E-01	-2.24E+00										
5.23E+03	-4.30E-01	-2.25E+00										
5.28E+03	-4.27E-01	-2.26E+00										
5.33E+03	-4.25E-01	-2.27E+00										
5.38E+03	-4.23E-01	-2.27E+00										
5.43E+03	-4.20E-01	-2.28E+00										
5.48E+03	-4.18E-01	-2.29E+00										
5.54E+03	-4.16E-01	-2.30E+00										
5.59E+03	-4.13E-01	-2.31E+00										
5.64E+03	-4.10E-01	-2.31E+00										
5.69E+03	-4.08E-01	-2.32E+00										
5.74E+03	-4.05E-01	-2.33E+00										
5.79E+03	-4.03E-01	-2.33E+00										
5.84E+03	-4.01E-01	-2.34E+00										
5.89E+03	-3.98E-01	-2.35E+00										
5.95E+03	-3.96E-01	-2.35E+00										
6.00E+03	-3.93E-01	-2.36E+00										
6.05E+03	-3.91E-01	-2.36E+00										
6.10E+03	-3.88E-01	-2.37E+00										
6.16E+03	-3.86E-01	-2.37E+00										
6.21E+03	-3.83E-01	-2.38E+00										
6.26E+03	-3.80E-01	-2.38E+00										
6.32E+03	-3.78E-01	-2.39E+00										
6.37E+03	-3.75E-01	-2.39E+00										
6.42E+03	-3.73E-01	-2.39E+00										
6.47E+03	-3.70E-01	-2.40E+00										
6.52E+03	-3.68E-01	-2.40E+00										
6.58E+03	-3.65E-01	-2.40E+00										
6.63E+03	-3.63E-01	-2.40E+00										
6.68E+03	-3.60E-01	-2.41E+00										
6.73E+03	-3.58E-01	-2.41E+00										
6.78E+03	-3.55E-01	-2.41E+00										
6.83E+03	-3.53E-01	-2.41E+00										
6.88E+03	-3.50E-01	-2.41E+00										
6.94E+03	-3.48E-01	-2.41E+00										
6.99E+03	-3.45E-01	-2.41E+00										
7.04E+03	-3.42E-01	-2.41E+00										
7.09E+03	-3.40E-01	-2.41E+00										
7.14E+03	-3.37E-01	-2.41E+00										
7.20E+03	-3.34E-01	-2.41E+00										
7.25E+03	-3.32E-01	-2.40E+00										
7.30E+03	-3.29E-01	-2.40E+00										
7.35E+03	-3.27E-01	-2.40E+00										
7.40E+03	-3.24E-01	-2.40E+00										
7.46E+03	-3.21E-01	-2.39E+00										
7.51E+03	-3.18E-01	-2.39E+00										
7.56E+03	-3.16E-01	-2.39E+00										
7.61E+03	-3.13E-01	-2.38E+00										
7.66E+03	-3.10E-01	-2.38E+00										
7.71E+03	-3.08E-01	-2.37E+00										
7.76E+03	-3.05E-01	-2.37E+00										
7.82E+03	-3.02E-01	-2.36E+00										
7.87E+03	-2.99E-01	-2.35E+00										
7.92E+03	-2.96E-01	-2.35E+00										
7.97E+03	-2.94E-01	-2.34E+00										
8.02E+03	-2.91E-01	-2.33E+00										
8.08E+03	-2.88E-01	-2.33E+00										
8.13E+03	-2.85E-01	-2.32E+00										
8.18E+03	-2.82E-01	-2.31E+00										
8.23E+03	-2.80E-01	-2.30E+00										
8.28E+03	-2.77E-01	-2.29E+00										
8.34E+03	-2.74E-01	-2.28E+00										
8.39E+03	-2.71E-01	-2.27E+00										
8.44E+03	-2.68E-01	-2.26E+00										
8.49E+03	-2.65E-01	-2.25E+00										
8.54E+03	-2.62E-01	-2.23E+00										
8.59E+03	-2.59E-01	-2.22E+00										
8.64E+03	-2.56E-01	-2.21E+00										
8.70E+03	-2.53E-01	-2.20E+00										
8.71E+03	-2.52E-01	-2.19E+00										
0.00E+00	-8.60E-01	0.00E+00										
0.00E+00	-9.44E-01	0.00E+00										
0.00E+00	-9.53E-01	0.00E+00										
0.00E+00	-9.58E-01	0.00E+00										
0.00E+00	-9.61E-01	0.00E+00										
0.00E+00	-9.64E-01	0.00E+00										
4.32E+01	-9.64E-01	-4.17E-02										
9.62E+01	-8.87E-01	-8.53E-02										
1.47E+02	-8.33E-01	-1.22E-01										
1.98E+02	-8.12E-01	-1.60E-01										
2.51E+02	-7.97E-01	-2.00E-01										
3.04E+02	-7.84E-01	-2.39E-01										
3.56E+02	-7.73E-01	-2.75E-01										
4.11E+02	-7.63E-01	-3.14E-01										
4.64E+02	-7.54E-01	-3.50E-01										
5.16E+02	-7.45E-01	-3.84E-01										
5.68E+02	-7.38E-01	-4.19E-01										
6.20E+02	-7.31E-01	-4.53E-01										
6.72E+02	-7.24E-01	-4.86E-01										
7.26E+02	-7.17E-01	-5.21E-01										
7.77E+02	-7.11E-01	-5.52E-01										
8.27E+02	-7.05E-01	-5.83E-01										
8.78E+02	-7.00E-01	-6.15E-01										
9.30E+02	-6.94E-01	-6.45E-01										
9.81E+02	-6.89E-01	-6.76E-01										
1.03E+03	-6.83E-01	-7.05E-01										
1.08E+03	-6.79E-01	-7.35E-01										
1.13E+03	-6.74E-01	-7.63E-01										
1.18E+03	-6.69E-01	-7.92E-01										
1.24E+03	-6.64E-01	-8.22E-01										
1.29E+03	-6.60E-01	-8.51E-01										
1.34E+03	-6.55E-01	-8.79E-01										
1.39E+03	-6.51E-01	-9.06E-01										
1.44E+03	-6.47E-01	-9.33E-01										
1.49E+03	-6.42E-01	-9.60E-01										
1.55E+03	-6.39E-01	-9.88E-01										
1.60E+03	-6.34E-01	-1.01E+00										
1.65E+03	-6.31E-01	-1.04E+00										
1.70E+03	-6.26E-01	-1.06E+00										
1.75E+03	-6.23E-01	-1.09E+00										
1.80E+03	-6.19E-01	-1.12E+00										
1.85E+03	-6.16E-01	-1.14E+00										
1.90E+03	-6.12E-01	-1.16E+00										
1.95E+03	-6.08E-01	-1.19E+00										
2.00E+03	-6.05E-01	-1.21E+00										
2.06E+03	-6.02E-01	-1.24E+00										
2.11E+03	-5.98E-01	-1.26E+00										
2.16E+03	-5.94E-01	-1.29E+00										
2.22E+03	-5.91E-01	-1.31E+00										
2.27E+03	-5.87E-01	-1.33E+00										
2.32E+03	-5.84E-01	-1.35E+00										
2.37E+03	-5.81E-01	-1.38E+00										
2.43E+03	-5.77E-01	-1.40E+00										
2.48E+03	-5.74E-01	-1.42E+00										
2.53E+03	-5.71E-01	-1.44E+00										
2.58E+03	-5.68E-01	-1.46E+00										
2.63E+03	-5.65E-01	-1.48E+00										
2.68E+03	-5.61E-01	-1.51E+00										
2.73E+03	-5.59E-01	-1.53E+00										
2.79E+03	-5.55E-01	-1.55E+00										
2.84E+03	-5.52E-01	-1.57E+00										
2.89E+03	-5.49E-01	-1.59E+00										
2.94E+03	-5.47E-01	-1.61E+00										
2.99E+03	-5.44E-01	-1.63E+00										
3.05E+03	-5.40E-01	-1.64E+00										
3.10E+03	-5.38E-01	-1.66E+00										
3.15E+03	-5.35E-01	-1.68E+00										
3.20E+03	-5.32E-01	-1.70E+00										
3.25E+03	-5.29E-01	-1.72E+00										
3.31E+03	-5.26E-01	-1.74E+00										
3.36E+03	-5.23E-01	-1.76E+00										
3.41E+03	-5.21E-01	-1.77E+00										
3.46E+03	-5.18E-01	-1.79E+00										
3.51E+03	-5.15E-01	-1.81E+00										
3.56E+03	-5.12E-01	-1.82E+00										
3.61E+03	-5.09E-01	-1.84E+00										
3.67E+03	-5.06E-01	-1.86E+00										
3.72E+03	-5.04E-01	-1.87E+00										
3.77E+03	-5.01E-01	-1.89E+00										
3.82E+03	-4.98E-01	-1.91E+00										
3.88E+03	-4.96E-01	-1.92E+00										
3.93E+03	-4.93E-01	-1.94E+00										
3.98E+03	-4.90E-01	-1.95E+00										
4.03E+03	-4.88E-01	-1.97E+00										
4.08E+03	-4.85E-01	-1.98E+00										
4.14E+03	-4.83E-01	-2.00E+00										
4.19E+03	-4.80E-01	-2.01E+00										
4.24E+03	-4.77E-01	-2.02E+00										
4.29E+03	-4.75E-01	-2.04E+00										
4.34E+03	-4.73E-01	-2.05E+00										
4.39E+03	-4.70E-01	-2.06E+00										
4.44E+03	-4.68E-01	-2.08E+00										
4.49E+03	-4.65E-01	-2.09E+00										
4.54E+03	-4.63E-01	-2.10E+00										
4.59E+03	-4.60E-01	-2.11E+00										
4.64E+03	-4.58E-01	-2.13E+00										
4.70E+03	-4.55E-01	-2.14E+00										
4.75E+03	-4.53E-01	-2.15E+00										
4.80E+03	-4.50E-01	-2.16E+00										
4.85E+03	-4.48E-01	-2.17E+00										
4.90E+03	-4.45E-01	-2.18E+00										
4.95E+03	-4.43E-01	-2.19E+00										
5.01E+03	-4.40E-01	-2.20E+00										
5.06E+03	-4.38E-01	-2.21E+00										
5.11E+03	-4.35E-01	-2.22E+00										
5.16E+03	-4.33E-01	-2.23E+00										
5.21E+03	-4.30E-01	-2.24E+00										
5.26E+03	-4.28E-01	-2.25E+00										
5.32E+03	-4.25E-01	-2.26E+00										
5.37E+03	-4.23E-01	-2.27E+00										
5.42E+03	-4.20E-01	-2.28E+00										
5.47E+03	-4.18E-01	-2.29E+00										
5.52E+03	-4.16E-01	-2.30E+00										
5.58E+03	-4.13E-01	-2.30E+00										
5.63E+03	-4.11E-01	-2.31E+00										
5.68E+03	-4.08E-01	-2.32E+00										
5.73E+03	-4.06E-01	-2.33E+00										
5.79E+03	-4.03E-01	-2.33E+00										
5.84E+03	-4.01E-01	-2.34E+00										
5.89E+03	-3.98E-01	-2.34E+00										
5.94E+03	-3.96E-01	-2.35E+00										
5.99E+03	-3.93E-01	-2.36E+00										
6.04E+03	-3.91E-01	-2.36E+00										
6.09E+03	-3.89E-01	-2.37E+00										
6.15E+03	-3.86E-01	-2.37E+00										
6.20E+03	-3.83E-01	-2.38E+00										
6.25E+03	-3.81E-01	-2.38E+00										
6.30E+03	-3.78E-01	-2.38E+00										
6.36E+03	-3.76E-01	-2.39E+00										
6.41E+03	-3.73E-01	-2.39E+00										
6.46E+03	-3.71E-01	-2.40E+00										
6.51E+03	-3.68E-01	-2.40E+00										
6.56E+03	-3.66E-01	-2.40E+00										
6.61E+03	-3.63E-01	-2.40E+00										
6.66E+03	-3.61E-01	-2.40E+00										
6.71E+03	-3.58E-01	-2.41E+00										
6.77E+03	-3.56E-01	-2.41E+00										
6.82E+03	-3.53E-01	-2.41E+00										
6.87E+03	-3.51E-01	-2.41E+00										
6.92E+03	-3.48E-01	-2.41E+00										
6.97E+03	-3.46E-01	-2.41E+00										
7.03E+03	-3.43E-01	-2.41E+00										
7.08E+03	-3.40E-01	-2.41E+00										
7.13E+03	-3.38E-01	-2.41E+00										
7.18E+03	-3.35E-01	-2.41E+00										
7.24E+03	-3.33E-01	-2.41E+00										
7.29E+03	-3.30E-01	-2.40E+00										
7.34E+03	-3.27E-01	-2.40E+00										
7.39E+03	-3.25E-01	-2.40E+00										
7.45E+03	-3.22E-01	-2.40E+00										
7.50E+03	-3.19E-01	-2.39E+00										
7.55E+03	-3.16E-01	-2.39E+00										
7.60E+03	-3.13E-01	-2.38E+00										
7.65E+03	-3.11E-01	-2.38E+00										
7.70E+03	-3.08E-01	-2.37E+00										
7.76E+03	-3.05E-01	-2.37E+00										
7.81E+03	-3.03E-01	-2.36E+00										
7.86E+03	-3.00E-01	-2.36E+00										
7.91E+03	-2.97E-01	-2.35E+00										
7.97E+03	-2.94E-01	-2.34E+00										
8.02E+03	-2.91E-01	-2.34E+00										
8.08E+03	-2.88E-01	-2.33E+00										
8.13E+03	-2.85E-01	-2.32E+00										
8.18E+03	-2.82E-01	-2.31E+00										
8.23E+03	-2.80E-01	-2.30E+00										
8.28E+03	-2.77E-01	-2.29E+00										
8.33E+03	-2.74E-01	-2.28E+00										
8.38E+03	-2.71E-01	-2.27E+00										
8.44E+03	-2.68E-01	-2.26E+00										
8.49E+03	-2.65E-01	-2.25E+00										
8.54E+03	-2.62E-01	-2.24E+00										
8.59E+03	-2.59E-01	-2.22E+00										
8.64E+03	-2.56E-01	-2.21E+00										
8.70E+03	-2.53E-01	-2.20E+00										
8.71E+03	-2.51E-01	-2.19E+00										
0.00E+00	-8.60E-01	0.00E+00										
0.00E+00	-9.44E-01	0.00E+00										
0.00E+00	-9.53E-01	0.00E+00										
0.00E+00	-9.58E-01	0.00E+00										
0.00E+00	-9.61E-01	0.00E+00										
0.00E+00	-9.64E-01	0.00E+00										
4.02E+01	-9.64E-01	-3.87E-02										
9.41E+01	-8.86E-01	-8.34E-02										
1.45E+02	-8.35E-01	-1.21E-01										
1.95E+02	-8.14E-01	-1.59E-01										
2.46E+02	-7.98E-01	-1.96E-01										
2.97E+02	-7.86E-01	-2.33E-01										
3.48E+02	-7.75E-01	-2.70E-01										
3.99E+02	-7.65E-01	-3.05E-01										
4.49E+02	-7.56E-01	-3.39E-01										
5.00E+02	-7.48E-01	-3.74E-01										
5.51E+02	-7.41E-01	-4.08E-01										
6.02E+02	-7.33E-01	-4.41E-01										
6.60E+02	-7.26E-01	-4.79E-01										
7.11E+02	-7.19E-01	-5.11E-01										
7.63E+02	-7.13E-01	-5.44E-01										
8.13E+02	-7.07E-01	-5.75E-01										
8.64E+02	-7.01E-01	-6.06E-01										
9.16E+02	-6.96E-01	-6.37E-01										
9.68E+02	-6.90E-01	-6.69E-01										
1.02E+03	-6.85E-01	-6.99E-01										
1.07E+03	-6.80E-01	-7.29E-01										
1.12E+03	-6.75E-01	-7.57E-01										
1.17E+03	-6.70E-01	-7.87E-01										
1.23E+03	-6.65E-01	-8.15E-01										
1.28E+03	-6.61E-01	-8.43E-01										
1.33E+03	-6.56E-01	-8.72E-01										
1.38E+03	-6.52E-01	-9.00E-01										
1.43E+03	-6.48E-01	-9.27E-01										
1.48E+03	-6.44E-01	-9.55E-01										
1.54E+03	-6.40E-01	-9.82E-01										
1.59E+03	-6.36E-01	-1.01E+00										
1.64E+03	-6.32E-01	-1.03E+00										
1.69E+03	-6.28E-01	-1.06E+00										
1.74E+03	-6.24E-01	-1.09E+00										
1.80E+03	-6.20E-01	-1.11E+00										
1.85E+03	-6.16E-01	-1.14E+00										
1.90E+03	-6.13E-01	-1.16E+00										
1.96E+03	-6.09E-01	-1.19E+00										
2.01E+03	-6.05E-01	-1.21E+00										
2.06E+03	-6.01E-01	-1.24E+00										
2.11E+03	-5.98E-01	-1.26E+00										
2.16E+03	-5.94E-01	-1.29E+00										
2.21E+03	-5.91E-01	-1.31E+00										
2.27E+03	-5.88E-01	-1.33E+00										
2.32E+03	-5.84E-01	-1.35E+00										
2.37E+03	-5.81E-01	-1.38E+00										
2.42E+03	-5.78E-01	-1.40E+00										
2.47E+03	-5.75E-01	-1.42E+00										
2.52E+03	-5.72E-01	-1.44E+00										
2.57E+03	-5.68E-01	-1.46E+00										
2.62E+03	-5.65E-01	-1.48E+00										
2.68E+03	-5.62E-01	-1.51E+00										
2.73E+03	-5.59E-01	-1.53E+00										
2.78E+03	-5.56E-01	-1.55E+00										
2.84E+03	-5.53E-01	-1.57E+00										
2.89E+03	-5.50E-01	-1.59E+00										
2.94E+03	-5.47E-01	-1.61E+00										
2.99E+03	-5.44E-01	-1.63E+00										
3.04E+03	-5.41E-01	-1.65E+00										
3.09E+03	-5.38E-01	-1.66E+00										
3.14E+03	-5.35E-01	-1.68E+00										
3.20E+03	-5.32E-01	-1.70E+00										
3.25E+03	-5.29E-01	-1.72E+00										
3.30E+03	-5.27E-01	-1.74E+00										
3.35E+03	-5.24E-01	-1.75E+00										
3.40E+03	-5.21E-01	-1.77E+00										
3.45E+03	-5.18E-01	-1.79E+00										
3.51E+03	-5.15E-01	-1.81E+00										
3.56E+03	-5.13E-01	-1.82E+00										
3.61E+03	-5.10E-01	-1.84E+00										
3.66E+03	-5.07E-01	-1.86E+00										
3.71E+03	-5.04E-01	-1.87E+00										
3.76E+03	-5.02E-01	-1.89E+00										
3.81E+03	-5.00E-01	-1.90E+00										
3.86E+03	-4.97E-01	-1.92E+00										
3.91E+03	-4.94E-01	-1.93E+00										
3.96E+03	-4.91E-01	-1.95E+00										
4.02E+03	-4.89E-01	-1.96E+00										
4.07E+03	-4.86E-01	-1.98E+00										
4.12E+03	-4.84E-01	-1.99E+00										
4.17E+03	-4.81E-01	-2.01E+00										
4.22E+03	-4.79E-01	-2.02E+00										
4.27E+03	-4.76E-01	-2.03E+00										
4.32E+03	-4.73E-01	-2.05E+00										
4.38E+03	-4.71E-01	-2.06E+00										
4.43E+03	-4.68E-01	-2.07E+00										
4.48E+03	-4.65E-01	-2.09E+00										
4.54E+03	-4.63E-01	-2.10E+00										
4.59E+03	-4.60E-01	-2.11E+00										
4.65E+03	-4.58E-01	-2.13E+00										
4.70E+03	-4.55E-01	-2.14E+00										
4.76E+03	-4.53E-01	-2.15E+00										
4.81E+03	-4.50E-01	-2.16E+00										
4.86E+03	-4.47E-01	-2.17E+00										
4.91E+03	-4.45E-01	-2.18E+00										
4.96E+03	-4.42E-01	-2.19E+00										
5.01E+03	-4.40E-01	-2.20E+00										
5.07E+03	-4.37E-01	-2.22E+00										
5.12E+03	-4.35E-01	-2.23E+00										
5.17E+03	-4.32E-01	-2.23E+00										
5.22E+03	-4.30E-01	-2.24E+00										
5.27E+03	-4.27E-01	-2.25E+00										
5.33E+03	-4.25E-01	-2.26E+00										
5.38E+03	-4.22E-01	-2.27E+00										
5.43E+03	-4.20E-01	-2.28E+00										
5.48E+03	-4.18E-01	-2.29E+00										
5.53E+03	-4.15E-01	-2.30E+00										
5.58E+03	-4.13E-01	-2.30E+00										
5.63E+03	-4.10E-01	-2.31E+00										
5.68E+03	-4.08E-01	-2.32E+00										
5.73E+03	-4.05E-01	-2.32E+00										
5.79E+03	-4.03E-01	-2.33E+00										
5.84E+03	-4.00E-01	-2.34E+00										
5.89E+03	-3.98E-01	-2.34E+00										
5.95E+03	-3.95E-01	-2.35E+00										
6.00E+03	-3.93E-01	-2.36E+00										
6.05E+03	-3.90E-01	-2.36E+00										
6.10E+03	-3.88E-01	-2.37E+00										
6.15E+03	-3.86E-01	-2.37E+00										
6.20E+03	-3.83E-01	-2.38E+00										
6.25E+03	-3.81E-01	-2.38E+00										
6.30E+03	-3.78E-01	-2.38E+00										
6.36E+03	-3.76E-01	-2.39E+00										
6.41E+03	-3.73E-01	-2.39E+00										
6.46E+03	-3.70E-01	-2.39E+00										
6.51E+03	-3.68E-01	-2.40E+00										
6.56E+03	-3.65E-01	-2.40E+00										
6.62E+03	-3.63E-01	-2.40E+00										
6.67E+03	-3.60E-01	-2.40E+00										
6.72E+03	-3.57E-01	-2.40E+00										
6.77E+03	-3.55E-01	-2.40E+00										
6.82E+03	-3.53E-01	-2.40E+00										
6.87E+03	-3.50E-01	-2.41E+00										
6.92E+03	-3.48E-01	-2.41E+00										
6.98E+03	-3.45E-01	-2.41E+00										
7.03E+03	-3.42E-01	-2.41E+00										
7.08E+03	-3.40E-01	-2.40E+00										
7.13E+03	-3.37E-01	-2.41E+00										
7.18E+03	-3.35E-01	-2.40E+00										
7.23E+03	-3.32E-01	-2.40E+00										
7.29E+03	-3.29E-01	-2.40E+00										
7.34E+03	-3.27E-01	-2.40E+00										
7.39E+03	-3.24E-01	-2.40E+00										
7.44E+03	-3.21E-01	-2.39E+00										
7.49E+03	-3.19E-01	-2.39E+00										
7.55E+03	-3.16E-01	-2.38E+00										
7.60E+03	-3.13E-01	-2.38E+00										
7.65E+03	-3.10E-01	-2.37E+00										
7.70E+03	-3.08E-01	-2.37E+00										
7.75E+03	-3.05E-01	-2.36E+00										
7.80E+03	-3.03E-01	-2.36E+00										
7.85E+03	-3.00E-01	-2.36E+00										
7.90E+03	-2.97E-01	-2.35E+00										
7.96E+03	-2.94E-01	-2.34E+00										
8.01E+03	-2.91E-01	-2.33E+00										
8.06E+03	-2.88E-01	-2.32E+00										
8.11E+03	-2.85E-01	-2.32E+00										
8.17E+03	-2.83E-01	-2.31E+00										
8.22E+03	-2.80E-01	-2.30E+00										
8.27E+03	-2.77E-01	-2.29E+00										
8.32E+03	-2.74E-01	-2.28E+00										
8.37E+03	-2.71E-01	-2.27E+00										
8.42E+03	-2.68E-01	-2.26E+00										
8.48E+03	-2.65E-01	-2.25E+00										
8.53E+03	-2.62E-01	-2.23E+00										
8.58E+03	-2.59E-01	-2.22E+00										
8.63E+03	-2.56E-01	-2.21E+00										
8.68E+03	-2.54E-01	-2.20E+00										
8.71E+03	-2.51E-01	-2.19E+00										
0.00E+00	-8.60E-01	0.00E+00										
0.00E+00	-9.44E-01	0.00E+00										
0.00E+00	-9.53E-01	0.00E+00										
0.00E+00	-9.58E-01	0.00E+00										
0.00E+00	-9.61E-01	0.00E+00										
0.00E+00	-9.64E-01	0.00E+00										
5.54E+01	-9.64E-01	-5.34E-02										
1.06E+02	-8.63E-01	-9.13E-02										
1.56E+02	-8.29E-01	-1.30E-01										
2.07E+02	-8.09E-01	-1.67E-01										
2.58E+02	-7.95E-01	-2.05E-01										
3.09E+02	-7.82E-01	-2.42E-01										
3.59E+02	-7.72E-01	-2.77E-01										
4.10E+02	-7.62E-01	-3.13E-01										
4.63E+02	-7.54E-01	-3.49E-01										
5.14E+02	-7.45E-01	-3.83E-01										
5.66E+02	-7.38E-01	-4.18E-01										
6.17E+02	-7.31E-01	-4.51E-01										
6.67E+02	-7.24E-01	-4.83E-01										
7.17E+02	-7.18E-01	-5.15E-01										
7.68E+02	-7.12E-01	-5.47E-01										
8.19E+02	-7.06E-01	-5.78E-01										
8.69E+02	-7.00E-01	-6.09E-01										
9.20E+02	-6.95E-01	-6.39E-01										
9.71E+02	-6.90E-01	-6.70E-01										
1.02E+03	-6.84E-01	-6.99E-01										
1.07E+03	-6.79E-01	-7.29E-01										
1.12E+03	-6.75E-01	-7.58E-01										
1.18E+03	-6.70E-01	-7.87E-01										
1.23E+03	-6.65E-01	-8.15E-01										
1.28E+03	-6.61E-01	-8.44E-01										
1.33E+03	-6.56E-01	-8.71E-01										
1.38E+03	-6.52E-01	-9.00E-01										
1.43E+03	-6.47E-01	-9.27E-01										
1.49E+03	-6.43E-01	-9.55E-01										
1.54E+03	-6.39E-01	-9.81E-01										
1.59E+03	-6.35E-01	-1.01E+00										
1.64E+03	-6.31E-01	-1.03E+00										
1.69E+03	-6.27E-01	-1.06E+00										
1.74E+03	-6.24E-01	-1.09E+00										
1.79E+03	-6.20E-01	-1.11E+00										
1.84E+03	-6.16E-01	-1.14E+00										
1.90E+03	-6.12E-01	-1.16E+00										
1.95E+03	-6.09E-01	-1.18E+00										
2.00E+03	-6.05E-01	-1.21E+00										
2.05E+03	-6.02E-01	-1.23E+00										
2.10E+03	-5.98E-01	-1.26E+00										
2.15E+03	-5.95E-01	-1.28E+00										
2.21E+03	-5.91E-01	-1.30E+00										
2.26E+03	-5.88E-01	-1.33E+00										
2.31E+03	-5.85E-01	-1.35E+00										
2.36E+03	-5.81E-01	-1.37E+00										
2.41E+03	-5.78E-01	-1.39E+00										
2.46E+03	-5.75E-01	-1.41E+00										
2.51E+03	-5.72E-01	-1.44E+00										
2.56E+03	-5.69E-01	-1.46E+00										
2.61E+03	-5.66E-01	-1.48E+00										
2.66E+03	-5.63E-01	-1.50E+00										
2.71E+03	-5.60E-01	-1.52E+00										
2.77E+03	-5.56E-01	-1.54E+00										
2.82E+03	-5.53E-01	-1.56E+00										
2.87E+03	-5.51E-01	-1.58E+00										
2.92E+03	-5.48E-01	-1.60E+00										
2.97E+03	-5.45E-01	-1.62E+00										
3.02E+03	-5.42E-01	-1.64E+00										
3.07E+03	-5.39E-01	-1.65E+00										
3.12E+03	-5.36E-01	-1.67E+00										
3.17E+03	-5.33E-01	-1.69E+00										
3.23E+03	-5.30E-01	-1.71E+00										
3.28E+03	-5.27E-01	-1.73E+00										
3.33E+03	-5.24E-01	-1.75E+00										
3.38E+03	-5.22E-01	-1.77E+00										
3.44E+03	-5.19E-01	-1.78E+00										
3.49E+03	-5.16E-01	-1.80E+00										
3.54E+03	-5.13E-01	-1.82E+00										
3.59E+03	-5.11E-01	-1.83E+00										
3.64E+03	-5.08E-01	-1.85E+00										
3.69E+03	-5.06E-01	-1.87E+00										
3.74E+03	-5.02E-01	-1.88E+00										
3.79E+03	-5.00E-01	-1.90E+00										
3.85E+03	-4.97E-01	-1.91E+00										
3.90E+03	-4.95E-01	-1.93E+00										
3.95E+03	-4.92E-01	-1.94E+00										
4.00E+03	-4.89E-01	-1.96E+00										
4.05E+03	-4.87E-01	-1.97E+00										
4.11E+03	-4.84E-01	-1.99E+00										
4.16E+03	-4.81E-01	-2.00E+00										
4.21E+03	-4.79E-01	-2.02E+00										
4.27E+03	-4.76E-01	-2.03E+00										
4.32E+03	-4.73E-01	-2.04E+00										
4.37E+03	-4.71E-01	-2.06E+00										
4.42E+03	-4.68E-01	-2.07E+00										
4.47E+03	-4.66E-01	-2.08E+00										
4.52E+03	-4.63E-01	-2.10E+00										
4.58E+03	-4.60E-01	-2.11E+00										
4.63E+03	-4.58E-01	-2.12E+00										
4.68E+03	-4.55E-01	-2.13E+00										
4.74E+03	-4.53E-01	-2.15E+00										
4.79E+03	-4.50E-01	-2.16E+00										
4.84E+03	-4.47E-01	-2.17E+00										
4.89E+03	-4.45E-01	-2.18E+00										
4.94E+03	-4.43E-01	-2.19E+00										
5.00E+03	-4.41E-01	-2.20E+00										
5.05E+03	-4.38E-01	-2.21E+00										
5.10E+03	-4.35E-01	-2.22E+00										
5.16E+03	-4.33E-01	-2.23E+00										
5.21E+03	-4.30E-01	-2.24E+00										
5.26E+03	-4.27E-01	-2.25E+00										
5.32E+03	-4.25E-01	-2.26E+00										
5.37E+03	-4.23E-01	-2.27E+00										
5.42E+03	-4.20E-01	-2.28E+00										
5.47E+03	-4.17E-01	-2.28E+00										
5.52E+03	-4.15E-01	-2.29E+00										
5.58E+03	-4.13E-01	-2.30E+00										
5.63E+03	-4.10E-01	-2.31E+00										
5.68E+03	-4.08E-01	-2.32E+00										
5.73E+03	-4.05E-01	-2.32E+00										
5.78E+03	-4.03E-01	-2.33E+00										
5.83E+03	-4.00E-01	-2.34E+00										
5.88E+03	-3.98E-01	-2.34E+00										
5.93E+03	-3.95E-01	-2.35E+00										
5.99E+03	-3.93E-01	-2.35E+00										
6.04E+03	-3.91E-01	-2.36E+00										
6.09E+03	-3.88E-01	-2.36E+00										
6.15E+03	-3.86E-01	-2.37E+00										
6.20E+03	-3.83E-01	-2.37E+00										
6.25E+03	-3.81E-01	-2.38E+00										
6.30E+03	-3.78E-01	-2.38E+00										
6.35E+03	-3.76E-01	-2.39E+00										
6.40E+03	-3.73E-01	-2.39E+00										
6.46E+03	-3.70E-01	-2.39E+00										
6.51E+03	-3.68E-01	-2.40E+00										
6.56E+03	-3.65E-01	-2.40E+00										
6.61E+03	-3.63E-01	-2.40E+00										
6.66E+03	-3.60E-01	-2.40E+00										
6.72E+03	-3.58E-01	-2.40E+00										
6.77E+03	-3.55E-01	-2.40E+00										
6.82E+03	-3.52E-01	-2.40E+00										
6.87E+03	-3.50E-01	-2.40E+00										
6.92E+03	-3.47E-01	-2.40E+00										
6.97E+03	-3.45E-01	-2.40E+00										
7.03E+03	-3.42E-01	-2.40E+00										
7.08E+03	-3.40E-01	-2.40E+00										
7.13E+03	-3.37E-01	-2.40E+00										
7.18E+03	-3.34E-01	-2.40E+00										
7.23E+03	-3.32E-01	-2.40E+00										
7.28E+03	-3.29E-01	-2.40E+00										
7.33E+03	-3.27E-01	-2.40E+00										
7.39E+03	-3.24E-01	-2.39E+00										
7.44E+03	-3.21E-01	-2.39E+00										
7.50E+03	-3.18E-01	-2.38E+00										
7.55E+03	-3.16E-01	-2.38E+00										
7.60E+03	-3.13E-01	-2.38E+00										
7.66E+03	-3.10E-01	-2.37E+00										
7.71E+03	-3.07E-01	-2.37E+00										
7.77E+03	-3.04E-01	-2.36E+00										
7.82E+03	-3.01E-01	-2.35E+00										
7.87E+03	-2.98E-01	-2.35E+00										
7.92E+03	-2.96E-01	-2.34E+00										
7.97E+03	-2.93E-01	-2.33E+00										
8.02E+03	-2.90E-01	-2.33E+00										
8.08E+03	-2.87E-01	-2.32E+00										
8.13E+03	-2.84E-01	-2.31E+00										
8.18E+03	-2.81E-01	-2.30E+00										
8.23E+03	-2.79E-01	-2.29E+00										
8.28E+03	-2.76E-01	-2.28E+00										
8.33E+03	-2.73E-01	-2.27E+00										
8.38E+03	-2.70E-01	-2.26E+00										
8.44E+03	-2.67E-01	-2.25E+00										
8.49E+03	-2.64E-01	-2.24E+00										
8.54E+03	-2.61E-01	-2.23E+00										
8.59E+03	-2.58E-01	-2.22E+00										
8.64E+03	-2.55E-01	-2.21E+00										
8.69E+03	-2.52E-01	-2.19E+00										
8.70E+03	-2.51E-01	-2.19E+00										
0.00E+00	-8.60E-01	0.00E+00										
0.00E+00	-9.43E-01	0.00E+00										
0.00E+00	-9.53E-01	0.00E+00										
0.00E+00	-9.58E-01	0.00E+00										
0.00E+00	-9.61E-01	0.00E+00										
0.00E+00	-9.64E-01	0.00E+00										
6.05E+01	-9.64E-01	-5.83E-02										
1.11E+02	-8.57E-01	-9.55E-02										
1.63E+02	-8.26E-01	-1.34E-01										
2.13E+02	-8.06E-01	-1.72E-01										
2.64E+02	-7.93E-01	-2.09E-01										
3.15E+02	-7.81E-01	-2.46E-01										
3.68E+02	-7.71E-01	-2.84E-01										
4.19E+02	-7.61E-01	-3.19E-01										
4.69E+02	-7.52E-01	-3.53E-01										
5.21E+02	-7.44E-01	-3.88E-01										
5.72E+02	-7.38E-01	-4.22E-01										
6.24E+02	-7.30E-01	-4.56E-01										
6.78E+02	-7.23E-01	-4.90E-01										
7.29E+02	-7.17E-01	-5.22E-01										
7.79E+02	-7.10E-01	-5.54E-01										
8.30E+02	-7.04E-01	-5.85E-01										
8.81E+02	-6.99E-01	-6.16E-01										
9.33E+02	-6.93E-01	-6.47E-01										
9.85E+02	-6.88E-01	-6.78E-01										
1.04E+03	-6.83E-01	-7.09E-01										
1.09E+03	-6.77E-01	-7.38E-01										
1.14E+03	-6.73E-01	-7.67E-01										
1.19E+03	-6.68E-01	-7.97E-01										
1.24E+03	-6.63E-01	-8.25E-01										
1.30E+03	-6.59E-01	-8.54E-01										
1.35E+03	-6.54E-01	-8.81E-01										
1.40E+03	-6.50E-01	-9.09E-01										
1.45E+03	-6.46E-01	-9.37E-01										
1.50E+03	-6.42E-01	-9.64E-01										
1.55E+03	-6.38E-01	-9.90E-01										
1.60E+03	-6.33E-01	-1.02E+00										
1.66E+03	-6.30E-01	-1.04E+00										
1.71E+03	-6.26E-01	-1.07E+00										
1.76E+03	-6.22E-01	-1.09E+00										
1.81E+03	-6.18E-01	-1.12E+00										
1.86E+03	-6.14E-01	-1.14E+00										
1.91E+03	-6.11E-01	-1.17E+00										
1.97E+03	-6.07E-01	-1.19E+00										
2.02E+03	-6.04E-01	-1.22E+00										
2.07E+03	-6.00E-01	-1.24E+00										
2.12E+03	-5.96E-01	-1.26E+00										
2.17E+03	-5.93E-01	-1.29E+00										
2.23E+03	-5.90E-01	-1.31E+00										
2.28E+03	-5.86E-01	-1.34E+00										
2.33E+03	-5.83E-01	-1.36E+00										
2.38E+03	-5.79E-01	-1.38E+00										
2.43E+03	-5.77E-01	-1.40E+00										
2.48E+03	-5.73E-01	-1.42E+00										
2.54E+03	-5.70E-01	-1.45E+00										
2.59E+03	-5.67E-01	-1.47E+00										
2.64E+03	-5.64E-01	-1.49E+00										
2.69E+03	-5.61E-01	-1.51E+00										
2.74E+03	-5.58E-01	-1.53E+00										
2.79E+03	-5.54E-01	-1.55E+00										
2.85E+03	-5.51E-01	-1.57E+00										
2.90E+03	-5.48E-01	-1.59E+00										
2.95E+03	-5.45E-01	-1.61E+00										
3.01E+03	-5.42E-01	-1.63E+00										
3.06E+03	-5.39E-01	-1.65E+00										
3.11E+03	-5.36E-01	-1.67E+00										
3.16E+03	-5.33E-01	-1.69E+00										
3.21E+03	-5.31E-01	-1.70E+00										
3.27E+03	-5.28E-01	-1.72E+00										
3.32E+03	-5.25E-01	-1.74E+00										
3.37E+03	-5.22E-01	-1.76E+00										
3.42E+03	-5.19E-01	-1.78E+00										
3.47E+03	-5.16E-01	-1.79E+00										
3.52E+03	-5.14E-01	-1.81E+00										
3.57E+03	-5.11E-01	-1.83E+00										
3.63E+03	-5.08E-01	-1.84E+00										
3.68E+03	-5.06E-01	-1.86E+00										
3.73E+03	-5.03E-01	-1.88E+00										
3.78E+03	-5.00E-01	-1.89E+00										
3.84E+03	-4.97E-01	-1.91E+00										
3.89E+03	-4.95E-01	-1.92E+00										
3.94E+03	-4.92E-01	-1.94E+00										
3.99E+03	-4.89E-01	-1.95E+00										
4.04E+03	-4.87E-01	-1.97E+00										
4.09E+03	-4.84E-01	-1.98E+00										
4.14E+03	-4.82E-01	-2.00E+00										
4.20E+03	-4.79E-01	-2.01E+00										
4.25E+03	-4.76E-01	-2.03E+00										
4.30E+03	-4.74E-01	-2.04E+00										
4.35E+03	-4.71E-01	-2.05E+00										
4.41E+03	-4.69E-01	-2.07E+00										
4.46E+03	-4.66E-01	-2.08E+00										
4.51E+03	-4.64E-01	-2.09E+00										
4.56E+03	-4.61E-01	-2.10E+00										
4.61E+03	-4.59E-01	-2.11E+00										
4.66E+03	-4.56E-01	-2.13E+00										
4.71E+03	-4.54E-01	-2.14E+00										
4.77E+03	-4.51E-01	-2.15E+00										
4.82E+03	-4.49E-01	-2.16E+00										
4.87E+03	-4.46E-01	-2.17E+00										
4.92E+03	-4.43E-01	-2.18E+00										
4.98E+03	-4.41E-01	-2.19E+00										
5.03E+03	-4.39E-01	-2.21E+00										
5.08E+03	-4.36E-01	-2.21E+00										
5.13E+03	-4.34E-01	-2.22E+00										
5.18E+03	-4.31E-01	-2.23E+00										
5.24E+03	-4.29E-01	-2.24E+00										
5.29E+03	-4.26E-01	-2.25E+00										
5.34E+03	-4.24E-01	-2.26E+00										
5.39E+03	-4.21E-01	-2.27E+00										
5.44E+03	-4.19E-01	-2.28E+00										
5.50E+03	-4.16E-01	-2.29E+00										
5.55E+03	-4.14E-01	-2.30E+00										
5.60E+03	-4.11E-01	-2.30E+00										
5.65E+03	-4.09E-01	-2.31E+00										
5.71E+03	-4.06E-01	-2.32E+00										
5.76E+03	-4.04E-01	-2.33E+00										
5.81E+03	-4.01E-01	-2.33E+00										
5.86E+03	-3.99E-01	-2.34E+00										
5.91E+03	-3.96E-01	-2.34E+00										
5.97E+03	-3.94E-01	-2.35E+00										
6.02E+03	-3.91E-01	-2.35E+00										
6.07E+03	-3.89E-01	-2.36E+00										
6.12E+03	-3.87E-01	-2.37E+00										
6.17E+03	-3.84E-01	-2.37E+00										
6.22E+03	-3.81E-01	-2.37E+00										
6.28E+03	-3.79E-01	-2.38E+00										
6.33E+03	-3.76E-01	-2.38E+00										
6.38E+03	-3.74E-01	-2.39E+00										
6.43E+03	-3.71E-01	-2.39E+00										
6.48E+03	-3.69E-01	-2.39E+00										
6.53E+03	-3.66E-01	-2.39E+00										
6.59E+03	-3.64E-01	-2.40E+00										
6.64E+03	-3.61E-01	-2.40E+00										
6.69E+03	-3.58E-01	-2.40E+00										
6.74E+03	-3.56E-01	-2.40E+00										
6.80E+03	-3.53E-01	-2.40E+00										
6.85E+03	-3.51E-01	-2.40E+00										
6.90E+03	-3.48E-01	-2.40E+00										
6.95E+03	-3.46E-01	-2.40E+00										
7.00E+03	-3.43E-01	-2.40E+00										
7.05E+03	-3.41E-01	-2.40E+00										
7.11E+03	-3.38E-01	-2.40E+00										
7.16E+03	-3.35E-01	-2.40E+00										
7.22E+03	-3.33E-01	-2.40E+00										
7.27E+03	-3.30E-01	-2.40E+00										
7.32E+03	-3.27E-01	-2.40E+00										
7.37E+03	-3.25E-01	-2.39E+00										
7.42E+03	-3.22E-01	-2.39E+00										
7.47E+03	-3.19E-01	-2.39E+00										
7.53E+03	-3.17E-01	-2.38E+00										
7.58E+03	-3.14E-01	-2.38E+00										
7.63E+03	-3.11E-01	-2.38E+00										
7.68E+03	-3.09E-01	-2.37E+00										
7.73E+03	-3.06E-01	-2.36E+00										
7.78E+03	-3.03E-01	-2.36E+00										
7.83E+03	-3.01E-01	-2.35E+00										
7.89E+03	-2.98E-01	-2.35E+00										
7.94E+03	-2.95E-01	-2.34E+00										
7.99E+03	-2.92E-01	-2.33E+00										
8.04E+03	-2.89E-01	-2.33E+00										
8.09E+03	-2.87E-01	-2.32E+00										
8.14E+03	-2.84E-01	-2.31E+00										
8.19E+03	-2.81E-01	-2.30E+00										
8.25E+03	-2.78E-01	-2.29E+00										
8.30E+03	-2.75E-01	-2.28E+00										
8.35E+03	-2.72E-01	-2.27E+00										
8.40E+03	-2.69E-01	-2.26E+00										
8.45E+03	-2.66E-01	-2.25E+00										
8.50E+03	-2.64E-01	-2.24E+00										
8.55E+03	-2.61E-01	-2.23E+00										
8.60E+03	-2.57E-01	-2.21E+00										
8.65E+03	-2.55E-01	-2.20E+00										
8.71E+03	-2.52E-01	-2.19E+00										
8.70E+03	-2.51E-01	-2.19E+00										
0.00E+00	-8.60E-01	0.00E+00										
0.00E+00	-9.44E-01	0.00E+00										
0.00E+00	-9.53E-01	0.00E+00										
0.00E+00	-9.58E-01	0.00E+00										
0.00E+00	-9.61E-01	0.00E+00										
0.00E+00	-9.64E-01	0.00E+00										
4.53E+01	-9.64E-01	-4.36E-02										
9.57E+01	-8.76E-01	-8.38E-02										
1.48E+02	-8.33E-01	-1.23E-01										
2.00E+02	-8.11E-01	-1.62E-01										
2.53E+02	-7.96E-01	-2.01E-01										
3.05E+02	-7.83E-01	-2.39E-01										
3.57E+02	-7.73E-01	-2.76E-01										
4.09E+02	-7.63E-01	-3.12E-01										
4.60E+02	-7.54E-01	-3.47E-01										
5.11E+02	-7.46E-01	-3.81E-01										
5.61E+02	-7.39E-01	-4.14E-01										
6.11E+02	-7.32E-01	-4.47E-01										
6.64E+02	-7.25E-01	-4.82E-01										
7.15E+02	-7.18E-01	-5.13E-01										
7.68E+02	-7.12E-01	-5.47E-01										
8.19E+02	-7.06E-01	-5.78E-01										
8.75E+02	-7.00E-01	-6.12E-01										
9.27E+02	-6.94E-01	-6.43E-01										
9.79E+02	-6.89E-01	-6.74E-01										
1.03E+03	-6.84E-01	-7.03E-01										
1.08E+03	-6.79E-01	-7.34E-01										
1.13E+03	-6.74E-01	-7.63E-01										
1.18E+03	-6.69E-01	-7.91E-01										
1.24E+03	-6.64E-01	-8.22E-01										
1.29E+03	-6.59E-01	-8.49E-01										
1.34E+03	-6.55E-01	-8.77E-01										
1.39E+03	-6.51E-01	-9.05E-01										
1.44E+03	-6.47E-01	-9.34E-01										
1.50E+03	-6.42E-01	-9.63E-01										
1.55E+03	-6.38E-01	-9.89E-01										
1.60E+03	-6.34E-01	-1.01E+00										
1.65E+03	-6.30E-01	-1.04E+00										
1.70E+03	-6.26E-01	-1.07E+00										
1.76E+03	-6.22E-01	-1.09E+00										
1.81E+03	-6.18E-01	-1.12E+00										
1.86E+03	-6.15E-01	-1.14E+00										
1.91E+03	-6.11E-01	-1.17E+00										
1.96E+03	-6.08E-01	-1.19E+00										
2.02E+03	-6.04E-01	-1.22E+00										
2.07E+03	-6.00E-01	-1.24E+00										
2.12E+03	-5.97E-01	-1.26E+00										
2.17E+03	-5.94E-01	-1.29E+00										
2.22E+03	-5.90E-01	-1.31E+00										
2.27E+03	-5.87E-01	-1.33E+00										
2.32E+03	-5.84E-01	-1.36E+00										
2.37E+03	-5.80E-01	-1.38E+00										
2.43E+03	-5.77E-01	-1.40E+00										
2.48E+03	-5.74E-01	-1.42E+00										
2.53E+03	-5.71E-01	-1.44E+00										
2.58E+03	-5.67E-01	-1.46E+00										
2.63E+03	-5.64E-01	-1.48E+00										
2.68E+03	-5.61E-01	-1.50E+00										
2.73E+03	-5.58E-01	-1.53E+00										
2.78E+03	-5.55E-01	-1.55E+00										
2.84E+03	-5.52E-01	-1.57E+00										
2.89E+03	-5.49E-01	-1.59E+00										
2.94E+03	-5.46E-01	-1.61E+00										
2.99E+03	-5.43E-01	-1.62E+00										
3.04E+03	-5.40E-01	-1.64E+00										
3.09E+03	-5.37E-01	-1.66E+00										
3.15E+03	-5.35E-01	-1.68E+00										
3.20E+03	-5.32E-01	-1.70E+00										
3.25E+03	-5.29E-01	-1.72E+00										
3.31E+03	-5.26E-01	-1.74E+00										
3.36E+03	-5.23E-01	-1.75E+00										
3.41E+03	-5.20E-01	-1.77E+00										
3.46E+03	-5.17E-01	-1.79E+00										
3.52E+03	-5.14E-01	-1.81E+00										
3.57E+03	-5.11E-01	-1.82E+00										
3.62E+03	-5.09E-01	-1.84E+00										
3.67E+03	-5.06E-01	-1.86E+00										
3.72E+03	-5.03E-01	-1.87E+00										
3.77E+03	-5.01E-01	-1.89E+00										
3.82E+03	-4.98E-01	-1.90E+00										
3.87E+03	-4.95E-01	-1.92E+00										
3.93E+03	-4.92E-01	-1.93E+00										
3.98E+03	-4.90E-01	-1.95E+00										
4.03E+03	-4.87E-01	-1.96E+00										
4.08E+03	-4.85E-01	-1.98E+00										
4.13E+03	-4.82E-01	-1.99E+00										
4.19E+03	-4.79E-01	-2.01E+00										
4.24E+03	-4.77E-01	-2.02E+00										
4.29E+03	-4.74E-01	-2.03E+00										
4.34E+03	-4.72E-01	-2.05E+00										
4.39E+03	-4.69E-01	-2.06E+00										
4.44E+03	-4.67E-01	-2.07E+00										
4.49E+03	-4.64E-01	-2.09E+00										
4.54E+03	-4.62E-01	-2.10E+00										
4.60E+03	-4.59E-01	-2.11E+00										
4.65E+03	-4.57E-01	-2.12E+00										
4.70E+03	-4.54E-01	-2.13E+00										
4.75E+03	-4.51E-01	-2.14E+00										
4.80E+03	-4.49E-01	-2.16E+00										
4.82E+03	-4.48E-01	-2.16E+00										
